MSOA,MSOA11CD,depriv_quantile_min,depriv_quantile_max,age_less65,age_65,age_70,age_75,age_over80,admissions,admissions_predicted,std
Adur 001,E02006534,0.4,0.6,6939.167999999999,492.75849999999997,465.432,371.993,546.53,14.333333334,13.7193134,3.0835107420000005
Adur 002,E02006535,0.8,1.0,5423.282099999999,419.8014,562.1562,357.3396,502.59960000000007,7.333333332,10.90619343,2.7178051459
Adur 003,E02006536,0.6,0.8,5683.9066,447.8586,428.00280000000004,309.60339999999997,486.09939999999995,9.333333334,11.208010779999999,2.7570414014
Adur 004,E02006537,0.2,0.4,8561.896200000001,492.063,463.4916,388.35940000000005,675.1315999999999,21.0,18.4311985,3.6960558050000003
Adur 005,E02006538,0.6,0.8,6923.7937,540.8223,606.9530000000001,385.00750000000005,599.7058000000001,13.666666667,14.108396010000002,3.1340914813000005
Adur 006,E02006539,0.4,0.6,5391.3882,453.2583,485.7888,417.1133,481.45140000000004,11.666666667,12.74718486,2.9571340318
Adur 007,E02006540,0.2,0.4,4230.387,371.9723,432.9038,331.9316,435.8053,11.0,12.5159104,2.927068352
Adur 008,E02006541,0.4,0.6,5606.3844,444.87719999999996,593.946,429.3492,688.6668,14.0,15.78755052,3.3523815676
Allerdale 001,E02003965,0.4,0.6,8000.101199999999,796.0134,808.2256,615.0508,882.6089999999998,22.0,21.50657236,4.0958544068
Allerdale 002,E02003966,0.4,0.6,4952.354399999999,538.4664,598.5287999999999,419.7384,475.61039999999997,16.0,13.18250952,3.0137262376000002
Allerdale 003,E02003967,0.2,0.4,6334.0960000000005,571.9217,598.0329999999999,362.18899999999996,555.918,15.666666667,16.4812841,3.442566933
Allerdale 004,E02003968,0.4,0.6,6806.102800000001,652.4768,658.8916,451.7852,595.66,17.0,15.84098204,3.3593276652000004
Allerdale 005,E02003969,0.0,0.2,5328.6,357.896,361.88,260.288,332.0,18.333333333,12.602056000000001,2.9382672800000003
Allerdale 006,E02003970,0.6,0.8,5971.7329,606.1321,589.9901,367.2305,535.9144,19.0,13.094955370000001,3.0023441981000003
Allerdale 007,E02003971,0.6,0.8,5591.8442000000005,614.3417999999999,610.4187999999999,415.0534,614.3418,15.333333335,14.18093886,3.1435220517999998
Allerdale 008,E02003972,0.2,0.4,7080.8496,482.78520000000003,556.4304,406.4124,566.4316,18.333333333,16.856568,3.4913538400000004
Allerdale 009,E02003973,0.0,0.2,7081.1195,472.017,430.52099999999996,267.1305,393.34749999999997,20.666666666,15.3514452,3.295687876
Allerdale 010,E02003974,0.2,0.4,6025.6274,443.118,488.9846,362.26840000000004,455.5564,21.0,14.300661700000001,3.1590860210000002
Allerdale 011,E02003975,0.4,0.6,5343.0685,450.2785,472.9697,326.186,497.7882000000001,15.000000001,12.325930750000001,2.9023709975000003
Allerdale 012,E02003976,0.6,0.8,4687.839,408.395,512.837,422.4545,664.1440000000001,12.0,13.6923462,3.080005006
Amber Valley 001,E02004029,0.2,0.4,5448.2102,429.46540000000005,334.40319999999997,238.6668,291.25440000000003,14.666666667,10.5158345,2.667058485
Amber Valley 002,E02004030,0.6,0.8,4132.6805,481.80580000000003,487.05550000000005,330.7311,400.7271,13.333333333,10.21329135,2.6277278755
Amber Valley 003,E02004031,0.0,0.2,6490.055,389.685,387.33750000000003,252.74750000000003,305.175,13.0,13.210478,3.0173621400000004
Amber Valley 004,E02004032,0.6,0.8,6146.193899999999,541.3485000000001,725.9944999999999,461.615,515.3302,13.999999999,13.807240369999999,3.0949412481
Amber Valley 005,E02004033,0.4,0.6,7023.770999999999,516.4668,484.52040000000005,353.1852,498.7188,13.333333333,13.181883299999999,3.013644829
Amber Valley 006,E02004034,0.6,0.8,5069.778600000001,527.9346,633.8136000000001,560.7936,510.4097999999999,11.666666666,13.530532979999998,3.0589692874
Amber Valley 007,E02004035,0.6,0.8,4708.1136,525.8568,527.8512,427.46639999999996,458.71200000000005,13.666666667,11.75871648,2.8286331424
Amber Valley 008,E02004036,0.2,0.4,8224.3503,564.0205,656.1265999999999,429.48350000000005,472.9493,14.0,17.110519150000002,3.5243674895000003
Amber Valley 009,E02004037,0.8,1.0,6497.273999999999,431.23499999999996,501.054,345.8094,436.16339999999997,17.333333334,10.340604599999999,2.6442785979999996
Amber Valley 010,E02004038,0.4,0.6,6052.2316,442.40540000000004,508.41259999999994,330.036,524.1286,14.333333334,13.00388988,2.9905056844
Amber Valley 011,E02004039,0.6,0.8,6335.905400000001,472.4918,496.68080000000003,337.8397,420.0823,12.333333333,11.142582220000001,2.7485356886000005
Amber Valley 012,E02004040,0.4,0.6,7751.334600000001,511.4614,482.154,313.8728,396.1226,14.999999999,11.91364718,2.8487741334
Amber Valley 013,E02004041,0.4,0.6,5929.988,435.5066,442.1612,273.578,310.54799999999994,15.000000001,9.786698399999999,2.572270792
Amber Valley 015,E02004043,0.6,0.8,5539.1412,486.3136,513.4123999999999,346.4252,437.9751999999999,13.666666666,11.237872359999997,2.7609234068
Amber Valley 016,E02004044,0.8,1.0,6454.911999999999,422.0,526.656,408.496,628.7800000000001,14.666666667,12.7928456,2.9630699280000004
Amber Valley 017,E02006827,0.0,0.2,6483.51,391.878,438.8715,277.18199999999996,372.76199999999994,14.666666668,14.457271500000001,3.1794452950000003
Arun 001,E02006542,0.4,0.6,3822.1768,464.1377,510.72189999999995,385.73990000000003,498.2237,12.666666667,12.410939840000001,2.9134221792000004
Arun 002,E02006543,0.4,0.6,3880.5496,406.52849999999995,459.62609999999995,339.6034,444.13930000000005,10.666666668,11.18301828,2.7537923764
Arun 003,E02006544,0.6,0.8,7736.3234,732.7588,792.0572000000001,534.7445,793.1161,18.333333333,18.35264302,3.6858435926000004
Arun 004,E02006545,0.0,0.2,8691.594000000001,487.8408,442.556,316.9936,351.9864,9.0,16.3097324,3.4202652120000003
Arun 005,E02006546,0.4,0.6,7345.866599999999,640.6875,777.0258000000001,608.9094,878.5106999999999,14.666666666,20.78882298,4.0025469874
Arun 006,E02006547,0.4,0.6,4948.9592,447.49159999999995,414.464,292.7152,372.37,10.666666667,10.26225816,2.6340935608000002
Arun 007,E02006548,0.6,0.8,7196.5018,551.0015999999999,606.4843999999999,479.2566,733.7121999999999,13.0,16.15400854,3.4000211102
Arun 008,E02006549,0.8,1.0,3119.2270000000003,566.9689000000001,762.1451,635.8194,902.2409,12.333333334,16.697743000000003,3.4707065900000007
Arun 009,E02006550,0.4,0.6,6139.2855,694.4514,866.6679,615.3249000000001,992.3394,17.999999999,22.29738225,4.1986596925
Arun 010,E02006551,0.6,0.8,3752.0343,824.6853,1208.241,873.3393,1451.511,19.000000001,27.94126239,4.9323641107
Arun 011,E02006552,0.0,0.2,5780.0913,413.1262,432.9739,288.1592,436.64939999999996,11.666666667,14.955462480000001,3.2442101224
Arun 012,E02006553,0.4,0.6,6859.2608,515.5020000000001,551.6312,369.2228,517.2644,15.333333332,13.717816640000002,3.0833161632
Arun 013,E02006554,0.6,0.8,4257.0753,568.4144,709.8476999999999,459.82579999999996,707.1665,16.333333334,15.33130269,3.2930693497
Arun 014,E02006555,0.2,0.4,6398.31,398.222,358.085,261.284,453.312,14.333333333,13.094892999999999,3.00233609
Arun 015,E02006556,0.6,0.8,6690.6882,637.0686000000001,868.9968,668.3838,920.8625999999999,27.666666664,20.22873846,3.9297359998
Arun 016,E02006557,0.2,0.4,6693.3762,300.5744,356.5324,251.0116,394.1042,13.666666666,12.1608725,2.880913425
Arun 017,E02006558,0.2,0.4,9397.0824,577.2221999999999,612.8532,478.6431,811.1991,29.666666667,21.966511500000003,4.155646495000001
Arun 018,E02006559,0.8,1.0,4467.008000000001,784.5759999999999,1077.44,761.28,1229.696,25.666666667,22.3971904,4.211634752
Arun 019,E02006560,0.4,0.6,5941.5479,737.4493,930.4354,723.4648,990.1026,25.0,23.20112457,4.3161461941
Ashfield 001,E02005819,0.2,0.4,4865.8225,413.0225,411.75750000000005,311.19,321.9425,11.333333333,11.36064875,2.7768843375000003
Ashfield 002,E02005820,0.4,0.6,4137.8621,377.2378,387.31239999999997,378.9169,315.6708,12.333333333,9.60663483,2.5488625279
Ashfield 003,E02005821,0.0,0.2,5745.786300000001,358.28549999999996,340.1973,274.1058,239.3208,10.666666666,11.730475980000001,2.8249618774000003
Ashfield 004,E02005822,0.0,0.2,9241.432200000001,426.10259999999994,337.90680000000003,266.7126,355.971,15.0,15.50354652,3.3154610476000004
Ashfield 005,E02005823,0.0,0.2,6463.6975999999995,365.9148,373.8868,267.8592,499.04720000000003,16.333333333,15.44080736,3.3073049568000004
Ashfield 006,E02005824,0.4,0.6,8112.1807,524.212,537.3173,427.4344,478.8475,13.666666667,13.942123809999998,3.1124760953
Ashfield 007,E02005825,0.2,0.4,6389.3492,417.4836,452.8772,341.0656,442.42,12.333333333,13.955133400000001,3.114167342
Ashfield 008,E02005826,0.0,0.2,5243.3916,300.2851,251.38689999999997,177.4127,295.2699,9.0,10.689522660000002,2.6896379458000004
Ashfield 009,E02005827,0.4,0.6,7635.7928,502.416,422.40160000000003,304.2408,441.0096,12.0,12.102736239999999,2.8733557112
Ashfield 010,E02005828,0.4,0.6,6093.307000000001,499.94339999999994,519.6884,421.75320000000005,363.308,13.666666667,11.7968477,2.8335902010000003
Ashfield 011,E02005829,0.4,0.6,5163.0237,387.17609999999996,466.90869999999995,330.4173,407.4471,10.0,11.062763109999999,2.7381592043
Ashfield 012,E02005830,0.4,0.6,4482.2304,433.3548,430.3328,343.9036,352.3652,8.999999999,10.22451392,2.6291868096
Ashfield 013,E02005831,0.4,0.6,8543.046400000001,463.68,465.7408,374.0352,458.52799999999996,9.333333333,13.099784320000001,3.0029719616
Ashfield 014,E02005832,0.2,0.4,7823.861599999999,393.4306,375.7169,320.7112,408.34740000000005,14.999999999,13.740237400000002,3.0862308620000003
Ashfield 015,E02005833,0.6,0.8,5910.4119,499.6781,512.0349,390.7838,409.319,9.666666667,11.277047369999998,2.7660161581
Ashfield 016,E02005834,0.0,0.2,6573.068399999999,345.6172,363.8493,304.3968,337.6902,15.000000001,13.67423354,3.0776503602
Ashford 001,E02004996,0.4,0.6,6604.3288999999995,435.3295,502.95349999999996,371.0867,539.3014,9.666666667,13.56190867,3.0630481271
Ashford 002,E02004997,0.4,0.6,5764.0773,561.4309,637.5164,462.92019999999997,583.0552,13.333333333,15.17633419,3.2729234447
Ashford 003,E02004998,0.8,1.0,5242.1082,365.634,410.3226,317.55989999999997,435.3753,7.333333334,9.50147346,2.5351915498
Ashford 004,E02004999,0.4,0.6,12579.3536,678.1808,658.6756,483.1288,607.6619999999999,15.999999998,17.95558688,3.6342262944000003
Ashford 005,E02005000,0.2,0.4,10278.160500000002,408.5045,389.77650000000006,293.7955,333.59250000000003,7.999999999,13.983378250000001,3.1178391725
Ashford 006,E02005001,0.6,0.8,7177.4039999999995,490.6005,558.363,363.207,445.42550000000006,13.333333333,12.083589700000001,2.870866661
Ashford 007,E02005002,0.2,0.4,8034.7004,395.1492,378.0924,288.0704,379.9876,13.333333333,13.291511400000001,3.027896482
Ashford 008,E02005003,0.2,0.4,8741.455499999998,308.25800000000004,309.2335,199.002,200.953,10.666666667,10.33688575,2.6437951475
Ashford 009,E02005004,0.4,0.6,11051.1355,408.70500000000004,380.21950000000004,250.177,294.76300000000003,10.0,10.69184665,2.6899400645
Ashford 010,E02005005,0.6,0.8,7502.7896,519.4312,625.7864,383.6384,466.2536,15.666666667,12.83982648,2.9691774424
Ashford 011,E02005006,0.4,0.6,4309.6082,368.5344,491.9698,316.5616,419.326,10.0,10.92911206,2.7207845678
Ashford 012,E02005007,0.4,0.6,7073.6649,562.9179,604.2414,396.7056,547.3068,14.666666666,14.612816070000001,3.1996660891
Ashford 013,E02005008,0.6,0.8,5301.616,589.9839999999999,758.08,637.776,952.544,16.333333333,19.4696368,3.8310527839999997
Ashford 014,E02005009,0.4,0.6,4204.9436000000005,433.2757,501.8728,348.2622,375.232,8.0,10.727882880000001,2.6946247744000003
Aylesbury Vale 001,E02003652,0.8,1.0,9439.969500000001,499.06350000000003,446.823,316.77750000000003,413.47799999999995,9.000000001,10.855909350000001,2.7112682155000005
Aylesbury Vale 002,E02003653,0.6,0.8,5522.446800000001,310.7988,358.3008,235.47420000000002,358.9794,8.000000001,8.83767924,2.4488983012
Aylesbury Vale 003,E02003654,0.8,1.0,4475.203799999999,421.41599999999994,410.8806,244.6554,302.0148,6.666666667,7.55259414,2.2818372382
Aylesbury Vale 004,E02003655,0.6,0.8,8059.097500000001,556.3875,616.5375,364.91,429.07,11.333333334,12.540974250000001,2.9303266525000002
Aylesbury Vale 005,E02003656,0.8,1.0,4762.4148,381.9244,412.12600000000003,301.3868,432.26040000000006,5.333333333,9.278623640000001,2.5062210732000003
Aylesbury Vale 006,E02003657,0.8,1.0,5314.722599999999,421.4496,428.2036,241.11780000000002,348.5064,4.666666667,8.33288258,2.3832747354
Aylesbury Vale 007,E02003658,0.8,1.0,6592.496400000001,445.662,468.77040000000005,317.7405,427.5054,10.666666666,10.097875620000002,2.6127238306000002
Aylesbury Vale 008,E02003659,0.8,1.0,8358.094000000001,407.301,460.815,326.039,357.751,7.000000001,9.809116200000002,2.575185106
Aylesbury Vale 009,E02003660,0.8,1.0,8104.8967999999995,537.4251,581.9575,394.719,503.0136999999999,10.333333334,12.176979939999999,2.8830073921999997
Aylesbury Vale 010,E02003661,0.6,0.8,4838.677000000001,351.0826,323.3814,220.4052,287.8516,5.0,7.7156875000000005,2.303039375
Aylesbury Vale 011,E02003662,0.6,0.8,5816.4786,256.55039999999997,187.068,181.7232,239.1798,6.0,6.54591018,2.1509683234
Aylesbury Vale 012,E02003663,0.2,0.4,10826.28,263.32,192.56,141.52,176.32,6.333333333,10.07982,2.6103766000000004
Aylesbury Vale 013,E02003664,0.2,0.4,7826.8156,233.5449,243.1666,129.4556,314.01730000000003,12.333333333,10.2611057,2.6339437410000004
Aylesbury Vale 014,E02003665,0.6,0.8,5443.294999999999,227.7,239.71750000000003,159.39000000000001,254.8975,3.666666667,6.6480809999999995,2.16425053
Aylesbury Vale 015,E02003666,0.4,0.6,7283.0632000000005,263.6216,219.8224,169.412,327.25440000000003,7.333333332,8.53497656,2.4095469528000004
Aylesbury Vale 016,E02003667,0.6,0.8,8747.844000000001,372.666,319.7082,167.6997,199.0821,7.333333333,7.6769196000000015,2.2979995480000004
Aylesbury Vale 017,E02003668,0.8,1.0,6899.3199,493.38629999999995,470.0201,410.7059,713.5678,12.999999999,13.89938407,3.1069199291
Aylesbury Vale 018,E02003669,0.2,0.4,7128.576,278.46000000000004,210.0384,151.9596,186.966,8.333333333,8.5471308,2.411127004
Aylesbury Vale 019,E02003670,0.8,1.0,8458.6398,461.63359999999994,400.9447,273.5975,357.1691,11.333333334,9.55959614,2.5427474982
Aylesbury Vale 020,E02003671,0.4,0.6,5513.9292,272.2239,180.44910000000002,122.15969999999999,112.85820000000001,3.333333333,5.007679560000001,1.9509983428000002
Aylesbury Vale 021,E02003672,0.8,1.0,8011.3528000000015,578.9614,622.9461,444.96149999999994,570.7782,10.0,13.310588540000001,3.0303765102
Aylesbury Vale 022,E02003673,0.8,1.0,6538.2684,493.9482,594.3086999999999,459.9129,641.4345000000001,12.333333332,13.49333832,3.0541339815999997
Aylesbury Vale 023,E02003674,0.8,1.0,4163.067,334.89,372.222,310.185,309.63599999999997,6.999999999,7.6200651,2.290608463
Aylesbury Vale 024,E02003675,0.8,1.0,7558.9674,413.44680000000005,418.12379999999996,372.2892,591.1728,12.666666667,12.29517822,2.8983731686
Babergh 001,E02006227,0.4,0.6,4193.125,541.25,574.375,413.74999999999994,528.125,14.0,13.4579375,3.049531875
Babergh 002,E02006228,0.6,0.8,4562.9924,429.90479999999997,460.5248,317.2232,354.5796,9.666666667,9.55729812,2.5424487556
Babergh 003,E02006229,0.6,0.8,4053.2350000000006,429.097,531.235,372.745,483.1009999999999,12.333333333,11.3769405,2.779002265
Babergh 004,E02006230,0.6,0.8,8116.2354000000005,704.3106,769.8537,578.7789,937.5996,17.333333333,20.13039672,3.9169515736000005
Babergh 005,E02006231,0.6,0.8,6750.5445,519.8049,544.0221,353.7441,481.7493,12.000000001,12.30882435,2.9001471655
Babergh 006,E02006232,0.6,0.8,4401.137000000001,437.3876,451.32099999999997,369.538,399.2222,11.333333334,10.239534500000001,2.6311394850000003
Babergh 007,E02006233,0.2,0.4,8755.109999999999,662.22,711.36,600.21,973.4399999999999,27.333333334,25.092405,4.56201265
Babergh 008,E02006234,0.4,0.6,7707.3831,439.67969999999997,613.8198,396.3852,463.7322,13.333333333,13.58995113,3.0666936469
Babergh 009,E02006235,0.6,0.8,5821.645,577.2655,685.0435,441.72650000000004,638.5029999999999,10.333333333,14.873363999999999,3.23353732
Babergh 010,E02006236,0.8,1.0,7243.1458,687.0082,852.1347999999999,628.9081,783.8417,15.666666667,17.01802894,3.5123437622000004
Babergh 011,E02006237,0.6,0.8,5617.7784,500.3286,542.4696,384.6324,615.2586,16.333333333,13.54687572,3.0610938436
Barking and Dagenham 001,E02000002,0.0,0.2,6739.56,230.828,177.56,209.212,360.524,10.666666667,11.876448,2.84393824
Barking and Dagenham 002,E02000003,0.2,0.4,9790.0809,342.581,330.4249,215.4945,373.52379999999994,10.333333332,13.23523015,3.0205799195000003
Barking and Dagenham 003,E02000004,0.2,0.4,5586.245199999999,233.80299999999997,235.7788,190.3354,339.179,14.333333333,9.8401426,2.579218538
Barking and Dagenham 004,E02000005,0.2,0.4,9338.0541,259.8166,215.83190000000002,163.66400000000002,253.67919999999998,10.666666666,10.50160285,2.6652083705000003
Barking and Dagenham 006,E02000007,0.0,0.2,9093.4909,268.2595,252.06269999999998,184.23860000000002,324.9483,9.000000001,13.24675534,3.0220781942
Barking and Dagenham 007,E02000008,0.0,0.2,11312.115500000002,451.0695,325.983,224.903,322.1925,15.666666666,16.1131628,3.3947111640000003
Barking and Dagenham 008,E02000009,0.0,0.2,10699.416000000001,325.7352,184.3128,149.5368,231.84,6.666666667,12.798727200000002,2.9638345360000002
Barking and Dagenham 009,E02000010,0.0,0.2,8320.5259,276.8297,193.137,121.4004,285.10699999999997,9.666666666,11.613235840000002,2.8097206592000004
Barking and Dagenham 010,E02000011,0.2,0.4,6163.8941,226.2492,178.0665,170.3852,246.4999,9.333333333,8.62365585,2.4210752605000003
Barking and Dagenham 011,E02000012,0.4,0.6,10092.131,375.95700000000005,274.347,182.898,365.796,10.666666667,10.363881300000001,2.647304569
Barking and Dagenham 012,E02000013,0.0,0.2,7993.0818,315.0246,231.374,161.0719,199.3376,6.666666666,11.047396580000001,2.7361615554000003
Barking and Dagenham 013,E02000014,0.0,0.2,8920.249600000001,324.5184,305.488,182.2912,282.4512,5.333333333,13.16763456,3.0117924928
Barking and Dagenham 014,E02000015,0.0,0.2,7324.2312999999995,250.139,184.7801,121.035,188.0077,10.0,9.672471680000001,2.5574213184000003
Barking and Dagenham 015,E02000016,0.0,0.2,9578.0608,117.33919999999999,111.3728,60.6584,75.5744,4.000000001,8.221898079999999,2.3688467504
Barking and Dagenham 016,E02000017,0.2,0.4,8538.7981,252.87009999999998,176.3559,131.5671,230.4757,7.666666666,9.42011105,2.5246144365000003
Barking and Dagenham 017,E02000018,0.0,0.2,8968.6818,285.8388,184.0332,145.8561,202.6323,7.000000001,11.183149380000001,2.7538094194000005
Barking and Dagenham 018,E02000019,0.0,0.2,8271.621599999999,305.5432,238.76280000000003,143.62359999999998,188.4488,9.333333334,10.95125376,2.7236629888
Barking and Dagenham 019,E02000020,0.0,0.2,12058.3975,275.918,234.26999999999998,147.06949999999998,299.34499999999997,10.0,14.407605,3.17298865
Barking and Dagenham 020,E02000021,0.0,0.2,8041.605,264.615,257.439,157.872,247.572,9.000000001,11.511201000000002,2.79645613
Barking and Dagenham 021,E02000022,0.0,0.2,8001.4612,118.6268,96.90639999999999,60.1488,77.6922,6.666666666,7.23189072,2.2401457936
Barking and Dagenham 022,E02000023,0.0,0.2,7556.205499999999,154.909,126.9615,43.9175,104.60350000000001,5.333333333,7.5057403,2.275746239
Barking and Dagenham 023,E02006799,0.0,0.2,9981.408,348.76800000000003,262.40639999999996,201.5104,276.8,11.333333334,13.7768896,3.0909956480000003
Barnet 001,E02000024,0.8,1.0,8776.1156,550.4988,557.0916,427.43319999999994,675.762,13.666666667,14.41856348,3.1744132524
Barnet 002,E02000025,0.4,0.6,7043.063399999999,359.1675,410.7186,245.9241,392.9715,11.0,10.66533102,2.6864930326
Barnet 003,E02000026,0.6,0.8,5350.9288,326.1468,327.4726,254.5536,369.2353,5.666666667,8.901818939999998,2.4572364622
Barnet 004,E02000027,0.2,0.4,8139.8538,502.2795,414.50250000000005,294.5406,401.8236,12.999999999,14.1184428,3.1353975640000002
Barnet 005,E02000028,0.6,0.8,5615.427,258.3498,264.3735,197.4435,356.06759999999997,10.333333334,8.162782799999999,2.361161764
Barnet 006,E02000029,0.4,0.6,8119.1828,376.21819999999997,318.988,241.1174,326.49359999999996,9.999999999,9.82877084,2.5777402092
Barnet 007,E02000030,0.6,0.8,7156.4039999999995,519.1992,528.4872,396.5976,686.3832,15.666666666,14.8324716,3.228221308
Barnet 008,E02000031,0.8,1.0,6106.6656,384.8544,343.89599999999996,298.30080000000004,591.192,14.666666667,11.28411648,2.7669351424000004
Barnet 009,E02000032,0.8,1.0,6375.770399999999,401.2447,381.5372,309.0136,416.2224,12.0,9.601809320000001,2.5482352116
Barnet 010,E02000033,0.4,0.6,7551.7173,392.436,354.9762,231.00209999999998,388.8684,13.333333334,10.522725390000002,2.6679543007000004
Barnet 011,E02000034,0.6,0.8,7777.926,378.4608,406.2888,299.6148,413.7096,10.0,10.7643342,2.6993634460000004
Barnet 012,E02000035,0.6,0.8,7494.0972,368.2227,414.138,252.9843,476.25870000000003,21.333333334,11.144993759999998,2.7488491888
Barnet 013,E02000036,0.4,0.6,9921.489,435.2952,446.8722,328.7868,444.55679999999995,16.000000001,12.9419283,2.9824506790000003
Barnet 014,E02000037,0.6,0.8,8558.7366,486.72819999999996,503.333,348.70079999999996,479.46360000000004,13.666666666,12.57201298,2.9343616874
Barnet 015,E02000038,0.4,0.6,9907.141200000002,497.0292,393.2412,271.002,465.8928000000001,14.666666666,12.755891160000001,2.9582658508
Barnet 016,E02000039,0.6,0.8,6067.3264,280.5448,342.32280000000003,233.30279999999996,345.23,8.333333334,8.714622720000001,2.4329009536
Barnet 017,E02000040,0.4,0.6,6894.5599999999995,386.22,327.18,255.83999999999997,337.02,7.0,9.728808,2.56474504
Barnet 018,E02000041,0.4,0.6,8470.3645,429.7501,343.0024,253.2634,475.6167,16.999999999,11.99959995,2.8599479935
Barnet 019,E02000042,0.6,0.8,10438.4208,461.662,368.1147,331.6677,547.9199,17.333333333,13.21276644,3.0176596372
Barnet 020,E02000043,0.8,1.0,6902.648499999999,356.48249999999996,324.52200000000005,208.9725,403.194,9.333333333,8.91280005,2.4586640065000003
Barnet 021,E02000044,0.2,0.4,7888.986,289.2924,267.9948,198.7776,228.9492,9.333333333,10.023183,2.6030137900000003
Barnet 022,E02000045,0.4,0.6,9677.5776,364.3272,334.8756,243.2484,287.9712,11.999999999,9.886574880000001,2.5852547344000003
Barnet 023,E02000046,0.6,0.8,6644.8648,276.743,228.2182,162.2548,270.67740000000003,8.333333334,7.248543640000001,2.2423106732000004
Barnet 024,E02000047,0.2,0.4,10970.9902,441.3688,363.2614,257.8784,364.50120000000004,17.666666667,14.4418103,3.177435339
Barnet 025,E02000048,0.6,0.8,8877.93,444.96099999999996,458.79949999999997,340.64,522.6695000000001,14.0,12.8410635,2.9693382550000003
Barnet 026,E02000049,0.0,0.2,8536.5604,264.822,212.7868,131.9464,146.8136,9.333333334,10.195368240000002,2.6253978712000006
Barnet 027,E02000050,0.4,0.6,9370.6665,432.9285,432.9285,278.0775,389.3084999999999,9.999999999,11.748937949999998,2.8273619334999998
Barnet 028,E02000051,0.8,1.0,7924.1166,377.754,429.08979999999997,340.9472,613.1238,9.333333333,12.44002038,2.9172026494
Barnet 029,E02000052,0.6,0.8,9219.347399999999,396.97499999999997,355.6896,260.4156,353.5724,9.000000001,10.173887019999999,2.6226053126
Barnet 030,E02000053,0.4,0.6,14574.5831,358.2247,244.0308,195.53750000000002,273.7525,11.666666666,10.52320253,2.6680163289000003
Barnet 031,E02000054,0.4,0.6,6671.616000000001,298.5472,240.6656,177.4528,230.0032,5.0,7.385996800000001,2.2601795840000003
Barnet 032,E02000055,0.4,0.6,10306.0229,396.1574,364.1327,271.6169,524.2562,12.333333333,13.26142827,3.0239856751
Barnet 033,E02000056,0.8,1.0,7569.813,375.21569999999997,488.4354,380.8299,541.7702999999999,8.0,11.861868899999997,2.842042957
Barnet 034,E02000057,0.6,0.8,7207.650900000001,241.15120000000002,242.7806,180.04870000000003,276.1833,3.999999999,7.553979869999999,2.2820173831
Barnet 035,E02000058,0.8,1.0,9053.7281,439.0549,497.0846,421.5365,538.6908,15.0,12.62167873,2.9408182349
Barnet 036,E02000059,0.2,0.4,10326.6564,413.859,305.4396,215.673,394.0404,11.333333333,13.8648594,3.1024317220000004
Barnet 037,E02000060,0.6,0.8,10752.695800000001,420.172,339.845,233.5662,612.9568,12.666666667,13.335888540000001,3.0336655102000005
Barnet 038,E02000061,0.6,0.8,7664.430000000001,334.056,315.198,200.254,466.062,12.0,10.356185,2.6463040500000004
Barnet 039,E02000062,0.0,0.2,6137.2566,238.91000000000003,194.541,101.7074,153.585,6.333333334,8.404580760000002,2.3925954988000004
Barnet 040,E02000063,0.2,0.4,6779.421,292.3635,238.07850000000002,186.8955,258.2415,12.666666667,9.626281500000001,2.551416595
Barnet 041,E02000064,0.2,0.4,6000.1058,239.78500000000003,220.60219999999998,164.424,225.3979,7.000000001,8.4575595,2.3994827350000003
Barnsley 001,E02001509,0.2,0.4,5295.277500000001,368.46,412.515,252.315,347.7675,14.0,11.342493750000001,2.7745241875
Barnsley 002,E02001510,0.0,0.2,4939.7660000000005,347.811,290.753,257.975,231.874,13.333333333,10.7449926,2.696849038
Barnsley 003,E02001511,0.2,0.4,4825.6230000000005,421.095,360.1305,303.56550000000004,374.586,15.0,11.736609000000001,2.8257591700000004
Barnsley 004,E02001512,0.4,0.6,6104.7146999999995,422.1893,496.64670000000007,339.8109,556.8463,18.333333334,13.383400810000001,3.0398421053
Barnsley 005,E02001513,0.4,0.6,5857.938,518.6351999999999,551.2439999999999,434.00759999999997,402.9516,12.333333333,12.439092599999999,2.917082038
Barnsley 006,E02001514,0.0,0.2,6546.0668,380.0034,351.85499999999996,235.3519,304.941,12.333333333,12.89368738,2.9761793594
Barnsley 007,E02001515,0.0,0.2,8318.0778,532.6995,457.02630000000005,283.7745,367.41330000000005,17.666666668,16.334856780000003,3.4235313814
Barnsley 008,E02001516,0.0,0.2,5143.8399,281.0446,223.147,180.3269,202.64159999999998,13.333333333,9.30124944,2.5091624271999997
Barnsley 009,E02001517,0.2,0.4,6248.262,535.9149,513.0753,379.3005,480.4472999999999,11.666666666,15.204648,3.27660424
Barnsley 010,E02001518,0.2,0.4,8657.916,549.7592,507.5512,354.5472,483.2816,17.0,16.28965,3.4176545000000003
Barnsley 011,E02001519,0.0,0.2,6744.4934,350.8927,358.88570000000004,234.9942,303.734,16.666666667,12.88535544,2.9750962072
Barnsley 012,E02001520,0.6,0.8,8452.454399999999,630.9992,766.4552,589.2336,849.9864000000001,23.666666666,19.15957392,3.7907446096
Barnsley 013,E02001521,0.2,0.4,10923.129,511.0455,451.0695,252.399,361.1055,12.666666667,14.899038000000001,3.2368749400000003
Barnsley 014,E02001522,0.0,0.2,7303.558099999999,466.7993,489.3718,325.044,444.2268,15.0,16.76901996,3.4799725948000004
Barnsley 015,E02001523,0.2,0.4,5819.448399999999,362.0926,357.7648,305.8312,367.1417,11.666666666,11.97358,2.8565654
Barnsley 016,E02001524,0.8,1.0,4343.3782,441.2828,538.3896,392.7294,431.4492,12.666666666,9.97194646,2.5963530398000003
Barnsley 017,E02001525,0.0,0.2,5839.325100000001,338.6934,283.6383,236.94600000000003,270.3972,12.333333334,11.51864196,2.7974234548
Barnsley 018,E02001526,0.0,0.2,5334.5651,298.873,272.8011,207.9393,244.8215,12.333333333,10.45254266,2.6588305458
Barnsley 019,E02001527,0.4,0.6,4699.2574,385.2152,405.45740000000006,287.6846,356.3854,15.333333332,9.804769620000002,2.5746200506
Barnsley 020,E02001528,0.0,0.2,8321.927,641.451,630.866,427.63399999999996,561.0050000000001,24.666666666,21.0802392,4.040431096000001
Barnsley 021,E02001529,0.0,0.2,7447.866400000001,561.2581,519.3305,407.84119999999996,592.7038,28.666666666,19.838996840000004,3.8790695892000002
Barnsley 022,E02001530,0.0,0.2,5712.459,294.1068,258.1752,186.312,201.6162,9.0,9.912463800000001,2.588620294
Barnsley 023,E02001531,0.0,0.2,6277.422299999999,399.1734,367.8207,276.82140000000004,328.0563000000001,12.333333334,13.475849280000002,3.0518604064000003
Barnsley 024,E02001532,0.6,0.8,8501.8788,633.3228,619.4621999999999,415.818,490.452,18.0,13.76912004,3.0899856052
Barnsley 025,E02001533,0.0,0.2,6355.7453,395.1639,392.0827,242.6445,317.3636,11.333333334,13.256554880000001,3.0233521344000005
Barnsley 026,E02001534,0.2,0.4,8194.288,450.214,472.823,290.968,421.70699999999994,19.000000001,14.436338,3.17672394
Barnsley 027,E02001535,0.6,0.8,4941.767000000001,456.14300000000003,439.152,343.741,354.197,10.0,9.7662961,2.569618493
Barnsley 028,E02001536,0.2,0.4,6413.4839999999995,496.342,549.703,439.593,569.1840000000001,17.333333334,16.801939,3.48425207
Barnsley 029,E02001537,0.2,0.4,7015.544999999999,473.0724,388.2924,265.3614,336.5766,13.666666667,12.376608300000001,2.908959079
Barnsley 030,E02001538,0.2,0.4,6477.9397,485.0412,458.64439999999996,409.1504,419.8741,20.666666667,14.43121305,3.1760576965
Barrow-in-Furness 001,E02003977,0.4,0.6,4936.5498,406.25129999999996,372.9726,246.1368,318.97319999999996,10.333333333,9.08985714,2.4816814282
Barrow-in-Furness 002,E02003978,0.4,0.6,4279.3901000000005,322.7709,370.0881,305.8719,355.44230000000005,13.333333333,9.51025023,2.5363325299
Barrow-in-Furness 003,E02003979,0.6,0.8,5069.7507000000005,507.04920000000004,631.5876,492.2232,711.648,21.333333334,15.35061801,3.2955803413
Barrow-in-Furness 004,E02003980,0.0,0.2,5342.8045999999995,368.267,306.346,258.1128,242.46959999999999,12.0,11.295172560000001,2.7683724328000006
Barrow-in-Furness 005,E02003981,0.4,0.6,5291.6502,329.8674,341.01599999999996,261.6642,335.11379999999997,15.000000001,9.202644659999999,2.4963438058
Barrow-in-Furness 006,E02003982,0.4,0.6,5856.4809,461.6544,495.06359999999995,387.243,392.55809999999997,11.333333333,11.69466267,2.8203061471
Barrow-in-Furness 007,E02003983,0.0,0.2,6278.656499999999,363.20309999999995,363.20309999999995,238.6116,307.3257,11.333333333,12.7574145,2.958463885
Barrow-in-Furness 008,E02003984,0.0,0.2,5426.6079,320.019,289.9764,195.27689999999998,299.1198,13.0,11.262317640000003,2.7641012932000004
Barrow-in-Furness 009,E02003985,0.2,0.4,5136.4016,426.90229999999997,467.6243,374.6424,382.7868,14.0,12.9353433,2.981594629
Barrow-in-Furness 010,E02003986,0.0,0.2,4836.6266,380.8318,426.00460000000004,296.7602,335.0316,13.0,13.03385856,2.9944016128
Basildon 001,E02004424,0.8,1.0,5581.807,418.09950000000003,480.99309999999997,300.8887,365.21170000000006,6.666666667,8.9944995,2.469284935
Basildon 002,E02004425,0.8,1.0,5891.2536,346.1148,375.32280000000003,239.50560000000002,450.5334,14.0,9.363646679999999,2.5172740684
Basildon 003,E02004426,0.8,1.0,6467.1094,346.20500000000004,417.8898,341.3174,574.293,12.666666666,11.49213242,2.7939772146
Basildon 004,E02004427,0.8,1.0,5832.5288,390.7669,528.5925000000001,410.3444,669.5504999999999,12.0,13.00525494,2.9906831422
Basildon 005,E02004428,0.4,0.6,5381.1628,326.7184,373.788,292.8006,546.8380000000001,15.0,12.08179724,2.8706336412000004
Basildon 006,E02004429,0.6,0.8,5322.1873,448.6706,620.0896,409.915,654.3734000000001,18.0,14.222038190000001,3.1488649647000004
Basildon 007,E02004430,0.8,1.0,6706.698,441.414,418.398,301.67400000000004,350.17199999999997,9.0,9.0918954,2.481946402
Basildon 008,E02004431,0.4,0.6,8379.84,394.632,408.2736,262.1136,299.1408,9.999999999,10.0986816,2.612828608
Basildon 009,E02004432,0.6,0.8,5342.724,385.09200000000004,417.24,327.63599999999997,367.992,12.666666667,9.728053200000002,2.564646916
Basildon 010,E02004433,0.2,0.4,7554.8697,409.10519999999997,436.2582,257.0484,395.5287,11.333333333,13.29546645,3.0284106385
Basildon 011,E02004434,0.2,0.4,7344.96,425.8328,412.7168,263.1944,299.0448,10.333333335,12.031744,2.86412672
Basildon 012,E02004435,0.2,0.4,8027.6472,349.5896,295.168,207.54,342.2104,16.0,11.8025692,2.8343339960000002
Basildon 013,E02004436,0.0,0.2,7142.1904,397.4364,334.9464,235.79559999999998,220.79800000000003,15.000000001,12.24737344,2.8921585472
Basildon 014,E02004437,0.2,0.4,7610.22,430.542,472.77,281.826,382.806,16.666666666,13.554269999999999,3.0620551000000003
Basildon 015,E02004438,0.0,0.2,8178.700000000001,332.9212,325.2236,205.9108,581.1687999999999,20.666666667,16.613345199999998,3.4597348759999997
Basildon 016,E02004439,0.0,0.2,9100.815700000001,268.3484,256.3328,165.21450000000002,220.286,9.999999999,11.883828920000003,2.8448977596000002
Basildon 017,E02004440,0.2,0.4,7193.472,272.48,270.8032,226.368,418.3616,17.0,12.102304,2.87329952
Basildon 018,E02004441,0.0,0.2,6196.0671999999995,445.208,437.53200000000004,296.2936,300.8992,21.666666667,13.816185919999999,3.0961041696000002
Basildon 019,E02004442,0.0,0.2,7642.0064,320.7348,291.182,190.35479999999998,247.722,18.666666666,11.94993544,2.8534916072000005
Basildon 020,E02004443,0.4,0.6,8174.673,369.21599999999995,357.678,242.298,471.135,17.666666667,11.7289539,2.824764007
Basildon 021,E02004444,0.6,0.8,7583.5599999999995,490.36,456.32,301.76000000000005,368.0,9.666666667,10.637868000000001,2.6829228400000003
Basildon 022,E02004445,0.0,0.2,7195.960800000001,351.1888,394.6612,248.04840000000002,334.9932,12.666666668,13.80308368,3.0944008784
Basingstoke and Deane 001,E02004675,0.8,1.0,5897.22,388.714,431.576,309.641,362.849,11.0,8.94929,2.4634077000000003
Basingstoke and Deane 002,E02004676,0.8,1.0,5776.0564,527.0096,573.006,384.34279999999995,535.5852000000001,7.666666666,11.74599932,2.8269799116
Basingstoke and Deane 003,E02004677,0.6,0.8,6065.0832,459.0333,448.26869999999997,321.4002,395.98350000000005,8.0,10.49348586,2.6641531618
Basingstoke and Deane 004,E02004678,0.8,1.0,5574.636,449.286,464.553,352.595,427.476,14.666666667,9.965279800000001,2.595486374
Basingstoke and Deane 005,E02004679,0.8,1.0,7441.1652,417.04319999999996,443.10839999999996,293.9076,391.8768,12.333333334,9.73283556,2.5652686228
Basingstoke and Deane 006,E02004680,0.8,1.0,6777.7925,332.3275,262.485,156.57000000000002,144.29,5.666666666,5.59300275,2.0270903575
Basingstoke and Deane 007,E02004681,0.4,0.6,12306.3649,382.8159,444.56039999999996,305.9783,281.28049999999996,7.666666667,11.447018669999999,2.7881124270999997
Basingstoke and Deane 008,E02004682,0.8,1.0,7239.213,354.051,337.31100000000004,202.554,235.197,10.0,7.1544249,2.2300752370000003
Basingstoke and Deane 009,E02004683,0.4,0.6,6166.4356,241.8494,254.1591,209.26489999999998,368.56690000000003,11.0,9.02865808,2.4737255504
Basingstoke and Deane 010,E02004684,0.4,0.6,9054.9672,329.984,336.17119999999994,274.2992,316.5784,9.666666668,10.16587896,2.6215642648
Basingstoke and Deane 011,E02004685,0.4,0.6,6639.5378,257.0736,247.89239999999998,187.4495,319.0467,11.999999999,8.45083554,2.3986086202
Basingstoke and Deane 012,E02004686,0.4,0.6,7243.0064999999995,314.3271,300.0012,210.675,358.9902,13.333333334,9.57349335,2.5445541355000003
Basingstoke and Deane 013,E02004687,0.2,0.4,6612.715999999999,250.162,268.9995,204.1985,197.417,10.333333333,8.9312355,2.461060615
Basingstoke and Deane 014,E02004688,0.2,0.4,6459.5592,334.305,370.4886,254.8584,445.2156,12.666666667,12.841245,2.9693618500000003
Basingstoke and Deane 015,E02004689,0.8,1.0,3708.9645,426.24179999999996,540.7873999999999,338.12980000000005,493.42719999999997,8.666666666,10.16509595,2.6214624735000003
Basingstoke and Deane 016,E02004690,0.8,1.0,6511.6783,386.4661,375.4467,246.3623,351.8337,9.0,8.57931129,2.4153104677000004
Basingstoke and Deane 017,E02004691,0.8,1.0,5653.3757,533.5407,529.6912,374.1714,608.9909,16.0,12.39223341,2.9109903433
Basingstoke and Deane 018,E02004692,0.8,1.0,4882.388,546.9128,641.5024,469.392,571.8048,13.0,12.478359600000001,2.9221867480000006
Basingstoke and Deane 019,E02004693,0.4,0.6,6242.697,371.3265,318.38489999999996,186.0309,235.296,6.333333334,7.8287391,2.317736083
Basingstoke and Deane 020,E02004694,0.8,1.0,5452.609200000001,360.7626,427.7514,327.2682,408.21299999999997,12.000000001,9.33949476,2.5141343188
Basingstoke and Deane 021,E02004695,0.8,1.0,7932.6864,282.5604,271.188,145.2168,113.724,3.666666667,5.46435072,2.0103655936
Basingstoke and Deane 022,E02004696,0.8,1.0,5057.485,376.128,421.185,304.298,370.251,12.333333333,8.7061225,2.4317959250000003
Bassetlaw 001,E02005835,0.2,0.4,8352.169,555.4034,541.6767,479.3786,629.3164,15.666666667,18.9164485,3.7591383050000005
Bassetlaw 002,E02005836,0.6,0.8,6609.7979,678.3281,699.4398,536.0536,657.2164,12.333333334,16.04700317,3.3861104121
Bassetlaw 003,E02005837,0.4,0.6,6024.357000000001,593.2656,571.7358,381.95459999999997,404.2818,9.333333333,12.4238907,2.9151057910000002
Bassetlaw 004,E02005838,0.2,0.4,6105.139400000001,605.3114,600.3566,456.66740000000004,490.5252,12.333333334,16.3529045,3.4258775850000003
Bassetlaw 005,E02005839,0.4,0.6,4599.8505000000005,439.3508,457.7629,318.7198,533.3159999999999,11.666666667,12.40181915,2.9122364895
Bassetlaw 006,E02005840,0.6,0.8,7850.8199,419.1782,403.4821,248.3677,313.922,11.666666667,9.502511270000001,2.5353264651000003
Bassetlaw 008,E02005842,0.2,0.4,6663.2929,475.2693,542.7939,401.6848,573.0934000000001,11.666666667,16.61754435,3.4602807655000003
Bassetlaw 009,E02005843,0.2,0.4,5689.8768,284.76439999999997,280.0296,206.9784,300.998,11.666666667,9.8801748,2.5844227240000004
Bassetlaw 010,E02005844,0.2,0.4,6893.3679999999995,466.52,467.37600000000003,333.84,398.896,10.0,13.839379999999998,3.0991194
Bassetlaw 012,E02005846,0.0,0.2,6257.062599999999,288.55559999999997,231.8494,165.8118,233.285,9.333333334,10.31636516,2.6411274708
Bassetlaw 013,E02005847,0.4,0.6,5542.1789,396.1221,439.19419999999997,303.623,379.8818,7.666666667,10.59199427,2.6769592551
Bassetlaw 014,E02005848,0.2,0.4,4862.5221,432.8616,456.33000000000004,338.988,427.6464,10.333333333,13.059838650000001,2.9977790245000002
Bassetlaw 015,E02005849,0.4,0.6,6978.474000000001,629.6508,771.6492000000001,498.86280000000005,464.29740000000004,12.0,15.004186200000003,3.2505442060000007
Bassetlaw 016,E02006903,0.4,0.6,8268.9074,716.0634,825.8822,553.5764,839.3294,17.999999999,20.60973902,3.9792660725999998
Bath and North East Somerset 001,E02002985,0.4,0.6,4795.4303,287.1958,357.454,245.28740000000002,477.01619999999997,7.333333333,10.638755490000001,2.6830382137
Bath and North East Somerset 002,E02002986,0.4,0.6,4920.3696,268.2272,330.3624,254.07760000000002,378.96320000000003,10.666666667,9.40603888,2.5227850544
Bath and North East Somerset 003,E02002987,0.8,1.0,4105.396000000001,321.473,434.07300000000004,269.67699999999996,498.81800000000004,6.333333333,9.5780938,2.545152194
Bath and North East Somerset 004,E02002988,0.8,1.0,4399.7961,283.6585,333.0881,206.14390000000003,394.3134,6.333333334,7.921598929999999,2.3298078609
Bath and North East Somerset 005,E02002989,0.6,0.8,4508.6442,248.2822,266.0576,223.05259999999998,487.96340000000004,12.333333333,9.396248459999999,2.5215122998
Bath and North East Somerset 006,E02002990,0.8,1.0,5226.144,294.44800000000004,296.912,171.864,171.24800000000002,5.0,5.4936112,2.0141694560000003
Bath and North East Somerset 007,E02002991,0.6,0.8,9218.601,469.14000000000004,512.7030000000001,363.02500000000003,606.5310000000001,15.666666667,14.241638300000002,3.1514129790000003
Bath and North East Somerset 008,E02002992,0.8,1.0,4869.4184,284.5216,300.1944,209.77439999999999,364.694,5.333333333,7.69076352,2.2997992576
Bath and North East Somerset 009,E02002993,0.4,0.6,5846.3623,221.8471,197.48999999999998,118.49399999999999,198.1483,5.333333334,6.07630649,2.0899198437
Bath and North East Somerset 010,E02002994,0.8,1.0,7895.888,616.8008,662.8775999999999,514.1752,781.2112,19.333333333,16.0923224,3.3920019120000005
Bath and North East Somerset 011,E02002995,0.0,0.2,5233.2714000000005,186.543,183.582,139.167,180.621,7.0,8.13220884,2.3571871492
Bath and North East Somerset 012,E02002996,0.8,1.0,11572.398000000001,423.108,406.026,321.93,416.53800000000007,10.666666667,11.321555400000001,2.771802202
Bath and North East Somerset 013,E02002997,0.8,1.0,7069.4925,214.6591,224.1643,186.1435,227.3327,2.666666666,6.42987175,2.1358833275
Bath and North East Somerset 014,E02002998,0.6,0.8,5220.285999999999,165.876,195.32500000000002,165.876,262.637,4.666666667,6.3975248,2.131678224
Bath and North East Somerset 015,E02002999,0.4,0.6,4520.853999999999,259.6967,298.3988,203.6067,327.0047,7.333333334,8.2149414,2.367942382
Bath and North East Somerset 016,E02003000,0.8,1.0,6952.7538,693.0522,711.4176,582.8598,725.9166,16.666666668,15.79414734,3.3532391541999997
Bath and North East Somerset 017,E02003001,0.8,1.0,4391.4855,320.579,285.952,202.17700000000002,384.248,11.0,7.76812065,2.3098556845
Bath and North East Somerset 018,E02003002,0.6,0.8,4673.174,303.69890000000004,254.3263,218.7321,291.64279999999997,7.666666667,7.328386500000001,2.252690245
Bath and North East Somerset 019,E02003003,0.6,0.8,5000.8275,243.8842,241.4814,189.8212,330.98569999999995,6.666666667,7.54389095,2.2807058235
Bath and North East Somerset 020,E02003004,0.6,0.8,5177.5521,388.4643,414.099,240.5718,350.9982,8.666666667,9.05042943,2.4765558259000002
Bath and North East Somerset 021,E02003005,0.8,1.0,4927.164000000001,392.50399999999996,457.704,357.296,385.332,8.333333334,9.2036972,2.4964806360000003
Bath and North East Somerset 022,E02003006,0.6,0.8,8116.315999999999,461.1208,426.7088,380.4984,446.3728,12.0,11.8765644,2.843953372
Bath and North East Somerset 023,E02003007,0.8,1.0,7351.2422,484.3344,511.8534,332.06260000000003,493.5074,17.333333333,11.28664266,2.7672635458
Bath and North East Somerset 024,E02003008,0.4,0.6,5131.324,300.9072,237.9124,183.48,262.3764,6.333333334,7.342257999999999,2.25449354
Bath and North East Somerset 025,E02003009,0.8,1.0,4830.787499999999,311.15,300.7375,268.275,414.04999999999995,7.666666667,8.56893625,2.4139617125
Bath and North East Somerset 026,E02003010,0.6,0.8,5635.772999999999,332.514,309.4416,210.36599999999999,297.9054,5.999999999,7.922315699999999,2.329901041
Bath and North East Somerset 027,E02003011,0.6,0.8,4283.3063,284.68420000000003,372.58469999999994,331.1864,398.67130000000003,8.666666667,9.38601539,2.5201820007
Bedford 001,E02003616,0.8,1.0,4109.954000000001,350.9985,397.5765,312.738,373.1785,9.333333333,8.3987897,2.391842661
Bedford 002,E02003617,0.6,0.8,6546.9276,552.7656,622.3014,462.9852,617.0201999999999,12.333333333,14.660963279999999,3.2059252263999998
Bedford 003,E02003618,0.6,0.8,6778.744000000001,500.80199999999996,556.738,354.844,547.998,11.333333333,13.0643772,2.9983690359999997
Bedford 004,E02003619,0.6,0.8,9279.76,659.9200000000001,700.8,481.216,557.136,15.0,15.441544,3.3074007200000004
Bedford 005,E02003620,0.6,0.8,5899.512,477.992,607.114,381.752,655.2339999999999,18.0,14.2706276,3.155181588
Bedford 006,E02003621,0.6,0.8,5499.2518,531.0052,660.2528,467.15999999999997,628.3302,13.666666667,14.600229339999999,3.1980298142
Bedford 007,E02003622,0.2,0.4,7563.009999999999,376.74,381.29,296.65999999999997,483.2099999999999,14.666666666,14.312024999999998,3.16056325
Bedford 008,E02003623,0.8,1.0,8359.568000000001,551.4418000000001,583.5144,337.27959999999996,514.1962,5.666666667,12.120339,2.87564407
Bedford 009,E02003624,0.4,0.6,4572.9716,282.6548,285.5568,201.9792,461.418,9.666666668,9.828319480000001,2.5776815324
Bedford 010,E02003625,0.2,0.4,7090.3895999999995,414.21520000000004,347.2098,248.87720000000002,600.4380000000001,19.999999999,15.124076000000002,3.2661298800000003
Bedford 011,E02003626,0.4,0.6,4504.312900000001,254.8698,250.56820000000002,147.3298,219.9193,7.666666667,6.38631667,2.1302211671
Bedford 012,E02003627,0.2,0.4,8873.1126,403.8384,320.3922,269.9124,433.7142,16.0,14.023597500000001,3.123067675
Bedford 013,E02003628,0.2,0.4,8493.475199999999,254.2176,171.3408,125.712,267.2544,8.333333334,9.781790399999998,2.571632752
Bedford 014,E02003629,0.2,0.4,8830.9584,388.1628,303.6024,209.8728,456.4224,12.666666666,13.740555599999999,3.086272228
Bedford 015,E02003630,0.0,0.2,9908.845000000001,348.1782,259.49129999999997,179.5636,254.01680000000002,13.0,13.288801300000001,3.0275441690000005
Bedford 016,E02003631,0.2,0.4,4458.5391,326.8821,275.9969,206.85940000000002,261.61629999999997,9.333333333,8.90131485,2.4571709305000002
Bedford 017,E02003632,0.4,0.6,4971.6846000000005,306.15299999999996,288.7443,169.8849,265.9329,7.0,7.46929278,2.2710080614
Bedford 018,E02003633,0.4,0.6,8239.762200000001,409.76009999999997,381.6678,297.3909,356.4816,8.666666666,10.880244659999999,2.7144318058
Bedford 019,E02003634,0.6,0.8,10789.5275,533.1775,598.075,338.48499999999996,467.00749999999994,11.333333332,13.52502075,3.0582526975
Bedford 020,E02003635,0.6,0.8,5880.4928,281.6624,289.3888,219.1488,351.9024,4.333333334,8.451698239999999,2.3987207712
Bexley 001,E02000065,0.4,0.6,8240.2688,259.86879999999996,186.1344,107.0048,199.62239999999997,5.666666666,6.77385344,2.1806009472000003
Bexley 002,E02000066,0.2,0.4,8938.2513,337.3115,330.26320000000004,208.4283,252.73189999999997,12.666666667,11.29389385,2.7682062005
Bexley 003,E02000067,0.2,0.4,9229.006300000001,295.6896,262.8352,210.4735,267.96869999999996,7.333333334,11.241851650000001,2.7614407145
Bexley 004,E02000068,0.2,0.4,7398.0368,256.28679999999997,159.159,116.7166,233.4332,8.333333334,8.7227294,2.4339548220000005
Bexley 005,E02000069,0.4,0.6,5656.7988,296.58840000000004,246.594,204.0312,350.63640000000004,12.0,8.70841644,2.4320941372
Bexley 006,E02000070,0.6,0.8,6552.8063999999995,362.88,373.3632,295.1424,480.6144,8.666666667,10.947525119999998,2.7231782655999996
Bexley 007,E02000071,0.4,0.6,6556.779600000001,321.636,310.91479999999996,166.17860000000002,301.72520000000003,10.0,8.47173908,2.4013260804000005
Bexley 008,E02000072,0.2,0.4,11757.3799,319.9899,284.00710000000004,183.76930000000002,305.85380000000004,13.0,12.931318750000003,2.9810714375000007
Bexley 009,E02000073,0.8,1.0,8832.6214,514.4262,546.1,431.419,594.1568000000001,13.333333333,13.46365862,3.0502756206
Bexley 010,E02000074,0.2,0.4,7368.1807,317.20439999999996,288.21259999999995,230.22899999999998,323.17330000000004,10.999999999,11.278236549999999,2.7661707515
Bexley 011,E02000075,0.8,1.0,6315.5345,461.7899,536.965,352.7447,593.9658999999999,11.333333333,12.189518549999999,2.8846374115
Bexley 013,E02000077,0.6,0.8,6878.7627,353.5389,344.4738,234.8685,431.0043,9.666666666,10.06399161,2.6083189093000003
Bexley 014,E02000078,0.6,0.8,6376.2954,412.2673,389.3196,270.6246,465.2844,9.0,10.76595302,2.6995738926
Bexley 015,E02000079,0.6,0.8,7000.744,354.194,378.442,255.47,671.15,16.666666667,12.9823792,2.9877092960000002
Bexley 016,E02000080,0.6,0.8,8458.6636,429.3428,399.83820000000003,325.568,560.5874,13.666666666,12.78993888,2.9626920543999997
Bexley 017,E02000081,0.4,0.6,6396.6483,375.3279,408.27959999999996,277.2765,579.4676999999999,19.666666666,12.92004009,2.9796052117
Bexley 018,E02000082,0.8,1.0,7656.1831999999995,402.52070000000003,422.78490000000005,257.908,472.5243,12.333333334,10.43477346,2.6565205498
Bexley 019,E02000083,0.4,0.6,9923.98,376.86,383.712,327.754,406.552,14.0,12.11091,2.8744183000000003
Bexley 020,E02000084,0.8,1.0,8919.7403,574.5067,541.4257,389.25309999999996,603.1768999999999,12.333333333,13.48899829,3.0535697777
Bexley 021,E02000085,0.6,0.8,6643.320000000001,342.5712,356.9784,257.7288,403.40160000000003,6.666666667,9.8321136,2.5781747680000002
Bexley 022,E02000086,0.8,1.0,5896.5468,386.91060000000004,392.0304,275.7378,363.50579999999997,8.666666668,8.70409884,2.4315328492
Bexley 023,E02000087,0.8,1.0,6348.074299999999,376.3553,396.5028,331.2249,608.4544999999999,13.999999999,11.79926249,2.8339041237
Bexley 024,E02000088,0.8,1.0,6300.6696,363.2004,374.8914,313.3188,441.9198,9.333333333,9.794096280000002,2.5732325164
Bexley 025,E02000089,0.8,1.0,6267.09,396.9816,371.676,291.0144,581.238,12.333333333,11.266132200000001,2.7645971860000005
Bexley 026,E02000090,0.6,0.8,7665.0886,370.2296,438.932,359.73339999999996,708.0164,13.999999999,14.38256118,3.1697329534
Bexley 027,E02000091,0.6,0.8,7727.636399999999,452.45640000000003,548.13,363.75899999999996,878.0046,18.333333333,16.89256932,3.4960340116
Bexley 028,E02000092,0.2,0.4,5704.242400000001,295.539,282.6304,175.9646,336.9824,8.666666666,10.144800799999999,2.6188241039999998
Bexley 029,E02006785,0.4,0.6,5459.3015,327.918,289.261,224.6105,364.5755,6.333333333,9.17323945,2.4925211285
Birmingham 001,E02001827,0.6,0.8,4627.544,369.0832,380.2864,308.7104,537.7536,6.999999999,11.1064168,2.743834184
Birmingham 002,E02001828,0.6,0.8,5164.5438,343.4652,412.5771,412.5771,647.1387000000001,14.999999999,13.068013140000001,2.9988417082000005
Birmingham 003,E02001829,0.8,1.0,6974.3802000000005,415.1628,481.69530000000003,407.17890000000006,589.9215,13.333333334,12.41106126,2.9134379638
Birmingham 004,E02001830,0.8,1.0,6821.0636,579.4318000000001,667.1958999999999,494.4988,875.7535999999999,21.0,16.645358079999998,3.4638965503999994
Birmingham 005,E02001831,0.2,0.4,8495.423999999999,484.65900000000005,432.18,347.80199999999996,531.993,13.666666667,16.248939,3.4123620700000004
Birmingham 006,E02001832,0.6,0.8,6094.812600000001,455.1552,484.3926,361.9116,506.51820000000004,11.666666667,12.05758278,2.8674857614
Birmingham 007,E02001833,0.4,0.6,4631.9148,277.776,309.0258,240.1605,328.7016,8.333333334,8.56661184,2.4136595392
Birmingham 008,E02001834,0.0,0.2,5258.847000000001,225.885,221.6115,163.0035,235.65299999999996,9.333333334,9.3616512,2.517014656
Birmingham 009,E02001835,0.4,0.6,6499.147399999999,398.8912,398.8912,334.3166,542.7536,16.666666666,12.862034220000002,2.9720644486000003
Birmingham 010,E02001836,0.6,0.8,7385.282999999999,530.9496,462.2274,424.57140000000004,610.9686,15.000000001,13.9699053,3.1160876890000004
Birmingham 011,E02001837,0.0,0.2,9146.0176,376.3064,328.356,228.2856,348.16159999999996,15.0,14.786860960000002,3.2222919248000004
Birmingham 012,E02001838,0.8,1.0,5506.144,555.0076,447.37420000000003,351.456,464.21479999999997,9.333333333,10.5202496,2.667632448
Birmingham 013,E02001839,0.2,0.4,5276.6904,286.7696,295.204,260.1688,368.5184,8.666666667,10.9228724,2.719973412
Birmingham 014,E02001840,0.0,0.2,8175.9412,358.65979999999996,285.4256,219.70260000000002,350.2097,15.666666667,13.86642632,3.1026354216
Birmingham 015,E02001841,0.8,1.0,3980.6369999999997,428.08050000000003,517.9035,318.36,440.5875,9.666666666,9.5244216,2.538174808
Birmingham 016,E02001842,0.2,0.4,6265.5597,273.2922,291.213,268.81199999999995,366.6297,10.0,11.39874885,2.7818373505
Birmingham 017,E02001843,0.2,0.4,5466.4599,287.111,301.1327,257.73220000000003,363.8965,8.999999999,10.969977150000002,2.7260970295000004
Birmingham 018,E02001844,0.2,0.4,7457.215200000001,537.9168,532.0272,468.2232,821.5992,25.0,20.6072196,3.9789385480000004
Birmingham 019,E02001845,0.2,0.4,5654.4348,244.8204,261.84000000000003,214.70880000000002,171.5052,9.0,8.1700626,2.362108138
Birmingham 020,E02001846,0.0,0.2,7095.166,292.4414,242.7508,250.8968,265.5596,9.333333333,11.8760534,2.843886942
Birmingham 021,E02001847,0.4,0.6,4125.030000000001,357.63,371.82599999999996,244.06199999999998,360.90599999999995,5.666666666,9.235317,2.50059121
Birmingham 022,E02001848,0.0,0.2,6204.2471000000005,202.8598,212.0807,182.9994,289.3944,9.666666667,10.550979360000001,2.6716273168000004
Birmingham 023,E02001849,0.0,0.2,7212.59,270.5125,220.44750000000002,139.6975,230.13750000000002,8.333333333,10.5218865,2.667845245
Birmingham 024,E02001850,0.2,0.4,7055.1579,254.107,295.092,249.1888,344.27399999999994,11.666666666,11.34587755,2.7749640815000003
Birmingham 025,E02001851,0.2,0.4,7490.402099999999,419.8797,398.30129999999997,279.6201,402.7968000000001,15.333333333,13.38894765,3.0405631945000002
Birmingham 026,E02001852,0.0,0.2,6206.8303000000005,262.8978,272.2357,168.8005,273.6723,10.666666666,10.865436780000001,2.7125067814
Birmingham 028,E02001854,0.0,0.2,6577.3492,301.1146,334.9212,268.8804,378.9484,9.666666666,13.556132120000001,3.0622971756000004
Birmingham 029,E02001855,0.0,0.2,8241.0988,417.9912,316.92760000000004,299.266,537.6976,19.666666666,17.166486480000003,3.5316432424000004
Birmingham 030,E02001856,0.0,0.2,8907.99,295.62780000000004,196.7589,153.6873,235.9149,9.999999999,11.7135174,2.822757262
Birmingham 031,E02001857,0.0,0.2,12844.3821,450.1035,368.6562,277.2066,350.08050000000003,18.666666668,17.941839960000003,3.6324391948000008
Birmingham 032,E02001858,0.0,0.2,8197.197799999998,358.0852,255.64329999999998,179.0426,239.954,14.666666667,12.11970738,2.8755619593999997
Birmingham 033,E02001859,0.0,0.2,10081.578599999999,305.2008,182.45700000000002,171.399,318.4704,8.999999999,13.50867396,3.0561276148000003
Birmingham 034,E02001860,0.0,0.2,8547.4248,276.2404,180.07479999999998,140.4772,284.7256,12.666666666,11.81007848,2.8353102024
Birmingham 035,E02001861,0.0,0.2,10058.048,311.017,182.434,152.761,287.938,17.666666667,13.026666800000001,2.9934666840000004
Birmingham 036,E02001862,0.0,0.2,9736.8264,398.3544,203.53080000000003,176.3208,367.87919999999997,14.666666666,14.50031784,3.1850413191999998
Birmingham 037,E02001863,0.0,0.2,7490.9548,222.0574,148.31140000000002,112.2578,219.5992,10.333333333,9.767411880000001,2.5697635444
Birmingham 038,E02001864,0.0,0.2,5001.4272,142.08599999999998,161.58800000000002,113.6688,153.23,3.666666666,7.15366792,2.2299768296
Birmingham 039,E02001865,0.0,0.2,10604.3817,369.4988,223.3363,201.1196,293.4943,14.666666667,14.256573320000001,3.1533545316000002
Birmingham 040,E02001866,0.0,0.2,8395.1406,256.564,143.85909999999998,132.86350000000002,233.65650000000002,11.000000001,10.773122360000002,2.7005059068
Birmingham 041,E02001867,0.0,0.2,7086.2872,192.3774,158.383,132.1146,156.0652,12.333333334,8.803158920000001,2.4444106596
Birmingham 042,E02001868,0.2,0.4,8342.007,287.03679999999997,252.1014,181.2864,377.68,9.666666666,11.8416843,2.8394189590000005
Birmingham 043,E02001869,0.0,0.2,6139.0037999999995,183.1142,131.6551,95.5669,134.9966,9.333333333,7.546176280000001,2.2810029164000003
Birmingham 044,E02001870,0.0,0.2,11535.966400000001,322.269,230.01160000000002,205.99939999999998,345.0174,12.666666666,15.265187440000002,3.2844743672000005
Birmingham 045,E02001871,0.0,0.2,6899.5686000000005,341.9226,331.18589999999995,306.4089,380.73990000000003,14.000000001,14.219024760000002,3.1484732188000004
Birmingham 046,E02001872,0.0,0.2,6327.333999999999,324.72749999999996,320.2485,197.8225,294.12100000000004,10.333333333,11.9354899,2.8516136870000004
Birmingham 047,E02001873,0.0,0.2,10983.9772,322.812,214.01239999999999,173.362,259.44519999999994,11.666666668,13.601384719999999,3.0681800136
Birmingham 048,E02001874,0.0,0.2,9403.087500000001,246.0375,153.9,126.5625,196.425,9.333333333,10.884577500000002,2.7149950750000005
Birmingham 049,E02001875,0.0,0.2,8907.8802,184.6686,127.55460000000001,107.56469999999999,190.38,7.0,9.94335702,2.5926364126
Birmingham 050,E02001876,0.0,0.2,14230.0658,132.31799999999998,119.08619999999999,64.6888,155.84120000000001,8.0,12.11797648,2.8753369423999997
Birmingham 051,E02001877,0.0,0.2,10933.603200000001,298.7712,177.84,118.56,324.8544,8.333333333,13.671390720000002,3.0772807936000004
Birmingham 052,E02001878,0.0,0.2,8604.4095,208.5075,137.1516,80.6229,234.4551,10.666666667,10.2687627,2.634939151
Birmingham 053,E02001879,0.0,0.2,9888.69,288.61,158.41,172.51500000000001,343.945,12.333333334,13.503259,3.05542367
Birmingham 054,E02001880,0.0,0.2,8918.224199999999,285.273,237.0717,167.229,231.1695,7.666666668,11.90729502,2.8479483526
Birmingham 055,E02001881,0.0,0.2,9623.4368,254.34560000000002,181.3776,125.08800000000001,240.79440000000002,13.333333333,11.71782688,2.8233174944000003
Birmingham 056,E02001882,0.0,0.2,7510.8012,270.80760000000004,285.516,222.3564,364.2492,10.666666667,13.21558392,3.0180259096000004
Birmingham 057,E02001883,0.0,0.2,7201.5006,314.3049,318.47339999999997,202.5891,300.9657,9.666666667,12.51450396,2.9268855148000004
Birmingham 058,E02001884,0.0,0.2,9641.1928,169.05440000000002,124.24480000000001,82.4904,164.9808,8.333333333,9.80841408,2.5750938304
Birmingham 060,E02001886,0.2,0.4,9238.9476,347.91880000000003,274.6184,187.8968,275.6508,7.333333333,11.384791000000002,2.78002283
Birmingham 062,E02001888,0.0,0.2,5697.5076,234.46259999999998,251.73180000000002,160.7364,297.56160000000006,11.000000001,10.54537056,2.6708981728000003
Birmingham 063,E02001889,0.0,0.2,8264.583400000001,215.1166,142.816,112.4676,191.01639999999998,6.333333334,9.82788304,2.5776247952
Birmingham 064,E02001890,0.2,0.4,9901.3248,356.19520000000006,309.98,320.1248,383.24800000000005,10.666666666,14.099017600000002,3.1328722880000006
Birmingham 066,E02001892,0.0,0.2,9875.686099999999,220.5595,237.77390000000003,159.2332,264.6714,11.666666667,12.50776786,2.9260098218
Birmingham 067,E02001893,0.0,0.2,6988.4416,372.69440000000003,329.69120000000004,269.824,470.5056,12.333333334,15.239828160000002,3.2811776608
Birmingham 069,E02001895,0.0,0.2,7602.8229,406.4769,355.3308,227.0169,379.5579,15.666666667,14.514545340000002,3.1868908942000003
Birmingham 070,E02001896,0.0,0.2,8923.8491,231.9017,156.2183,128.0796,263.9216,5.666666667,11.358525860000002,2.7766083618
Birmingham 071,E02001897,0.0,0.2,7502.5225,190.9435,152.427,109.813,239.29399999999998,9.999999999,9.858585,2.58161605
Birmingham 072,E02001898,0.4,0.6,5042.8243999999995,311.23089999999996,329.53860000000003,246.207,383.1991,7.666666667,9.52909472,2.5387823136
Birmingham 073,E02001899,0.4,0.6,6348.0794000000005,456.64840000000004,435.8159,374.1517,719.1379000000001,16.999999999,15.43554922,3.3066213986
Birmingham 074,E02001900,0.0,0.2,6444.039,248.162,239.989,178.32,320.233,9.333333333,11.3982144,2.781767872
Birmingham 075,E02001901,0.4,0.6,7253.616000000001,313.2624,273.0576,193.4856,344.2536,7.333333334,9.1867968,2.494283584
Birmingham 076,E02001902,0.2,0.4,5170.578,270.5535,211.044,193.866,288.345,8.666666667,9.0583275,2.4775825750000005
Birmingham 077,E02001903,0.0,0.2,6972.192800000001,201.52159999999998,137.12560000000002,103.7912,159.8536,6.666666667,8.52133328,2.4077733264
Birmingham 078,E02001904,0.0,0.2,7037.645100000001,242.327,188.3897,111.0014,237.63680000000002,10.0,10.004821960000001,2.6006268548
Birmingham 079,E02001905,0.4,0.6,11139.7704,271.1952,256.536,194.23440000000002,354.264,10.333333334,10.32703992,2.6425151896
Birmingham 080,E02001906,0.2,0.4,7656.1968,395.1408,390.5568,280.5408,444.648,8.000000001,13.875309600000001,3.103790248
Birmingham 081,E02001907,0.2,0.4,8169.461300000001,437.7758,504.35,413.567,560.8371999999999,14.333333333,17.04047345,3.5152615485
Birmingham 082,E02001908,0.0,0.2,8313.152399999999,251.25639999999999,137.3776,117.494,217.81580000000002,9.333333334,10.36730904,2.6477501752
Birmingham 083,E02001909,0.0,0.2,7595.4255,205.5495,130.429,106.4895,217.1065,6.666666667,9.587852300000002,2.5464207990000003
Birmingham 084,E02001910,0.0,0.2,6536.817,207.0354,149.8473,128.1303,217.8939,8.666666667,9.2181426,2.498358538
Birmingham 085,E02001911,0.0,0.2,7536.952499999999,258.3075,255.75,217.3875,256.60249999999996,9.666666667,11.693401499999998,2.820142195
Birmingham 087,E02001913,0.2,0.4,7446.876000000001,283.9334,275.4324,182.77149999999997,311.1366,15.333333333,10.6900075,2.689700975
Birmingham 088,E02001914,0.2,0.4,6149.3388,268.9809,228.94979999999998,130.62779999999998,246.5073,10.0,8.6698935,2.4270861550000005
Birmingham 089,E02001915,0.0,0.2,10564.1328,472.0092,426.4104,311.7972,550.8828000000001,11.666666667,19.62375168,3.8510877184000005
Birmingham 090,E02001916,0.0,0.2,8545.410899999999,246.402,250.1928,164.8998,267.25140000000005,11.333333334,11.971535939999999,2.8562996722
Birmingham 092,E02001918,0.0,0.2,7610.6856,415.6278,361.56960000000004,178.1262,296.877,13.0,13.26180576,3.0240347488
Birmingham 093,E02001919,0.2,0.4,5692.1004,328.2867,223.8012,150.9984,346.48740000000004,11.333333333,9.9409527,2.592323851
Birmingham 094,E02001920,0.0,0.2,6379.694,347.91409999999996,400.4438,240.57080000000002,244.37730000000002,8.999999999,12.186129100000002,2.884196783
Birmingham 095,E02001921,0.0,0.2,6848.3277,318.26520000000005,287.7246,269.2395,313.443,8.999999999,12.78493812,2.9620419556
Birmingham 096,E02001922,0.4,0.6,16830.196699999997,78.7658,59.9305,63.3551,92.4642,4.0,6.93601361,2.2016817693
Birmingham 097,E02001923,0.0,0.2,9592.323999999999,430.248,354.12719999999996,244.9104,408.1840000000001,12.999999998,16.2898512,3.417680656
Birmingham 098,E02001924,0.0,0.2,5616.5112,290.5092,201.5244,144.6003,289.8549,7.666666666,10.320535620000001,2.6416696306
Birmingham 099,E02001925,0.2,0.4,5551.654200000001,323.285,294.0192,249.0996,387.2614,9.666666667,11.3125929,2.770637077
Birmingham 100,E02001926,0.2,0.4,6742.390200000001,260.42900000000003,217.672,191.2404,360.7136,9.666666668,10.6904161,2.6897540930000003
Birmingham 101,E02001927,0.0,0.2,6764.1365000000005,332.51899999999995,298.3125,194.102,365.93,12.333333334,12.962513399999999,2.9851267420000003
Birmingham 102,E02001928,0.0,0.2,5539.3374,365.0958,428.67990000000003,224.9373,280.317,12.999999999,12.230846040000001,2.8900099852000003
Birmingham 103,E02001929,0.0,0.2,9074.836299999999,293.6481,257.3205,183.6562,281.53889999999996,8.333333333,12.86380498,2.9722946474
Birmingham 104,E02001930,0.2,0.4,6883.024799999999,399.3972,263.076,186.5448,239.9572,8.999999999,9.877308,2.58405004
Birmingham 105,E02001931,0.2,0.4,6653.5749,456.8346,370.8711,290.63849999999996,415.0809,10.333333333,13.19621595,3.0155080735
Birmingham 106,E02001932,0.0,0.2,6597.6552,312.5844,237.47310000000002,168.4314,273.132,9.333333333,11.165484420000002,2.7515129746000007
Birmingham 107,E02001933,0.0,0.2,6322.2784,273.2032,289.536,219.7504,318.48959999999994,10.666666667,11.96719104,2.8557348352
Birmingham 108,E02001934,0.4,0.6,5864.995199999999,302.0448,286.6272,215.1456,339.18719999999996,7.0,8.87121696,2.4532582048
Birmingham 109,E02001935,0.2,0.4,6382.3679999999995,379.27680000000004,360.9504,279.6768,564.1344,10.999999999,14.500166400000001,3.185021632
Birmingham 110,E02001936,0.4,0.6,5156.6361,348.5702,325.24580000000003,281.8365,368.6551,11.333333332,9.65999463,2.5557993019
Birmingham 111,E02001937,0.0,0.2,6987.283200000001,353.2896,265.785,201.1788,371.28119999999996,14.0,13.15136892,3.0096779596000003
Birmingham 112,E02001938,0.2,0.4,6911.584000000001,340.319,240.69400000000002,193.671,282.13800000000003,8.333333333,10.180878000000002,2.62351414
Birmingham 113,E02001939,0.0,0.2,4547.7523,359.1133,363.9909,304.85,522.5129,11.666666666,14.748277179999999,3.2172760334
Birmingham 115,E02001941,0.0,0.2,5158.7622,237.50189999999998,255.29919999999998,161.4031,324.0336,12.0,10.57748772,2.6750734036
Birmingham 116,E02001942,0.2,0.4,5593.643999999999,323.442,277.23600000000005,237.1455,362.853,9.0,10.8903465,2.7157450450000002
Birmingham 117,E02001943,0.0,0.2,5419.246400000001,278.28909999999996,246.7968,187.6684,294.35659999999996,8.666666666,10.72293534,2.6939815942000003
Birmingham 118,E02001944,0.2,0.4,6912.3048,360.62780000000004,360.62780000000004,239.0587,284.7491,11.333333333,11.0709471,2.7392231230000004
Birmingham 119,E02001945,0.0,0.2,6730.6456,300.7424,257.7792,163.4136,216.3504,7.666666666,10.571095360000001,2.6742423968000004
Birmingham 120,E02001946,0.2,0.4,6012.1374,432.0417,425.96729999999997,283.9782,438.8754,7.333333334,13.260415199999999,3.023853976
Birmingham 121,E02001947,0.0,0.2,5279.5262999999995,246.74760000000003,193.7841,213.7233,297.2187,7.666666667,10.433061780000001,2.6562980314000004
Birmingham 122,E02001948,0.2,0.4,6088.596799999999,353.21,338.33799999999997,255.7984,399.3132,10.333333334,12.0396276,2.865151588
Birmingham 123,E02001949,0.0,0.2,5225.6028,251.7768,218.45340000000002,175.8735,297.4422,11.333333332,10.286933580000001,2.6373013654
Birmingham 124,E02001950,0.2,0.4,6855.208999999999,422.90000000000003,426.2832,323.9414,429.6664,13.000000001,13.825023900000001,3.0972531070000002
Birmingham 125,E02001951,0.0,0.2,7451.6372,473.7628,426.2104,199.89620000000002,254.4934,8.666666667,13.42404252,3.0451255276
Birmingham 126,E02001952,0.0,0.2,8008.4208,404.24879999999996,348.2328,248.33759999999998,328.62719999999996,10.666666666,14.24935008,3.1524155104
Birmingham 127,E02001953,0.2,0.4,5298.7132,382.855,483.78950000000003,301.4113,494.23099999999994,11.0,13.7737307,3.090584991
Birmingham 128,E02001954,0.0,0.2,6243.3279999999995,384.9552,390.9584,221.368,263.3904,8.0,12.3358256,2.903657328
Birmingham 129,E02001955,0.0,0.2,6073.8058,265.3043,263.1356,238.55700000000002,386.75149999999996,8.666666667,12.59739998,2.9376619974000002
Birmingham 130,E02001956,0.2,0.4,5766.209699999999,317.2062,282.4905,178.3434,262.7502,9.999999999,9.36609165,2.5175919145
Birmingham 131,E02001957,0.4,0.6,6394.1108,372.89840000000004,372.89840000000004,332.94500000000005,360.364,12.0,10.47766164,2.6620960132
Birmingham 132,E02006807,0.4,0.6,6586.5414,389.50100000000003,319.5498,239.26489999999998,417.32250000000005,10.333333333,10.47662302,2.6619609926
Birmingham 133,E02006809,0.4,0.6,8585.5665,519.5316,389.6487,244.42530000000002,486.80519999999996,10.333333333,12.48154215,2.9226004795
Birmingham 134,E02006895,0.0,0.2,9076.971599999999,170.6486,114.0853,87.24170000000001,138.0528,5.666666666,9.137177959999999,2.4878331348
Birmingham 135,E02006896,0.0,0.2,6771.1345,88.5625,86.43700000000001,54.554500000000004,83.603,3.0,6.322795700000001,2.121963441
Birmingham 136,E02006897,0.0,0.2,7983.918900000001,131.2677,94.4793,72.74069999999999,78.5934,4.333333334,7.371392040000002,2.2582809652000004
Birmingham 137,E02006898,0.2,0.4,7419.9936,135.94000000000003,85.448,59.8136,66.028,5.333333333,5.67064,2.0371832000000003
Birmingham 138,E02006899,0.2,0.4,7912.9365,58.428,53.559,33.2715,56.80499999999999,2.333333333,5.26054875,1.9838713375
Birmingham 139,E02006900,0.0,0.2,14339.880000000001,462.32399999999996,227.244,228.8112,415.308,14.333333334,18.637142400000002,3.7228285120000004
Birmingham 140,E02006901,0.0,0.2,14488.5998,403.0274,239.9346,225.8208,324.6174,14.000000001,17.38412428,3.5599361564
Blaby 002,E02005334,0.8,1.0,4897.12,291.61,235.57750000000001,219.9125,380.78000000000003,7.333333334,7.8116535,2.3155149550000003
Blaby 003,E02005335,0.8,1.0,5507.398400000001,410.2032,457.7312,340.73920000000004,595.1968,13.333333334,11.63894912,2.8130633856
Blaby 004,E02005336,0.6,0.8,6541.052299999999,250.69459999999998,242.5359,145.3732,238.08570000000003,6.666666667,6.77965719,2.1813554347
Blaby 005,E02005337,0.6,0.8,8008.290999999999,474.1621,440.5055,402.8893,574.1419999999999,15.000000001,13.442841999999999,3.04756946
Blaby 006,E02005338,0.6,0.8,8692.5564,498.8753,563.761,338.2566,542.4870000000001,15.666666666,13.51920152,3.0574961976
Blaby 007,E02005339,0.8,1.0,6973.2182,479.5063,527.1968,300.88370000000003,391.92920000000004,10.000000001,9.921011360000001,2.5897314768000004
Blaby 008,E02005340,0.6,0.8,6872.4598000000005,469.6462,506.93379999999996,482.0754,548.6604,11.333333333,13.47440694,3.0516729022
Blaby 009,E02005341,0.8,1.0,6451.780499999999,312.0469,327.3809,253.77769999999998,322.01399999999995,6.666666667,8.025432249999998,2.3433061925
Blaby 010,E02005342,0.8,1.0,5501.4652,429.2024,463.3112,362.40599999999995,349.6152,9.000000001,9.09326396,2.4821243148
Blaby 011,E02005343,0.8,1.0,5891.6215,511.94450000000006,549.1205,370.211,422.1025,6.333333334,10.383798950000001,2.6498938635
Blaby 012,E02005344,0.8,1.0,6601.948799999999,483.5904,598.08,408.4032,452.832,9.333333333,11.16709344,2.7517221472
Blaby 013,E02006820,0.6,0.8,7986.7840000000015,628.044,720.62,444.996,738.504,12.333333334,16.8831272,3.4948065360000005
Blackburn with Darwen 001,E02002615,0.2,0.4,8470.8954,388.59180000000003,469.7598,294.23400000000004,519.4752,15.333333334,15.573602699999999,3.324568351
Blackburn with Darwen 002,E02002616,0.4,0.6,7469.6548999999995,358.10429999999997,322.381,243.964,320.6384,10.999999999,9.55807387,2.5425496031000003
Blackburn with Darwen 003,E02002617,0.0,0.2,8334.079800000001,309.55679999999995,218.3481,137.2737,212.82030000000003,10.000000001,11.154731880000002,2.7501151444000005
Blackburn with Darwen 004,E02002618,0.0,0.2,6761.097199999999,298.3058,167.5622,102.9418,183.3416,10.0,9.306690119999999,2.5098697156
Blackburn with Darwen 005,E02002619,0.0,0.2,7933.464800000001,342.06719999999996,251.2056,153.2176,228.9356,12.0,11.54619328,2.8010051264
Blackburn with Darwen 006,E02002620,0.0,0.2,7811.5176,368.59200000000004,237.8296,167.6216,190.43919999999997,15.000000001,11.177640160000001,2.7530932208000003
Blackburn with Darwen 007,E02002621,0.0,0.2,7804.0305,269.10450000000003,237.4954,99.0988,133.27079999999998,9.0,9.508359,2.5360866700000004
Blackburn with Darwen 008,E02002622,0.0,0.2,9526.0017,400.16249999999997,324.3984,185.6754,233.6949,12.333333333,13.442472120000001,3.0475213756000006
Blackburn with Darwen 009,E02002623,0.0,0.2,8991.6134,383.39140000000003,367.8904,242.849,347.2224,18.666666666,15.01798884,3.2523385492
Blackburn with Darwen 010,E02002624,0.6,0.8,6089.0234,455.729,559.7804,379.102,580.7520000000001,14.333333334,13.26106862,3.0239389206
Blackburn with Darwen 011,E02002625,0.0,0.2,8478.137999999999,367.27,355.67199999999997,208.764,256.1225,14.0,13.236410799999998,3.0207334039999996
Blackburn with Darwen 012,E02002626,0.0,0.2,5761.2898000000005,401.043,409.7142,253.6326,401.04299999999995,13.0,14.098504080000001,3.1328055304
Blackburn with Darwen 013,E02002627,0.4,0.6,6732.7374,288.5901,321.0855,181.8195,214.3149,6.0,7.54403922,2.2807250986
Blackburn with Darwen 014,E02002628,0.0,0.2,5454.0405,376.4676,407.6142,242.40179999999998,289.7988,13.333333332,12.367231499999999,2.9077400950000003
Blackburn with Darwen 015,E02002629,0.0,0.2,4750.184,305.01599999999996,240.832,186.304,197.096,8.000000001,9.2486304,2.502321952
Blackburn with Darwen 016,E02002630,0.0,0.2,5292.6201,295.89209999999997,256.7763,188.0082,275.7033,12.666666666,10.56341106,2.6732434378
Blackburn with Darwen 017,E02002631,0.4,0.6,6657.6404,491.9064,589.1043999999999,338.92519999999996,374.42359999999996,6.999999999,11.86415692,2.8423403996000003
Blackburn with Darwen 018,E02002632,0.8,1.0,4767.9624,440.8562,464.4846,292.246,251.829,7.333333334,7.47241932,2.2714145116
Blackpool 001,E02002633,0.2,0.4,5397.4224,496.908,607.8456,493.82640000000004,707.9976,20.666666666,18.573573600000003,3.714564568
Blackpool 002,E02002634,0.2,0.4,5789.323200000001,498.3396,614.3803999999999,409.322,636.6348,15.000000001,17.3520736,3.5557695680000005
Blackpool 003,E02002635,0.2,0.4,5750.379,537.471,587.133,464.58000000000004,670.437,18.000000001,18.1334385,3.657347005
Blackpool 004,E02002636,0.2,0.4,6590.307,431.4252,467.514,332.181,379.75260000000003,9.0,13.341783300000001,3.0344318290000003
Blackpool 005,E02002637,0.2,0.4,4800.522899999999,298.851,328.1262,278.72429999999997,392.16569999999996,11.333333333,11.26637775,2.7646291075000002
Blackpool 006,E02002638,0.0,0.2,4999.8312,323.6688,314.5428,177.6528,267.69599999999997,12.333333334,10.646878319999999,2.6840941816
Blackpool 007,E02002639,0.0,0.2,5262.7185,262.6767,275.53499999999997,162.2595,159.198,10.0,8.8948821,2.456334673
Blackpool 008,E02002640,0.0,0.2,5897.4156,260.8524,239.3388,141.8553,182.8656,9.666666668,9.22677966,2.4994813558000004
Blackpool 009,E02002641,0.0,0.2,6643.064799999999,408.2649,363.4454,281.9554,453.08439999999996,14.333333333,15.255090979999999,3.2831618274
Blackpool 010,E02002642,0.0,0.2,5925.6748,340.4916,307.5634,175.15,256.4196,11.333333334,11.09876508,2.7428394604
Blackpool 011,E02002643,0.0,0.2,6399.813,306.2396,316.6458,166.4992,243.80239999999998,11.666666666,11.045438,2.7359069400000005
Blackpool 012,E02002644,0.2,0.4,6179.9446,393.1007,407.0021,305.8308,437.1218,10.333333333,13.283560000000001,3.0268628
Blackpool 013,E02002645,0.0,0.2,5055.4528,316.2636,289.4616,147.7088,147.7088,10.666666666,8.86836488,2.4528874344
Blackpool 014,E02002646,0.0,0.2,5255.2377,430.11719999999997,461.62260000000003,315.7389,386.2836,11.000000001,14.457417119999999,3.1794642256
Blackpool 015,E02002647,0.0,0.2,6684.800000000001,347.2,379.2,271.2,319.2,11.333333334,13.371680000000001,3.0383184000000005
Blackpool 016,E02002648,0.0,0.2,5918.2984,388.5384,371.8036,267.0292,329.6028,7.999999999,13.17712704,3.0130265152
Blackpool 017,E02002649,0.0,0.2,6352.555899999999,458.11310000000003,425.5651,375.1157,524.8365,14.333333333,17.15377244,3.5299904172000005
Blackpool 018,E02002650,0.2,0.4,5872.904399999999,536.6591999999999,563.0129999999999,431.24399999999997,582.1794,12.0,16.8033426,3.4844345380000004
Blackpool 019,E02002651,0.2,0.4,5884.054700000001,420.12039999999996,501.4595,430.3865,659.3994999999999,15.0,17.13372605,3.5273843865000005
Bolsover 001,E02004045,0.6,0.8,7493.3144,604.8328,666.094,431.7456,526.0684,16.0,14.06751632,3.1287771215999998
Bolsover 002,E02004046,0.2,0.4,4710.1824,406.0287,462.78540000000004,265.0725,392.3073,13.0,11.987514000000001,2.85837682
Bolsover 003,E02004047,0.0,0.2,4909.872,309.8755,285.2058,271.3667,240.68,12.333333334,10.7090566,2.6921773580000004
Bolsover 004,E02004048,0.0,0.2,5669.256199999999,367.331,320.6422,246.48940000000002,261.59459999999996,15.333333334,11.70598072,2.8217774936
Bolsover 005,E02004049,0.4,0.6,5783.0112,545.0975999999999,546.6528,377.9136,524.1024,11.000000001,13.568420159999999,3.0638946208
Bolsover 006,E02004050,0.0,0.2,6376.366499999999,336.6906,304.40520000000004,297.4869,372.8195,14.0,13.5875412,3.0663803560000003
Bolsover 007,E02004051,0.0,0.2,8093.213799999999,513.6039999999999,475.08369999999996,403.9693,391.12919999999997,14.666666666,17.32070228,3.5516912963999996
Bolsover 008,E02004052,0.4,0.6,6708.031199999999,486.0648,448.1568,365.6016,416.988,13.333333334,11.974631760000001,2.8567021288000003
Bolsover 009,E02004053,0.2,0.4,6454.4535,391.9645,373.1125,321.2695,313.41450000000003,9.333333335,11.90543075,2.8477059975000003
Bolsover 010,E02004054,0.4,0.6,7257.2268,481.4577,518.6324,367.2135,440.6562,12.333333334,12.70576844,2.9517498972
Bolton 001,E02000984,0.8,1.0,5877.3673,470.1591,551.9259000000001,343.7234,327.8243,12.000000001,9.13206449,2.4871683837000003
Bolton 002,E02000985,0.8,1.0,5268.0419999999995,446.5188,593.1588,439.91999999999996,585.0936,13.666666667,12.2953974,2.8984016620000004
Bolton 003,E02000986,0.6,0.8,6870.843,399.129,442.81050000000005,347.739,503.62199999999996,12.0,11.9092899,2.848207687
Bolton 004,E02000987,0.2,0.4,5665.3337,355.55,392.5272,311.4618,386.1273,21.0,12.28318585,2.8968141605
Bolton 005,E02000988,0.0,0.2,7435.206,399.91200000000003,342.90700000000004,243.80599999999998,346.415,14.999999999,14.0388406,3.125049278
Bolton 006,E02000989,0.6,0.8,5680.0272,538.2712,650.1728,577.4775999999999,722.8679999999999,17.333333332,16.22017776,3.4086231087999996
Bolton 007,E02000990,0.4,0.6,6312.8108,438.00600000000003,482.99039999999997,301.4744,357.50759999999997,12.666666668,10.80075444,2.7040980772000003
Bolton 008,E02000991,0.2,0.4,6229.9337,387.14099999999996,365.8862,257.3349,349.9451,13.666666666,11.740620150000002,2.8262806195000003
Bolton 009,E02000992,0.6,0.8,4490.4121,324.665,386.6465,292.1985,409.0779,7.0,9.50388903,2.5355055739
Bolton 010,E02000993,0.0,0.2,7158.3,287.295,246.3675,132.4125,199.8225,11.666666666,10.28805,2.6374465000000002
Bolton 011,E02000994,0.0,0.2,7356.5178,318.174,292.2177,183.3687,223.5591,14.999999999,11.432159279999999,2.7861807063999997
Bolton 012,E02000995,0.2,0.4,6485.205599999999,407.61359999999996,458.0568,314.8632,471.888,18.666666667,14.1643692,3.141367996
Bolton 013,E02000996,0.0,0.2,7220.57,330.5905,330.5905,210.52949999999998,362.7195,16.666666667,13.4645875,3.050396375
Bolton 014,E02000997,0.2,0.4,4730.351,365.414,372.69800000000004,268.29400000000004,333.24300000000005,16.666666667,10.829183500000001,2.7077938550000002
Bolton 015,E02000998,0.0,0.2,8307.516800000001,329.2784,270.512,183.7616,235.0656,15.666666666,12.09058048,2.8717754624
Bolton 016,E02000999,0.0,0.2,6924.862,289.19800000000004,266.952,190.68,274.1025,16.333333332,11.5596572,2.802755436
Bolton 017,E02001000,0.0,0.2,7564.056,474.3168,427.9968,306.6384,489.1392,20.666666666,17.0661408,3.518598304
Bolton 018,E02001001,0.2,0.4,7525.281599999999,377.0496,275.8048,212.0904,338.6464,15.000000001,11.5453984,2.8009017920000003
Bolton 019,E02001002,0.2,0.4,7798.355999999999,491.71049999999997,575.1,321.0975,398.736,17.333333334,14.707224,3.2119391200000003
Bolton 020,E02001003,0.8,1.0,5462.4856,443.6984,505.4048,401.0916,534.0542,21.333333333,11.417006279999999,2.7842108164
Bolton 021,E02001004,0.0,0.2,7758.4338,292.6404,246.75300000000001,149.7834,208.6578,13.333333332,10.90440468,2.7175726084000003
Bolton 022,E02001005,0.0,0.2,7753.0752,287.44039999999995,244.0204,164.996,236.2048,17.999999999,11.298578720000002,2.7688152336000003
Bolton 023,E02001006,0.0,0.2,7378.38,262.98359999999997,226.71,163.2312,212.6952,11.333333334,10.5704568,2.674159384
Bolton 024,E02001007,0.4,0.6,7461.026400000001,657.096,844.2688,513.7296,481.87039999999996,15.666666667,15.79439752,3.3532716776000004
Bolton 025,E02001008,0.0,0.2,7851.5052000000005,279.3164,199.6368,165.4884,260.0532,19.333333333,11.384726320000002,2.7800144216000007
Bolton 026,E02001009,0.0,0.2,6097.357599999999,317.6012,335.8962,261.9844,303.697,10.000000001,12.40415636,2.9125403268000003
Bolton 027,E02001010,0.0,0.2,5429.8693,235.02509999999998,172.47320000000002,95.34609999999999,139.679,12.666666666,7.63898378,2.2930678914000002
Bolton 028,E02001011,0.8,1.0,7727.642999999999,562.683,593.835,369.93,480.909,9.666666665,11.7709779,2.830227127
Bolton 029,E02001012,0.2,0.4,7198.4772,316.9454,311.1375,252.2288,217.3814,17.666666666,10.168803200000001,2.6219444160000003
Bolton 030,E02001013,0.6,0.8,4718.5599999999995,328.328,331.408,367.136,415.8,10.666666667,9.807336,2.57495368
Bolton 031,E02001014,0.2,0.4,6485.0133000000005,435.0634,436.6688,323.48810000000003,346.76640000000003,14.333333333,12.71998555,2.9535981215000002
Bolton 032,E02001015,0.0,0.2,6650.672,407.337,447.32099999999997,367.353,457.31700000000006,21.333333333,16.3229682,3.421985866
Bolton 033,E02001016,0.0,0.2,7397.852800000001,292.422,364.46799999999996,189.0148,233.09,14.333333334,11.843345280000001,2.8396348864000003
Bolton 034,E02001017,0.2,0.4,9027.975,497.9065,576.6961,401.60810000000004,438.81429999999995,22.000000002,16.391519700000003,3.430897561000001
Bolton 035,E02001018,0.6,0.8,6325.209000000001,412.61220000000003,387.6741,207.8175,223.68720000000002,9.999999999,7.773130200000001,2.3105069260000004
Boston 001,E02005417,0.2,0.4,5242.267199999999,581.1696000000001,575.2991999999999,434.4096,504.8544,13.000000001,15.7649592,3.349444696
Boston 002,E02005418,0.0,0.2,9917.5264,467.8944,425.4628,232.8004,425.4628,16.0,17.15245824,3.5298195712
Boston 003,E02005419,0.2,0.4,7984.7922,341.2227,240.7566,190.071,294.1575,12.333333333,10.8394776,2.709132088
Boston 004,E02005420,0.2,0.4,7085.9092,419.6646,492.688,327.2856,473.3324,19.0,14.7436884,3.216679492
Boston 006,E02005422,0.2,0.4,4526.8015,425.528,479.3375,346.9785,406.97299999999996,13.0,12.769860249999999,2.9600818325000002
Boston 007,E02005423,0.2,0.4,7634.799,662.7186,629.6328,493.2792,606.573,25.333333334,19.0559169,3.777269197
Boston 008,E02006864,0.6,0.8,6367.6204,535.3496,567.4368,420.5112,552.2376,14.0,13.427902119999999,3.0456272756000002
Boston 009,E02006865,0.6,0.8,6071.8072,488.1936,538.9464,390.716,567.1424,18.666666667,13.145861360000001,3.0089619768
Bournemouth 001,E02003172,0.2,0.4,4809.2802,365.4141,435.0771,294.4845,428.7441,14.333333333,12.447511500000001,2.918176495
Bournemouth 002,E02003173,0.2,0.4,4614.581999999999,440.7766,475.03049999999996,330.9056,602.3516000000001,17.000000001,15.0743012,3.259659156
Bournemouth 003,E02003174,0.6,0.8,6023.513,485.573,513.664,386.8532,616.3968000000001,14.666666667,13.5474867,3.0611732710000004
Bournemouth 004,E02003175,0.6,0.8,7569.857099999999,425.9137,431.43309999999997,347.7222,424.07390000000004,17.666666667,11.251940829999999,2.7627523079
Bournemouth 005,E02003176,0.0,0.2,6258.333199999999,325.7844,328.0158,235.04080000000002,290.08200000000005,14.999999999,12.150270520000001,2.8795351676000003
Bournemouth 006,E02003177,0.8,1.0,6760.7928,377.766,354.2064,220.16039999999998,413.5116,9.666666667,9.14161224,2.4884095912
Bournemouth 007,E02003178,0.2,0.4,6829.6096,393.6889,463.4135,330.76669999999996,488.0722,15.666666666,14.621758800000002,3.2008286440000004
Bournemouth 008,E02003179,0.2,0.4,5084.536800000001,344.34749999999997,396.16360000000003,295.8109,438.14119999999997,17.0,12.488336000000002,2.9234836800000004
Bournemouth 009,E02003180,0.4,0.6,8614.044,278.1216,280.053,201.8313,281.0187,11.666666667,8.8438806,2.449704478
Bournemouth 010,E02003181,0.6,0.8,7197.380999999999,401.2083,405.5598,263.7009,434.2797,10.333333333,10.6794513,2.688328669
Bournemouth 011,E02003182,0.8,1.0,5177.5036,354.9016,405.3212,237.6924,372.58119999999997,7.333333332,8.36055188,2.3868717444
Bournemouth 012,E02003183,0.6,0.8,5528.768,382.2184,429.46680000000003,269.3864,442.8656,11.666666667,10.359388,2.64672044
Bournemouth 013,E02003184,0.4,0.6,7297.7891,251.64790000000002,201.6462,146.72629999999998,300.01019999999994,10.0,7.979697529999999,2.3373606788999997
Bournemouth 014,E02003185,0.4,0.6,6251.8182,364.272,387.79789999999997,221.5988,362.75419999999997,10.666666667,9.837924260000001,2.5789301538
Bournemouth 015,E02003186,0.2,0.4,8332.2964,308.3284,249.8203,158.8077,237.7472,8.333333333,10.055034899999999,2.607154537
Bournemouth 016,E02003187,0.2,0.4,8029.648,412.456,379.34599999999995,262.042,378.40000000000003,9.666666666,13.144670000000001,3.0088071000000003
Bournemouth 017,E02003188,0.2,0.4,10857.329600000001,411.3006,442.7456,267.9114,596.1972,19.333333333,17.4632952,3.570228376
Bournemouth 018,E02003189,0.6,0.8,6502.263599999999,561.666,518.126,364.8652,761.0792,31.0,15.34271228,3.2945525964
Bournemouth 019,E02003190,0.0,0.2,9316.732,450.70649999999995,335.6325,194.9865,356.9425,15.333333334,15.169949700000002,3.2720934610000003
Bournemouth 020,E02003191,0.8,1.0,5504.562,640.374,685.167,578.991,885.9060000000001,23.333333334,16.9423716,3.5025083080000003
Bournemouth 021,E02003192,0.2,0.4,11238.305999999999,457.09799999999996,504.38399999999996,348.0775,588.4480000000001,18.999999999,18.5059015,3.705767195
Bournemouth 023,E02006883,0.4,0.6,4386.722,274.2812,306.2708,268.94960000000003,688.3688000000001,14.333333333,12.963785400000003,2.9852921020000007
Bournemouth 024,E02006885,0.4,0.6,6134.7968,382.6326,447.593,324.0098,632.9678,15.000000001,13.93574864,3.1116473232
Bracknell Forest 001,E02003352,0.8,1.0,4446.512000000001,338.624,428.60800000000006,321.456,384.8,11.0,8.708497600000001,2.432104688
Bracknell Forest 002,E02003353,0.8,1.0,8368.4718,469.32419999999996,350.7684,232.21259999999998,378.20279999999997,7.0,9.472020539999999,2.5313626702
Bracknell Forest 003,E02003354,0.8,1.0,8569.835500000001,464.69599999999997,386.579,233.3495,360.54,6.999999999,9.40618815,2.5228044595
Bracknell Forest 004,E02003355,0.4,0.6,5871.209999999999,253.26,176.21,140.70000000000002,257.95,5.666666667,6.912323,2.1986019900000002
Bracknell Forest 005,E02003356,0.8,1.0,5978.8918,355.9472,314.3714,243.6196,401.8994,4.333333334,8.77329614,2.4405284982
Bracknell Forest 006,E02003357,0.4,0.6,8705.7684,327.4866,275.7258,192.1122,452.907,15.333333334,10.957164120000002,2.7244313356000003
Bracknell Forest 007,E02003358,0.4,0.6,9920.249999999998,353.24999999999994,343.125,235.12499999999997,400.5,8.0,11.271825,2.76533725
Bracknell Forest 008,E02003359,0.8,1.0,5809.7775,268.24350000000004,171.468,105.8685,140.292,5.666666666,4.69491075,1.9103383975000001
Bracknell Forest 009,E02003360,0.6,0.8,10345.515000000001,454.51500000000004,436.8525,293.1975,244.92,7.0,9.920202,2.58962626
Bracknell Forest 010,E02003361,0.6,0.8,6359.3091,362.6612,325.19620000000003,184.3278,260.7564,10.0,7.72385933,2.3041017129
Bracknell Forest 011,E02003362,0.6,0.8,5800.0654,316.293,348.94259999999997,168.0094,170.7302,9.666666667,6.48645522,2.1432391786
Bracknell Forest 012,E02003363,0.8,1.0,5614.134500000001,339.1947,364.08320000000003,293.6843,500.61440000000005,9.333333334,10.06597605,2.6085768865
Bracknell Forest 013,E02003364,0.6,0.8,5760.372,321.1475,269.7639,242.7199,165.6445,4.333333333,6.4851512,2.1430696559999998
Bracknell Forest 014,E02003365,0.8,1.0,5435.919999999999,400.52,386.24,221.67999999999998,354.96,9.666666666,8.217255999999999,2.3682432799999997
Bracknell Forest 015,E02003366,0.8,1.0,6424.5956,331.1028,310.0804,171.1824,271.78959999999995,7.0,7.055342679999999,2.2171945484
Bradford 001,E02002183,0.8,1.0,3538.1418,401.2044,539.4942,384.8064,601.8066,7.666666666,11.486744340000001,2.7932767642000003
Bradford 002,E02002184,0.8,1.0,9336.5593,749.3184,861.1958,658.2554,1404.972,29.333333333,24.767965189999998,4.5198354747
Bradford 003,E02002185,0.8,1.0,4496.4688,370.20770000000005,357.3003,244.06719999999999,398.36929999999995,12.333333334,8.40635494,2.3928261422
Bradford 004,E02002186,0.6,0.8,10049.564,850.2865,890.0815000000001,573.048,902.0200000000001,23.666666667,21.063228200000005,4.038219666000001
Bradford 005,E02002187,0.8,1.0,4449.971,382.76099999999997,406.721,271.347,478.00199999999995,7.0,9.528712299999999,2.538732599
Bradford 006,E02002188,0.6,0.8,6101.270299999999,436.0797,482.99479999999994,254.57209999999998,416.08309999999994,12.0,10.484294289999998,2.6629582576999997
Bradford 007,E02002189,0.0,0.2,5705.829,322.4441,264.4996,186.10410000000002,336.7598,11.0,11.7020622,2.821268086
Bradford 008,E02002190,0.0,0.2,10362.3416,570.3932,334.6148,231.0152,412.01680000000005,12.999999998,17.30375296,3.5494878848000004
Bradford 009,E02002191,0.0,0.2,8519.190400000001,314.2797,261.4192,221.053,293.13550000000004,12.0,13.05500574,2.9971507462
Bradford 010,E02002192,0.8,1.0,6732.615,636.745,636.745,489.0275,680.785,14.666666666,14.500536999999998,3.18506981
Bradford 011,E02002193,0.0,0.2,5106.6828,283.7727,289.9017,221.2569,227.9988,9.000000001,10.21716558,2.6282315254
Bradford 012,E02002194,0.2,0.4,5956.672500000001,411.9015,436.30499999999995,259.5645,331.29600000000005,9.333333333,11.75176425,2.8277293525000005
Bradford 013,E02002195,0.8,1.0,4646.7342,448.0164,538.6408,303.7832,446.1017999999999,8.333333334,9.793370459999998,2.5731381598
Bradford 014,E02002196,0.4,0.6,5156.8595,354.9715,356.863,185.9975,250.30849999999998,6.666666666,7.804139849999999,2.3145381805
Bradford 015,E02002197,0.4,0.6,7028.305200000001,448.8978,511.7612,293.9528,571.9684000000001,10.666666667,13.680669560000002,3.0784870428000004
Bradford 016,E02002198,0.4,0.6,6191.4699,513.216,501.1875,320.76,491.5647,17.0,12.711959369999999,2.9525547181
Bradford 017,E02002199,0.6,0.8,5240.9325,371.4875,366.2275,254.4525,342.55749999999995,11.666666667,8.82055975,2.4466727675
Bradford 018,E02002200,0.4,0.6,7053.332999999999,514.71,509.292,403.64099999999996,547.218,16.000000001,14.1710499,3.142236487
Bradford 019,E02002201,0.2,0.4,10091.3402,596.871,582.4014000000001,320.7428,467.85040000000004,17.333333333,17.025293100000003,3.5132881030000007
Bradford 020,E02002202,0.2,0.4,6242.6167000000005,284.7869,287.7153,189.6139,316.99930000000006,10.666666666,10.25781915,2.6335164895
Bradford 021,E02002203,0.0,0.2,6336.2117,370.85229999999996,348.1933,198.6439,299.0988,12.333333333,12.37664792,2.9089642296
Bradford 022,E02002204,0.6,0.8,8682.036,760.2585,850.7931000000001,537.4041,776.5083,17.000000001,18.756912,3.7383985600000003
Bradford 023,E02002205,0.4,0.6,7648.9259999999995,687.355,734.827,365.93,453.951,8.0,14.2516878,3.152719414
Bradford 024,E02002206,0.2,0.4,6962.584199999999,453.5802,362.1808,318.6166,444.18399999999997,13.666666667,13.8512801,3.100666413
Bradford 025,E02002207,0.0,0.2,6705.189600000001,256.7048,202.5032,128.7288,234.87359999999998,7.0,10.03873856,2.6050360128000003
Bradford 026,E02002208,0.0,0.2,6631.445599999999,363.181,320.0782,257.0204,410.2748,10.333333334,14.117603760000002,3.1352884888000006
Bradford 027,E02002209,0.0,0.2,6306.194399999999,223.872,197.28719999999998,126.62760000000002,141.31920000000002,8.666666667,8.47173624,2.4013257112
Bradford 028,E02002210,0.2,0.4,6618.3732,345.3876,302.6031,198.3645,314.27160000000003,12.333333333,10.7155725,2.693024425
Bradford 029,E02002211,0.0,0.2,6451.2784,286.104,212.744,143.052,242.82160000000005,6.666666667,10.28023024,2.6364299312000004
Bradford 030,E02002212,0.0,0.2,7547.0581999999995,203.50879999999998,120.62819999999999,102.575,231.40920000000003,5.666666667,9.64385532,2.5537011916
Bradford 031,E02002213,0.4,0.6,5667.9583999999995,439.5823,431.69419999999997,286.84000000000003,346.35929999999996,11.333333334,10.18368052,2.6238784676
Bradford 032,E02002214,0.2,0.4,5177.0772,267.3948,228.1608,120.72,242.6472,6.666666666,8.0601726,2.347822438
Bradford 033,E02002215,0.0,0.2,9424.2688,395.37280000000004,200.2944,134.5728,278.5344,8.333333333,12.91731968,2.9792515584
Bradford 034,E02002216,0.0,0.2,8417.432700000001,363.987,219.3255,116.66250000000001,215.59230000000002,14.666666667,11.370767220000001,2.7781997386000006
Bradford 035,E02002217,0.0,0.2,9179.3325,294.19,213.59,138.0275,250.86749999999998,14.999999999,12.023102000000002,2.86300326
Bradford 036,E02002218,0.0,0.2,8614.7775,342.021,391.446,217.47,318.29699999999997,13.333333333,14.178055500000001,3.143147215
Bradford 037,E02002219,0.0,0.2,7701.9537,223.533,125.0129,74.511,155.6452,11.333333333,8.75322112,2.4379187456
Bradford 038,E02002220,0.0,0.2,8468.0306,242.7782,168.84949999999998,93.09540000000001,156.0717,9.666666667,9.663485060000001,2.5562530578000002
Bradford 039,E02002221,0.0,0.2,15353.1328,305.5752,161.68,124.4936,221.5016,16.333333334,15.077630080000002,3.2600919104000003
Bradford 040,E02002222,0.0,0.2,7676.418,269.637,241.893,170.79899999999998,310.38599999999997,13.000000001,12.0837258,2.870884354
Bradford 041,E02002223,0.0,0.2,7322.799499999999,227.088,136.41049999999998,70.1765,128.52550000000002,7.666666667,8.2447137,2.371812781
Bradford 042,E02002224,0.0,0.2,10036.5664,224.29879999999997,133.0768,93.3684,244.6896,8.666666666,11.398671840000002,2.7818273392000004
Bradford 043,E02002225,0.2,0.4,6619.191999999999,492.752,455.672,301.584,370.8,10.333333334,13.171228,3.01225964
Bradford 044,E02002226,0.0,0.2,14123.865600000001,304.01279999999997,164.736,148.2624,235.12319999999997,12.666666667,14.677378560000001,3.2080592128000003
Bradford 045,E02002227,0.0,0.2,5951.3022,175.689,128.18789999999998,99.55709999999999,151.6131,8.666666666,7.60642272,2.2888349536000003
Bradford 046,E02002228,0.0,0.2,6817.8444,278.532,252.22619999999998,144.6819,242.1681,8.666666668,10.66328814,2.6862274582000003
Bradford 047,E02002229,0.2,0.4,6392.361,414.027,314.56800000000004,260.59799999999996,329.21700000000004,12.999999999,11.4713235,2.7912720550000003
Bradford 048,E02002230,0.0,0.2,9217.8735,272.7065,130.9385,62.0235,158.5045,7.666666667,9.8851676,2.5850717880000005
Bradford 049,E02002231,0.0,0.2,11621.162999999999,536.4225,413.24399999999997,282.1185,389.40299999999996,17.000000001,18.368695799999998,3.687930454
Bradford 050,E02002232,0.0,0.2,6380.652599999999,231.07420000000002,204.6044,113.03320000000001,224.63559999999998,4.666666667,9.49364416,2.5341737408
Bradford 051,E02002233,0.0,0.2,9101.456,225.82559999999998,152.5056,126.1104,170.1024,6.333333333,10.2765312,2.6359490560000003
Bradford 052,E02002234,0.0,0.2,7348.0976,286.5988,211.8696,165.8824,200.3728,14.000000001,10.466850960000002,2.6606906248000004
Bradford 053,E02002235,0.0,0.2,6716.258500000001,220.7882,199.3021,97.7988,175.5933,7.333333334,8.921917800000001,2.4598493140000004
Bradford 054,E02002236,0.2,0.4,5147.358,269.2746,251.5672,141.0486,297.97279999999995,10.0,8.950785400000001,2.4636021020000003
Bradford 055,E02002237,0.0,0.2,7464.075,321.7125,317.4,188.025,333.78749999999997,9.000000001,12.9956325,2.989432225
Bradford 056,E02002238,0.0,0.2,5385.388,280.26640000000003,262.0428,140.7616,214.28440000000003,9.333333334,9.499522800000001,2.534937964
Bradford 057,E02002239,0.0,0.2,9699.314,419.202,425.85599999999994,207.383,339.354,11.0,15.5688074,3.3239449620000006
Bradford 058,E02002240,0.4,0.6,9098.892,597.8016,523.0764,329.67,439.56,15.999999999,13.270316400000002,3.0251411320000003
Bradford 059,E02002241,0.0,0.2,10202.858400000001,583.261,476.22960000000006,300.65000000000003,463.001,14.333333335,19.07973004,3.7803649052
Bradford 060,E02002242,0.2,0.4,6101.7972,474.2004,484.4067,314.82509999999996,474.9855,13.999999999,14.3147283,3.1609146790000002
Bradford 061,E02002243,0.0,0.2,7591.1424,474.912,517.7472,312.8832,415.3152,15.333333333,16.69194624,3.4699530112000003
Braintree 001,E02004446,0.6,0.8,5252.940200000001,452.2717,483.15520000000004,310.20759999999996,364.42529999999994,8.0,9.97276256,2.5964591327999997
Braintree 002,E02004447,0.6,0.8,4217.446800000001,484.5001,489.20969999999994,337.9138,357.9296,8.666666667,9.81786764,2.5763227932
Braintree 003,E02004448,0.6,0.8,5459.964199999999,424.7267,443.1009,348.4031,390.09839999999997,8.333333333,10.29294416,2.6380827408
Braintree 004,E02004449,0.4,0.6,6924.387199999999,462.0856,449.1541,331.9085,453.46459999999996,13.999999999,12.23112996,2.8900468948
Braintree 005,E02004450,0.6,0.8,4686.9108,432.8896,463.0912,318.3752,390.104,6.333333333,10.007237239999998,2.6009408412
Braintree 006,E02004451,0.6,0.8,6516.3292,561.1816,574.2526,446.15680000000003,616.0798,17.666666666,14.38193416,3.1696514408
Braintree 007,E02004452,0.6,0.8,7120.025000000001,544.1700000000001,629.255,399.245,658.24,16.666666667,14.9782325,3.2471702250000005
Braintree 008,E02004453,0.2,0.4,5908.023,324.269,333.616,271.782,352.31,10.0,11.3914765,2.780891945
Braintree 009,E02004454,0.4,0.6,7679.3820000000005,430.94280000000003,455.2476,294.462,487.0308,11.000000001,12.597832200000001,2.937718186
Braintree 010,E02004455,0.8,1.0,6246.9704,398.3958,510.22619999999995,299.7676,309.8634,9.0,8.59867052,2.4178271676000005
Braintree 011,E02004456,0.4,0.6,8402.1035,460.1982,411.38930000000005,298.83,387.48290000000003,14.000000001,11.529359450000001,2.7988167285000003
Braintree 012,E02004457,0.4,0.6,8626.074799999999,463.82349999999997,514.8962,336.66290000000004,480.50030000000004,19.000000001,13.36103524,3.0369345812
Braintree 013,E02004458,0.8,1.0,7849.4088,463.776,497.59299999999996,333.33900000000006,517.8832,9.666666666,11.64097084,2.8133262092
Braintree 014,E02004459,0.8,1.0,7945.7952,633.9508,714.3696,471.0244,679.9043999999999,13.666666667,14.914449759999998,3.2388784688
Braintree 015,E02004460,0.4,0.6,7294.151699999999,494.4123,506.97450000000003,338.28209999999996,338.28209999999996,9.333333333,11.29404591,2.7682259683000003
Braintree 016,E02004461,0.2,0.4,5082.1376,269.04040000000003,270.8182,157.039,146.9648,8.0,7.2943134,2.2482607420000003
Braintree 017,E02004462,0.4,0.6,8984.4054,520.9149,538.5357,376.6446,592.4994,16.0,15.261154620000001,3.2839501006000003
Braintree 018,E02004463,0.6,0.8,6177.1443,523.965,484.4661,346.623,527.1894,9.0,12.37113609,2.9082476917
Breckland 001,E02005503,0.4,0.6,5329.9322999999995,529.9416,595.44,401.92199999999997,585.7641,13.0,14.48132409,3.1825721316999998
Breckland 002,E02005504,0.4,0.6,6311.823300000001,688.332,760.788,548.8542,747.2025,15.666666668,18.572918190000003,3.7144793647000007
Breckland 003,E02005505,0.4,0.6,5592.915,452.88,512.5500000000001,399.33000000000004,693.09,20.0,15.346894500000001,3.2950962850000005
Breckland 004,E02005506,0.4,0.6,4959.0164,539.4775,527.6438,410.0029,525.5555,13.666666667,13.44391852,3.0477094076
Breckland 005,E02005507,0.4,0.6,8951.28,647.3376000000001,776.568,615.3264,864.3023999999999,20.333333334,21.1499184,4.049489392
Breckland 006,E02005508,0.4,0.6,4963.437800000001,540.0198,634.907,379.54879999999997,458.3889,18.666666668,12.886658539999999,2.9752656102
Breckland 007,E02005509,0.2,0.4,5443.387900000001,618.9585999999999,676.4216,576.2718,893.9601,19.666666667,22.04567995,4.1659383935
Breckland 008,E02005510,0.4,0.6,4637.651,566.6695,691.1282,452.6403,606.3016,18.333333333,15.280608099999998,3.286479053
Breckland 009,E02005511,0.4,0.6,5669.816,492.5376,630.9632,493.3424,759.7312000000001,25.0,17.2867016,3.5472712080000006
Breckland 010,E02005512,0.2,0.4,7388.794400000001,572.1742,620.711,369.62640000000005,384.56080000000003,12.0,15.095878200000001,3.262464166
Breckland 011,E02005513,0.4,0.6,7569.4331999999995,511.3272,629.7084,486.4572,751.0740000000001,21.000000001,17.74394916,3.6067133908000004
Breckland 012,E02005514,0.4,0.6,4921.5843,506.5634,588.4874,353.6386,457.40900000000005,14.333333333,12.45429129,2.9190578677000003
Breckland 013,E02005515,0.6,0.8,4850.1818,430.9698,410.9996,306.6392,443.85380000000004,9.999999999,10.37658034,2.6489554442000003
Breckland 014,E02005516,0.6,0.8,4929.138800000001,507.6612,562.7088,352.0328,445.81759999999997,11.0,11.40905684,2.7831773892
Breckland 015,E02005517,0.0,0.2,5727.1005000000005,248.20710000000003,215.4621,150.627,206.94840000000002,6.666666667,9.292376100000002,2.5080088930000004
Breckland 016,E02005518,0.6,0.8,9384.4043,530.9552,530.9552,389.062,607.6233,10.333333334,14.63021879,3.2019284427
Breckland 017,E02005519,0.2,0.4,7477.906800000001,374.6464,344.604,237.6884,401.15439999999995,10.0,12.718980199999999,2.953467426
Brent 001,E02000093,0.4,0.6,9410.2974,530.5972,432.5036,307.6572,465.9446,10.333333333,13.05157642,2.9967049346000003
Brent 002,E02000094,0.4,0.6,7904.7264000000005,407.72520000000003,330.58799999999997,241.5129,299.36580000000004,7.666666667,9.550687320000002,2.5415893516000003
Brent 003,E02000095,0.4,0.6,8205.074,486.7078,416.7498,299.82,583.6496,7.666666666,13.904652200000001,3.1076047860000005
Brent 004,E02000096,0.6,0.8,5725.1025,443.2675,487.36999999999995,321.42499999999995,498.5825,8.666666667,11.64507825,2.8138601725
Brent 005,E02000097,0.4,0.6,7732.449999999999,432.1075,313.84650000000005,227.425,390.26130000000006,11.999999999,10.487021600000002,2.6633128080000006
Brent 006,E02000098,0.2,0.4,7136.8583,387.2583,359.4162,207.5502,347.6044,11.333333333,11.791973050000001,2.8329564965000005
Brent 007,E02000099,0.4,0.6,7771.517199999999,338.8639,247.6657,168.9849,413.07419999999996,8.333333332,9.970645560000001,2.5961839228000003
Brent 008,E02000100,0.6,0.8,7289.232300000001,448.5817,394.8224,276.72819999999996,403.6354,11.333333334,10.48685309,2.6632909017
Brent 009,E02000101,0.2,0.4,8152.5412,405.0356,381.0406,260.1058,398.31699999999995,15.333333334,13.416084399999999,3.0440909720000002
Brent 010,E02000102,0.0,0.2,6592.0322,290.04040000000003,206.635,187.09859999999998,238.94519999999997,7.000000001,10.61562892,2.6800317596000003
Brent 011,E02000103,0.2,0.4,7981.922000000001,340.1073,258.076,235.03349999999998,399.09610000000004,13.333333333,12.477974600000001,2.922136698
Brent 012,E02000104,0.2,0.4,6014.8341,328.3731,288.3276,225.71099999999998,421.5699,7.0,11.78466255,2.8320061315
Brent 013,E02000105,0.4,0.6,8519.0034,381.25919999999996,307.3416,191.60219999999998,327.7662,9.333333333,9.63039342,2.5519511446000003
Brent 014,E02000106,0.0,0.2,9388.6728,390.9284,323.8208,224.7572,324.88599999999997,11.666666666,14.678882080000001,3.2082546704000006
Brent 015,E02000107,0.2,0.4,10238.9974,402.5017,374.8225,244.49960000000002,272.17879999999997,9.666666667,12.8039366,2.9645117580000004
Brent 016,E02000108,0.4,0.6,5717.782200000001,293.4414,246.19799999999998,164.3538,234.22080000000003,9.333333334,7.083781860000001,2.2208916418
Brent 017,E02000109,0.4,0.6,11642.379,371.3184,261.7279,234.6526,382.9221,10.666666665,11.2852429,2.767081577
Brent 018,E02000110,0.4,0.6,7466.652000000001,393.1632,318.15180000000004,203.4792,240.55380000000002,9.0,8.406450000000001,2.3928385000000003
Brent 019,E02000111,0.2,0.4,9433.132800000001,480.51099999999997,313.142,200.84279999999998,369.2916,11.333333334,13.2480662,3.0222486060000002
Brent 020,E02000112,0.2,0.4,9201.484,450.1068,251.808,194.102,395.54839999999996,13.0,13.0635892,2.9982665959999997
Brent 021,E02000113,0.0,0.2,8720.6275,372.96999999999997,290.524,158.0215,270.894,14.333333332,12.906725000000002,2.97787425
Brent 022,E02000114,0.2,0.4,9075.115,325.81499999999994,284.2,183.715,279.12500000000006,11.0,11.2873075,2.767349975
Brent 023,E02000115,0.2,0.4,7745.7501,328.6503,259.0434,172.69559999999998,306.6228,8.999999999,10.783342349999998,2.7018345055
Brent 024,E02000116,0.0,0.2,8609.7778,255.29919999999998,211.185,134.2198,178.334,11.0,10.577834280000001,2.6751184564000003
Brent 025,E02000117,0.0,0.2,11563.180199999999,441.5814,298.29540000000003,293.085,428.55539999999996,19.666666666,17.83155192,3.6181017496
Brent 026,E02000118,0.2,0.4,9131.986,414.71419999999995,285.43919999999997,188.2244,321.6362,9.666666667,12.1290976,2.876782688
Brent 027,E02000119,0.0,0.2,8087.400000000001,272.7,241.20000000000002,156.6,242.1,14.666666667,11.42334,2.7850342
Brent 028,E02000120,0.2,0.4,8218.7989,285.727,296.7874,186.1834,230.425,7.999999999,10.22211385,2.6288748005
Brent 029,E02000121,0.2,0.4,9460.677,447.7408,304.5929,226.02300000000002,322.89,11.333333333,12.7487735,2.957340555
Brent 030,E02000122,0.4,0.6,6577.704000000001,350.7588,317.9484,194.5188,371.8512,8.666666667,9.575949600000001,2.544873448
Brent 031,E02000123,0.0,0.2,14498.086400000002,481.8912,308.5376,256.0544,357.84,19.333333333,18.73745664,3.7358693632
Brent 032,E02000124,0.4,0.6,8979.736799999999,332.13280000000003,323.01939999999996,204.5452,285.5532,8.333333334,9.30417384,2.5095425992000004
Brent 033,E02000125,0.4,0.6,9095.3304,435.8484,299.9724,224.718,395.0856,12.333333333,10.88952072,2.7156376936
Brent 034,E02000126,0.0,0.2,7053.1524,260.6996,217.1176,164.0268,229.79600000000002,7.333333334,10.52671704,2.6684732151999997
Brentwood 001,E02004464,0.8,1.0,7548.2932,622.7998,665.1946,533.9726,724.7492,18.333333333,15.48258096,3.3127355248
Brentwood 002,E02004465,0.8,1.0,4604.371,335.2577,412.72020000000003,290.6393,552.7724000000001,9.000000001,10.410960000000001,2.6534248000000002
Brentwood 003,E02004466,0.6,0.8,6664.9132,374.1936,356.1404,284.7482,526.0045999999999,11.000000001,11.382214359999999,2.7796878668
Brentwood 004,E02004467,0.6,0.8,6890.6312,393.4414,393.4414,268.6714,370.9828,10.666666666,9.85200556,2.5807607228
Brentwood 005,E02004468,0.8,1.0,8171.24,506.1924,565.6196,499.82520000000005,868.0616000000001,20.666666666,16.642799600000004,3.463563948000001
Brentwood 006,E02004469,0.8,1.0,5420.5443000000005,378.0652,428.4279,253.8832,418.76930000000004,8.0,9.11502779,2.4849536127
Brentwood 007,E02004470,0.8,1.0,10057.0144,376.08359999999993,441.6932,287.04200000000003,554.1668,15.333333333,12.18370272,2.8838813536
Brentwood 008,E02004471,0.6,0.8,6889.7192000000005,388.8274,357.7548,269.57579999999996,492.9626,15.000000001,11.04605736,2.7359874568
Brentwood 009,E02004472,0.8,1.0,4769.465999999999,333.606,382.486,214.46099999999998,409.98099999999994,7.333333333,8.445119799999999,2.397865574
Brighton and Hove 001,E02003491,0.6,0.8,6585.3648,339.7464,368.3232,247.66559999999998,396.90000000000003,12.333333333,9.73262304,2.5652409952
Brighton and Hove 002,E02003492,0.2,0.4,11035.36,210.04,189.98,138.06,227.74,13.0,10.60702,2.6789126000000003
Brighton and Hove 003,E02003493,0.8,1.0,6427.056,385.9568,467.64959999999996,335.9408,719.3968,15.0,13.2283984,3.019691792
Brighton and Hove 004,E02003494,0.8,1.0,5423.451000000001,346.7832,324.28200000000004,215.085,308.3988,5.666666667,7.4369775,2.266807075
Brighton and Hove 005,E02003495,0.4,0.6,5836.9064,312.8424,344.5494,257.8836,292.409,6.0,8.81116392,2.4454513096
Brighton and Hove 006,E02003496,0.2,0.4,6102.7136,336.5914,380.6598,270.4888,508.3062,16.333333332,13.576866200000001,3.0649926060000006
Brighton and Hove 007,E02003497,0.8,1.0,6059.9132,385.9284,403.436,291.5396,472.7052,7.333333333,10.054157960000001,2.6070405348000003
Brighton and Hove 008,E02003498,0.0,0.2,8094.4403999999995,297.8988,260.433,182.76,301.55400000000003,9.666666667,12.54629124,2.9310178612
Brighton and Hove 009,E02003499,0.0,0.2,7087.7214,235.74779999999998,233.334,192.29940000000002,296.8974,8.000000001,11.506906440000002,2.7958978372
Brighton and Hove 010,E02003500,0.8,1.0,7504.0019,277.5874,252.6544,117.18509999999999,158.74009999999998,6.666666666,5.6437507700000005,2.0336876001000004
Brighton and Hove 011,E02003501,0.8,1.0,7504.6939999999995,323.7664,346.64119999999997,224.349,396.7898,10.333333333,9.0786562,2.480225306
Brighton and Hove 012,E02003502,0.2,0.4,6556.4248,309.8616,326.8192,197.3248,316.79879999999997,6.666666667,10.6979332,2.690731316
Brighton and Hove 013,E02003503,0.2,0.4,7456.0796,373.60839999999996,418.2984,251.1578,437.962,16.000000001,13.535707200000001,3.0596419360000002
Brighton and Hove 014,E02003504,0.6,0.8,7728.1575,318.6512,264.0995,132.4827,217.34089999999998,6.333333332,7.06531105,2.2184904365
Brighton and Hove 015,E02003505,0.6,0.8,9674.567,231.76299999999998,158.9525,73.836,116.90700000000001,5.666666667,5.6568631,2.035392203
Brighton and Hove 016,E02003506,0.6,0.8,6519.9951,247.6683,168.5016,138.7233,188.11169999999998,6.0,5.88818673,2.0654642749
Brighton and Hove 017,E02003507,0.4,0.6,7732.564800000001,541.7532,513.136,416.4296,666.09,15.666666666,15.94747744,3.3731720672000005
Brighton and Hove 018,E02003508,0.6,0.8,9224.253900000002,205.7787,210.7492,128.2389,171.9793,2.0,6.5547971700000005,2.1521236321000003
Brighton and Hove 019,E02003509,0.4,0.6,8273.797700000001,270.599,278.9969,218.3454,288.3279,7.0,8.909332110000001,2.4582131743
Brighton and Hove 020,E02003510,0.6,0.8,7684.824,308.43,324.522,189.528,433.59000000000003,14.666666666,9.9375252,2.591878276
Brighton and Hove 021,E02003511,0.4,0.6,7396.562999999999,315.3474,280.3088,229.8874,322.1842,10.666666667,9.2164337,2.498136381
Brighton and Hove 022,E02003512,0.4,0.6,9191.931,245.76299999999998,183.582,113.505,135.219,5.999999999,6.2870913,2.117321869
Brighton and Hove 023,E02003513,0.4,0.6,5282.5396,326.898,329.5396,204.724,460.9592,14.0,10.31657068,2.6411541884
Brighton and Hove 024,E02003514,0.4,0.6,8688.0363,251.6626,186.3817,136.23839999999998,200.57320000000004,4.0,7.07957169,2.2203443197
Brighton and Hove 025,E02003515,0.0,0.2,7989.175199999999,326.2384,323.4892,204.3572,320.74,10.333333333,13.32152352,3.0317980576
Brighton and Hove 026,E02003516,0.4,0.6,8091.7128,271.17,241.34130000000002,178.0683,254.89980000000003,6.0,8.062426440000001,2.3481154372
Brighton and Hove 027,E02003517,0.2,0.4,11577.6135,285.867,233.6652,146.66219999999998,188.92079999999999,6.666666667,10.87475355,2.7137179615
Brighton and Hove 028,E02003518,0.4,0.6,6547.9488,332.8116,355.1052,249.2106,476.1275999999999,14.000000001,11.25922344,2.7636990472000003
Brighton and Hove 029,E02003519,0.2,0.4,8951.5245,244.983,194.82899999999998,121.527,134.0655,6.666666667,8.44950225,2.3984352925000003
Brighton and Hove 030,E02003520,0.0,0.2,8524.6626,300.0104,267.7308,190.8294,210.7668,8.666666667,11.818510960000001,2.8364064248000003
Brighton and Hove 031,E02003521,0.2,0.4,7018.818,318.8858,322.21619999999996,259.77119999999996,406.30879999999996,15.999999999,12.4490352,2.918374576
Brighton and Hove 032,E02003522,0.2,0.4,6292.0748,311.4592,368.3604,217.12300000000002,297.9826,11.0,10.6495088,2.684436144
Brighton and Hove 033,E02003523,0.8,1.0,7334.6976,685.008,721.8144,619.5744,862.9056,20.333333333,17.60388768,3.5885053983999997
Bristol 001,E02003012,0.0,0.2,9583.496400000002,495.4608,542.4837,338.33549999999997,511.5174,16.0,19.44637764,3.8280290932000005
Bristol 002,E02003013,0.0,0.2,10196.4504,493.80400000000003,461.28520000000003,384.2036,507.0524,19.333333334,19.66737024,3.8567581312000003
Bristol 003,E02003014,0.0,0.2,7326.141599999999,278.1552,277.3224,169.89120000000003,276.48959999999994,14.666666666,11.68018656,2.8184242528
Bristol 004,E02003015,0.2,0.4,5781.5043,269.88,258.4101,160.57860000000002,276.627,9.333333333,9.17760675,2.4930888775
Bristol 005,E02003016,0.2,0.4,7460.6332,223.6292,201.3488,154.31240000000003,212.0764,7.333333334,8.831703000000001,2.4481213900000003
Bristol 006,E02003017,0.6,0.8,4579.322999999999,318.7478,381.7632,299.78200000000004,537.7722,12.666666666,10.9527495,2.723857435
Bristol 007,E02003018,0.2,0.4,4732.7481,326.1735,325.5858,223.326,269.7543,10.666666667,9.44757135,2.5281842755
Bristol 008,E02003019,0.2,0.4,8187.3216,432.256,439.1328,304.544,462.71040000000005,15.333333332,14.8312928,3.2280680640000003
Bristol 009,E02003020,0.8,1.0,4817.0731000000005,358.33279999999996,420.9093,314.8586,675.8262,18.333333337,12.01198733,2.8615583529000004
Bristol 010,E02003021,0.6,0.8,6777.6804,178.43959999999998,227.5861,113.41499999999999,263.8789,5.333333333,6.77027062,2.1801351805999998
Bristol 011,E02003022,0.8,1.0,4526.8184,315.1096,352.94640000000004,241.20960000000002,477.09839999999997,6.666666666,9.14828792,2.4892774296
Bristol 012,E02003023,0.2,0.4,5499.7663999999995,324.0648,287.3908,226.0452,331.3996,11.333333334,10.4307524,2.655997812
Bristol 013,E02003024,0.2,0.4,8083.692,347.9544,368.13960000000003,240.3,571.914,13.666666667,15.103335600000001,3.2634336280000005
Bristol 014,E02003025,0.0,0.2,6587.6328,261.1602,222.3288,207.8622,335.01599999999996,9.666666666,11.84525208,2.8398827704
Bristol 015,E02003026,0.8,1.0,7293.0258,528.1254,526.2426,380.3256,687.2220000000001,18.0,13.757713740000002,3.0885027862000003
Bristol 016,E02003027,0.8,1.0,11610.6976,430.7856,339.7565,202.57180000000002,238.4706,4.999999999,8.66032908,2.4258427804
Bristol 017,E02003028,0.8,1.0,7339.3264,349.2874,318.3922,210.25900000000001,364.73499999999996,12.0,8.600537119999998,2.4180698256
Bristol 018,E02003029,0.0,0.2,5615.5658,221.11050000000003,189.0655,155.0978,227.51950000000002,6.666666667,9.23613808,2.5006979504
Bristol 019,E02003030,0.2,0.4,6978.753900000001,306.9741,200.9856,183.7134,182.14319999999998,5.0,8.68595385,2.4291740005
Bristol 020,E02003031,0.6,0.8,9740.6092,369.978,274.5344,154.4256,183.38039999999998,7.000000001,7.549588760000001,2.2814465388
Bristol 021,E02003032,0.2,0.4,7179.6097,262.16069999999996,267.87760000000003,182.1241,275.2279,10.0,10.02540085,2.6033021105
Bristol 022,E02003033,0.6,0.8,8498.4032,226.82240000000002,237.04799999999997,148.736,185.92000000000002,5.999999999,6.740157760000001,2.1762205088
Bristol 023,E02003034,0.0,0.2,12544.0128,299.62239999999997,220.704,140.448,172.5504,8.666666667,13.18178048,3.0136314624000002
Bristol 025,E02003036,0.2,0.4,9531.433600000002,197.223,150.6986,73.8322,160.81259999999997,4.333333333,8.406756800000002,2.3928783840000003
Bristol 026,E02003037,0.8,1.0,8310.1392,257.2968,187.042,139.5972,229.9248,6.000000001,6.60887816,2.1591541608
Bristol 027,E02003038,0.2,0.4,5621.3724,230.13760000000002,237.9832,195.4862,252.36679999999998,10.666666667,8.8498368,2.4504787840000004
Bristol 028,E02003039,0.2,0.4,7596.821499999999,316.2794,275.2155,251.6256,297.9317,11.000000001,11.18467055,2.7540071715
Bristol 029,E02003040,0.2,0.4,8776.4944,216.2946,227.01190000000003,163.6824,361.4653,10.0,11.428539,2.7857100700000004
Bristol 030,E02003041,0.8,1.0,5306.3392,237.10240000000002,285.8992,175.7936,250.24,4.0,6.26951296,2.1150366848
Bristol 032,E02003043,0.4,0.6,17479.2172,179.82360000000003,243.3976,138.0464,127.148,5.000000001,8.931057160000002,2.4610374308000003
Bristol 033,E02003044,0.4,0.6,4813.6334,250.2786,285.866,227.526,257.2794,5.333333333,7.54062002,2.2802806026
Bristol 034,E02003045,0.6,0.8,6551.9648,239.6256,245.48800000000003,159.7504,130.4384,5.333333334,5.66036704,2.0358477152
Bristol 035,E02003046,0.4,0.6,8717.978500000001,299.2374,319.7733,179.93359999999998,263.0551,6.333333332,8.72922435,2.4347991655000003
Bristol 036,E02003047,0.4,0.6,9910.8464,331.32189999999997,284.7817,192.80939999999998,361.2406,11.666666667,10.26676812,2.6346798556
Bristol 037,E02003048,0.4,0.6,6631.1607,214.7686,124.6811,105.2222,131.8881,4.333333333,5.13160021,1.9671080273000001
Bristol 038,E02003049,0.2,0.4,6317.892,359.70480000000003,397.36620000000005,265.93559999999997,345.87,10.0,11.8395144,2.839136872
Bristol 039,E02003050,0.2,0.4,8664.648,261.68399999999997,249.08440000000002,176.39440000000002,340.18919999999997,18.0,11.4307448,2.7859968239999997
Bristol 040,E02003051,0.2,0.4,6632.782200000001,177.4201,163.7724,89.78750000000001,119.23780000000001,7.000000001,6.5631071,2.153203923
Bristol 041,E02003052,0.4,0.6,5891.025,250.755,269.304,198.54299999999998,259.686,6.0,7.6535235,2.2949580550000004
Bristol 042,E02003053,0.4,0.6,6974.1546,378.9492,330.96,214.29659999999998,376.467,9.333333333,9.97736838,2.5970578894000003
Bristol 043,E02003054,0.2,0.4,5569.187400000001,275.7546,296.865,172.8414,281.0322,12.333333333,9.3815937,2.519607181
Bristol 044,E02003055,0.0,0.2,7438.425,285.77000000000004,264.7575,168.1,247.9475,12.666666667,11.367762500000001,2.777809125
Bristol 045,E02003056,0.0,0.2,6590.6784,328.9248,281.71799999999996,165.2238,246.69359999999998,7.666666666,11.12451084,2.7461864092
Bristol 046,E02003057,0.4,0.6,4791.96,268.5864,323.60519999999997,191.67839999999998,339.57840000000004,10.333333333,8.4941928,2.4042450640000004
Bristol 047,E02003058,0.2,0.4,7419.6492,447.517,432.9042,316.9151,514.1879,12.333333334,15.172652900000001,3.2724448770000003
Bristol 048,E02003059,0.2,0.4,5090.5887999999995,300.93059999999997,200.005,180.3122,382.1634,7.333333332,10.096252400000001,2.6125128120000003
Bristol 049,E02003060,0.2,0.4,8351.7912,550.1952,543.7476,500.76360000000005,800.577,19.666666667,21.113740800000002,4.0447863040000005
Bristol 050,E02003061,0.0,0.2,5195.2249,272.9829,211.9129,157.5606,269.3187,9.0,9.876362540000002,2.5839271302
Bristol 051,E02003062,0.0,0.2,5047.8741,224.1918,178.5231,137.0061,342.8118,13.666666667,10.11508326,2.6149608238
Bristol 052,E02003063,0.6,0.8,5182.1506,416.46,481.0113,370.6494,492.11690000000004,14.0,11.57814328,2.8051586264
Bristol 053,E02003064,0.0,0.2,6351.2616,218.441,169.7394,130.3484,292.2096,10.333333334,10.170612960000001,2.6221796848000003
Bristol 054,E02006887,0.0,0.2,8993.208,140.2835,117.6875,68.7295,96.033,4.333333333,8.319282300000001,2.381506699
Bristol 055,E02006888,0.0,0.2,6577.7829,179.07500000000002,127.5014,76.6441,202.7129,6.666666667,8.44861524,2.3983199812000002
Bristol 056,E02006889,0.0,0.2,7557.5412,211.7166,144.16500000000002,138.39839999999998,186.17880000000002,4.333333333,9.51686712,2.5371927256
Bristol 057,E02006890,0.0,0.2,8281.262,213.774,174.086,138.006,214.676,9.000000001,10.4502112,2.658527456
Broadland 001,E02005520,0.6,0.8,5916.3151,590.8729,746.8094,500.68260000000004,675.1629,19.666666667,15.874082829999999,3.3636307679
Broadland 002,E02005521,0.4,0.6,6450.8401,622.8276,732.7900999999999,451.2861,538.3764,18.999999999,15.28030103,3.2864391339
Broadland 003,E02005522,0.6,0.8,4143.8215,348.60279999999995,401.8924,285.3214,371.3619,14.333333334,9.05950955,2.4777362414999997
Broadland 004,E02005523,0.6,0.8,6711.0936,511.4496,472.7544,354.1452,363.39840000000004,13.999999999,10.695353279999999,2.6903959264
Broadland 005,E02005524,0.8,1.0,4006.24,387.45279999999997,400.07520000000005,325.98720000000003,368.7936,9.333333334,8.4635936,2.400267168
Broadland 006,E02005525,0.8,1.0,7984.0296,542.2959999999999,608.804,473.7416,624.1519999999999,17.666666667,13.93178888,3.1111325544
Broadland 007,E02005526,0.8,1.0,4026.945,304.95,330.09499999999997,216.675,472.405,16.0,8.7580035,2.438540455
Broadland 008,E02005527,0.6,0.8,6596.0879,485.04530000000005,620.6115,432.22729999999996,669.028,18.666666667,14.951807469999999,3.2437349711
Broadland 009,E02005528,0.8,1.0,6287.8895999999995,489.3696,602.3664,474.07680000000005,644.8463999999999,18.666666667,13.533533279999999,3.0593593264
Broadland 010,E02005529,0.6,0.8,3905.7546999999995,377.845,449.34489999999994,374.3572,705.6981999999999,19.333333333,13.359262209999997,3.0367040872999995
Broadland 011,E02005530,0.6,0.8,4038.12,277.02,350.46,289.44,444.96,16.000000001,9.509076,2.53617988
Broadland 012,E02005531,0.6,0.8,4099.9808,317.5965,376.7726,243.2192,393.05960000000005,10.333333334,8.91202924,2.4585638012000004
Broadland 013,E02005532,0.8,1.0,5657.563999999999,458.447,591.998,417.835,682.594,15.333333333,13.395868199999999,3.041462866
Broadland 014,E02005533,0.6,0.8,6253.0866,613.2518,679.1741999999999,526.5118,601.9756,21.666666667,15.073416980000001,3.2595442074000003
Broadland 015,E02005534,0.6,0.8,5302.7328,468.786,484.77559999999994,376.4824,633.7696,21.666666666,13.321371840000001,3.0317783392
Broadland 016,E02005535,0.6,0.8,5926.2918,359.5449,372.6723,212.2263,422.994,10.999999999,9.70173204,2.5612251651999998
Broadland 017,E02005536,0.6,0.8,4400.6256,442.40070000000003,464.5515,360.56579999999997,484.85640000000006,15.0,11.19944448,2.7559277824
Broadland 018,E02005537,0.4,0.6,4351.7484,398.53619999999995,467.082,336.663,513.1836000000001,14.333333333,12.14910612,2.8793837956
Bromley 001,E02000127,0.2,0.4,8214.8092,365.7537,312.82809999999995,205.0867,354.4125000000001,12.333333333,12.144535000000001,2.8787895500000005
Bromley 002,E02000128,0.6,0.8,6485.124,331.67,373.0312,276.2616,339.474,6.666666666,9.216524,2.4981481199999998
Bromley 004,E02000130,0.4,0.6,7475.2916000000005,357.97900000000004,332.96360000000004,194.08499999999998,266.54339999999996,7.333333333,8.65343068,2.4249459884
Bromley 005,E02000131,0.2,0.4,9810.6796,217.9917,242.213,122.1596,137.9561,9.666666667,9.0387573,2.4750384490000004
Bromley 006,E02000132,0.6,0.8,8750.952,380.91900000000004,371.7525,263.7915,418.6035,11.0,10.7977296,2.703704848
Bromley 007,E02000133,0.8,1.0,8462.264599999999,459.2831,504.89320000000004,429.5835,752.0363000000001,15.333333334,14.88734878,3.2353553414
Bromley 008,E02000134,0.4,0.6,10420.3592,440.5491,423.83449999999993,284.14820000000003,373.69069999999994,13.0,11.89172156,2.8459238028000002
Bromley 009,E02000135,0.0,0.2,9513.8573,354.04319999999996,262.37129999999996,142.2495,264.47869999999995,12.333333332,12.95987778,2.9847841113999998
Bromley 010,E02000136,0.4,0.6,4475.663500000001,260.7015,294.0805,214.6615,509.3175,9.666666666,10.440203050000001,2.6572263965000005
Bromley 011,E02000137,0.8,1.0,6831.8586,367.6603,433.8901,343.88550000000004,514.5546,14.0,11.03218648,2.7341842424
Bromley 012,E02000138,0.8,1.0,6591.0108,386.5972,483.4608,384.88280000000003,726.9056,13.0,13.637794840000002,3.0729133292000004
Bromley 013,E02000139,0.6,0.8,6911.330400000001,279.5312,265.39759999999995,149.188,247.338,3.666666667,7.16070992,2.2308922896
Bromley 014,E02000140,0.0,0.2,7651.0005,276.46840000000003,319.33849999999995,222.22459999999998,279.0931,13.0,12.4743242,2.921662146
Bromley 015,E02000141,0.4,0.6,6529.9542,281.9381,238.048,156.96290000000002,232.0968,7.666666667,7.201993460000001,2.2362591498000004
Bromley 016,E02000142,0.8,1.0,7302.723999999999,396.916,422.552,288.18399999999997,428.74,13.666666667,9.9868132,2.5982857160000004
Bromley 018,E02000144,0.8,1.0,8488.0729,335.61400000000003,379.04639999999995,267.5041,400.76259999999996,6.666666668,9.72165177,2.5638147301
Bromley 019,E02000145,0.0,0.2,8037.3826,322.88960000000003,336.64910000000003,204.5579,272.4381,8.333333334,12.821285560000002,2.9667671228000003
Bromley 020,E02000146,0.8,1.0,8073.3744,350.1888,325.4472,265.4964,502.4448,16.333333333,10.62765912,2.6815956856
Bromley 021,E02000147,0.8,1.0,6584.642000000001,432.0653,455.28569999999996,310.9875,510.0195,9.333333333,10.9152466,2.718982058
Bromley 022,E02000148,0.8,1.0,5245.742,377.44,376.09200000000004,294.538,445.51399999999995,8.666666667,9.4541306,2.5290369779999997
Bromley 023,E02000149,0.2,0.4,6885.4279,310.6513,344.71750000000003,219.8081,350.39520000000005,12.0,11.49693695,2.7946018035
Bromley 024,E02000150,0.6,0.8,7204.877100000001,383.08140000000003,380.48130000000003,262.6101,433.35,8.0,10.52945163,2.6688287119000003
Bromley 025,E02000151,0.8,1.0,5969.369000000001,401.8875,441.69350000000003,358.254,481.49949999999995,9.0,10.5657372,2.6735458359999997
Bromley 026,E02000152,0.2,0.4,6860.025799999999,274.2742,299.6406,176.7721,314.70189999999997,8.333333334,10.4652254,2.6604793019999997
Bromley 027,E02000153,0.8,1.0,6372.338899999999,393.2761,460.5366,280.1202,407.5195,7.666666667,9.502642569999999,2.5353435341
Bromley 028,E02000154,0.6,0.8,6910.1589,399.0721,421.19550000000004,342.0618,438.2135,11.333333334,11.086631370000001,2.7412620781
Bromley 029,E02000155,0.4,0.6,5267.4042,400.2502,408.6178,327.731,568.2995,11.666666666,12.80117286,2.9641524718000003
Bromley 030,E02000156,0.8,1.0,9428.9256,662.1299,675.5928,503.0229,969.3287999999999,19.666666668,18.681854379999997,3.7286410694
Bromley 031,E02000157,0.8,1.0,6337.7802,413.1,475.89119999999997,359.397,675.8316,10.666666666,12.91044906,2.9783583778000002
Bromley 032,E02000158,0.4,0.6,6263.13,333.34499999999997,428.81,304.3925,496.8875,12.333333334,12.049873999999999,2.86648362
Bromley 033,E02000159,0.8,1.0,5329.411,372.467,458.7958,295.88500000000005,506.1373999999999,9.666666667,10.308285299999998,2.640077089
Bromley 034,E02000160,0.8,1.0,6358.057999999999,389.843,492.7294,273.29200000000003,524.0776000000001,10.0,10.8038758,2.7045038540000004
Bromley 035,E02000161,0.8,1.0,7112.459999999999,401.64480000000003,452.7312,363.77040000000005,479.15520000000004,12.666666667,10.932049200000002,2.721166396
Bromley 036,E02000162,0.6,0.8,5255.781,359.286,408.216,357.189,610.227,12.666666667,12.426612299999999,2.915459599
Bromley 037,E02000163,0.8,1.0,5989.149600000001,442.548,453.4176,338.5104,538.0452,14.333333333,11.19972528,2.7559642864000002
Bromley 039,E02000165,0.8,1.0,5710.1184,403.67519999999996,395.9928,212.3136,261.90000000000003,7.333333333,7.254839520000001,2.2431291376000004
Bromley 040,E02006782,0.4,0.6,6524.835600000001,356.6528,378.9436,292.1687,408.3993,13.333333333,10.840334480000001,2.7092434824000002
Bromley 041,E02006787,0.8,1.0,6883.917600000001,359.4502,339.9766,210.1526,321.3144,6.0,8.04925028,2.3464025364000003
Bromley 042,E02006789,0.6,0.8,4649.6097,379.59929999999997,545.955,421.99109999999996,427.1295,11.333333333,11.14628151,2.7490165962999997
Bromsgrove 001,E02006696,0.8,1.0,5325.3865000000005,283.6415,395.9885,362.007,567.9765,9.333333333,11.01465245,2.7319048185000003
Bromsgrove 002,E02006697,0.6,0.8,5452.776000000001,524.52,527.496,383.15999999999997,553.536,12.333333333,12.799552799999999,2.9639418639999997
Bromsgrove 003,E02006698,0.6,0.8,5050.9368,380.6712,374.7744,255.528,490.74479999999994,9.000000001,10.451553839999999,2.6587019992
Bromsgrove 004,E02006699,0.8,1.0,4408.992,391.30559999999997,438.47999999999996,352.59839999999997,456.01919999999996,8.0,9.761471999999998,2.56899136
Bromsgrove 005,E02006700,0.6,0.8,4354.2804,386.72080000000005,390.39219999999995,376.9304,610.6762,15.333333333,12.243384719999998,2.8916400136
Bromsgrove 006,E02006701,0.8,1.0,5296.200000000001,419.7375,385.6125,318.045,404.04,10.333333333,9.234225000000002,2.5004492500000004
Bromsgrove 007,E02006702,0.4,0.6,4864.5967,327.4424,354.322,232.142,331.1078,12.0,8.89769741,2.4567006633
Bromsgrove 008,E02006703,0.8,1.0,5743.1436,446.0622,439.3824,339.18539999999996,454.2264,8.0,10.18624968,2.6242124583999997
Bromsgrove 009,E02006704,0.6,0.8,5232.7654999999995,481.99309999999997,467.17339999999996,338.736,535.6263,10.333333334,11.98807875,2.8584502375
Bromsgrove 010,E02006705,0.4,0.6,5785.366599999999,376.6646,368.0222,289.5204,382.4262,11.333333333,10.28726478,2.6373444214
Bromsgrove 011,E02006706,0.4,0.6,5580.106,390.66650000000004,400.267,350.049,664.65,13.333333334,14.132526799999999,3.137228484
Bromsgrove 012,E02006707,0.8,1.0,5533.1813999999995,328.985,406.5562,260.4176,396.1672,6.333333333,8.79096402,2.4428253226
Bromsgrove 013,E02006708,0.2,0.4,7174.027499999999,377.4915,325.97700000000003,237.3045,331.8885,9.666666666,11.667189749999999,2.8167346675
Bromsgrove 014,E02006709,0.6,0.8,6461.6951,524.6080000000001,509.0337,351.6513,350.8316,10.666666666,10.64126343,2.6833642459
Broxbourne 001,E02004843,0.8,1.0,5376.5634,374.393,442.97339999999997,335.904,468.1662,11.333333333,10.077050020000001,2.6100165026
Broxbourne 002,E02004844,0.4,0.6,6164.9412,297.8338,282.5416,182.7782,353.90520000000004,9.333333334,8.91884796,2.4594502348000002
Broxbourne 003,E02004845,0.4,0.6,6289.085000000001,366.699,418.7466,296.5136,514.9558,9.0,12.253661100000002,2.8929759430000006
Broxbourne 004,E02004846,0.8,1.0,4781.2303999999995,342.2328,421.83639999999997,285.8208,436.8796,10.0,9.197287119999999,2.4956473256
Broxbourne 005,E02004847,0.4,0.6,9097.1217,398.5224,399.5823,315.85020000000003,385.8036,11.000000001,11.64925491,2.8144031383000003
Broxbourne 006,E02004848,0.6,0.8,6370.6905,357.048,360.12600000000003,283.94550000000004,324.729,5.333333334,9.057553650000001,2.4774819745000003
Broxbourne 007,E02004849,0.8,1.0,5401.35,349.65,346.95,301.72499999999997,351.00000000000006,6.333333334,8.383230000000001,2.3898199
Broxbourne 008,E02004850,0.4,0.6,6186.6287999999995,306.639,340.29449999999997,234.84059999999997,409.8492,6.333333333,10.15767864,2.6204982232000003
Broxbourne 009,E02004851,0.4,0.6,4785.3204,269.57070000000004,291.3008,229.63430000000002,296.5865,9.666666666,8.07678452,2.3499819876
Broxbourne 010,E02004852,0.4,0.6,6349.9205,324.3009,325.8563,255.86329999999998,521.0590000000001,14.000000001,11.64489095,2.8138358235000003
Broxbourne 011,E02004853,0.2,0.4,5378.0129,280.1802,326.2192,219.6718,372.2582,10.666666667,10.83922485,2.7090992305
Broxbourne 012,E02004854,0.4,0.6,6330.224999999999,281.5991,313.0584,272.39149999999995,475.726,10.0,11.0575603,2.737482839
Broxbourne 013,E02004855,0.2,0.4,7093.607400000001,259.01370000000003,230.1453,192.45600000000002,243.7776,11.0,9.5169492,2.537203396
Broxtowe 001,E02005850,0.4,0.6,5212.1151,470.4075,534.5223000000001,354.7221,399.32370000000003,11.999999999,11.562755730000001,2.8031582449000005
Broxtowe 002,E02005851,0.0,0.2,4990.9847,353.2332,362.0014,221.0839,334.4442,11.0,12.13168152,2.8771185976
Broxtowe 003,E02005852,0.8,1.0,6124.217800000001,496.5582,702.4072,497.39840000000004,580.5781999999999,10.999999999,13.108548339999999,3.0041112842
Broxtowe 004,E02005853,0.4,0.6,7147.157999999999,628.7280000000001,599.1408,410.5224,459.5262,11.333333333,13.7756154,3.090830002
Broxtowe 007,E02005856,0.8,1.0,5191.8174,474.089,589.897,390.12820000000005,591.3446,16.0,12.14094882,2.8783233466
Broxtowe 008,E02005857,0.4,0.6,5227.4232,299.5584,306.01439999999997,275.6712,345.396,7.333333334,9.190180560000002,2.4947234728000005
Broxtowe 009,E02005858,0.6,0.8,6917.987,306.8005,326.2285,221.803,322.99050000000005,7.0,8.655821600000001,2.4252568080000003
Broxtowe 010,E02005859,0.4,0.6,7468.1123,457.51259999999996,472.21180000000004,365.6426,424.4394,11.666666666,12.331434490000001,2.9030864837
Broxtowe 011,E02005860,0.6,0.8,7663.1778,353.0412,371.23920000000004,258.4116,453.13019999999995,14.666666666,10.766482739999999,2.6996427562000003
Broxtowe 012,E02005861,0.4,0.6,4707.801,251.74800000000002,260.82,187.677,260.82,10.0,7.2150183000000006,2.237952379
Broxtowe 013,E02005862,0.4,0.6,6494.173400000001,368.78270000000003,433.381,379.41279999999995,501.25010000000003,11.333333334,12.71081942,2.9524065246
Broxtowe 014,E02005863,0.8,1.0,5717.088,444.357,476.424,362.6625,635.9955,15.333333334,12.3659514,2.907573682
Broxtowe 015,E02005864,0.8,1.0,6695.896,428.4379,405.2343,316.5634,440.86839999999995,9.0,10.108482599999999,2.6141027379999997
Broxtowe 016,E02006906,0.6,0.8,9682.0368,765.428,843.2256,530.7804,727.784,21.000000001,18.46789544,3.7008264072
Burnley 001,E02005176,0.4,0.6,6952.5176,480.8152,534.3366,355.34700000000004,450.1062,17.0,12.71808848,2.9533515024000003
Burnley 002,E02005177,0.0,0.2,4790.2845,256.78049999999996,289.247,199.52139999999997,367.1666,14.333333334,11.4069572,2.782904436
Burnley 003,E02005178,0.0,0.2,9226.643399999999,286.51050000000004,191.007,124.65719999999999,224.1819,9.999999999,11.48635674,2.7932263762
Burnley 004,E02005179,0.0,0.2,7321.526,464.015,472.124,350.489,402.74699999999996,19.999999999,16.3599976,3.426799688
Burnley 005,E02005180,0.4,0.6,5113.042399999999,450.1583,466.35589999999996,269.96,449.48339999999996,11.666666666,11.313213719999998,2.7707177836
Burnley 006,E02005181,0.0,0.2,5040.0931,329.9803,318.2174,217.9232,284.1669,9.333333334,11.20050956,2.7560662428000002
Burnley 007,E02005182,0.0,0.2,4896.3654,262.284,286.128,223.5375,291.4929,13.666666667,10.74255654,2.6965323502
Burnley 008,E02005183,0.0,0.2,4501.2229,370.67490000000004,429.768,288.3027,379.62839999999994,11.0,13.276607939999998,3.0259590322
Burnley 009,E02005184,0.6,0.8,3538.4031999999997,409.456,472.7584,306.464,296.416,8.666666667,8.564362560000001,2.4133671328000004
Burnley 010,E02005185,0.0,0.2,7630.281199999999,356.97740000000005,370.26439999999997,244.4808,255.9962,15.333333333,12.997697720000001,2.9897007036000005
Burnley 011,E02005186,0.4,0.6,4720.1245,351.1131,401.01750000000004,226.94619999999998,242.39280000000002,9.0,7.9927243500000005,2.3390541655000003
Burnley 014,E02006881,0.0,0.2,8066.115400000001,525.8974000000001,602.6118,403.76,492.58719999999994,16.999999999,19.21958164,3.7985456132
Bury 001,E02001019,0.6,0.8,7246.6732,481.25939999999997,507.2492,331.594,394.328,12.666666666,11.16109556,2.7509424228
Bury 002,E02001020,0.8,1.0,3959.6196,407.8976,552.1682,365.6014,509.29260000000005,9.333333333,10.53824308,2.6699716004000003
Bury 003,E02001021,0.8,1.0,5891.0775,438.5925,474.19500000000005,338.60249999999996,431.775,13.666666667,10.03543575,2.6046066475
Bury 004,E02001022,0.2,0.4,6089.991599999999,413.9058,487.7334,361.284,501.0852,13.0,14.779657199999999,3.221355436
Bury 005,E02001023,0.4,0.6,4378.4037,335.75849999999997,434.51099999999997,264.6567,229.1058,8.000000001,8.06029191,2.3478379483
Bury 006,E02001024,0.6,0.8,6528.829199999999,479.8673,488.0983,325.9476,410.7269,9.333333334,11.018510459999998,2.7324063597999997
Bury 007,E02001025,0.0,0.2,6678.543500000001,321.13680000000005,328.2207,207.00730000000001,336.8788,13.333333334,12.745510300000001,2.956916339
Bury 008,E02001026,0.0,0.2,9469.9115,322.371,298.1405,178.04149999999998,267.589,14.999999999,13.241862900000001,3.021442177
Bury 009,E02001027,0.2,0.4,6465.7097,269.748,299.72,169.34179999999998,288.48050000000006,10.0,9.888137450000002,2.5854578685000003
Bury 010,E02001028,0.8,1.0,4895.543699999999,511.3558,641.7298,554.0895,640.2812,14.0,13.58837501,3.0664887513
Bury 011,E02001029,0.0,0.2,6536.763800000001,322.0861,279.091,156.8944,248.16469999999998,9.333333333,11.00418098,2.7305435274
Bury 012,E02001030,0.6,0.8,4686.346,338.723,333.49399999999997,214.97,237.04800000000003,9.333333334,7.0997038,2.222961494
Bury 013,E02001031,0.2,0.4,5399.5528,311.98,351.388,238.4184,267.3176,8.666666667,9.9180084,2.5893410919999997
Bury 014,E02001032,0.2,0.4,6082.2888,404.40749999999997,439.8413,338.1617,438.30070000000006,10.666666667,13.640472400000002,3.0732614120000004
Bury 015,E02001033,0.2,0.4,5129.7001,216.0939,245.85890000000003,148.82500000000002,213.1174,6.0,7.795751150000001,2.3134476495000005
Bury 016,E02001034,0.0,0.2,7193.132799999999,315.4736,343.088,220.07840000000002,297.064,14.333333334,12.714004480000002,2.9528205824000002
Bury 017,E02001035,0.6,0.8,5265.254400000001,362.544,422.5032,402.2844,519.414,12.666666667,11.71965312,2.8235549056
Bury 018,E02001036,0.4,0.6,6484.7944,333.123,374.4762,202.93699999999998,261.9036,8.0,8.470054320000001,2.4011070616000003
Bury 019,E02001037,0.8,1.0,5180.556,446.022,464.17,357.37600000000003,532.5740000000001,10.333333333,11.0197448,2.732566824
Bury 020,E02001038,0.2,0.4,4655.8644,291.7079,281.9652,195.4271,306.6085,11.333333334,9.3782084,2.519167092
Bury 021,E02001039,0.0,0.2,7383.4436,275.47,289.03159999999997,218.6808,308.5264,15.0,12.48565656,2.9231353528
Bury 022,E02001040,0.2,0.4,4889.7321,313.7796,324.1173,250.5372,302.8338,7.000000001,10.07044005,2.6091572065
Bury 023,E02001041,0.2,0.4,6494.705800000001,342.4806,313.7464,205.799,410.82140000000004,11.333333333,11.900230100000002,2.847029913
Bury 024,E02001042,0.4,0.6,5171.5356,301.4825,328.1399,233.5696,311.003,7.666666667,8.60043888,2.4180570544
Bury 025,E02001043,0.2,0.4,4544.5948,246.9228,254.10399999999998,159.6436,318.7348,12.666666667,8.971804599999999,2.466334598
Bury 026,E02001044,0.6,0.8,8374.946800000002,347.85630000000003,278.0965,197.967,230.01879999999997,6.0,7.840624440000001,2.3192811772
Calderdale 001,E02002244,0.4,0.6,4681.3408,383.78670000000005,419.90059999999994,279.7297,356.8543,6.666666667,9.81220784,2.5755870192
Calderdale 002,E02002245,0.0,0.2,4665.6807,231.641,228.4088,117.97529999999999,142.7555,4.333333333,7.638550520000001,2.2930115676000002
Calderdale 003,E02002246,0.6,0.8,7171.223300000001,638.4751,621.3985,446.83770000000004,609.0654000000001,11.333333334,14.847819090000002,3.2302164817000003
Calderdale 004,E02002247,0.4,0.6,7338.2436,631.6955999999999,632.6232,316.3116,357.126,7.333333333,12.178738679999999,2.8832360284
Calderdale 005,E02002248,0.0,0.2,6646.3005,344.652,368.9343,238.9065,233.4234,10.0,12.0291381,2.863787953
Calderdale 006,E02002249,0.0,0.2,4846.23,190.836,234.36,153.45,154.566,8.666666667,7.96266,2.3351458000000003
Calderdale 007,E02002250,0.4,0.6,6568.7898000000005,559.1727,578.748,366.8241,436.61430000000007,11.333333333,12.844290540000003,2.9697577702
Calderdale 008,E02002251,0.0,0.2,7099.716,373.176,351.87600000000003,261.564,434.52000000000004,17.0,14.9302776,3.240936088
Calderdale 009,E02002252,0.2,0.4,5286.552,349.364,394.788,289.91200000000003,359.384,6.333333333,11.612511999999999,2.80962656
Calderdale 010,E02002253,0.0,0.2,7852.0344,244.7229,184.6308,146.31119999999999,280.4298,8.000000001,11.247325140000001,2.7621522682000004
Calderdale 011,E02002254,0.8,1.0,4893.917600000001,378.7784,372.4864,261.74719999999996,385.69960000000003,7.666666666,8.52213648,2.4078777424
Calderdale 012,E02002255,0.0,0.2,7268.400000000001,241.4724,141.33,136.4844,289.9284,20.666666667,10.7095836,2.692245868
Calderdale 013,E02002256,0.2,0.4,7665.138,540.5088000000001,546.2184,358.7532,406.33320000000003,17.0,15.026239799999999,3.253411174
Calderdale 014,E02002257,0.0,0.2,6236.2797,185.47060000000002,121.84199999999998,114.39609999999999,111.01159999999999,6.0,7.411242719999999,2.2634615536
Calderdale 015,E02002258,0.4,0.6,7310.9223,512.3754,496.8765,341.8875,455.85,11.333333334,12.727058490000001,2.9545176037000003
Calderdale 016,E02002259,0.4,0.6,5603.1287999999995,346.90000000000003,351.7566,222.70979999999997,415.58619999999996,8.333333334,10.105058239999998,2.6136575712
Calderdale 017,E02002260,0.2,0.4,7463.0997,545.6052,548.3889,346.1067,374.87160000000006,11.999999999,14.483127150000001,3.1828065295000005
Calderdale 018,E02002261,0.2,0.4,6659.8363,475.76189999999997,451.6832,306.3807,410.1682,9.333333334,13.63061995,3.0719805935
Calderdale 019,E02002262,0.2,0.4,5978.205,411.075,500.337,386.01899999999995,553.581,11.333333334,15.5687805,3.323941465
Calderdale 020,E02002263,0.2,0.4,5235.0588,405.6062,420.60450000000003,245.84169999999997,213.2367,9.333333334,9.7964983,2.573544779
Calderdale 021,E02002264,0.6,0.8,5398.5216,347.26919999999996,432.5016,344.4516,521.2560000000001,10.333333334,11.50017528,2.7950227864
Calderdale 022,E02002265,0.2,0.4,4443.84,377.28000000000003,369.216,230.97599999999997,338.688,10.333333334,10.511712,2.6665225599999998
Calderdale 023,E02002266,0.4,0.6,4335.4554,364.4112,383.439,310.2108,373.06020000000007,7.666666666,9.901202220000002,2.5871562886
Calderdale 024,E02002267,0.2,0.4,6221.3148,493.5906,514.323,349.2612,394.713,12.333333333,13.830105600000001,3.097913728
Calderdale 025,E02002268,0.2,0.4,8560.188,528.0912,546.1911,399.2625,613.2672,12.333333334,18.2031759,3.666412867
Calderdale 026,E02002269,0.4,0.6,7650.354600000001,547.9488,576.4878,368.1531,371.007,13.333333333,12.35795778,2.9065345114000003
Calderdale 027,E02002270,0.6,0.8,7027.262,490.35440000000006,468.7719,346.1833,301.2917,8.666666667,10.009100199999999,2.601183026
Cambridge 001,E02003719,0.2,0.4,7119.9744,355.6616,260.4252,231.77,459.326,15.333333334,12.802974800000001,2.9643867240000006
Cambridge 002,E02003720,0.4,0.6,7226.275,381.7,376.495,248.9725,442.425,15.333333333,11.2401975,2.7612256750000004
Cambridge 003,E02003721,0.4,0.6,7639.093,352.6429,332.8011,208.3389,486.12410000000006,11.666666666,11.411740700000001,2.7835262910000003
Cambridge 004,E02003722,0.8,1.0,6509.1948,420.59659999999997,408.5336,292.72880000000004,410.14200000000005,11.0,9.58622484,2.5462092292
Cambridge 005,E02003723,0.8,1.0,8766.882300000001,237.8574,231.0891,156.6378,275.5665,5.000000001,7.382378190000001,2.2597091647000003
Cambridge 006,E02003724,0.2,0.4,7980.672700000001,377.8537,287.2786,181.1502,320.21500000000003,6.666666667,11.383643250000002,2.7798736225000003
Cambridge 007,E02003725,0.8,1.0,13949.399400000002,352.0548,373.6722,285.6585,483.30330000000004,6.000000001,12.38090262,2.9095173406
Cambridge 008,E02003726,0.6,0.8,7616.537600000001,331.11679999999996,200.8832,163.4304,200.8832,5.0,6.7775948800000005,2.1810873344
Cambridge 009,E02003727,0.6,0.8,7638.041000000001,251.0672,181.51479999999998,163.70260000000002,248.5226,8.666666667,7.0718675,2.219342775
Cambridge 010,E02003728,0.6,0.8,7925.8,375.36,285.2,245.64000000000001,368.91999999999996,13.333333333,9.55558,2.5422254000000004
Cambridge 011,E02003729,0.6,0.8,6641.3648,410.4352,405.52959999999996,290.248,427.6048,9.666666667,10.59029104,2.6767378352
Cambridge 012,E02003730,0.6,0.8,12287.068599999999,338.1762,367.04490000000004,298.3099,453.651,8.0,12.31236308,2.9006072004000005
Cambridge 013,E02003731,0.8,1.0,7638.0348,415.7318,364.111,243.3552,558.6108,11.000000001,11.21259084,2.7576368092
Camden 001,E02000166,0.4,0.6,7295.4208,465.5104,506.4244,350.042,474.6024,10.0,12.940825440000001,2.9823073072
Camden 002,E02000167,0.8,1.0,7680.774300000001,360.49339999999995,454.8634,378.4237,561.5015,9.0,12.003580889999999,2.8604655156999996
Camden 003,E02000168,0.4,0.6,8173.710300000001,399.9921,358.18769999999995,271.72860000000003,297.3813,7.333333333,9.88379529,2.5848933877
Camden 004,E02000169,0.8,1.0,7808.1112,299.88739999999996,352.3217,264.0113,473.74850000000004,10.0,10.17814156,2.6231584028
Camden 005,E02000170,0.6,0.8,8510.727,326.553,281.01,238.374,332.36699999999996,6.333333332,9.1782711,2.493175243
Camden 006,E02000171,0.6,0.8,8086.0416000000005,380.4528,368.14959999999996,276.3488,353.0072,7.333333333,9.92413968,2.5901381584000003
Camden 007,E02000172,0.2,0.4,10757.789,367.8704,346.0886,232.33919999999998,398.12289999999996,9.333333333,14.2707093,3.155192209
Camden 008,E02000173,0.8,1.0,8700.8935,321.52250000000004,262.1645,234.4641,374.9447,8.0,9.07435425,2.4796660525000003
Camden 009,E02000174,0.2,0.4,9127.4412,363.378,284.5608,200.6256,255.9,11.0,11.267277,2.76474601
Camden 010,E02000175,0.6,0.8,10126.116,349.56399999999996,325.96000000000004,194.452,245.032,3.0,8.7084148,2.432093924
Camden 011,E02000176,0.8,1.0,6613.8214,247.9896,301.56759999999997,232.6816,257.17440000000005,5.999999999,7.075587220000001,2.2198263386000003
Camden 012,E02000177,0.2,0.4,9095.308799999999,347.4048,337.98720000000003,229.1616,456.2304,9.999999999,14.0207136,3.1226927680000003
Camden 013,E02000178,0.2,0.4,9415.9992,335.6528,302.296,170.95360000000002,197.0136,5.333333334,10.4849804,2.663047452
Camden 014,E02000179,0.4,0.6,6490.4582,251.5564,330.3572,183.36339999999998,322.7802,6.666666667,8.745221860000001,2.4368788418000005
Camden 015,E02000180,0.2,0.4,8830.5616,283.156,251.9112,173.79919999999998,228.4776,8.666666667,10.230719200000001,2.629993496
Camden 016,E02000181,0.6,0.8,8186.716200000002,248.58079999999998,238.52790000000002,162.67419999999998,303.4148,4.666666667,8.058221860000002,2.3475688418000002
Camden 017,E02000182,0.6,0.8,7580.214999999999,225.54999999999998,284.54,176.97,406.85749999999996,8.666666667,9.223607,2.49906891
Camden 018,E02000183,0.4,0.6,7191.881200000001,401.3192,351.36960000000005,319.5052,347.9248,8.666666667,10.457809960000002,2.6595152948000003
Camden 019,E02000184,0.2,0.4,9489.350699999999,232.69770000000003,211.1706,115.8363,203.9949,7.333333334,9.54624375,2.5410116875
Camden 020,E02000185,0.2,0.4,8569.3986,400.1508,367.30260000000004,261.7902,356.35319999999996,17.666666667,13.063131900000002,2.9982071470000005
Camden 021,E02000186,0.2,0.4,7342.3679999999995,236.402,203.682,175.052,223.314,5.666666667,9.100249999999999,2.4830325
Camden 022,E02000187,0.0,0.2,10080.609900000001,317.2026,236.23829999999998,199.63799999999998,257.3112,14.666666666,13.300770840000002,3.0291002092
Camden 023,E02000188,0.2,0.4,8088.859800000001,247.8357,164.3355,144.79289999999997,237.17610000000002,9.666666665,9.304942500000003,2.5096425250000003
Camden 024,E02000189,0.2,0.4,6505.7355,172.1169,150.8679,80.7462,172.8252,5.333333333,7.01181585,2.2115360605000003
Camden 025,E02000190,0.2,0.4,7633.052,280.112,251.92999999999998,160.552,216.06199999999995,6.333333333,9.38119,2.5195547
Camden 026,E02000191,0.6,0.8,7999.7976,224.5374,177.5412,131.4153,168.8382,3.666666666,6.07347558,2.0895518254
Camden 027,E02000192,0.2,0.4,7765.055999999999,353.1168,245.0736,158.99040000000002,262.6416,8.666666667,10.186804799999999,2.624284624
Camden 028,E02000193,0.4,0.6,7506.0135,324.891,341.2215,208.8585,213.156,3.333333333,8.07749505,2.3500743565
Cannock Chase 001,E02006118,0.8,1.0,5501.412,526.932,558.684,480.06,492.15599999999995,12.666666666,11.6356716,2.8126373080000002
Cannock Chase 002,E02006119,0.2,0.4,6766.674599999999,387.66540000000003,397.64820000000003,298.6521,468.35970000000003,13.666666666,13.8478074,3.100214962
Cannock Chase 003,E02006120,0.4,0.6,7522.794000000001,454.572,482.517,380.9835,473.202,14.666666666,13.0603752,2.997848776
Cannock Chase 004,E02006121,0.2,0.4,4691.151,322.599,300.825,217.16700000000003,197.68500000000003,4.666666667,8.4090615,2.3931779950000003
Cannock Chase 005,E02006122,0.4,0.6,6257.5473999999995,350.3448,341.3616,260.51279999999997,277.7306,10.666666666,8.83924422,2.4491017486
Cannock Chase 006,E02006123,0.4,0.6,5350.814,346.248,280.2044,189.79520000000002,243.656,9.333333334,7.481201,2.27255613
Cannock Chase 007,E02006124,0.0,0.2,6357.976,365.9488,359.7984,236.0216,367.4864,14.333333333,13.5055096,3.0557162480000004
Cannock Chase 008,E02006125,0.2,0.4,5898.1716,381.3093,425.3913,322.5333,318.85979999999995,11.333333333,11.8786296,2.844221848
Cannock Chase 009,E02006126,0.6,0.8,6669.6066,430.404,481.7214,281.418,414.6777000000001,11.333333334,10.757120280000002,2.6984256364000005
Cannock Chase 010,E02006127,0.8,1.0,6738.3336,339.35699999999997,221.15400000000002,123.54119999999999,205.1394,3.666666666,6.0167614799999996,2.0821789924000003
Cannock Chase 011,E02006128,0.4,0.6,6177.836,545.706,653.31,475.678,689.178,17.333333334,16.682206800000003,3.4686868840000002
Cannock Chase 012,E02006129,0.2,0.4,6937.134099999999,360.2729,338.53950000000003,295.90860000000004,427.9808,14.0,13.11067355,3.0043875614999997
Cannock Chase 013,E02006130,0.4,0.6,5867.620000000001,420.925,436.57,325.565,397.085,7.666666666,11.066825999999999,2.73868738
Canterbury 001,E02005010,0.0,0.2,6115.7771999999995,495.6588,472.5864,305.51039999999995,567.2628,17.0,17.45641872,3.5693344336
Canterbury 002,E02005011,0.6,0.8,4935.702200000001,601.0745000000001,791.7338000000001,545.1784,782.5454,17.333333334,17.18368626,3.5338792138000006
Canterbury 003,E02005012,0.2,0.4,6666.164999999999,596.1392,631.1534,475.834,609.6062000000001,18.666666666,18.2922261,3.677989393
Canterbury 004,E02005013,0.2,0.4,6094.2777,538.944,685.4694,441.2604,660.2064,24.666666667,18.41714805,3.6942292465
Canterbury 005,E02005014,0.8,1.0,5665.188899999999,785.0045,853.4182999999999,612.2158000000001,856.9267000000001,20.999999999,17.46367497,3.5702777461000004
Canterbury 006,E02005015,0.6,0.8,7488.5118,506.33729999999997,587.4267,384.70320000000004,462.9639,11.666666666,12.62505384,2.9412569992
Canterbury 007,E02005016,0.4,0.6,5884.6928,540.7728,558.32,409.1688,583.0456,14.666666667,14.531793440000001,3.1891331472
Canterbury 008,E02005017,0.6,0.8,5312.478,409.028,451.60599999999994,307.818,499.07000000000005,10.666666667,11.2470834,2.762120842
Canterbury 009,E02005018,0.4,0.6,6436.4220000000005,582.6225000000001,700.0365,551.49,625.3185,14.333333334,16.709079600000003,3.472180348
Canterbury 010,E02005019,0.4,0.6,5065.566000000001,400.4116,400.4116,235.8052,430.4588,12.0,10.5024762,2.665321906
Canterbury 011,E02005020,0.4,0.6,5802.0372,450.6219,422.22450000000003,348.9891,449.1273,12.333333333,11.81421516,2.8358479708
Canterbury 012,E02005021,0.8,1.0,10269.5967,362.9637,521.0865,379.73429999999996,444.4208999999999,12.0,11.636280809999999,2.8127165053
Canterbury 013,E02005022,0.4,0.6,8323.6352,256.96,318.6304,169.12640000000002,275.64799999999997,4.999999999,8.608066560000001,2.4190486528
Canterbury 014,E02005023,0.0,0.2,9253.4589,233.289,225.1746,149.1021,282.9897,10.0,12.283984440000001,2.8969179772
Canterbury 016,E02005025,0.8,1.0,9140.507,390.8876,450.27660000000003,305.5834,509.66560000000004,13.333333334,11.558719100000001,2.802633483
Canterbury 017,E02005026,0.6,0.8,6490.718600000001,439.2155,429.5447,307.0479,392.4733,6.999999999,10.39627118,2.6515152534
Canterbury 018,E02005027,0.6,0.8,3999.7644,362.2512,383.91959999999995,294.468,515.0412,12.333333333,10.59790332,2.6777274316
Canterbury 019,E02006855,0.2,0.4,6281.8158,201.318,185.3514,93.0228,179.7978,5.333333334,7.2950007,2.248350091
Canterbury 020,E02006856,0.4,0.6,11062.003999999999,391.3176,377.3872,269.7432,563.548,13.333333333,13.9918204,3.1189366520000004
Carlisle 001,E02003987,0.2,0.4,4438.6601,452.3246,439.1268,298.7502,370.1383,12.0,11.86572205,2.8425438665000002
Carlisle 002,E02003988,0.4,0.6,4831.223300000001,487.5852,506.9021,337.71270000000004,497.5767,9.333333333,12.449342390000002,2.9184145107000004
Carlisle 003,E02003989,0.6,0.8,5247.7029,467.7936,476.3508,418.5897,519.8498999999999,16.0,12.22659867,2.8894578271
Carlisle 004,E02003990,0.8,1.0,7746.379199999999,660.672,686.4795,449.05049999999994,780.4188,14.333333334,15.848076059999999,3.3602498878000002
Carlisle 005,E02003991,0.8,1.0,5470.4373,561.2244000000001,553.7214,409.66380000000004,507.2028000000001,12.999999999,11.498572590000002,2.7948144367000003
Carlisle 006,E02003992,0.2,0.4,6746.1276,440.3585,375.3336,245.2838,423.0734,14.666666667,12.9893411,2.988614343
Carlisle 007,E02003993,0.8,1.0,6108.067499999999,714.82,725.2299999999999,506.62,621.9975,19.333333335,14.087592749999999,3.1313870575
Carlisle 008,E02003994,0.2,0.4,5807.097599999999,323.2608,344.28000000000003,250.7808,524.0304,17.666666667,13.294281600000001,3.0282566080000004
Carlisle 009,E02003995,0.0,0.2,7955.051999999999,467.48400000000004,505.62600000000003,346.212,503.66999999999996,24.333333332,18.106105200000002,3.6537936760000003
Carlisle 010,E02003996,0.2,0.4,8266.392,411.201,373.644,237.861,339.93899999999996,13.666666666,12.60567,2.9387371
Carlisle 011,E02003997,0.0,0.2,7986.531600000001,490.7871,415.2078,284.1399,390.3336,14.333333334,15.994875960000002,3.3793338748000004
Carlisle 012,E02003998,0.2,0.4,5648.6716,303.952,366.8148,254.21439999999998,335.038,14.000000001,11.003407800000002,2.7304430140000004
Carlisle 013,E02003999,0.6,0.8,8166.291,657.8103,723.2694,495.7722,687.8571,17.666666666,16.7038746,3.4715036980000002
Castle Point 001,E02004473,0.6,0.8,6091.131,399.4704,539.7606,397.0926,499.338,13.000000001,12.263503499999999,2.8942554549999997
Castle Point 002,E02004474,0.6,0.8,5659.9056,465.8928,556.6112,422.0712,584.288,15.0,13.39372608,3.0411843904
Castle Point 003,E02004475,0.8,1.0,5160.2028,413.87640000000005,473.00159999999994,332.32439999999997,417.2744,13.0,9.57345724,2.5445494412
Castle Point 004,E02004476,0.8,1.0,6093.9897,428.99490000000003,583.3038,459.69509999999997,513.8244000000001,18.0,11.803338210000001,2.8344339673000003
Castle Point 005,E02004477,0.8,1.0,4063.1360000000004,421.27360000000004,504.4512,397.93600000000004,596.6048000000001,12.333333333,11.6227232,2.810954016
Castle Point 006,E02004478,0.4,0.6,4913.5256,358.985,399.4524,324.3919,529.9924,14.666666666,12.09609748,2.8724926724
Castle Point 007,E02004479,0.8,1.0,6338.5503,460.1169,569.908,411.5071,600.0796,16.0,12.62002599,2.9406033787
Castle Point 008,E02004480,0.4,0.6,5803.413600000001,462.0598,441.939,257.2588,221.3288,7.333333334,8.632398080000002,2.4222117504000003
Castle Point 009,E02004481,0.4,0.6,4260.9861,504.2268,728.7021,550.7397,696.3453000000001,19.333333333,16.86213963,3.4920781519000004
Castle Point 010,E02004482,0.0,0.2,6899.9056,419.0704,433.4048,297.64959999999996,381.9696,9.333333333,15.069501760000001,3.2590352288
Castle Point 011,E02004483,0.4,0.6,5958.0708,619.4936,666.701,486.98159999999996,551.5812,16.333333333,15.234076439999999,3.2804299372
Castle Point 012,E02004484,0.2,0.4,5855.7248,574.6272,670.3984,449.07840000000004,496.56160000000006,15.666666667,16.4356256,3.4366313280000007
Central Bedfordshire 001,E02003599,0.4,0.6,5063.5143,275.0683,242.39280000000002,151.4955,207.93500000000003,6.333333334,6.442955090000001,2.1375841617000004
Central Bedfordshire 002,E02003600,0.6,0.8,5361.36,391.8225,401.835,264.33000000000004,256.9875,8.0,8.1479055,2.3592277150000003
Central Bedfordshire 003,E02003601,0.8,1.0,5975.097000000001,485.4293,477.85630000000003,277.9291,356.68829999999997,5.999999999,9.0323171,2.474201223
Central Bedfordshire 004,E02003602,0.6,0.8,4541.4294,378.30039999999997,419.658,340.592,401.41200000000003,10.333333334,9.91615362,2.5890999706
Central Bedfordshire 005,E02003603,0.6,0.8,9011.946,502.581,490.7175,332.178,448.656,10.666666667,12.2677218,2.894803834
Central Bedfordshire 006,E02003604,0.6,0.8,8701.9534,402.821,380.3854,294.7222,418.11799999999994,9.333333333,11.01067862,2.7313882206000004
Central Bedfordshire 007,E02003605,0.8,1.0,7882.4256000000005,348.41519999999997,444.885,351.22499999999997,339.9858,7.333333333,9.44729688,2.5281485944
Central Bedfordshire 008,E02003606,0.6,0.8,6170.185200000001,473.89320000000004,515.3788000000001,333.4804,485.0624,10.666666666,11.863445560000002,2.8422479228000004
Central Bedfordshire 009,E02003607,0.6,0.8,8479.9988,450.7405,449.7276,345.39889999999997,403.1342,13.333333334,11.405861739999999,2.7827620262
Central Bedfordshire 010,E02003608,0.8,1.0,9723.008,638.176,568.32,397.82399999999996,511.488,11.333333334,12.9453824,2.982899712
Central Bedfordshire 011,E02003609,0.8,1.0,9739.5264,516.96,459.52,357.2768,414.7168,9.666666667,11.223086720000001,2.7590012736
Central Bedfordshire 012,E02003610,0.8,1.0,6871.098000000001,353.5857,383.67810000000003,289.2214,462.2527,12.0,10.0667437,2.6086766810000004
Central Bedfordshire 013,E02003611,0.8,1.0,7564.31,505.85150000000004,488.9585,344.4295,481.4505,9.333333334,11.277016,2.7660120800000003
Central Bedfordshire 014,E02003612,0.8,1.0,10243.664999999999,580.77,507.86999999999995,366.93,450.76499999999993,13.666666667,12.0434445,2.865647785
Central Bedfordshire 015,E02003613,0.6,0.8,4800.022499999999,259.6685,298.70750000000004,216.489,339.521,8.0,7.97134975,2.3362754675
Central Bedfordshire 016,E02003614,0.8,1.0,6432.0696,443.7504,359.00640000000004,197.22240000000002,272.7216,8.333333332,7.52118408,2.2777539304000003
Central Bedfordshire 017,E02003615,0.8,1.0,8041.989,541.9645,591.234,386.11199999999997,492.695,8.333333333,12.0291987,2.863795831
Central Bedfordshire 018,E02003636,0.8,1.0,5989.161599999999,324.82079999999996,396.756,308.50559999999996,396.756,8.666666667,9.14674608,2.4890769904
Central Bedfordshire 019,E02003637,0.6,0.8,7952.0616,588.816,585.7704,438.56640000000004,586.7856,12.666666666,14.553805680000002,3.1919947384
Central Bedfordshire 020,E02003638,0.8,1.0,6019.390200000001,489.81539999999995,508.38659999999993,314.1628,405.4712,8.0,9.833218259999999,2.5783183738
Central Bedfordshire 021,E02003639,0.4,0.6,7952.715400000001,398.7354,436.0272,294.50960000000003,480.9686,11.333333333,12.466075020000002,2.9205897526000006
Central Bedfordshire 022,E02003640,0.8,1.0,4735.9026,372.2731,420.7238,261.2658,342.8347,8.333333333,8.08427528,2.3509557864
Central Bedfordshire 023,E02003641,0.8,1.0,4380.230799999999,306.1392,363.8176,258.9982,236.8142,3.333333333,6.553930039999999,2.1520109052
Central Bedfordshire 024,E02003643,0.8,1.0,11616.197699999999,427.4217,390.8229,281.0265,356.83829999999995,7.666666667,10.451702309999998,2.6587213003
Central Bedfordshire 025,E02003642,0.2,0.4,8496.4506,362.47979999999995,280.87440000000004,162.2619,187.88219999999998,7.0,9.849582000000002,2.5804456600000005
Central Bedfordshire 026,E02003644,0.4,0.6,8348.0237,455.5605,351.7123,245.90470000000002,394.81910000000005,9.666666667,11.03563471,2.7346325123
Central Bedfordshire 027,E02003645,0.8,1.0,5709.5314,306.29330000000004,319.6104,239.70780000000002,433.1562,13.333333334,8.927924019999999,2.4606301226
Central Bedfordshire 028,E02003646,0.4,0.6,8666.405999999999,410.643,450.4815,322.79400000000004,364.67549999999994,8.666666666,11.5360038,2.799680494
Central Bedfordshire 029,E02003647,0.4,0.6,8296.515,355.49399999999997,419.046,299.886,558.066,9.000000001,13.372234500000001,3.0383904850000003
Central Bedfordshire 030,E02003648,0.2,0.4,4769.0552,232.95479999999998,202.34760000000003,142.26680000000002,321.3756,7.0,8.745157200000001,2.4368704360000004
Central Bedfordshire 031,E02003649,0.8,1.0,5372.4339,320.2571,472.4311,380.435,372.8263,9.0,9.20037087,2.4960482131
Central Bedfordshire 032,E02003650,0.6,0.8,5014.005000000001,510.416,555.4935,374.49,481.28899999999993,11.666666666,11.913636499999999,2.8487727449999998
Central Bedfordshire 033,E02003651,0.6,0.8,4844.1015,432.33750000000003,461.8005,326.655,340.10549999999995,8.666666667,9.53954295,2.5401405835
Charnwood 001,E02005345,0.6,0.8,5242.8673,431.5795,390.0688,257.6299,265.5367,9.0,8.20534759,2.3666951867000003
Charnwood 002,E02005346,0.0,0.2,11513.8943,449.1281,312.7167,217.48609999999996,375.77479999999997,19.0,16.74926088,3.4774039144
Charnwood 003,E02005347,0.4,0.6,10148.8464,319.9482,247.23270000000002,165.5676,303.16769999999997,11.333333332,9.30489912,2.5096368856
Charnwood 004,E02005348,0.6,0.8,4151.349,407.1843,450.9126,327.11039999999997,343.5795,10.333333334,9.2783502,2.5061855260000003
Charnwood 005,E02005349,0.6,0.8,5796.4554,428.1389,422.2437,331.60499999999996,392.0308,13.0,10.25455302,2.6330918926
Charnwood 006,E02005350,0.6,0.8,5047.1368,416.2654,428.60400000000004,268.8516,331.8434,11.999999999,9.05562324,2.4772310211999997
Charnwood 007,E02005351,0.8,1.0,11511.050200000001,258.6051,249.86,216.1289,258.6051,7.666666667,8.395545860000002,2.3914209618000006
Charnwood 008,E02005352,0.8,1.0,4983.09,415.044,370.8495,266.448,370.209,8.333333334,8.471253,2.40126289
Charnwood 009,E02005353,0.4,0.6,8885.016000000001,390.4488,369.9528,263.3736,338.184,8.666666667,10.564663200000002,2.673406216
Charnwood 010,E02005354,0.8,1.0,7991.095,545.055,484.155,412.09,715.575,11.0,14.3875235,3.1703780550000005
Charnwood 011,E02005355,0.8,1.0,5562.6369,431.0847,448.24230000000006,313.8411,393.9099,8.666666666,9.32965947,2.5128557311
Charnwood 012,E02005356,0.8,1.0,5665.7636,398.3168,461.286,342.6696,454.69620000000003,12.000000001,10.13394088,2.6174123144
Charnwood 013,E02005357,0.6,0.8,7028.2202,404.3336,366.74060000000003,243.1014,311.6042,7.333333333,9.02724886,2.4735423518
Charnwood 014,E02005358,0.6,0.8,9446.8337,526.286,533.1506,397.0027,541.1593,10.666666667,13.956990310000002,3.1144087403
Charnwood 015,E02005359,0.8,1.0,5205.2300000000005,395.96999999999997,442.87000000000006,304.84999999999997,350.40999999999997,7.666666666,8.618009,2.4203411700000004
Charnwood 016,E02005360,0.8,1.0,4858.2513,445.3561,438.14119999999997,336.4767,480.1188,9.666666666,10.18816029,2.6244608377
Charnwood 017,E02005361,0.6,0.8,5480.6230000000005,389.818,349.60949999999997,239.2065,356.4245,8.666666666,8.9389629,2.4620651770000004
Charnwood 018,E02005362,0.4,0.6,5827.4628999999995,371.6734,454.10679999999996,228.49960000000002,348.5342,13.333333333,9.86142087,2.5819847130999998
Charnwood 019,E02005363,0.8,1.0,6873.8346,414.3708,472.068,368.03819999999996,614.5626,11.333333334,12.43540758,2.9166029854
Charnwood 020,E02005364,0.8,1.0,4417.1466,285.882,234.63899999999998,189.3294,267.5424,10.0,6.25579938,2.1132539194
Charnwood 021,E02005365,0.4,0.6,8210.130000000001,569.59,507.78999999999996,475.85999999999996,537.66,17.0,14.940458999999999,3.24225967
Charnwood 022,E02005366,0.6,0.8,5644.4323,362.6571,437.0483,310.4402,397.70680000000004,7.0,10.09381289,2.6121956757
Chelmsford 001,E02004485,0.6,0.8,6495.0198,384.62039999999996,424.1904,254.83079999999998,355.3386,12.0,9.59738694,2.5476603022
Chelmsford 002,E02004486,0.8,1.0,6852.287200000001,427.8296,514.6229000000001,398.02180000000004,574.2385,15.333333333,12.247323660000001,2.8921520758000003
Chelmsford 003,E02004487,0.4,0.6,6099.907,400.41499999999996,397.39300000000003,297.667,358.8625,12.999999999,10.3127261,2.640654393
Chelmsford 004,E02004488,0.8,1.0,7277.405,493.551,484.56100000000004,272.397,462.086,12.0,10.584376500000001,2.675968945
Chelmsford 005,E02004489,0.6,0.8,7830.730799999999,402.1488,448.6938,287.6481,339.77849999999995,9.333333333,10.12409604,2.6161324852
Chelmsford 006,E02004490,0.2,0.4,7011.784799999999,318.1212,342.71819999999997,205.7949,319.7610000000001,14.666666667,11.1088251,2.7441472630000003
Chelmsford 007,E02004491,0.8,1.0,6356.671200000001,334.1952,389.8944,256.0616,400.7248,10.0,9.04346136,2.4756499768
Chelmsford 008,E02004492,0.6,0.8,8201.187199999998,348.7872,330.9728,189.3952,305.65760000000006,10.333333334,8.791031360000002,2.4428340768000005
Chelmsford 009,E02004493,0.4,0.6,9138.616399999999,366.5136,331.758,269.61920000000003,424.43960000000004,13.333333333,11.51263452,2.7966424876000002
Chelmsford 010,E02004494,0.6,0.8,10791.5724,316.4364,306.7372,238.84279999999998,474.04839999999996,9.999999999,11.506039719999999,2.7957851635999997
Chelmsford 011,E02004495,0.6,0.8,6259.334400000002,487.8624,551.9424,466.5024,778.3584,15.0,15.95574912,3.3742473856000004
Chelmsford 012,E02004496,0.8,1.0,6573.6528,310.8072,360.7296,287.45640000000003,520.9644000000001,10.0,10.48305984,2.6627977792
Chelmsford 013,E02004497,0.8,1.0,5769.334400000001,412.5452,538.5132,463.7197,688.8874999999999,14.333333333,13.529278119999999,3.0588061556
Chelmsford 014,E02004498,0.4,0.6,8197.8692,462.71790000000004,544.374,345.77829999999994,530.2606,14.333333334,14.00008956,3.1200116427999998
Chelmsford 015,E02004499,0.8,1.0,5406.3246,363.5593,405.8495,289.89250000000004,354.692,5.333333334,8.51178948,2.4065326324000003
Chelmsford 016,E02004500,0.8,1.0,6860.567499999999,568.5654999999999,650.579,501.296,634.9135,11.666666667,13.986987749999999,3.1183084075
Chelmsford 017,E02004501,0.6,0.8,5393.439,427.86899999999997,500.85,357.75,476.52299999999997,8.666666667,11.5076727,2.795997451
Chelmsford 018,E02004502,0.6,0.8,5183.167999999999,463.20640000000003,470.88000000000005,357.86879999999996,501.57439999999997,11.0,11.671545599999998,2.817300928
Chelmsford 019,E02004503,0.8,1.0,6331.338000000001,519.9298,566.0200000000001,305.6508,363.06139999999994,9.666666666,9.5932304,2.547119952
Chelmsford 020,E02004504,0.8,1.0,6568.8109,532.9762,477.4243,189.1985,283.39520000000005,11.666666666,8.05478397,2.3471219161
Chelmsford 021,E02004505,0.4,0.6,4146.8858,349.6753,464.70759999999996,305.0359,456.69540000000006,11.333333334,11.112806940000002,2.7446649022000003
Cheltenham 001,E02004600,0.4,0.6,4382.500499999999,321.4386,323.6478,239.6982,255.16260000000003,6.0,7.7523589500000005,2.3078066635
Cheltenham 002,E02004601,0.8,1.0,3540.801,377.3714,470.53659999999996,314.03999999999996,531.7744,11.666666667,10.1777747,2.6231107110000003
Cheltenham 003,E02004602,0.2,0.4,5402.349399999999,318.4006,302.7094,239.94460000000004,274.59599999999995,9.666666667,9.8419783,2.5794571790000003
Cheltenham 004,E02004603,0.2,0.4,7478.5568,266.60920000000004,291.0765,139.2105,261.547,7.333333333,9.816449500000001,2.5761384350000003
Cheltenham 005,E02004604,0.0,0.2,7004.2613,346.6813,251.689,228.1439,289.8483,10.666666666,12.26959518,2.8950473733999997
Cheltenham 006,E02004605,0.0,0.2,4739.8114000000005,282.76959999999997,270.2274,202.9556,205.80610000000001,10.333333334,9.499234240000002,2.5349004512000004
Cheltenham 007,E02004606,0.4,0.6,8659.2813,385.9346,365.72860000000003,228.3278,462.71740000000005,14.0,11.755143590000001,2.8281686667000003
Cheltenham 008,E02004607,0.6,0.8,7948.8405,473.49899999999997,439.9515,285.633,438.03450000000004,12.0,11.338000650000001,2.7739400845000004
Cheltenham 009,E02004608,0.6,0.8,8464.603799999999,462.06680000000006,484.0202,327.21020000000004,716.099,17.333333333,14.91273554,3.2386556202000003
Cheltenham 010,E02004609,0.8,1.0,5419.3788,375.6984,391.94100000000003,387.7038,487.9842,8.333333333,10.46743764,2.6607668932
Cheltenham 011,E02004610,0.8,1.0,5635.0181999999995,428.2092,531.0408,402.11760000000004,676.8468,12.666666667,13.064908260000001,2.9984380738
Cheltenham 012,E02004611,0.8,1.0,9306.7426,531.0944,552.8418,392.59779999999995,665.0126,18.0,14.238022780000001,3.1509429614
Cheltenham 013,E02004612,0.8,1.0,6942.615900000001,519.9842,543.8704,480.4801,699.1307,13.333333333,14.303332170000001,3.1594331821
Cheltenham 014,E02004613,0.8,1.0,4751.916,427.284,420.81,360.60179999999997,512.0934,11.000000001,10.5577992,2.672513896
Cheltenham 015,E02004614,0.8,1.0,4122.5472,326.5164,372.05100000000004,241.0002,489.7746,7.666666667,9.226420560000001,2.4994346728000005
Cherwell 001,E02005921,0.6,0.8,4176.8045,382.184,362.186,269.973,365.519,6.333333333,8.83672735,2.4487745555
Cherwell 002,E02005922,0.6,0.8,7211.1768,320.8083,309.2625,221.0196,184.7328,7.666666667,7.179178439999999,2.2332931972
Cherwell 003,E02005923,0.2,0.4,4983.3245,237.75289999999998,234.1955,168.3836,305.3435,9.000000001,8.98451015,2.4679863195
Cherwell 004,E02005924,0.2,0.4,10240.2989,349.4309,296.0295,253.0762,467.84270000000004,16.666666666,14.738205950000001,3.2159667735
Cherwell 005,E02005925,0.0,0.2,7297.258400000001,361.2925,332.38910000000004,244.8288,266.9314,10.666666666,12.76374144,2.9592863872
Cherwell 006,E02005926,0.6,0.8,6009.047099999999,472.2624,572.2902,446.0256,699.3747,16.0,14.959649429999999,3.2447544259
Cherwell 007,E02005927,0.8,1.0,4009.3296,281.438,339.27479999999997,232.8964,302.094,7.333333333,6.93174048,2.2011262624
Cherwell 008,E02005928,0.8,1.0,7381.753499999999,481.7685,578.3115,456.213,568.8465,8.666666667,12.87306255,2.9734981315000004
Cherwell 009,E02005929,0.6,0.8,5096.2752,461.11120000000005,549.76,342.2256,424.0024,7.666666666,11.025299360000002,2.7332889168000003
Cherwell 010,E02005930,0.6,0.8,6379.557900000001,477.2982,535.5253,340.3415,465.81679999999994,10.0,11.836257269999999,2.8387134451
Cherwell 011,E02005931,0.6,0.8,8568.0,425.37600000000003,431.424,241.92000000000002,414.28799999999995,10.333333334,10.913616,2.71877008
Cherwell 012,E02005932,0.8,1.0,5955.6642999999995,273.17109999999997,195.6947,154.2849,100.8529,3.666666666,4.60523729,1.8986808477000001
Cherwell 013,E02005933,0.6,0.8,6131.649600000001,373.55760000000004,343.34880000000004,231.35519999999997,286.6152,14.000000001,8.269548480000001,2.3750413024
Cherwell 014,E02005934,0.6,0.8,7069.144,463.406,466.93,326.851,482.78799999999995,11.999999999,11.8601982,2.841825766
Cherwell 015,E02005935,0.8,1.0,6818.7264,245.952,217.0624,199.10399999999998,327.15520000000004,9.0,7.56587392,2.2835636096
Cherwell 016,E02005936,0.6,0.8,9557.394,532.8204000000001,535.122,401.6292,479.8836,10.999999999,13.3602126,3.036827638
Cherwell 017,E02005937,0.6,0.8,4985.76,410.72,405.28000000000003,352.92,646.0,11.666666667,12.808888,2.96515544
Cherwell 018,E02005938,0.6,0.8,4530.9375,294.1875,252.5625,183.9375,362.8125,6.666666666,7.86853125,2.3229090625
Cherwell 019,E02005939,0.8,1.0,5242.4757,392.32620000000003,376.82189999999997,244.6983,484.67789999999997,5.666666667,9.665987309999998,2.5565783502999997
Cheshire East 001,E02003853,0.8,1.0,4366.0289,378.3125,456.39619999999996,314.15070000000003,537.5064,10.666666667,10.462549970000001,2.6601314961
Cheshire East 002,E02003854,0.8,1.0,4518.4204,469.31519999999995,524.1948,353.248,442.19079999999997,6.0,9.972884919999998,2.5964750395999996
Cheshire East 003,E02003855,0.8,1.0,4378.192,471.9936,579.6751999999999,465.5456,550.6592,15.666666666,11.8017744,2.8342306720000003
Cheshire East 004,E02003856,0.4,0.6,8632.913400000001,539.2194,587.8464,403.0638,642.957,17.666666667,16.15356522,3.3999634786
Cheshire East 005,E02003857,0.6,0.8,5322.6875,364.2356,405.5069,188.0137,270.5563,7.333333333,7.86349285,2.3222540705
Cheshire East 006,E02003858,0.8,1.0,5261.8796,373.8594,433.7326,286.1382,605.694,13.333333334,11.287072879999998,2.7673194744
Cheshire East 007,E02003859,0.6,0.8,8596.5208,782.364,870.0836,659.0824,942.393,27.333333334,21.285753640000003,4.067147973200001
Cheshire East 008,E02003860,0.8,1.0,5506.079500000001,373.1605,439.516,304.66450000000003,511.5794999999999,9.666666667,10.42787385,2.6556236005000002
Cheshire East 009,E02003861,0.6,0.8,4930.698200000001,324.7842,372.8292,327.98720000000003,450.34180000000003,12.333333334,10.213790460000002,2.6277927598
Cheshire East 010,E02003863,0.8,1.0,4962.399399999999,414.94120000000004,429.8088,376.4206,575.1058,16.0,11.38648662,2.7802432606
Cheshire East 011,E02003862,0.8,1.0,3348.1358000000005,404.5174,431.6216,365.65099999999995,563.5627999999999,7.666666667,10.704164539999997,2.6915413902
Cheshire East 012,E02003864,0.8,1.0,5990.354,523.099,572.8389999999999,395.433,807.446,23.333333334,14.848053199999999,3.230246916
Cheshire East 013,E02003865,0.8,1.0,6135.0612,476.88,541.2588,333.0212,461.7788,9.666666667,10.621468759999999,2.6807909388
Cheshire East 014,E02003866,0.8,1.0,4447.9617,368.6514,409.2855,297.9834,365.118,3.000000001,8.396477310000002,2.3915420503
Cheshire East 015,E02003867,0.6,0.8,6050.9922,409.9157,426.5851,275.0451,414.4619,9.333333333,10.27577586,2.6358508618
Cheshire East 016,E02003868,0.4,0.6,6650.761199999999,440.7831,440.7831,288.04470000000003,480.6279,11.333333333,12.135729959999999,2.8776448948
Cheshire East 017,E02003869,0.8,1.0,5404.9788,399.65639999999996,458.0732,346.22639999999996,515.0652,11.0,10.73380204,2.6953942652
Cheshire East 018,E02003870,0.4,0.6,8609.993999999999,480.8718,454.9068,313.6572,526.5702,18.666666668,13.5651546,3.063470098
Cheshire East 019,E02003871,0.2,0.4,5207.2692,405.57779999999997,399.5244,291.2358,423.738,13.333333334,12.5419722,2.9304563860000004
Cheshire East 020,E02003872,0.6,0.8,6709.0292,692.4588,747.7792,603.7554,784.9774,18.0,18.04227156,3.6454953027999997
Cheshire East 021,E02003873,0.2,0.4,4965.3901,280.8573,286.8203,180.0826,249.84969999999998,10.333333333,8.73132275,2.4350719575
Cheshire East 022,E02003811,0.6,0.8,4708.2955,449.17850000000004,513.8085,363.86690000000004,427.20429999999993,8.666666666,10.88466145,2.7150059884999997
Cheshire East 023,E02003812,0.8,1.0,4282.3818,352.48179999999996,516.933,336.1576,557.4412,8.666666667,10.83618534,2.7087040942
Cheshire East 024,E02003813,0.6,0.8,4474.288,456.6478,433.9076,304.84159999999997,476.9296,13.000000001,10.761645999999999,2.69901398
Cheshire East 025,E02003814,0.4,0.6,6772.701599999999,397.6938,333.396,213.5322,220.67639999999997,10.666666666,8.09009208,2.3517119704000002
Cheshire East 026,E02003815,0.2,0.4,5678.286,374.2588,391.4332,294.1116,416.4792,8.666666666,12.584183800000002,2.935943894
Cheshire East 027,E02003816,0.4,0.6,5426.4041,416.70459999999997,481.4147,352.7056,433.771,14.666666667,11.70847483,2.8221017279
Cheshire East 028,E02003817,0.8,1.0,4869.816,508.3344,540.708,392.61600000000004,575.8367999999999,14.333333333,11.856314399999999,2.841320872
Cheshire East 029,E02003818,0.8,1.0,3846.5000000000005,468.7235,454.43649999999997,357.175,369.26399999999995,14.0,8.848049,2.4502463700000003
Cheshire East 030,E02003819,0.8,1.0,4184.0667,395.9931,517.3749,403.8048,507.1596,17.0,10.679735610000002,2.6883656293000002
Cheshire East 031,E02003820,0.8,1.0,7551.469,372.7384,347.2445,249.6644,270.7628,9.333333334,7.9321193,2.3311755090000004
Cheshire East 032,E02003821,0.4,0.6,3867.7295999999997,363.5366,386.0234,324.4524,411.7226,11.666666668,10.31887128,2.6414532664
Cheshire East 033,E02003822,0.6,0.8,7754.6963000000005,786.9732,867.6057,630.0086,711.7162,18.0,18.34969929,3.6854609077000005
Cheshire East 034,E02003825,0.8,1.0,5544.237400000001,313.9454,259.59639999999996,141.9468,132.99519999999998,7.666666667,4.98303602,1.9477946826
Cheshire East 035,E02003826,0.0,0.2,6707.7118,342.7298,326.14610000000005,227.43359999999998,293.7684,10.0,12.48626258,2.9232141354000003
Cheshire East 036,E02003827,0.0,0.2,8178.4752,397.4712,355.1256,303.156,388.80960000000005,12.666666667,15.457876320000002,3.3095239216000003
Cheshire East 037,E02003828,0.2,0.4,5856.3192,269.3436,310.8876,203.5656,283.884,11.666666666,9.811308,2.57547004
Cheshire East 038,E02003829,0.6,0.8,4166.999199999999,410.83899999999994,407.96599999999995,356.82660000000004,403.9438,13.666666667,9.93115656,2.5910503528
Cheshire East 039,E02003830,0.0,0.2,7079.0324,299.1483,245.6421,184.02890000000002,298.3376,15.000000001,11.839624940000002,2.8391512422000003
Cheshire East 040,E02003823,0.6,0.8,4537.002100000001,404.14509999999996,533.4193,453.76550000000003,600.0151000000001,10.666666666,13.172061630000002,3.0123680119000005
Cheshire East 041,E02003831,0.8,1.0,7284.3544,593.8436,622.4395999999999,467.06800000000004,564.2944,14.666666666,13.160451120000001,3.0108586456
Cheshire East 042,E02003824,0.8,1.0,4104.224999999999,305.805,383.59749999999997,263.4215,306.878,7.0,7.3028379999999995,2.24936894
Cheshire East 043,E02003832,0.2,0.4,5727.700000000001,198.755,180.34,93.98,149.225,9.333333334,6.630035,2.16190455
Cheshire East 044,E02003833,0.4,0.6,4880.0475,324.40500000000003,319.545,244.82250000000002,306.7875,10.333333333,8.54138925,2.4103806025
Cheshire East 045,E02003834,0.2,0.4,6247.412600000001,255.6834,266.4264,153.98299999999998,239.92700000000002,9.666666667,8.9134671,2.458750723
Cheshire East 046,E02003835,0.8,1.0,5376.2401,578.6088,636.1586,522.6143999999999,663.3781,15.333333333,13.95263793,3.1138429309
Cheshire East 047,E02003836,0.4,0.6,4831.5105,458.34720000000004,578.5236,373.8045,744.8142,16.0,15.860839350000001,3.3619091155000005
Cheshire East 048,E02003838,0.8,1.0,5150.034,400.356,453.602,349.132,386.202,9.0,9.2468082,2.5020850660000002
Cheshire East 049,E02003837,0.8,1.0,11482.771200000001,633.3224,717.6732000000001,464.6208,529.6124,16.333333333,14.295662960000001,3.1584361848
Cheshire East 050,E02003839,0.4,0.6,5000.598000000001,429.2298,527.6835,437.0211,687.7592999999999,15.666666667,15.3446112,3.294799456
Cheshire East 051,E02003840,0.6,0.8,7359.8495,880.648,793.414,565.9825,787.1830000000001,16.666666667,18.63183235,3.7221382055000003
Cheshire West and Chester 001,E02003841,0.4,0.6,5633.6841,559.1883,625.4390999999999,455.86859999999996,613.6086,11.0,15.408753030000002,3.3031378939000007
Cheshire West and Chester 002,E02003874,0.6,0.8,6819.1371,590.1444,662.5206000000001,488.0754,716.3387999999999,12.666666666,16.19621613,3.4055080969000002
Cheshire West and Chester 003,E02003875,0.8,1.0,4331.2736,509.5616,539.2448,384.6448,419.8936,13.333333334,9.93904848,2.5920763024
Cheshire West and Chester 004,E02003842,0.8,1.0,3598.7076,442.53000000000003,504.7524,339.54119999999995,480.078,13.0,9.95274108,2.5938563404
Cheshire West and Chester 005,E02003843,0.2,0.4,4615.465200000001,368.5014,332.30400000000003,229.64579999999998,388.677,9.333333333,11.0140974,2.7318326620000004
Cheshire West and Chester 006,E02003844,0.8,1.0,4615.8048,488.36159999999995,576.9756,383.994,498.20759999999996,11.333333333,10.915669439999999,2.7190370271999997
Cheshire West and Chester 007,E02003845,0.0,0.2,7901.9766,379.0113,276.3056,174.50879999999998,358.10659999999996,12.333333333,13.536611259999997,3.0597594638
Cheshire West and Chester 008,E02003846,0.0,0.2,5846.4836000000005,282.572,256.38239999999996,211.58440000000002,295.6668,12.666666666,11.231754560000002,2.7601280928000005
Cheshire West and Chester 009,E02003847,0.8,1.0,7476.056,577.8639999999999,628.32,365.568,472.192,9.666666667,11.6771368,2.818027784
Cheshire West and Chester 010,E02003848,0.0,0.2,4099.2588000000005,246.6516,227.9888,175.53119999999998,294.0652,5.666666667,9.59025808,2.5467335504
Cheshire West and Chester 011,E02003849,0.0,0.2,6371.7183,281.4194,297.6268,195.22549999999998,222.4834,8.000000001,10.754641280000001,2.6981033664000003
Cheshire West and Chester 012,E02003876,0.6,0.8,4234.8308,350.8272,372.4832,240.38160000000002,214.9358,10.666666666,7.02823824,2.2136709712
Cheshire West and Chester 013,E02003850,0.6,0.8,3832.1846999999993,360.9919,358.9667,232.898,279.4776,7.666666667,7.546249609999999,2.2810124493
Cheshire West and Chester 014,E02003851,0.6,0.8,4269.642,320.30699999999996,391.3,253.78600000000003,354.96500000000003,8.0,8.6602516,2.425832708
Cheshire West and Chester 015,E02003877,0.8,1.0,6699.1268,640.6092,715.4856,490.8564,696.9975999999999,18.0,14.843183239999998,3.2296138212
Cheshire West and Chester 016,E02003852,0.8,1.0,4858.97,432.843,406.316,339.028,434.13700000000006,9.666666666,9.606656000000001,2.5488652800000002
Cheshire West and Chester 017,E02003878,0.6,0.8,6598.308599999999,599.1327,594.7722,375.8751,552.0392999999999,13.666666667,13.508654579999998,3.0561250953999997
Cheshire West and Chester 018,E02003879,0.2,0.4,7232.9742,284.08709999999996,292.4181,191.613,329.0745,8.333333333,10.9286058,2.720718754
Cheshire West and Chester 019,E02003880,0.4,0.6,4771.3536,436.57379999999995,442.8918,311.4774,356.3352,15.333333334,10.22100768,2.6287309984
Cheshire West and Chester 020,E02003881,0.2,0.4,4918.1048,335.29839999999996,313.972,165.27960000000002,190.7528,9.000000001,8.1668264,2.361687432
Cheshire West and Chester 021,E02003882,0.2,0.4,7610.958,509.25239999999997,459.16200000000003,280.1352,416.4924,15.333333334,14.128739399999999,3.136736122
Cheshire West and Chester 022,E02003794,0.4,0.6,6699.5075,533.3419,639.8357000000001,395.4237,460.89119999999997,15.000000001,13.53911545,3.0600850085
Cheshire West and Chester 023,E02003883,0.8,1.0,8254.6612,526.1646000000001,602.9618,437.95160000000004,559.3742000000001,18.333333333,13.077525360000003,3.0000782968000004
Cheshire West and Chester 024,E02003884,0.8,1.0,5936.7195,610.0577999999999,651.2325,492.4158,713.4147,17.333333333,14.61323715,3.1997208295000004
Cheshire West and Chester 025,E02003795,0.6,0.8,4253.900000000001,386.456,395.108,286.6696,445.86640000000006,15.666666666,9.967392400000001,2.5957610120000005
Cheshire West and Chester 026,E02003885,0.8,1.0,4505.12,358.752,409.07199999999995,290.67199999999997,355.79200000000003,9.0,8.254256,2.37305328
Cheshire West and Chester 027,E02003796,0.4,0.6,5447.053999999999,406.28000000000003,429.49600000000004,351.142,619.577,15.999999999,13.7064362,3.0818367060000003
Cheshire West and Chester 028,E02003797,0.8,1.0,8045.5883,498.96700000000004,525.4428,382.8808,730.1211000000002,14.0,14.408232190000003,3.1730701847000002
Cheshire West and Chester 029,E02003798,0.0,0.2,5092.076,292.9771,278.9678,216.23049999999998,210.13949999999997,8.0,9.9502576,2.5935334880000003
Cheshire West and Chester 030,E02003800,0.8,1.0,4937.4864,436.5648,523.3312,407.1872,527.4304,10.333333334,11.238708319999999,2.7610320816
Cheshire West and Chester 031,E02003799,0.0,0.2,5793.8397,324.6762,365.7924,236.77259999999998,367.9191,10.000000001,13.00108422,2.9901409485999997
Cheshire West and Chester 032,E02003801,0.6,0.8,5390.1872,380.508,371.5952,283.8384,428.5,8.333333333,9.99714496,2.5996288448
Cheshire West and Chester 033,E02003802,0.2,0.4,7268.218199999998,413.4248,382.7683,265.3977,428.3151,14.0,13.4030218,3.042392834
Cheshire West and Chester 034,E02003803,0.4,0.6,8663.186399999999,324.52320000000003,315.61859999999996,229.5408,361.13100000000003,12.0,10.22129352,2.6287681576
Cheshire West and Chester 035,E02003886,0.2,0.4,5517.988,321.10400000000004,275.044,205.296,261.226,8.333333333,9.394266,2.52125458
Cheshire West and Chester 036,E02003804,0.6,0.8,5382.7119999999995,323.56899999999996,299.18600000000004,198.35899999999998,386.174,5.333333333,8.6984046,2.430792598
Cheshire West and Chester 037,E02003887,0.4,0.6,5254.821,348.777,366.1515,258.0435,207.207,9.333333333,7.7733513,2.310535669
Cheshire West and Chester 038,E02003888,0.0,0.2,5260.6826,261.0238,309.527,209.32960000000003,342.7134,15.0,11.58703156,2.8063141028
Cheshire West and Chester 039,E02003805,0.8,1.0,4558.089599999999,412.4344,453.1764,376.08,466.96600000000007,10.666666667,10.11567448,2.6150376823999997
Cheshire West and Chester 040,E02003889,0.0,0.2,4694.879,225.3769,248.0849,238.43400000000003,270.7929,9.666666666,10.1027892,2.613362596
Cheshire West and Chester 041,E02003806,0.8,1.0,5982.420300000001,387.4644,364.93739999999997,287.5947,488.08500000000004,8.666666667,10.106438190000002,2.6138369647000004
Cheshire West and Chester 042,E02003890,0.2,0.4,5165.6212,314.1384,294.5836,266.8284,266.1976,9.0,9.7657302,2.569544926
Cheshire West and Chester 043,E02003807,0.8,1.0,5738.575400000001,457.13939999999997,635.0488,486.658,659.7805999999999,13.666666666,13.59682562,3.0675873306000003
Cheshire West and Chester 044,E02003808,0.2,0.4,5500.3772,324.84839999999997,302.8028,166.6388,189.3328,5.0,8.3744102,2.388673326
Cheshire West and Chester 045,E02003891,0.8,1.0,4237.0506,415.1508,492.3186,382.2498,455.2302,11.333333333,10.00483518,2.6006285734
Cheshire West and Chester 046,E02003809,0.6,0.8,5697.7584,505.8246,598.8588,420.6084,594.168,10.333333334,13.75530192,3.0881892496
Cheshire West and Chester 047,E02003810,0.6,0.8,6549.458699999999,617.4723,633.4185,448.2654,608.6133,8.333333333,14.66952951,3.2070388363
Chesterfield 001,E02004055,0.2,0.4,5502.5124,417.48629999999997,466.89719999999994,315.084,458.30400000000003,12.666666666,13.5765399,3.064950187
Chesterfield 002,E02004056,0.0,0.2,6636.331,381.9244,345.62579999999997,239.09730000000002,288.02150000000006,12.333333333,12.7494887,2.9574335310000004
Chesterfield 003,E02004057,0.2,0.4,6700.7826000000005,401.7482,323.9144,203.6258,232.7152,10.666666667,10.069256500000002,2.6090033450000005
Chesterfield 004,E02004058,0.0,0.2,6117.8593,407.7549,435.3993,324.0538,393.9327,20.000000001,14.88205558,3.2346672254
Chesterfield 005,E02004059,0.4,0.6,5331.4765,461.426,481.48799999999994,361.116,528.777,14.666666667,12.960266950000001,2.9848347035000002
Chesterfield 006,E02004060,0.2,0.4,5854.3892000000005,467.3768,496.3024,359.2864,434.6452,16.333333334,14.045281800000001,3.1258866340000004
Chesterfield 007,E02004061,0.2,0.4,6007.5815999999995,396.3546,384.2058,338.6478,465.45089999999993,12.333333333,13.685623199999998,3.079131016
Chesterfield 008,E02004062,0.2,0.4,5895.0242,554.2862,527.8546,379.37120000000004,417.4638,13.333333333,14.386953100000001,3.170303903
Chesterfield 009,E02004063,0.6,0.8,5809.951399999999,488.7762,554.4209,420.75879999999995,634.3018,13.333333333,14.019335219999999,3.1225135786
Chesterfield 010,E02004064,0.2,0.4,8395.251199999999,380.464,318.81919999999997,198.4192,337.12,11.000000001,12.048668799999998,2.866326944
Chesterfield 011,E02004065,0.8,1.0,5510.3072,718.168,707.5587,505.98199999999997,716.5358,16.333333333,14.91634936,3.2391254168000003
Chesterfield 012,E02004066,0.4,0.6,9122.4144,611.1936000000001,719.6687999999999,517.8816,692.8416,14.666666666,18.25917552,3.6736928176
Chesterfield 013,E02004067,0.0,0.2,5265.0225,345.1725,354.96,254.475,304.71750000000003,10.666666666,12.097611,2.8726894300000003
Chichester 001,E02006561,0.6,0.8,5271.1742,375.5423,456.35519999999997,321.8934,366.71400000000006,7.666666666,9.801178660000001,2.5741532258000004
Chichester 002,E02006562,0.6,0.8,4427.0376,426.49920000000003,423.48720000000003,363.2472,383.12640000000005,10.333333334,9.90568488,2.5877390344
Chichester 003,E02006563,0.6,0.8,4206.4397,441.3333,404.9951,337.5936,471.8105000000001,10.0,10.64246241,2.6835201133
Chichester 004,E02006564,0.6,0.8,5467.7056,578.7389999999999,616.5341999999999,488.97540000000004,722.8331999999999,12.0,15.659968679999999,3.3357959283999996
Chichester 005,E02006565,0.4,0.6,5582.019,577.812,681.9150000000001,491.463,736.7909999999999,15.333333333,17.3481597,3.5552607610000004
Chichester 006,E02006566,0.6,0.8,5514.5891,588.1376,618.5033999999999,467.4735,802.2964000000001,18.333333333,16.467293429999998,3.4407481458999998
Chichester 007,E02006567,0.6,0.8,5373.6672,534.5494,557.5328000000001,399.61460000000005,548.6360000000001,15.333333333,12.94439916,2.9827718908
Chichester 008,E02006568,0.4,0.6,9581.1905,579.8415,577.4404999999999,451.38800000000003,813.939,19.333333332,18.819398149999998,3.7465217595
Chichester 009,E02006569,0.8,1.0,6039.012,582.7562,637.7332,509.17159999999996,691.0186,19.333333333,14.399745,3.17196685
Chichester 010,E02006570,0.4,0.6,6987.835800000001,430.26059999999995,506.40479999999997,436.68240000000003,813.7338,20.333333333,17.367391140000002,3.5577608482
Chichester 011,E02006571,0.8,1.0,6591.592100000001,533.9779,557.7298,453.9252,660.6547,19.333333333,13.69772073,3.0807036949000004
Chichester 012,E02006572,0.4,0.6,8287.7639,572.9633,568.8189,394.7541,534.6276,17.333333332,14.691587170000002,3.2099063321
Chichester 013,E02006573,0.6,0.8,7256.5768,837.0823999999999,1020.3688000000001,856.0816,1208.1256,29.666666667,25.50240264,4.6153123432
Chichester 014,E02006574,0.4,0.6,6707.2698,959.2568,1131.3208,742.0260000000001,1213.0512,40.333333332,27.46474814,4.870417258200001
Chiltern 001,E02003676,0.8,1.0,5934.8322,493.64639999999997,521.3349,416.1186,547.4412,9.666666666,11.912858459999999,2.8486715998000003
Chiltern 002,E02003677,0.6,0.8,8490.256800000001,425.8404,462.6036,319.6356,511.6212,11.333333333,12.475183439999999,2.9217738472
Chiltern 003,E02003678,0.8,1.0,4708.93,295.3275,265.03749999999997,194.555,359.4025,8.0,7.459611499999999,2.269749495
Chiltern 004,E02003679,0.6,0.8,5785.2852,259.7304,290.4512,248.5592,397.27580000000006,9.000000001,9.02968096,2.4738585248000002
Chiltern 005,E02003680,0.8,1.0,7231.226000000001,553.124,629.517,498.005,758.1279999999999,10.999999999,15.364082799999998,3.297330764
Chiltern 006,E02003681,0.8,1.0,8339.510699999999,487.95570000000004,511.1415,402.58979999999997,795.6945000000002,9.666666666,15.26563611,3.2845326943
Chiltern 007,E02003682,0.8,1.0,6167.34,361.665,410.3946,309.8898,366.9948,4.0,8.980713,2.4674926900000003
Chiltern 008,E02003683,0.8,1.0,5783.583,339.998,371.1042,271.9984,468.03980000000007,4.999999999,9.6657091,2.5565421830000004
Chiltern 010,E02003685,0.8,1.0,6220.7552,412.0929,476.3569,373.5345,547.8506,9.0,11.537155259999999,2.7998301838
Chiltern 011,E02003686,0.8,1.0,5435.539199999999,376.7421,424.6515,354.23920000000004,667.828,8.666666666,12.35075296,2.9055978847999997
Chiltern 012,E02003687,0.8,1.0,4619.032999999999,296.4148,295.2432,217.33180000000002,430.563,12.333333333,8.391877899999999,2.390944127
Chiltern 013,E02006823,0.8,1.0,6459.771,546.7379999999999,587.172,416.64599999999996,778.7940000000001,13.333333333,14.8557153,3.231242989
Chorley 001,E02005189,0.0,0.2,4566.954000000001,290.8254,272.5797,176.928,220.60710000000003,13.666666667,9.4429791,2.527587283
Chorley 002,E02005190,0.8,1.0,4676.2416,421.84319999999997,421.23359999999997,288.9504,287.1216,9.666666666,7.692115680000001,2.2999750384000004
Chorley 003,E02005191,0.6,0.8,7247.4302,561.9371,628.8562,342.8458,386.8474,12.666666666,11.783078459999999,2.8318001998
Chorley 004,E02005192,0.8,1.0,7593.3189,412.4567,401.7203,253.2001,287.1987,8.333333333,8.33153587,2.3830996631000003
Chorley 005,E02005193,0.8,1.0,6144.5809,572.8486,628.6562,436.6124,423.4812,13.0,11.087739070000001,2.7414060791000003
Chorley 006,E02005194,0.2,0.4,6085.0272,466.1408,462.2038,372.4402,486.6132,15.666666666,14.736191,3.21570483
Chorley 007,E02005195,0.6,0.8,6373.0419999999995,470.704,498.914,309.50399999999996,409.448,10.0,10.9004246,2.7170551979999997
Chorley 008,E02005196,0.8,1.0,8287.1362,523.8576,607.0096,420.957,556.0790000000001,14.333333333,12.969529260000002,2.9860388038000005
Chorley 009,E02005197,0.2,0.4,6176.898,337.5918,330.9579,255.0366,270.5157,10.333333334,10.4565006,2.6593450780000003
Chorley 010,E02005198,0.2,0.4,7999.344499999999,406.2205,504.14,341.264,445.0005,14.666666667,14.96374775,3.2452872075
Chorley 011,E02005199,0.8,1.0,5672.0168,492.416,626.2916,441.6356,461.64,10.000000001,11.22523824,2.7592809712
Chorley 012,E02005200,0.2,0.4,8219.961299999999,379.58570000000003,331.5488,202.5085,285.39570000000003,10.0,11.41724085,2.7842413105
Chorley 013,E02005201,0.4,0.6,6609.5205000000005,472.758,437.2185,363.65999999999997,382.6695,12.0,11.45124015,2.7886612195000002
Chorley 014,E02005202,0.6,0.8,7734.8568000000005,605.1697,690.0349,504.1397,569.8092,17.0,15.07953574,3.2603396462000003
Christchurch 001,E02004236,0.6,0.8,4190.0376,435.1473,517.0788,378.7056,548.6376,12.333333333,12.124162680000001,2.8761411484000003
Christchurch 002,E02004237,0.6,0.8,6127.0482,450.78389999999996,557.5269000000001,419.58209999999997,656.0589,21.333333333,14.28434826,3.1569652738
Christchurch 003,E02004238,0.8,1.0,4145.196999999999,557.993,857.422,673.9010000000001,1196.2299999999998,26.666666667,20.602424099999997,3.9783151329999997
Christchurch 004,E02004239,0.8,1.0,3875.0739999999996,446.684,594.776,458.122,645.3439999999999,12.999999999,12.634836199999999,2.942528706
Christchurch 005,E02004240,0.2,0.4,5288.7088,308.6096,322.72479999999996,199.5376,295.7776,9.333333334,9.8071768,2.574932984
Christchurch 006,E02004241,0.6,0.8,7003.284,532.28,619.726,496.16100000000006,853.5489999999999,19.666666668,17.514293199999997,3.5768581159999995
Christchurch 007,E02004242,0.8,1.0,3700.3419,587.6901,689.7861,577.4805,826.3395,24.0,15.64219197,3.3334849561000004
City of London 001,E02000001,0.6,0.8,7327.8402,403.9584,376.96979999999996,238.5444,356.946,9.333333333,9.63327606,2.5523258878000004
Colchester 001,E02004506,0.6,0.8,5480.7390000000005,464.3103,520.6341,316.27979999999997,439.03679999999997,9.666666666,11.0661825,2.738603725
Colchester 002,E02004507,0.4,0.6,8920.969200000001,343.1142,351.1638,174.0726,269.6616,8.666666667,9.04754916,2.4761813908
Colchester 003,E02004508,0.8,1.0,4897.1247,410.9703,453.30479999999994,337.3734,414.2268,8.333333333,9.441049410000002,2.5273364233000004
Colchester 004,E02004509,0.6,0.8,12823.153199999999,343.5276,367.4619,242.1588,304.1064,7.333333334,10.559813160000001,2.6727757108000003
Colchester 007,E02004512,0.4,0.6,9752.073999999999,396.632,464.65900000000005,338.98199999999997,578.8059999999999,17.000000001,14.5570862,3.192421206
Colchester 008,E02004513,0.0,0.2,12146.739800000001,320.42400000000004,332.43989999999997,277.7008,273.69550000000004,12.666666666,15.780614980000005,3.3514799474000005
Colchester 009,E02004514,0.6,0.8,4453.6828000000005,276.5658,330.96279999999996,243.35500000000002,422.0061999999999,9.0,9.07193084,2.4793510092
Colchester 010,E02004515,0.6,0.8,6603.832799999999,468.882,458.1882,315.8784,376.7508,10.666666666,10.475317440000001,2.6617912672000004
Colchester 011,E02004516,0.2,0.4,12792.188400000001,293.0454,309.555,160.9686,200.8668,9.666666667,12.0506322,2.8665821860000005
Colchester 012,E02004517,0.6,0.8,6989.0142,472.4006,539.7581,371.8134,608.0137,14.333333332,13.74775556,3.0872082228
Colchester 013,E02004518,0.6,0.8,6775.9534,300.9614,293.8892,207.4512,279.7448,6.0,7.92471442,2.3302128746
Colchester 014,E02004519,0.8,1.0,5359.268499999999,471.2906,509.70300000000003,364.9178,680.3426999999999,9.333333333,12.87812645,2.9741564385
Colchester 015,E02004520,0.2,0.4,8612.1189,252.09449999999998,246.3867,180.74699999999999,221.65290000000002,7.0,9.97295355,2.5964839615
Colchester 016,E02004521,0.2,0.4,7519.5606,443.1766,415.19599999999997,252.728,395.3388,8.666666667,13.263255699999998,3.0242232409999996
Colchester 017,E02004522,0.8,1.0,9928.1028,435.5148,531.258,398.1516,381.8052,7.999999999,11.10259164,2.7433369132000003
Colchester 018,E02004523,0.2,0.4,8876.4506,423.6184,426.70300000000003,228.2604,324.9112,12.333333333,12.9126497,2.978644461
Colchester 019,E02004524,0.6,0.8,6375.742499999999,596.64,627.15,411.0375,464.43,8.666666666,12.77852025,2.9612076325
Colchester 020,E02004525,0.6,0.8,5416.5554999999995,518.3415,609.636,483.63450000000006,516.078,12.0,13.19522415,3.0153791395000002
Colchester 021,E02004526,0.6,0.8,4613.1900000000005,625.3679999999999,776.572,530.682,793.4540000000001,13.333333334,17.122385,3.5259100500000002
Colchester 022,E02006922,0.4,0.6,10690.11,797.9154,864.9906,653.9832,965.6034,19.999999999,23.7739662,4.390615606
Copeland 001,E02004000,0.2,0.4,3915.0299999999997,319.3,344.535,223.51000000000002,348.65500000000003,10.666666666,10.041985,2.60545805
Copeland 002,E02004001,0.2,0.4,4144.498,331.9896,322.8572,242.2772,330.9152,13.333333334,10.0265694,2.603454022
Copeland 003,E02004002,0.4,0.6,7723.1629,600.4364,606.401,414.5397,596.4599999999999,17.333333334,15.588183869999998,3.3264639030999996
Copeland 004,E02004003,0.2,0.4,9218.3256,721.1496,679.0728,495.5712,577.3872,22.0,19.8865476,3.885251188
Copeland 005,E02004004,0.0,0.2,8143.0846,562.2064,471.14480000000003,277.144,445.40999999999997,18.333333335,17.337534760000004,3.5538795188000005
Copeland 006,E02004005,0.2,0.4,6013.976900000001,486.4646,449.9409,393.9897,426.6279,16.333333333,14.143608550000002,3.1386691115000005
Copeland 007,E02004006,0.6,0.8,6224.6954,649.9647,665.6265,487.25600000000003,670.8471000000001,18.333333334,15.64544212,3.3339074756000002
Copeland 008,E02004007,0.2,0.4,7323.2685,693.21,766.4921999999999,503.07239999999996,617.9472,25.999999999,19.74410625,3.8667338125000006
Corby 001,E02005612,0.4,0.6,5918.5014,424.83209999999997,380.38140000000004,256.5024,307.51140000000004,15.333333333,9.375891420000002,2.5188658846000003
Corby 002,E02005613,0.2,0.4,7883.092799999999,439.34880000000004,366.5904,289.168,348.8672,19.333333335,12.936536799999999,2.981749784
Corby 003,E02005614,0.2,0.4,8948.093,436.5928,368.63259999999997,214.17759999999998,329.504,16.333333333,12.7116465,2.952514045
Corby 004,E02005615,0.2,0.4,7152.236000000001,477.113,472.654,331.7496,485.13919999999996,22.666666666,15.041990599999998,3.255458778
Corby 005,E02005616,0.0,0.2,4857.545,256.9798,212.5354,166.9514,203.41859999999997,8.000000001,8.871786,2.4533321800000003
Corby 006,E02005617,0.0,0.2,9426.41,468.05499999999995,387.506,287.364,315.665,18.333333334,15.733179,3.34531327
Corby 008,E02006862,0.4,0.6,5387.5262999999995,400.0217,350.9192,203.61169999999998,204.2664,6.0,7.492845089999999,2.2740698617
Corby 009,E02006863,0.4,0.6,11046.990300000001,302.6085,244.46020000000001,121.0434,153.0843,4.999999998,7.460426890000002,2.2698554957000003
Cornwall 001,E02003931,0.4,0.6,7579.1616,807.424,794.6752,586.4448,855.2319999999999,21.0,20.84875008,4.0103375104
Cornwall 002,E02003932,0.2,0.4,5427.3622,651.4638,594.3574,337.3786,503.43800000000005,12.666666667,15.4484083,3.3082930790000002
Cornwall 003,E02003933,0.2,0.4,4969.8144,576.3960000000001,626.208,450.4428,493.85040000000004,13.0,15.798231600000001,3.353770108
Cornwall 004,E02003934,0.2,0.4,5314.974999999999,541.575,601.025,353.8,438.625,13.0,14.4264125,3.175433625
Cornwall 005,E02003935,0.2,0.4,8665.6072,526.0956,512.1947,420.23490000000004,569.9369,11.000000001,17.7407563,3.6062983190000004
Cornwall 006,E02003936,0.2,0.4,5790.2544,690.5808,805.256,531.216,615.5360000000001,15.666666667,19.2928376,3.808068888
Cornwall 007,E02003937,0.2,0.4,3778.5596,407.4312,465.2348,351.8724,609.4632,9.0,14.749177800000002,3.217393114
Cornwall 008,E02003938,0.4,0.6,5209.343099999999,445.1889,504.9694,383.2985,488.79349999999994,6.0,12.638371329999998,2.9429882729
Cornwall 009,E02003939,0.6,0.8,4864.246,420.564,554.506,399.05,700.94,14.0,14.2240158,3.1491220540000002
Cornwall 010,E02003892,0.4,0.6,4321.3915,562.4467,606.1996,422.3106,428.01750000000004,13.0,12.51618285,2.9271037705
Cornwall 011,E02003940,0.2,0.4,4281.096,506.8424,508.0726,375.8261,479.778,9.333333333,14.081484300000001,3.1305929590000003
Cornwall 012,E02003893,0.2,0.4,4701.0315,568.2855,528.7755,406.95300000000003,380.613,12.999999999,13.586501250000001,3.0662451625000005
Cornwall 013,E02003894,0.2,0.4,6310.636799999999,529.0304,615.3856000000001,436.8064,492.14079999999996,13.666666666,16.1672864,3.401747232
Cornwall 014,E02003941,0.2,0.4,6637.300400000001,424.6614,468.53479999999996,307.9416,439.56179999999995,14.0,13.897106399999998,3.106623832
Cornwall 015,E02003942,0.0,0.2,6374.223099999999,407.2707,409.6524,299.3003,447.7596,9.666666667,15.37736666,3.2990576658000004
Cornwall 016,E02003895,0.2,0.4,6797.2828,573.518,576.1448,347.6132,460.5656000000001,13.0,15.383854200000002,3.2999010460000004
Cornwall 017,E02003896,0.0,0.2,4351.4835,382.3235,434.8565,301.1892,365.97990000000004,13.0,13.196873300000004,3.0155935290000007
Cornwall 018,E02003952,0.2,0.4,6675.017,481.893,497.031,326.308,430.592,11.0,14.222571499999999,3.148934295
Cornwall 019,E02003953,0.4,0.6,8766.643199999999,653.4144,754.3760000000001,502.5392,669.2959999999999,18.0,18.00111296,3.6401446848
Cornwall 020,E02003954,0.2,0.4,5627.3041,465.728,391.50260000000003,285.9861,506.4792,11.0,13.856499550000002,3.1013449415000007
Cornwall 021,E02003955,0.4,0.6,7709.4148000000005,563.7651999999999,611.3235999999999,419.10839999999996,601.4156,12.333333334,15.617286840000002,3.330247289200001
Cornwall 022,E02003897,0.6,0.8,4161.6982,369.5824,474.22319999999996,302.7904,258.26239999999996,9.0,8.239405459999999,2.3711227098
Cornwall 023,E02003898,0.4,0.6,4741.3982,576.2163,650.1945999999999,397.71819999999997,422.83009999999996,11.333333334,12.63590086,2.9426671118
Cornwall 024,E02003956,0.0,0.2,6250.858200000001,475.22520000000003,453.26759999999996,282.31199999999995,378.7686,13.999999999,14.91438612,3.2388701956
Cornwall 025,E02003899,0.4,0.6,3968.4948,382.0532,497.4421,321.8743,351.1356,12.333333333,10.08929624,2.6116085112
Cornwall 026,E02003900,0.4,0.6,5463.2663999999995,456.34680000000003,486.4356,353.9016,402.6168,15.666666667,11.45222712,2.7887895256000004
Cornwall 027,E02003957,0.2,0.4,8297.8412,721.6461999999999,739.0878,517.7975,623.5372,16.999999999,20.3772393,3.9490411090000004
Cornwall 028,E02003901,0.2,0.4,5330.0846,642.1137,728.6560999999999,444.3025,583.3885,18.0,17.6167873,3.590182349
Cornwall 029,E02003902,0.2,0.4,4076.5199999999995,321.775,355.535,241.595,280.63,11.666666666,9.484449999999999,2.5329785
Cornwall 030,E02003958,0.2,0.4,6637.2328,531.2135999999999,508.5552,331.484,383.5144,11.999999999,13.869038799999998,3.102975044
Cornwall 031,E02003959,0.2,0.4,5521.8131,425.1991,479.3416,315.4703,477.8978000000001,7.333333334,13.89693595,3.1066016735
Cornwall 032,E02003905,0.4,0.6,5411.6412,403.4108,408.133,264.4432,257.6972,6.999999999,8.74187156,2.4364433028
Cornwall 033,E02003906,0.2,0.4,4294.961,401.104,466.40000000000003,297.33,370.788,14.0,11.747158500000001,2.8271306050000002
Cornwall 034,E02003903,0.4,0.6,4580.419800000001,484.5287,545.6519,354.6419,400.48429999999996,12.333333333,11.45945394,2.7897290122
Cornwall 035,E02003960,0.4,0.6,3935.9112999999993,502.8444,551.4284,445.15090000000004,637.6650000000001,10.0,14.71506119,3.2129579547000002
Cornwall 036,E02003961,0.6,0.8,7231.2704,663.1296,776.6116000000001,504.2548,692.7336000000001,12.666666667,16.74343032,3.4766459416
Cornwall 037,E02003904,0.4,0.6,3237.2466,466.41279999999995,533.7612,328.7004,459.87899999999996,16.333333333,11.52979478,2.7988733214000003
Cornwall 038,E02003962,0.2,0.4,5524.302,408.807,467.20799999999997,286.23699999999997,524.167,12.333333333,14.151067,3.13963871
Cornwall 039,E02003963,0.0,0.2,7573.176,588.5784,596.6136,481.1076,803.5199999999999,22.333333333,23.479858800000002,4.352381644
Cornwall 040,E02003907,0.4,0.6,6285.459599999999,517.2307000000001,536.9035,409.0303,450.01529999999997,16.333333333,12.92207868,2.9798702284000003
Cornwall 041,E02003964,0.4,0.6,5133.602,676.086,833.278,590.2719999999999,785.96,19.0,19.1985166,3.7958071580000006
Cornwall 042,E02003908,0.4,0.6,6497.2632,444.7656,523.5,373.5696,536.064,14.666666668,13.60689576,3.0688964488000003
Cornwall 043,E02003909,0.4,0.6,8239.7572,605.404,569.9148,447.7902,574.09,16.333333333,15.538215560000001,3.3199680228000004
Cornwall 044,E02003910,0.4,0.6,4926.6828000000005,341.5224,365.01,286.9296,427.2204,12.000000001,10.46931204,2.6610105652
Cornwall 045,E02003918,0.2,0.4,5207.5808,502.9568,494.4800000000001,401.2352,457.04080000000005,13.666666667,14.383716800000002,3.1698831840000006
Cornwall 046,E02003919,0.0,0.2,5901.9213,362.14480000000003,428.1917,284.96639999999996,443.0337,17.999999999,14.80400448,3.2245205824000003
Cornwall 047,E02003911,0.4,0.6,6344.099999999999,595.8,779.4,572.4,710.1,14.666666667,18.16803,3.6618439
Cornwall 048,E02003912,0.4,0.6,5531.103600000001,621.3108,753.8783999999999,474.3684,606.1374,11.333333333,16.03732548,3.3848523124000005
Cornwall 049,E02003920,0.4,0.6,6241.6585,415.0443,491.8155,333.4749,514.2071,13.666666667,12.84118275,2.9693537575
Cornwall 050,E02003921,0.2,0.4,4543.7729,398.6512,450.9134,318.4348,365.2277,10.666666667,11.88326965,2.8448250545000002
Cornwall 051,E02003922,0.0,0.2,6846.164000000001,468.0194,451.88079999999997,337.2118,390.724,9.666666667,15.75637,3.3483281
Cornwall 052,E02003923,0.0,0.2,6798.3006000000005,453.276,449.079,322.32959999999997,371.8542,16.333333334,15.309312960000002,3.2902106848000003
Cornwall 053,E02003924,0.0,0.2,5120.215200000001,449.21579999999994,552.0144,397.1124,521.7381,15.0,17.118924120000003,3.5254601356000004
Cornwall 054,E02003943,0.2,0.4,4958.944,569.0360000000001,576.8019999999999,389.712,566.212,12.0,16.016316000000003,3.38212108
Cornwall 055,E02003925,0.0,0.2,5744.510799999999,385.4757,388.3153,256.98380000000003,325.1342,13.0,13.01615848,2.9921006024
Cornwall 056,E02003913,0.4,0.6,4067.9438,503.7833,561.5147999999999,428.4285,515.3296,8.333333334,13.228535140000002,3.0197095682000006
Cornwall 057,E02003944,0.2,0.4,7429.650799999999,626.2464,785.8187999999999,533.9152,662.376,18.666666666,20.4227582,3.954958566
Cornwall 058,E02003945,0.4,0.6,4063.1616,483.3592,584.5702,444.1016,558.8074,11.333333333,13.894246080000002,3.1062519904000006
Cornwall 059,E02003926,0.4,0.6,6457.2417000000005,544.9782,544.9782,371.6518,412.4835,11.333333332,12.38675451,2.9102780863
Cornwall 060,E02003914,0.4,0.6,7013.9688,340.26689999999996,360.9644,259.9606,304.6672,14.333333334,9.44435204,2.5277657652
Cornwall 061,E02003946,0.2,0.4,6991.0585,672.4195,732.679,530.8575,638.942,18.333333334,19.82681025,3.8774853325
Cornwall 062,E02003915,0.2,0.4,6485.589099999999,374.39790000000005,407.7837,309.2161,372.0132,14.0,12.62579415,2.9413532395
Cornwall 063,E02003916,0.6,0.8,5566.3232,368.5693,451.9786,277.31809999999996,466.2366000000001,16.666666667,10.73014306,2.6949185978
Cornwall 064,E02003917,0.6,0.8,6258.2880000000005,543.705,507.999,370.8555,434.96399999999994,15.000000001,11.6357739,2.812650607
Cornwall 065,E02003947,0.2,0.4,4613.6838,553.2710000000001,581.1002,417.438,460.50700000000006,10.333333334,14.7392057,3.2160967410000003
Cornwall 066,E02003927,0.4,0.6,8713.7565,737.2565,771.4414999999999,532.1465,639.2595,18.333333334,18.038398949999998,3.6449918634999996
Cornwall 067,E02003948,0.0,0.2,6052.280000000001,524.888,597.4,430.952,633.656,19.666666666,19.863344,3.8822347200000005
Cornwall 068,E02003949,0.0,0.2,4782.015,494.095,505.4,334.495,533.995,16.0,16.616089000000002,3.4600915700000003
Cornwall 069,E02003950,0.2,0.4,3998.4804,487.7292,433.2249,286.56899999999996,413.5584,8.0,12.164011200000001,2.8813214560000002
Cornwall 070,E02003951,0.2,0.4,3925.1548,513.5102,568.5078,430.41599999999994,539.8134,14.666666667,15.267812000000001,3.28481556
Cornwall 071,E02003928,0.4,0.6,9885.880000000001,604.409,634.9965,508.976,601.962,21.0,16.991968,3.5089558400000005
Cornwall 072,E02003929,0.2,0.4,4841.3595000000005,561.8626,628.7842,423.8368,513.7627,14.0,15.75341435,3.3479438655000004
Cornwall 073,E02003930,0.4,0.6,6938.1385,756.9755,823.5122,521.6863000000001,602.6875,14.333333333,17.25180915,3.5427351895
Cotswold 001,E02004615,0.8,1.0,5589.9785999999995,678.1776000000001,667.3733,576.7834,797.856,14.333333333,16.02842838,3.3836956894000005
Cotswold 002,E02004616,0.6,0.8,6613.3586,667.8259999999999,697.9252,559.6569999999999,867.2332,16.333333333,18.44921058,3.6983973754
Cotswold 003,E02004617,0.6,0.8,6820.191,557.235,633.0555,473.193,650.4120000000001,14.666666666,15.213246300000003,3.2777220190000005
Cotswold 004,E02004618,0.6,0.8,5573.5512,580.808,523.4624,305.84319999999997,369.80559999999997,11.333333333,10.52460856,2.6681991128
Cotswold 005,E02004619,0.6,0.8,5295.388800000001,561.8313999999999,547.9499999999999,397.4464,501.9222000000001,10.333333332,12.412455640000001,2.9136192332000004
Cotswold 006,E02004620,0.8,1.0,6589.5984,503.94960000000003,508.1076,319.33439999999996,395.01,6.999999999,9.94277592,2.5925608696
Cotswold 007,E02004621,0.6,0.8,4819.4259,327.0774,407.85360000000003,329.0637,737.5794,12.999999999,13.49008887,3.0537115531000003
Cotswold 008,E02004622,0.6,0.8,5978.16,377.72,411.91999999999996,310.84,522.88,10.333333333,11.502448,2.7953182400000003
Cotswold 009,E02004623,0.8,1.0,6469.204,657.169,701.22,498.945,661.664,13.666666666,14.4305682,3.175973866
Cotswold 010,E02004624,0.8,1.0,4928.2296,446.89400000000006,454.7228,314.4568,380.3492,6.333333334,9.03782768,2.4749175984000003
Cotswold 011,E02004625,0.8,1.0,7033.3074,684.0303,682.1381,497.6486,563.8756,13.666666667,13.533203619999998,3.0593164706
County Durham 001,E02004297,0.6,0.8,6280.7745,472.9816,498.89840000000004,387.9421,458.4034,19.0,11.80793705,2.8350318165
County Durham 002,E02004290,0.6,0.8,4333.9295999999995,435.59999999999997,383.32800000000003,281.688,374.616,14.333333333,9.23390688,2.5004078944
County Durham 003,E02004298,0.4,0.6,7602.494900000001,687.1235,680.1018,407.25859999999994,653.0181,16.000000001,16.65517147,3.4651722911
County Durham 004,E02004299,0.2,0.4,6660.8528,606.3127999999999,534.1736,364.99,420.812,15.666666667,14.890733200000001,3.2357953160000004
County Durham 005,E02004291,0.0,0.2,5820.8306999999995,378.579,365.0073,259.29089999999997,320.0064,17.000000001,12.865543019999999,2.9725205926
County Durham 006,E02004300,0.0,0.2,6098.0285,436.52,510.57250000000005,351.5545,399.104,16.333333334,15.6444091,3.333773183
County Durham 007,E02004292,0.6,0.8,5635.785000000001,449.7715,572.153,491.8645,645.426,23.0,14.437899000000002,3.1769268700000004
County Durham 008,E02004301,0.0,0.2,8024.543999999999,458.68159999999995,434.8416,286.08,334.71360000000004,18.666666667,15.3014656,3.2891905280000002
County Durham 009,E02004302,0.0,0.2,6248.1179999999995,428.678,406.894,329.872,367.99399999999997,14.333333334,14.6517628,3.204729164
County Durham 010,E02004303,0.2,0.4,8934.882,613.2885,643.6716,471.5007,589.6572,21.666666667,19.258384200000002,3.8035899460000007
County Durham 011,E02004293,0.0,0.2,7795.456499999999,501.683,471.6595,360.282,558.8245000000001,22.0,18.771854400000002,3.7403410720000005
County Durham 012,E02004304,0.2,0.4,7456.425,445.85,489.32500000000005,335.775,522.625,17.333333334,15.6449875,3.3338483749999996
County Durham 013,E02004294,0.8,1.0,6292.5419999999995,544.7,615.0920000000001,408.106,520.398,14.666666666,11.9722546,2.856393098
County Durham 014,E02004305,0.2,0.4,8114.1118,464.6934,444.2352,331.228,386.7574,15.666666667,14.187761700000001,3.1444090210000004
County Durham 015,E02004295,0.4,0.6,5479.847999999999,494.40599999999995,550.308,323.07,412.36800000000005,15.0,11.720834400000001,2.8237084720000003
County Durham 016,E02004320,0.4,0.6,7068.4263,559.9557,514.8706999999999,321.0052,552.7421,13.333333334,13.85885849,3.1016516036999997
County Durham 017,E02004321,0.2,0.4,7064.0175,491.67289999999997,368.9707,284.2889,432.05,13.666666666,13.657532549999999,3.0754792315
County Durham 018,E02004322,0.0,0.2,6781.491500000001,487.3536,464.5089,339.2861,388.3599,16.333333334,15.863528899999999,3.362258757
County Durham 019,E02004296,0.2,0.4,6694.861499999999,508.8195,465.3735,331.6935,355.0875,14.0,13.31828775,3.0313774075
County Durham 020,E02004306,0.6,0.8,4314.550799999999,452.47560000000004,462.5702,304.6194,403.1902,9.333333334,10.00778644,2.6010122372
County Durham 021,E02004323,0.2,0.4,6669.0864,393.1064,342.2528,266.37600000000003,398.7568,14.333333333,12.532587200000002,2.9292363360000007
County Durham 022,E02004308,0.8,1.0,6184.4229,581.8878,692.1315000000001,392.8986,436.8303,12.333333333,11.17299177,2.7524889301
County Durham 023,E02004309,0.6,0.8,4978.7296,343.2955,360.93269999999995,229.2836,386.1287,9.333333333,9.017774379999999,2.4723106693999997
County Durham 024,E02004307,0.2,0.4,5271.525000000001,406.9952,362.8148,279.1398,373.52520000000004,11.666666667,11.744288300000001,2.8267574790000003
County Durham 025,E02004324,0.0,0.2,4408.4796,344.02410000000003,358.7115,237.258,299.9619,3.333333333,11.41911456,2.7844848928
County Durham 026,E02004310,0.2,0.4,6155.467500000001,543.1062,513.8133,323.0136,382.3911,16.666666667,13.61209395,3.0695722135
County Durham 027,E02004311,0.2,0.4,7103.240000000001,596.5808,615.7664,380.9712,441.26879999999994,16.333333334,15.766451999999997,3.3496387599999995
County Durham 028,E02004312,0.8,1.0,5079.3063,506.96850000000006,669.0504,509.1888,635.0058,16.333333333,13.406837490000001,3.0428888737
County Durham 029,E02004313,0.0,0.2,6735.3364,238.63840000000002,285.1264,199.1236,292.09959999999995,10.0,11.55908624,2.8026812112
County Durham 030,E02004314,0.6,0.8,13478.034899999999,176.9108,161.2171,131.25639999999999,319.5808,11.000000001,9.21377127,2.4977902651
County Durham 031,E02004316,0.2,0.4,5002.9557,355.99019999999996,323.9634,221.724,254.3667,7.333333333,9.46977045,2.5310701585000004
County Durham 032,E02004325,0.0,0.2,7145.3472,411.8208,388.752,228.97920000000002,369.1008,17.0,14.32213632,3.1618777216000002
County Durham 033,E02004315,0.8,1.0,11677.398299999999,430.69680000000005,408.3741,273.1248,342.71909999999997,11.333333334,10.316895389999999,2.6411964007
County Durham 034,E02004326,0.0,0.2,5675.307,322.203,312.585,232.893,327.69900000000007,13.333333334,12.141763200000002,2.8784292160000002
County Durham 035,E02004328,0.0,0.2,6025.1429,315.1364,373.3041,263.5954,384.3486,11.333333333,13.514639240000001,3.0569031012000005
County Durham 036,E02004327,0.0,0.2,4508.9941,344.5061,338.6571,296.5443,360.88329999999996,12.666666666,12.52762216,2.9285908808
County Durham 037,E02004329,0.2,0.4,4809.2646,506.64240000000007,415.1653,298.7399,365.90840000000003,11.0,12.067300800000002,2.8687491040000004
County Durham 038,E02004317,0.2,0.4,5783.486900000001,540.8412,525.5632,326.18530000000004,462.15950000000004,15.333333334,14.445730950000002,3.1779450235000004
County Durham 039,E02004330,0.0,0.2,4283.9256,431.13719999999995,371.0982,300.195,333.3594,16.0,12.68321016,2.9488173208
County Durham 040,E02004331,0.0,0.2,5755.7576,335.8664,436.5544,308.5368,356.72319999999996,20.333333333,13.75599456,3.0882792928000002
County Durham 041,E02004318,0.4,0.6,5339.3408,421.1728,361.29359999999997,267.1016,338.41839999999996,10.666666667,9.55295264,2.5418838432
County Durham 042,E02004348,0.4,0.6,5562.8171999999995,664.4676,730.8344,490.1548,547.726,16.333333333,15.434758760000001,3.3065186388
County Durham 043,E02004332,0.2,0.4,5981.1969,400.8963,363.5184,279.23490000000004,303.4206,12.666666666,11.24305245,2.7615968185
County Durham 044,E02004319,0.4,0.6,6292.754,437.92,398.038,337.042,354.246,14.0,10.6290222,2.681772886
County Durham 045,E02004349,0.0,0.2,7545.3554,522.1764000000001,453.863,366.8336,469.7716,14.333333332,17.61250464,3.5896256032
County Durham 046,E02004350,0.2,0.4,7460.4236,684.8626,625.4363999999999,462.745,508.53240000000005,19.0,17.628149,3.5916593700000004
County Durham 047,E02004333,0.4,0.6,5028.4374,573.705,614.0382000000001,340.74600000000004,396.378,11.0,11.91310602,2.8487037826000003
County Durham 048,E02004334,0.2,0.4,5830.0515,415.13849999999996,373.842,316.60650000000004,310.086,15.333333333,11.593086750000001,2.8071012775
County Durham 049,E02004335,0.0,0.2,5783.778,393.12,350.298,223.938,270.27,9.666666668,11.9981628,2.859761164
County Durham 050,E02004336,0.0,0.2,4951.761799999999,480.8446,469.4597,366.3259,427.93829999999997,15.0,15.42211948,3.3048755323999996
County Durham 051,E02004351,0.0,0.2,5763.599999999999,409.68,429.12,259.92,336.96,17.0,13.51512,3.0569656
County Durham 052,E02004337,0.2,0.4,7973.7723,550.9404,586.6128,327.98789999999997,471.66839999999996,16.666666667,15.94209465,3.3724723045000005
County Durham 053,E02004338,0.2,0.4,5690.672,378.339,408.096,284.817,323.076,16.666666667,11.483368,2.7928378400000002
County Durham 054,E02004339,0.6,0.8,4910.002299999999,430.7138,556.9575,430.7138,423.96279999999996,13.333333334,11.37941809,2.7793243517
County Durham 055,E02004352,0.0,0.2,6277.5372,436.07079999999996,435.2865,286.2695,408.6203,22.0,15.030638920000001,3.2539830596000003
County Durham 056,E02004353,0.4,0.6,5538.313899999999,477.99370000000005,534.6669,353.4618,551.8180000000001,14.333333334,13.498735970000002,3.0548356761000006
County Durham 057,E02004354,0.2,0.4,7267.947,570.6954000000001,598.9116,360.4392,304.0068,19.333333333,13.912862100000002,3.108672073
County Durham 058,E02004355,0.0,0.2,5879.148,406.56,399.3,275.88,299.838,17.333333333,13.0860048,3.001180624
County Durham 059,E02004340,0.0,0.2,8301.8376,567.5672,609.0712,366.27279999999996,532.2888,25.333333334,19.81566976,3.8760370687999997
County Durham 060,E02004341,0.6,0.8,6629.4462,569.7514,560.3552000000001,404.89079999999996,378.4106,15.333333334,11.556728060000001,2.8023746478000002
County Durham 061,E02004342,0.0,0.2,4957.5944,232.45969999999997,189.5619,165.21450000000002,251.0101,12.333333333,9.25328734,2.5029273542
County Durham 062,E02004343,0.2,0.4,4311.050200000001,314.2213,303.2153,236.629,337.33389999999997,10.666666667,10.015460000000001,2.6020098000000003
County Durham 063,E02004344,0.2,0.4,5282.9712,508.77840000000003,492.9912,343.7304,546.8112,21.666666666,15.107632800000001,3.2639922640000005
County Durham 064,E02004345,0.2,0.4,9333.0212,996.3217000000001,940.1909,658.2612,829.205,24.333333332,25.974527700000003,4.676688601
County Durham 065,E02004346,0.4,0.6,3721.1114999999995,408.62309999999997,461.96680000000003,253.2531,333.52760000000006,11.666666666,9.30329665,2.5094285645000003
County Durham 066,E02004347,0.6,0.8,5221.3707,509.13629999999995,522.9359999999999,373.3182,636.9651,18.666666668,13.549634909999998,3.0614525383
Coventry 001,E02001958,0.2,0.4,6923.267400000001,309.9732,274.8216,246.0612,235.6755,9.666666667,10.0413741,2.605378633
Coventry 002,E02001959,0.4,0.6,5645.031400000001,267.9732,280.83050000000003,240.22849999999997,332.9364,8.333333333,8.789385620000001,2.4426201306
Coventry 004,E02001961,0.0,0.2,7391.071600000001,311.66159999999996,227.0438,192.694,254.6912,6.666666667,11.533322360000001,2.7993319068
Coventry 005,E02001962,0.0,0.2,6501.6096,196.9536,148.4288,115.60319999999999,174.832,7.666666667,8.53508416,2.4095609408
Coventry 006,E02001963,0.4,0.6,5110.886399999999,345.21119999999996,284.2176,225.7392,320.68800000000005,7.666666667,8.56324992,2.4132224896
Coventry 007,E02001964,0.0,0.2,8977.658099999999,340.3899,246.0045,180.738,295.2054,13.0,13.12619766,3.0064056958000003
Coventry 008,E02001965,0.4,0.6,6782.8096000000005,430.5624,377.468,295.3376,409.8224,9.333333334,11.09573408,2.7424454304
Coventry 009,E02001966,0.0,0.2,7116.4668,179.7828,129.62879999999998,97.9932,192.9,7.0,8.81769048,2.4462997624
Coventry 010,E02001967,0.6,0.8,5122.410699999999,381.30400000000003,437.13779999999997,391.51750000000004,475.2682,12.333333333,11.23342011,2.7603446143
Coventry 011,E02001968,0.2,0.4,7424.3988,270.69840000000005,194.7708,151.8552,212.9274,9.0,8.921493,2.45979409
Coventry 012,E02001969,0.0,0.2,6173.9428,228.69109999999998,284.6093,151.26590000000002,330.4909,9.333333333,11.29561978,2.7684305714
Coventry 013,E02001970,0.2,0.4,4676.601900000001,223.1463,286.4796,268.7226,464.6415,10.666666667,11.61041445,2.8093538785
Coventry 014,E02001971,0.4,0.6,5121.668299999999,246.54659999999998,270.4653,220.78799999999998,273.53180000000003,11.666666667,7.71856449,2.3034133837
Coventry 015,E02001972,0.0,0.2,11081.832,287.254,194.668,151.936,154.31,10.999999999,11.9739812,2.8566175560000002
Coventry 016,E02001973,0.0,0.2,8275.6457,298.11269999999996,270.2517,202.4566,239.6046,13.333333333,12.099660819999999,2.8729559065999997
Coventry 017,E02001974,0.6,0.8,8108.099999999999,426.53520000000003,421.6212,363.63599999999997,506.142,12.666666667,12.3577272,2.906504536
Coventry 018,E02001975,0.4,0.6,7280.359200000001,317.6334,291.58410000000003,216.7974,298.30649999999997,7.666666667,8.866173360000001,2.4526025368
Coventry 019,E02001976,0.2,0.4,6501.1712,389.6576,392.0384,255.5392,397.5936,12.0,12.547609600000001,2.9311892480000004
Coventry 020,E02001977,0.0,0.2,10703.712399999999,292.1,238.35360000000003,198.62800000000001,252.3744,15.666666667,13.493384240000001,3.0541399512000003
Coventry 021,E02001978,0.4,0.6,6203.013,268.9518,231.85500000000002,164.082,266.0982,6.333333333,7.5038979,2.2755067270000002
Coventry 022,E02001979,0.8,1.0,4644.2825,240.3335,268.087,265.1345,487.753,10.333333333,9.10108125,2.4831405625
Coventry 023,E02001980,0.8,1.0,4212.678800000001,351.9996,478.2668,412.1552,501.49519999999995,8.000000001,10.50155964,2.6652027532
Coventry 024,E02001981,0.0,0.2,14488.8224,215.03060000000002,154.45860000000002,127.20119999999999,157.4872,10.0,13.32099424,3.0317292512
Coventry 025,E02001982,0.8,1.0,7520.032899999999,342.9214,368.057,300.72950000000003,447.0546,10.333333334,10.09921477,2.6128979201
Coventry 026,E02001983,0.4,0.6,6690.9238,385.1298,350.4116,247.8718,398.8556,9.333333334,10.452681140000001,2.6588485482
Coventry 027,E02001984,0.4,0.6,9500.6634,343.488,326.3136,270.4968,295.185,13.666666667,10.007630220000001,2.6009919286
Coventry 028,E02001985,0.2,0.4,12215.807999999999,131.78879999999998,98.8416,110.2464,114.04800000000002,4.333333334,9.0389376,2.475061888
Coventry 029,E02001986,0.0,0.2,7460.4222,317.76360000000005,362.5314,261.5844,378.3318,8.0,14.248800720000002,3.1523440936000005
Coventry 030,E02001987,0.4,0.6,6412.161899999999,170.33530000000002,184.5893,131.8495,227.35129999999998,3.333333333,6.52198897,2.1478585661
Coventry 031,E02001988,0.2,0.4,14877.665,181.0575,142.37,105.22999999999999,168.6775,6.0,11.312225,2.77058925
Coventry 032,E02001989,0.4,0.6,5693.674,230.3,250.04,172.39600000000002,234.248,6.333333333,7.0142142000000005,2.2118478460000004
Coventry 033,E02001990,0.8,1.0,7321.6715,516.802,512.1545,379.23600000000005,566.0654999999999,11.666666666,12.377314949999999,2.9090509435
Coventry 034,E02001991,0.6,0.8,7100.0552,527.4688,551.8552,338.7,514.824,12.0,12.74893896,2.9573620648
Coventry 035,E02001992,0.0,0.2,9192.9942,371.07000000000005,412.41779999999994,296.856,328.662,12.333333334,15.45517152,3.3091722976
Coventry 036,E02001993,0.2,0.4,7178.445199999999,324.7372,326.40680000000003,207.8652,308.87600000000003,9.333333333,11.0306298,2.7339818740000004
Coventry 037,E02001994,0.4,0.6,7579.0692,345.7341,405.3123,287.0586,408.9231,16.333333334,11.21586696,2.7580627048000004
Coventry 038,E02001995,0.2,0.4,9285.8654,280.854,275.653,227.8038,334.9444,11.333333334,12.2020661,2.886268593
Coventry 039,E02001996,0.0,0.2,6432.5786,240.702,218.0906,178.703,223.1964,9.0,10.082787960000001,2.6107624348000003
Coventry 040,E02001997,0.8,1.0,6765.169600000001,474.40840000000003,504.38960000000003,423.264,650.7684,10.999999999,13.26191928,3.0240495064
Coventry 041,E02001998,0.8,1.0,4595.8874,278.57439999999997,352.9396,284.4764,390.71240000000006,7.0,8.362012620000002,2.3870616406000003
Coventry 042,E02001999,0.6,0.8,8882.0453,346.358,342.28319999999997,285.236,332.09620000000007,7.666666666,9.80570059,2.5747410767
Coventry 043,E02006805,0.0,0.2,8415.7793,290.1668,227.0461,191.2463,296.7615,9.333333334,12.53539418,2.9296012434000005
Craven 001,E02005742,0.6,0.8,5237.1248,593.2768,590.288,470.736,580.5744,9.333333333,13.858841439999999,3.1016493872
Craven 002,E02005743,0.6,0.8,3269.4466,419.40569999999997,452.2112,356.8229,549.1136,10.333333333,11.45285428,2.7888710564
Craven 003,E02005744,0.6,0.8,5342.414,623.308,694.498,511.77699999999993,738.7940000000001,11.000000001,16.3129512,3.4206836560000005
Craven 004,E02005745,0.8,1.0,3733.1175,386.13,449.43,320.72,385.075,9.666666666,8.63048025,2.4219624325
Craven 005,E02005746,0.6,0.8,4936.9914,506.0989,453.5347,349.0802,493.2948,10.000000001,11.47907782,2.7922801166
Craven 006,E02005747,0.2,0.4,5502.723199999999,369.954,341.1798,255.5423,379.5454,13.0,11.5692837,2.8040068810000003
Craven 007,E02005748,0.6,0.8,5741.643599999999,569.4381,512.2656,339.2235,459.6669,9.666666667,11.662885079999999,2.8161750604
Craven 008,E02005749,0.6,0.8,7287.525000000001,657.3645,666.288,538.3845,763.455,15.0,17.256066,3.5432885800000005
Crawley 001,E02006575,0.4,0.6,7663.2898,321.39730000000003,255.55849999999998,164.597,257.2911,9.333333334,8.039090739999999,2.3450817961999997
Crawley 002,E02006576,0.8,1.0,7335.4908,400.96979999999996,387.95129999999995,217.84290000000001,336.7452,7.333333333,8.57190114,2.4143471482
Crawley 003,E02006577,0.2,0.4,7024.8550000000005,333.1548,323.9005,225.4684,505.6213,12.333333334,13.453228300000001,3.048919679
Crawley 004,E02006578,0.4,0.6,9921.385699999999,387.89869999999996,332.4846,218.2637,450.0982,9.333333333,11.79291211,2.8330785743
Crawley 005,E02006579,0.6,0.8,6908.1633,337.6998,305.0718,245.52569999999997,359.7237,8.0,9.15272499,2.4898542487
Crawley 006,E02006580,0.4,0.6,6816.124699999999,368.9758,339.19300000000004,229.9894,517.8898,13.666666667,11.734175010000001,2.8254427513
Crawley 007,E02006581,0.2,0.4,7794.566,338.4602,342.9972,215.96120000000002,382.9228,8.0,12.3914544,2.9108890720000002
Crawley 008,E02006582,0.8,1.0,6997.161499999999,305.08799999999997,293.1705,162.078,189.091,4.0,6.186056450000001,2.1041873385
Crawley 009,E02006583,0.6,0.8,7660.898,409.368,422.276,278.444,449.014,11.000000001,11.1374834,2.7478728420000005
Crawley 010,E02006584,0.2,0.4,7025.531199999999,298.47540000000004,244.42079999999999,126.9108,140.2286,4.666666667,7.9569938,2.334409194
Crawley 011,E02006585,0.4,0.6,6470.3275,302.43850000000003,262.99,242.1055,455.59149999999994,13.666666666,10.517666250000001,2.6672966125000004
Crawley 012,E02006586,0.2,0.4,7446.04,307.74800000000005,221.67600000000002,81.2,64.14800000000001,4.999999999,6.871144000000001,2.19324872
Crawley 013,E02006587,0.2,0.4,7915.802,414.2934,328.5464,187.74079999999998,178.7148,5.666666667,9.97373,2.5965849
Croydon 001,E02000194,0.2,0.4,8378.663999999999,309.589,275.713,181.613,263.47999999999996,11.666666667,10.654001999999998,2.68502026
Croydon 002,E02000195,0.4,0.6,8281.3526,463.13430000000005,390.3701,245.82500000000002,451.33469999999994,13.666666667,11.86312118,2.8422057534
Croydon 003,E02000196,0.2,0.4,6903.0632,376.85420000000005,275.7667,219.9664,311.3495,11.666666668,10.9611198,2.7249455740000004
Croydon 004,E02000197,0.4,0.6,8256.6951,400.9874,326.16200000000003,241.74360000000001,365.49330000000003,15.0,10.420012530000001,2.6546016289
Croydon 005,E02000198,0.2,0.4,7860.0302,324.4766,188.039,146.9328,227.396,13.666666666,9.4128825,2.5236747250000002
Croydon 006,E02000199,0.4,0.6,7544.833799999999,313.8422,218.76399999999998,144.7208,190.99779999999998,10.0,6.9264889400000005,2.2004435622000003
Croydon 007,E02000200,0.2,0.4,7854.366599999999,278.6805,255.67829999999998,169.86239999999998,290.1816,12.0,10.457154,2.6594300200000003
Croydon 008,E02000201,0.0,0.2,8437.7696,276.7544,199.004,128.6584,213.81360000000004,5.0,10.907825760000001,2.7180173488
Croydon 009,E02000202,0.4,0.6,7325.9637999999995,345.3802,282.58380000000005,190.935,341.1372,12.666666667,9.25814114,2.5035583482
Croydon 010,E02000203,0.2,0.4,7008.371,299.2249,230.9667,161.9148,236.5226,10.999999999,9.2974018,2.508662234
Croydon 011,E02000204,0.2,0.4,8369.4,422.31800000000004,280.904,220.298,327.08000000000004,10.666666666,12.042316000000001,2.8655010800000005
Croydon 013,E02000206,0.0,0.2,9054.7632,351.0864,227.59380000000002,181.6668,392.931,7.666666668,14.31309852,3.1607028076
Croydon 014,E02000207,0.2,0.4,8230.3284,344.2656,211.50359999999998,164.808,204.1788,12.666666666,9.597777,2.5477110100000004
Croydon 015,E02000208,0.0,0.2,10048.3734,300.8952,177.7026,154.8084,221.3106,10.666666666,12.16139904,2.8809818752
Croydon 016,E02000209,0.2,0.4,7988.565200000001,323.2878,194.326,103.3461,224.35819999999998,11.666666667,9.157171100000001,2.4904322430000003
Croydon 017,E02000210,0.4,0.6,7606.3232,302.176,211.94879999999998,155.7696,235.78240000000002,6.666666666,7.49805056,2.2747465728000003
Croydon 018,E02000211,0.6,0.8,6244.521000000001,495.3528,459.73920000000004,367.4676,528.5382,15.333333333,12.354276899999999,2.906055997
Croydon 019,E02000212,0.2,0.4,8561.519999999999,249.4008,162.85500000000002,141.4512,189.84240000000003,11.333333333,8.9486496,2.463324448
Croydon 020,E02000213,0.0,0.2,10370.364,263.7099,214.7511,124.6224,152.4399,9.0,11.316159000000003,2.7711006700000005
Croydon 021,E02000214,0.6,0.8,5098.418,342.226,292.8905,192.97050000000002,319.1195,8.333333333,7.8607064,2.3218918320000004
Croydon 022,E02000215,0.2,0.4,10034.9344,398.49920000000003,296.6102,246.7978,346.42260000000005,8.666666666,13.284061400000002,3.026927982
Croydon 023,E02000216,0.6,0.8,5613.8808,332.4739,290.13379999999995,242.2409,463.6588,10.333333333,9.82109854,2.5767428102
Croydon 024,E02000217,0.2,0.4,11342.9792,305.05,201.333,152.525,201.333,9.666666668,10.875642599999999,2.7138335380000003
Croydon 025,E02000218,0.2,0.4,5719.2606,379.11379999999997,258.3942,169.55,256.3596,3.666666667,9.2937137,2.5081827810000004
Croydon 026,E02000219,0.8,1.0,5415.4045,510.873,552.3155,450.593,605.814,15.0,12.66791735,2.9468292555
Croydon 027,E02000220,0.2,0.4,11720.656799999999,313.5024,261.252,147.8304,302.0328,10.999999999,12.50505,2.9256565
Croydon 028,E02000221,0.2,0.4,9542.5872,326.10339999999997,351.0216,213.4298,399.7746,15.000000001,13.444994000000001,3.0478492200000002
Croydon 029,E02000222,0.6,0.8,7260.152900000001,319.60319999999996,276.3236,192.2613,273.8267,7.666666667,7.8959468699999995,2.3264730930999997
Croydon 030,E02000223,0.0,0.2,7790.496999999999,236.59900000000002,177.881,189.10649999999998,241.78,7.666666667,10.9718037,2.7263344810000003
Croydon 031,E02000224,0.6,0.8,7061.2944,294.98879999999997,256.512,154.7088,249.2976,6.333333333,7.250231520000001,2.2425300976000004
Croydon 032,E02000225,0.2,0.4,6515.586700000001,318.0562,291.42470000000003,225.9873,256.4233,8.0,10.03665145,2.6047646885000004
Croydon 033,E02000226,0.8,1.0,5781.359100000001,473.697,440.6134,339.1069,481.96790000000004,9.0,10.560209930000001,2.6728272909
Croydon 034,E02000227,0.4,0.6,9363.6816,594.1364,646.9996,384.982,502.20040000000006,12.000000001,14.921672480000002,3.2398174224000003
Croydon 035,E02000228,0.8,1.0,5822.838000000001,480.186,530.691,346.54200000000003,590.52,9.666666668,11.9970354,2.8596146019999997
Croydon 036,E02000229,0.0,0.2,5910.207300000001,259.4162,205.7673,144.6483,271.64,11.000000001,10.144259980000001,2.6187537974
Croydon 037,E02000230,0.6,0.8,8669.0208,534.1752,466.7448,304.49039999999997,562.6224000000001,12.000000001,13.247334240000002,3.0221534512000003
Croydon 038,E02000231,0.8,1.0,5930.007200000001,474.4616,454.6288,295.9664,472.936,9.666666667,10.31931096,2.6415104248
Croydon 039,E02000232,0.6,0.8,4838.2619,358.4131,418.2536,262.6683,422.033,8.999999999,9.79702367,2.5736130771
Croydon 040,E02000233,0.6,0.8,5470.56,306.675,240.7725,164.43,341.91,6.666666667,7.800768,2.31409984
Croydon 041,E02000234,0.4,0.6,7322.7598,379.8802,406.13919999999996,267.8418,375.5037,8.666666667,10.69424034,2.6902512442
Croydon 042,E02000235,0.6,0.8,5732.148800000001,388.1512,371.1208,248.36,356.92879999999997,6.333333333,9.148447039999999,2.4892981152
Croydon 043,E02000236,0.8,1.0,6629.180799999999,419.9336,407.9126,251.63959999999997,303.73060000000004,9.666666667,8.24368124,2.3716785612000004
Croydon 044,E02000237,0.6,0.8,5798.3324999999995,483.38649999999996,484.15500000000003,395.009,524.8855,12.333333334,12.391678250000002,2.9109181725000006
Croydon 045,E02006788,0.2,0.4,6839.7714,284.382,228.2742,117.5958,215.9766,9.333333333,8.6010183,2.418132379
Dacorum 001,E02004856,0.6,0.8,4621.6205,325.7555,301.7945,223.636,232.764,3.333333333,6.9237591499999995,2.2000886895000002
Dacorum 002,E02004857,0.8,1.0,4710.600399999999,318.646,321.624,232.284,371.6544,5.333333334,7.943338519999999,2.3326340076000003
Dacorum 003,E02004858,0.6,0.8,4276.1775,243.83309999999997,278.1465,173.12670000000003,227.7162,4.0,6.25361715,2.1129702295
Dacorum 004,E02004859,0.8,1.0,4039.4851999999996,306.1328,374.803,215.44619999999998,306.1328,5.999999999,7.0184089599999995,2.2123931648
Dacorum 005,E02004860,0.6,0.8,5343.3588,281.07169999999996,186.9816,109.67190000000001,71.916,4.666666666,4.25251294,1.8528266822
Dacorum 006,E02004861,0.8,1.0,3984.9503999999993,349.6728,381.56120000000004,282.5972,499.7682,12.666666667,9.56838932,2.5438906116
Dacorum 007,E02004862,0.2,0.4,6644.3272,496.89119999999997,365.5017,226.9455,228.5381,9.333333333,10.605919700000001,2.678769561
Dacorum 008,E02004863,0.2,0.4,6826.2117,286.3091,252.9989,182.413,381.4811,14.000000001,11.13869295,2.7480300834999998
Dacorum 009,E02004864,0.8,1.0,5163.4526,371.1684,346.1606,252.0523,448.1661,5.333333333,9.173782379999999,2.4925917094
Dacorum 010,E02004865,0.4,0.6,4814.7228000000005,231.09300000000002,242.50500000000002,143.7912,273.31739999999996,8.666666667,7.01917884,2.2124932492
Dacorum 011,E02004866,0.4,0.6,5646.8703000000005,319.647,263.8788,199.2693,372.6948,11.666666667,9.056823690000002,2.4773870797000006
Dacorum 012,E02004867,0.8,1.0,5391.784299999999,288.10049999999995,327.8385,217.23440000000002,394.7308,9.666666667,8.27762409,2.3760911317
Dacorum 013,E02004868,0.4,0.6,5801.4528,253.968,247.10399999999998,186.0144,375.4608,6.666666667,8.858403840000001,2.4515924992
Dacorum 014,E02004869,0.8,1.0,4721.6576,247.1564,251.152,187.22240000000002,300.2408,6.666666666,6.651874879999999,2.1647437344
Dacorum 015,E02004870,0.4,0.6,9817.632000000001,443.157,346.5715,271.57570000000004,485.2001,13.666666666,12.669745000000002,2.9470668500000006
Dacorum 016,E02004871,0.6,0.8,4372.7565,260.67650000000003,195.11399999999998,172.5605,245.46599999999998,6.333333333,6.17656445,2.1029533785
Dacorum 017,E02004872,0.6,0.8,5770.803499999999,352.583,389.8895,284.5535,515.7075000000001,9.333333334,11.09151505,2.7418969564999998
Dacorum 018,E02004873,0.8,1.0,9791.0338,486.43940000000003,472.607,320.4506,456.46919999999994,12.666666666,11.47881714,2.7922462282000002
Dacorum 019,E02004874,0.4,0.6,5216.313,300.21500000000003,245.12400000000002,172.701,255.64700000000002,9.333333333,7.249789900000001,2.2424726870000002
Dacorum 020,E02004875,0.4,0.6,8784.9744,391.75140000000005,344.0511,225.30780000000001,403.9302,11.333333333,10.994208720000001,2.7292471336000004
Dacorum 021,E02004876,0.8,1.0,7374.099700000001,516.065,553.597,433.4946,504.8054,14.333333333,12.07188631,2.8693452203
Dacorum 022,E02004877,0.8,1.0,4188.1948,257.2916,281.8464,235.4058,375.2614,11.000000001,7.63963884,2.2931530492
Darlington 001,E02002559,0.6,0.8,7298.3913,533.2701,582.6639,359.4771,373.1976,10.333333333,11.489272289999999,2.7936053977
Darlington 002,E02002560,0.4,0.6,4950.416200000001,330.0688,323.9108,252.478,301.742,5.333333333,8.576677660000001,2.4149680958
Darlington 003,E02002561,0.4,0.6,4019.1559999999995,430.1816,400.5696,239.0496,295.58160000000004,7.333333334,8.649665200000001,2.4244564760000005
Darlington 004,E02002562,0.0,0.2,4821.656,301.6504,289.7744,201.89200000000002,323.62100000000004,13.333333333,11.146813600000002,2.7490857680000005
Darlington 005,E02002563,0.2,0.4,3986.4330000000004,384.039,352.1259,254.223,431.6382,15.333333334,11.513056500000001,2.796697345
Darlington 006,E02002564,0.2,0.4,7880.1223,494.751,483.10979999999995,347.2958,494.75100000000003,15.666666667,15.72483595,3.3442286735
Darlington 007,E02002565,0.2,0.4,4312.4565,217.899,241.428,145.26600000000002,197.9505,6.333333333,7.1679052500000004,2.2318276825
Darlington 008,E02002566,0.0,0.2,6114.1236,230.97179999999997,247.71899999999997,148.63139999999999,237.252,7.333333333,9.94937196,2.5934183548000003
Darlington 009,E02002567,0.0,0.2,6832.473099999999,333.77259999999995,406.9395,260.6057,388.0312,15.666666666,14.28365866,3.1568756258
Darlington 010,E02002568,0.8,1.0,4517.4168,345.69,384.16679999999997,275.3496,489.3768,7.666666667,9.57483144,2.5447280872
Darlington 011,E02002569,0.8,1.0,5971.6410000000005,675.525,699.8439000000001,572.8452,1088.0456,19.000000001,19.3749577,3.8187445010000003
Darlington 012,E02002570,0.0,0.2,6383.4624,411.632,440.1296,245.396,434.58840000000004,20.0,15.021718240000002,3.2528233712000003
Darlington 013,E02002571,0.2,0.4,5425.17,275.812,272.5595,208.8105,321.347,10.0,9.9480965,2.5932525450000004
Darlington 014,E02002572,0.0,0.2,5464.602,280.8729,264.9504,159.22500000000002,198.71280000000002,8.666666666,9.5070063,2.535910819
Darlington 015,E02002573,0.6,0.8,6613.948200000001,534.5484,555.4427999999999,429.20579999999995,571.9842000000001,10.666666667,13.71290766,3.0826779958
Dartford 001,E02005028,0.0,0.2,10994.800799999999,252.9588,195.954,141.3244,292.14959999999996,10.333333333,13.33651048,3.0337463624
Dartford 002,E02005029,0.6,0.8,11010.0352,272.1873,217.9855,128.4347,155.5356,7.333333333,7.072392260000001,2.2194109938000004
Dartford 003,E02005030,0.4,0.6,9950.3712,322.6608,280.52639999999997,218.43359999999998,317.1168,9.666666667,9.86854176,2.5829104288
Dartford 004,E02005031,0.2,0.4,7592.744699999999,275.8212,246.877,141.3158,255.39,5.666666666,9.66523455,2.5564804915
Dartford 005,E02005032,0.4,0.6,9086.4774,282.408,259.2102,180.5394,277.365,9.333333333,8.739216420000002,2.4360981346000004
Dartford 006,E02005033,0.2,0.4,6574.8369,252.79229999999998,262.4864,181.95080000000002,184.9336,10.666666667,8.588599750000002,2.4165179675000004
Dartford 007,E02005034,0.8,1.0,6112.7584,379.7024,402.2144,252.8848,357.1904,8.333333334,8.59117952,2.4168533376
Dartford 008,E02005035,0.6,0.8,6989.754,342.7829,381.33549999999997,234.668,434.1358,11.666666667,10.256667799999999,2.633366814
Dartford 009,E02005036,0.2,0.4,5664.9746,248.6998,251.9808,178.4864,217.20219999999998,7.666666667,8.442341099999998,2.3975043429999996
Dartford 010,E02005037,0.8,1.0,5513.6256,331.8784,440.1152,317.5424,564.1216,11.666666666,10.99112448,2.7288461824
Dartford 011,E02005038,0.4,0.6,4397.104799999999,367.983,361.55789999999996,270.4383,442.74780000000004,9.666666667,10.43693244,2.6568012172
Dartford 012,E02005039,0.2,0.4,5441.5542000000005,342.76439999999997,363.7638,289.92719999999997,337.3452,8.0,11.2817583,2.766628579
Dartford 013,E02005040,0.6,0.8,4806.72,435.9428,461.9792,372.5208,599.5047999999999,13.333333334,12.6189752,2.940466776
Daventry 001,E02005619,0.6,0.8,4641.638,411.34599999999995,388.8315,280.5185,362.666,10.666666667,9.162427899999999,2.491115627
Daventry 002,E02005620,0.8,1.0,6995.3232,523.0799999999999,498.6696,328.66859999999997,373.13040000000007,11.333333332,9.889873560000002,2.5856835628000003
Daventry 003,E02005621,0.6,0.8,6552.3712000000005,602.3168,624.9472000000001,409.088,515.2768,9.333333333,13.38361856,3.0398704128
Daventry 004,E02005622,0.8,1.0,7334.82,591.26,599.7199999999999,419.24,454.02,12.666666667,11.672826,2.81746738
Daventry 005,E02005623,0.8,1.0,7318.1906,541.604,551.8758,395.9312,529.4646,13.666666667,12.18618338,2.8842038394
Daventry 006,E02005624,0.6,0.8,9382.8179,412.718,461.59250000000003,314.969,289.9887,9.666666668,10.25137207,2.6326783691
Daventry 007,E02005625,0.4,0.6,7393.1913,509.5167,563.3988,402.6978,584.1954,15.333333333,14.91711759,3.2392252867
Daventry 008,E02005626,0.2,0.4,5857.3611,306.3204,309.0312,156.5487,147.0609,4.333333334,7.9443382499999995,2.3327639725
Daventry 009,E02005627,0.4,0.6,5504.6796,518.3976,519.1298,342.6696,437.1234,9.333333333,12.06621668,2.8686081684
Daventry 010,E02005628,0.6,0.8,6029.933,491.47279999999995,542.3418,358.4308,403.8216,9.666666667,11.1954843,2.755412959
Derby 001,E02002796,0.8,1.0,4440.4808,363.7853,466.081,340.1786,443.6849,10.666666666,9.57330374,2.5445294862
Derby 002,E02002797,0.8,1.0,5029.147199999999,433.4448,565.5564,448.28880000000004,946.3050000000001,21.0,16.15754556,3.4004809228
Derby 003,E02002798,0.8,1.0,7925.909099999999,529.485,510.231,253.1901,405.2967,10.0,10.18141893,2.6235844609
Derby 004,E02002799,0.2,0.4,5174.256,190.976,202.3152,162.3296,238.71999999999997,9.0,7.970264,2.33613432
Derby 005,E02002800,0.6,0.8,5576.732900000001,363.9658,402.08869999999996,312.1762,538.7557,20.0,11.496499970000002,2.7945449961000004
Derby 006,E02002801,0.4,0.6,6002.7156,327.4346,399.2736,300.9676,532.3648,15.333333333,12.24696148,2.8921049924
Derby 007,E02002802,0.0,0.2,6975.9788,308.4235,231.5179,204.2805,291.60040000000004,13.333333333,11.81446258,2.8358801354
Derby 008,E02002803,0.2,0.4,7504.9562,258.4167,205.7298,183.986,209.07500000000002,7.0,9.1474494,2.489168422
Derby 009,E02002804,0.2,0.4,7169.846200000001,355.9986,336.22090000000003,245.9314,491.0029,11.0,13.611357100000001,3.0694764230000002
Derby 010,E02002805,0.8,1.0,3839.4267999999997,350.658,468.1006,404.09159999999997,503.72299999999996,12.666666667,10.350756239999999,2.6455983111999997
Derby 011,E02002806,0.2,0.4,5832.4224,167.8992,144.9168,109.16640000000001,130.872,5.333333333,6.334204800000001,2.123446624
Derby 012,E02002807,0.2,0.4,6974.6145,406.119,553.4025,341.628,440.1075,14.666666667,14.59196025,3.1969548325000003
Derby 013,E02002808,0.0,0.2,12050.6592,232.938,219.997,163.0566,276.9374,13.333333334,13.959715520000001,3.1147630176000005
Derby 014,E02002809,0.2,0.4,5418.2390000000005,310.765,352.428,316.912,432.33899999999994,16.999999999,12.4575785,2.919485205
Derby 015,E02002810,0.8,1.0,6393.3593,545.5142999999999,573.6863999999999,390.1409,633.4454000000001,16.666666668,13.07501309,2.9997517017
Derby 016,E02002811,0.0,0.2,10285.812899999999,314.72429999999997,161.2545,125.6673,233.54099999999997,12.666666666,12.233544839999999,2.8903608291999996
Derby 017,E02002812,0.4,0.6,6002.159000000001,367.783,325.34650000000005,266.531,481.6915000000001,18.0,11.2170837,2.758220881
Derby 018,E02002813,0.0,0.2,10679.880000000001,365.3336,212.43040000000002,134.228,278.96079999999995,14.333333334,13.5838736,3.0659035680000004
Derby 019,E02002814,0.8,1.0,5065.154500000001,508.71799999999996,545.664,384.38050000000004,600.3725,15.333333333,12.15431035,2.8800603455
Derby 020,E02002815,0.0,0.2,7833.0315,194.4278,162.5967,137.648,276.15630000000004,14.0,10.762353000000001,2.6991058900000002
Derby 021,E02002816,0.8,1.0,8093.116,446.84740000000005,375.8888,277.1221,396.9846,7.666666667,9.8258483,2.577360279
Derby 022,E02002817,0.6,0.8,4824.3162,386.3739,363.6831,267.8775,460.1190000000001,11.666666667,10.07547156,2.6098113028
Derby 023,E02002818,0.0,0.2,7629.8856,286.1642,225.2782,182.65800000000002,374.8838,17.333333333,12.912354960000002,2.9786061448000005
Derby 024,E02002819,0.2,0.4,6539.2704,375.4944,376.2816,202.31040000000002,378.6432,13.0,11.861136,2.84194768
Derby 025,E02002820,0.0,0.2,8364.651899999999,365.4882,376.1241,249.4602,313.2756,13.666666666,14.23238124,3.1502095612
Derby 026,E02002821,0.0,0.2,10821.0072,328.0914,286.02840000000003,224.7366,359.3382,14.0,15.44841792,3.3082943296
Derby 027,E02002822,0.4,0.6,5340.6074,305.026,303.0367,238.71599999999998,443.6139,10.999999999,10.180043820000002,2.6234056966000003
Derby 028,E02002823,0.2,0.4,5742.143,343.2682,441.133,427.0464,460.40939999999995,19.333333334,14.1796457,3.143353941
Derby 029,E02002824,0.0,0.2,8314.668,487.95000000000005,418.66110000000003,267.39660000000003,270.32430000000005,8.999999998,14.6375241,3.2028781330000005
Derby 030,E02002825,0.4,0.6,6882.892799999999,420.64050000000003,475.2804,356.46029999999996,539.4606,22.666666667,13.41955944,3.0445427272
Derby 031,E02002826,0.6,0.8,5815.230299999999,235.66950000000003,301.9302,185.80319999999998,291.6837,9.0,7.56116559,2.2829515267
Derbyshire Dales 001,E02004068,0.8,1.0,5293.7568,577.0832,549.6736,437.072,549.6736,12.0,12.073410240000001,2.8695433312
Derbyshire Dales 002,E02004069,0.8,1.0,4377.0132,503.7039,590.5494,425.22130000000004,535.8689,12.666666666,11.52227496,2.7978957448
Derbyshire Dales 003,E02004070,0.6,0.8,4116.704,541.4415,569.544,402.178,614.508,12.333333334,13.3665482,3.037651266
Derbyshire Dales 004,E02004071,0.6,0.8,3646.6752,349.3216,423.5272,264.5152,363.9608,9.666666667,8.81289936,2.4456769168
Derbyshire Dales 005,E02004072,0.8,1.0,6502.0789,700.2378,686.6673,503.0132,656.8122,14.666666666,14.46443407,3.1803764291
Derbyshire Dales 006,E02004073,0.4,0.6,6665.6616,691.65,732.2268,494.29920000000004,637.2402,16.666666667,16.92458328,3.5001958263999997
Derbyshire Dales 007,E02004074,0.6,0.8,4461.504,465.728,457.824,311.904,383.04,11.666666667,9.874163200000002,2.583641216
Derbyshire Dales 008,E02004075,0.6,0.8,5308.5715,540.5595,555.1495,453.74899999999997,437.7,14.333333333,11.977733449999999,2.8571053485
Derbyshire Dales 009,E02004076,0.6,0.8,5701.0506000000005,395.6451,406.4946,296.553,432.5334,12.666666667,10.368216180000001,2.6478681034000005
Derbyshire Dales 010,E02004077,0.6,0.8,6065.312400000001,476.3668,559.2132,363.2496,501.858,13.333333333,12.34586612,2.9049625956
Doncaster 001,E02001539,0.0,0.2,5342.9186,287.4235,278.5797,179.4028,228.67540000000002,9.0,10.035691560000002,2.6046399028000002
Doncaster 002,E02001540,0.0,0.2,9294.761700000001,679.5945,628.4797,425.1822,586.6585,25.333333335,22.133405420000003,4.177342704600001
Doncaster 003,E02001541,0.2,0.4,8812.2243,659.4258,640.2957,514.2620999999999,629.0427,14.333333334,20.093919449999998,3.9122095285
Doncaster 004,E02001542,0.0,0.2,6282.6192,426.2544,401.544,259.4592,350.57879999999994,17.0,13.93172352,3.1111240576
Doncaster 005,E02001543,0.0,0.2,6366.107899999999,491.1995,461.9711,308.522,491.19950000000006,15.666666666,16.639565740000002,3.4631435462000004
Doncaster 006,E02001544,0.2,0.4,6916.764,390.04949999999997,471.132,333.7185,422.4825,14.666666667,13.918878,3.10945414
Doncaster 007,E02001545,0.6,0.8,6075.36,701.1977999999999,623.5681999999999,427.8066,611.755,11.0,14.5876144,3.196389872
Doncaster 008,E02001546,0.2,0.4,7243.7442,516.488,520.1772,387.36600000000004,557.0691999999999,12.333333333,16.648437299999998,3.464296849
Doncaster 009,E02001547,0.0,0.2,9291.1121,486.82769999999994,465.0457,239.60199999999998,410.59069999999997,16.333333334,16.93833666,3.5019837658000004
Doncaster 010,E02001548,0.0,0.2,6941.8692,359.0622,298.81140000000005,257.28720000000004,287.4126,9.666666666,12.704451120000002,2.9515786456000006
Doncaster 011,E02001549,0.4,0.6,4882.8417,388.17570000000006,331.8376,253.83100000000002,334.93309999999997,12.333333333,9.11073751,2.4843958763
Doncaster 012,E02001550,0.2,0.4,6371.014700000001,387.99580000000003,346.2592,234.1887,389.5416,10.0,12.04835165,2.8662857145
Doncaster 013,E02001551,0.2,0.4,5003.066,337.38079999999997,296.1184,192.35559999999998,238.47240000000002,6.333333333,8.906306999999998,2.4578199099999996
Doncaster 014,E02001552,0.2,0.4,6560.194200000001,368.11809999999997,334.3674,233.11530000000002,353.98990000000003,11.666666667,11.6016069,2.808208897
Doncaster 015,E02001553,0.2,0.4,8426.3535,518.922,486.23400000000004,312.579,471.93300000000005,14.0,15.566127750000001,3.3235966075000007
Doncaster 016,E02001554,0.6,0.8,4645.2015,345.6054,324.5319,284.7933,422.0721,9.999999999,9.44965845,2.5284555985
Doncaster 017,E02001555,0.4,0.6,3815.6670999999997,455.2326,414.337,290.0359,405.7274,9.666666667,10.32145753,2.6417894789
Doncaster 018,E02001556,0.0,0.2,8063.439800000001,402.1238,403.07669999999996,247.754,412.60569999999996,17.666666667,15.54961278,3.3214496614
Doncaster 019,E02001557,0.2,0.4,8626.7959,507.5773,342.0849,239.1567,375.3852,13.333333334,13.383188749999999,3.0398145375
Doncaster 020,E02001558,0.4,0.6,4320.7992,446.4948,513.072,398.8524,428.7816000000001,9.333333333,11.78001096,2.8314014248
Doncaster 021,E02001559,0.6,0.8,5826.6782,402.1794,515.7894,346.1318,482.46380000000005,7.666666667,11.65328066,2.8149264858
Doncaster 022,E02001560,0.0,0.2,11921.8125,374.9655,295.269,211.653,261.3,13.999999999,15.121431000000001,3.26578603
Doncaster 023,E02001561,0.0,0.2,5770.0896,269.973,195.9804,172.64939999999999,257.9742,10.666666667,10.09605696,2.6124874048000004
Doncaster 024,E02001562,0.2,0.4,4583.6005,383.99449999999996,308.62,245.11550000000003,413.07599999999996,10.333333333,11.35098425,2.7756279525
Doncaster 025,E02001563,0.6,0.8,5999.067599999999,521.9718,519.5663999999999,360.00820000000004,618.9895999999999,14.666666668,13.53085608,3.0590112904
Doncaster 026,E02001564,0.8,1.0,5858.788,605.8338,613.8158,420.65139999999997,482.911,9.666666667,11.612213599999999,2.809587768
Doncaster 027,E02001565,0.8,1.0,5479.606199999999,529.8384,504.3654,342.066,422.85179999999997,12.666666667,10.07398926,2.6096186038
Doncaster 028,E02001566,0.0,0.2,8374.678300000001,291.7845,249.1747,141.7239,205.63859999999997,8.666666667,11.189333480000002,2.7546133524000003
Doncaster 029,E02001567,0.0,0.2,7248.568,502.37600000000003,455.72679999999997,287.96909999999997,475.46299999999997,16.666666668,16.8609945,3.4919292850000003
Doncaster 030,E02001568,0.0,0.2,5218.05,344.43,361.2,263.805,263.80500000000006,11.000000001,11.671275000000001,2.8172657500000002
Doncaster 031,E02001569,0.0,0.2,7569.236400000001,425.7582,374.0136,329.53139999999996,377.6448,17.333333333,15.37885824,3.2992515712
Doncaster 032,E02001570,0.0,0.2,5674.4775,371.22749999999996,387.49080000000004,267.2838,370.5204,12.666666666,13.5155094,3.0570162219999997
Doncaster 033,E02001571,0.4,0.6,4717.531,355.60200000000003,382.486,309.166,343.993,11.0,9.6393193,2.553111509
Doncaster 034,E02001572,0.0,0.2,6151.5135,371.83140000000003,336.2778,228.1356,319.2417,9.0,12.659303700000002,2.9457094810000006
Doncaster 035,E02001573,0.2,0.4,6389.1493,392.2006,344.1444,244.93160000000003,381.3492,10.333333334,12.03846565,2.8650005345
Doncaster 036,E02001574,0.4,0.6,4614.522000000001,384.49320000000006,452.09639999999996,263.1696,322.926,9.333333334,9.4158582,2.5240615660000003
Doncaster 037,E02001575,0.0,0.2,6174.3007,300.899,330.255,214.2988,320.71430000000004,8.666666666,12.20901362,2.8871717706
Doncaster 038,E02001576,0.6,0.8,5416.362,322.812,336.042,246.7395,292.38300000000004,5.666666667,8.0646111,2.348399443
Doncaster 039,E02001577,0.6,0.8,4260.064,497.4404,587.707,506.532,642.9060000000001,10.333333334,14.228354,3.14968602
Dover 001,E02005041,0.4,0.6,5359.032,492.6852,542.3859,381.759,427.85819999999995,12.333333333,12.187476,2.88437188
Dover 002,E02005042,0.6,0.8,6362.8488,668.5272000000001,770.5368,539.1936000000001,765.0719999999999,13.333333333,17.43981624,3.5671761112
Dover 003,E02005043,0.4,0.6,5286.902000000001,550.548,603.514,414.03000000000003,606.498,15.333333333,14.8633786,3.232239218
Dover 004,E02005044,0.4,0.6,4571.8526,517.5183999999999,608.6122,411.2423,491.11439999999993,10.0,13.20186798,3.0162428374
Dover 005,E02005045,0.2,0.4,7370.9702,573.5658,509.52689999999996,350.8218,474.2591,13.333333334,15.5911519,3.326849747
Dover 006,E02005046,0.2,0.4,6110.3526,319.203,369.10139999999996,275.175,263.43420000000003,8.999999999,10.5766263,2.6749614189999997
Dover 007,E02005047,0.4,0.6,5563.6767,523.7949,543.1374,433.272,671.5716,14.0,15.54773361,3.3212053693000003
Dover 008,E02005048,0.6,0.8,4774.7662,542.6332,579.8462,376.1896,493.24139999999994,9.666666666,12.14368446,2.8786789798
Dover 009,E02005049,0.6,0.8,4328.447999999999,719.999,757.3375,571.3495,668.5705,19.666666666,15.9789054,3.3772577020000005
Dover 010,E02005050,0.8,1.0,7225.1759999999995,620.6928,696.6959999999999,473.55839999999995,727.8768,14.666666667,15.1767672,3.272979736
Dover 011,E02005051,0.0,0.2,12333.3446,527.2356,575.4237999999999,311.806,426.60729999999995,14.333333334,20.21523336,3.9279803368
Dover 012,E02005052,0.0,0.2,6543.963,441.9405,424.1007,274.8951,423.28979999999996,15.0,15.260327099999998,3.2838425229999997
Dover 013,E02005053,0.0,0.2,8347.1094,434.9253,354.2769,186.2594,276.5088,16.0,13.576198040000001,3.0649057452000004
Dover 014,E02005054,0.6,0.8,4845.0966,540.8385,596.6231,378.24679999999995,440.83439999999996,9.333333334,11.662110779999999,2.8160744014
Dudley 001,E02002000,0.2,0.4,6493.580000000001,383.2796,343.6846,281.12449999999995,416.5394,10.333333333,12.7377115,2.955902495
Dudley 002,E02002001,0.2,0.4,4839.2792,305.3154,285.4428,246.2998,344.4584,7.0,10.3349564,2.6435443320000003
Dudley 003,E02002002,0.8,1.0,4602.985000000001,487.195,569.205,528.1999999999999,761.72,17.0,14.513615499999998,3.186770015
Dudley 004,E02002003,0.2,0.4,7116.8612,455.8,481.3248,402.9272,659.0868,21.0,17.5806618,3.5854860340000005
Dudley 005,E02002004,0.0,0.2,6230.322,329.81399999999996,302.706,255.267,411.138,10.999999999,13.621318200000001,3.0707713660000002
Dudley 006,E02002005,0.0,0.2,8051.818800000001,363.324,309.2912,295.3172,297.18039999999996,13.666666667,13.827552480000001,3.0975818224000005
Dudley 007,E02002006,0.2,0.4,5351.7054,341.5844,270.7998,218.8478,311.0626,12.333333333,10.0484909,2.6063038169999997
Dudley 008,E02002007,0.4,0.6,6737.9802,480.3078,582.3846,512.2068,800.2091999999999,20.333333334,17.98729926,3.6383489038
Dudley 009,E02002008,0.6,0.8,7141.002,378.9,314.908,237.444,346.06199999999995,13.666666667,9.1536346,2.489972498
Dudley 010,E02002009,0.0,0.2,6109.05,266.185,218.925,155.68,200.85500000000002,7.000000001,9.591000000000001,2.54683
Dudley 011,E02002010,0.0,0.2,6862.7785,307.8585,236.2635,209.2165,338.883,16.333333334,12.3693886,2.9080205180000003
Dudley 012,E02002011,0.6,0.8,4068.6284,377.0484,402.974,338.15999999999997,448.6256,14.333333332,10.21226292,2.6275941796
Dudley 013,E02002012,0.0,0.2,6848.369,346.96200000000005,324.6573,272.613,470.877,12.666666667,15.0259329,3.2533712770000003
Dudley 014,E02002013,0.8,1.0,4551.0122,418.73720000000003,479.0198,420.0336,613.1972,20.333333334,12.006154859999999,2.8608001318
Dudley 015,E02002014,0.0,0.2,6722.0992,264.89889999999997,268.7604,177.629,288.0679,7.666666666,11.40177382,2.7822305966000003
Dudley 016,E02002015,0.4,0.6,5212.706900000001,309.4094,338.5379,259.5673,351.4839,12.333333332,9.31199307,2.5105590991
Dudley 017,E02002016,0.0,0.2,6766.8705,319.4694,301.986,243.9729,314.70120000000003,15.666666667,12.651624,2.94471112
Dudley 018,E02002017,0.0,0.2,7198.4064,437.6938,377.5327,297.3179,409.793,16.333333333,15.393917640000002,3.3012092932000003
Dudley 019,E02002018,0.6,0.8,6380.6932,499.2121,686.3058,570.1481,731.5274999999999,18.0,16.555398359999998,3.4522017868
Dudley 020,E02002019,0.0,0.2,6610.2774,363.13219999999995,330.55359999999996,274.137,368.6944,6.0,13.77788724,3.0911253412
Dudley 021,E02002020,0.6,0.8,7326.6497,525.906,628.1655000000001,568.7576,691.4689999999999,16.0,16.21241591,3.4076140683
Dudley 022,E02002021,0.0,0.2,6723.1044,303.966,268.89300000000003,219.0114,276.687,8.666666667,11.751481440000001,2.8276925872000005
Dudley 023,E02002022,0.2,0.4,7536.524299999999,411.41880000000003,328.78340000000003,214.5004,300.6522,11.333333334,11.42698135,2.7855075755
Dudley 024,E02002023,0.6,0.8,4036.4784,285.2616,354.8376,407.8224,268.13520000000005,8.666666667,8.189416320000001,2.3646241216000004
Dudley 025,E02002024,0.2,0.4,7019.205,430.1535,412.8435,351.393,441.405,14.666666667,14.208047999999998,3.14704624
Dudley 026,E02002025,0.2,0.4,6767.932400000001,353.046,316.524,280.8136,396.87239999999997,11.333333333,12.437364200000001,2.9168573460000005
Dudley 027,E02002026,0.6,0.8,5214.756299999999,439.90439999999995,488.48280000000005,301.5909,302.2656,11.0,9.231042989999999,2.5000355887
Dudley 028,E02002027,0.8,1.0,4368.7512,422.21999999999997,332.8728,186.8664,137.2896,4.666666666,5.26532856,1.9844927128000003
Dudley 029,E02002028,0.6,0.8,4287.554700000001,340.982,342.1578,335.103,574.9662,10.666666666,11.33700481,2.7738106253000003
Dudley 030,E02002029,0.6,0.8,4468.2939,340.8777,348.6114,303.9939,487.2231,9.666666667,10.29611277,2.6384946601
Dudley 031,E02002030,0.2,0.4,5339.976599999999,338.3148,347.5296,254.7234,301.4556,14.0,10.4755821,2.661825673
Dudley 032,E02002031,0.2,0.4,5026.0038,336.1651,308.7106,192.79160000000002,236.71880000000002,8.0,8.9465064,2.463045832
Dudley 033,E02002032,0.2,0.4,8540.748,406.11920000000003,453.05760000000004,363.2624,439.7924,14.666666667,15.1213076,3.265769988
Dudley 034,E02002033,0.6,0.8,6255.1634,433.7084,516.9292,353.6884,441.7104,12.333333332,11.438939020000001,2.7870620726000004
Dudley 035,E02002034,0.2,0.4,6460.135,440.866,395.814,333.063,414.31750000000005,11.333333332,13.439172500000002,3.047092425
Dudley 036,E02002035,0.6,0.8,4624.215,418.9725,433.2486,309.10859999999997,421.4552999999999,9.666666667,10.139755199999998,2.6181681759999997
Dudley 037,E02002036,0.0,0.2,5500.9882,336.957,299.2971,234.5485,235.2092,10.333333334,10.946213320000002,2.7230077316
Dudley 038,E02002037,0.4,0.6,4597.532,399.13300000000004,402.73420000000004,272.49080000000004,330.11,9.666666666,9.3847272,2.520014536
Dudley 039,E02002038,0.2,0.4,7559.4816,459.9837,573.2991000000001,497.4354,512.8002,14.666666667,17.088538500000002,3.5215100050000006
Dudley 040,E02002039,0.6,0.8,4943.902999999999,333.7216,378.04400000000004,323.2928,539.0386,11.666666666,11.2086787,2.7571282310000003
Dudley 041,E02002040,0.8,1.0,4218.1008,456.2908,485.53239999999994,393.5432,539.1419999999999,11.0,11.047354639999998,2.7361561032
Dudley 042,E02002041,0.6,0.8,4334.4301,376.9337,459.3303,407.06379999999996,571.857,11.333333333,12.21726363,2.8882442719
Dudley 043,E02002042,0.8,1.0,6124.285999999999,531.6192,504.546,445.4772,599.7124,10.333333334,12.733838599999999,2.9553990179999996
Ealing 001,E02000238,0.4,0.6,8281.372000000001,365.3408,301.312,205.2688,261.7648,9.333333334,8.7931316,2.4431071080000004
Ealing 002,E02000239,0.6,0.8,7398.9678,404.09340000000003,365.2722,272.6307,380.2713,11.333333333,10.03510374,2.6045634862
Ealing 003,E02000240,0.2,0.4,8917.379900000002,415.2577,277.1769,213.21300000000002,332.0031,13.666666666,12.28969885,2.8976608505000003
Ealing 004,E02000241,0.4,0.6,5809.5960000000005,282.98699999999997,216.756,149.856,230.136,4.666666667,6.8366448,2.188763824
Ealing 005,E02000242,0.6,0.8,5928.768,338.9828,227.13219999999998,131.0642,236.0528,3.666666667,6.6170266,2.1602134580000003
Ealing 006,E02000243,0.2,0.4,7174.0891,390.3287,297.19169999999997,219.2953,386.94190000000003,5.666666667,12.125167350000002,2.8762717555000004
Ealing 007,E02000244,0.4,0.6,6410.4735,326.782,311.0425,159.6435,285.55949999999996,3.666666667,8.20545105,2.3667086365000003
Ealing 008,E02000245,0.0,0.2,7540.3453,283.6176,197.51940000000002,160.379,259.13870000000003,7.000000001,11.16220958,2.7510872454
Ealing 009,E02000246,0.2,0.4,7594.1178,336.70640000000003,255.1332,199.594,289.8452,10.666666666,10.7030113,2.691391469
Ealing 010,E02000247,0.2,0.4,9062.6635,415.99800000000005,337.21049999999997,221.65550000000002,467.47249999999997,14.0,14.28942625,3.1576254125
Ealing 011,E02000248,0.4,0.6,6693.472000000001,297.8288,261.7516,154.2876,269.42760000000004,8.0,7.809562400000001,2.315243112
Ealing 012,E02000249,0.2,0.4,6354.4975,269.8475,236.95749999999998,236.95749999999998,376.74,14.333333333,11.11420375,2.7448464875000003
Ealing 013,E02000250,0.8,1.0,5027.400000000001,400.05,337.68,209.79000000000002,325.08,7.333333334,7.60851,2.2891063000000003
Ealing 014,E02000251,0.4,0.6,6320.860000000001,351.325,273.585,191.36,337.1225,9.333333332,8.886878,2.45529414
Ealing 015,E02000252,0.2,0.4,10450.2202,344.07309999999995,209.1873,161.1771,267.48539999999997,9.666666666,11.4321431,2.7861786029999998
Ealing 016,E02000253,0.0,0.2,7862.034600000001,396.7338,343.6497,276.5961,434.9171,11.000000001,15.57431616,3.3246611008
Ealing 017,E02000254,0.2,0.4,7056.8398,436.0638,348.683,222.653,338.60060000000004,11.666666666,11.8531215,2.8409057950000003
Ealing 018,E02000255,0.4,0.6,7729.7625,439.1805,392.7555,278.55,445.68,11.666666667,11.78777175,2.8324103275
Ealing 019,E02000256,0.6,0.8,7569.805,300.155,267.19,203.8625,333.9875,9.666666666,8.633186499999999,2.422314245
Ealing 020,E02000257,0.4,0.6,12517.746,525.5432000000001,404.264,385.49460000000005,603.5084,13.333333334,15.978534600000001,3.377209498
Ealing 021,E02000258,0.4,0.6,6130.9945,253.7444,225.8604,131.0548,227.9517,5.0,6.77197795,2.1803571335000003
Ealing 022,E02000259,0.6,0.8,5191.0527999999995,291.7546,218.5133,140.4296,211.2497,3.666666666,6.04077294,2.0853004822
Ealing 023,E02000260,0.2,0.4,7800.4238,498.4356,326.69000000000005,256.685,448.96540000000005,14.0,13.886658500000001,3.1052656050000005
Ealing 024,E02000261,0.2,0.4,10600.0014,353.8067,321.8576,220.0938,337.2405,9.333333334,13.236393799999998,3.0207311939999997
Ealing 025,E02000262,0.2,0.4,7919.2080000000005,302.94,239.679,179.982,267.3,10.000000001,10.294614000000001,2.6382998200000003
Ealing 026,E02000263,0.2,0.4,10266.8019,520.6505999999999,369.6857,271.0236,457.6495,18.0,15.56305475,3.3231971175000004
Ealing 027,E02000264,0.4,0.6,7142.751,382.8582,322.9839,231.0642,355.87260000000003,13.0,9.857333700000002,2.581453381
Ealing 028,E02000265,0.2,0.4,9391.6772,352.308,343.7672,245.548,341.632,10.0,12.946251400000001,2.983012682
Ealing 029,E02000266,0.0,0.2,10150.016,414.70720000000006,305.8752,221.10080000000002,363.1552,17.666666668,15.598489600000002,3.3278036480000006
Ealing 030,E02000267,0.4,0.6,6437.166,277.59,209.6535,140.9865,240.3345,5.333333333,7.054876800000001,2.217133984
Ealing 031,E02000268,0.4,0.6,7550.5248,415.896,419.4736,201.23999999999998,356.86560000000003,8.0,10.264671040000001,2.6344072352000003
Ealing 032,E02000269,0.6,0.8,6924.5293,337.6841,298.3812,173.2536,287.95390000000003,6.666666667,7.98001269,2.3374016497000003
Ealing 033,E02000270,0.0,0.2,6926.309,252.00719999999998,189.00539999999998,156.3378,254.3406,8.333333333,10.5073002,2.665949026
Ealing 034,E02000271,0.8,1.0,5926.942,295.7955,281.31600000000003,148.93200000000002,242.704,3.333333333,6.3467096000000005,2.1250722480000004
Ealing 035,E02000272,0.8,1.0,5334.515,320.912,280.798,214.804,318.971,7.333333333,7.3864754999999995,2.260241815
Ealing 037,E02000274,0.2,0.4,12648.908,549.214,397.7555,242.0505,317.072,14.333333334,15.062335500000001,3.2581036150000005
Ealing 038,E02000275,0.2,0.4,6244.350400000001,366.8752,333.99839999999995,212.2048,314.5712,12.333333333,10.819082400000001,2.7064807120000003
Ealing 039,E02000276,0.6,0.8,5729.8704,263.89279999999997,177.0172,165.9128,195.95999999999998,8.333333333,5.939939519999999,2.0721921376
Ealing 040,E02006791,0.4,0.6,5995.0751,294.851,245.48059999999998,174.1678,146.0541,6.333333334,6.167802930000001,2.1018143809
East Cambridgeshire 001,E02003732,0.4,0.6,7998.7932,483.97860000000003,425.55060000000003,334.0134,494.69039999999995,17.333333334,13.01016276,2.9913211588
East Cambridgeshire 002,E02003733,0.6,0.8,6650.8767,518.4386999999999,556.0191000000001,385.1991,431.3205,11.0,11.92673781,2.8504759153
East Cambridgeshire 003,E02003734,0.6,0.8,10033.6838,606.1448,655.8288,426.04029999999995,703.0286,14.666666666,16.70922604,3.4721993852000006
East Cambridgeshire 004,E02003735,0.8,1.0,7360.559400000001,453.7079,482.23720000000003,367.1997,540.2161,13.0,11.85843362,2.8415963706
East Cambridgeshire 005,E02003736,0.8,1.0,7846.407200000001,635.8084,688.9628,501.9002,549.9436000000001,17.666666667,13.56234516,3.0631048708
East Cambridgeshire 006,E02003737,0.6,0.8,11298.814799999998,643.0550000000001,595.6719999999999,400.7248,601.0872,15.333333334,15.67402564,3.3376233332
East Cambridgeshire 007,E02003738,0.6,0.8,4956.776,339.38399999999996,420.28000000000003,267.968,334.96,9.666666667,8.8713208,2.453271704
East Cambridgeshire 008,E02003739,0.8,1.0,4927.6452,366.966,404.9502,301.94219999999996,436.4964,10.999999999,9.33329736,2.5133286567999997
East Cambridgeshire 009,E02003740,0.6,0.8,4749.0864,418.5164,405.87239999999997,270.5816,477.311,13.666666667,10.488577320000001,2.6635150516
East Cambridgeshire 011,E02006825,0.8,1.0,5011.244900000001,400.4495,474.5823,317.0501,415.67319999999995,11.0,9.41109277,2.5234420601
East Devon 001,E02004129,0.4,0.6,3899.2975,441.97,533.57,404.7575,444.26,8.666666667,11.94767425,2.8531976525000005
East Devon 002,E02004130,0.4,0.6,4177.647,402.56219999999996,467.02079999999995,379.45439999999996,653.7075,13.666666667,14.0477181,3.126203353
East Devon 003,E02004131,0.8,1.0,3989.2708000000002,357.4043,408.6194,283.6105,469.74709999999993,7.333333333,9.314099239999997,2.5108329011999997
East Devon 004,E02004132,0.6,0.8,6378.839999999999,646.4100000000001,644.67,460.23,569.85,10.666666666,14.354652,3.16610476
East Devon 005,E02004133,0.4,0.6,6440.8784,689.6999999999999,740.278,574.75,750.3935999999999,16.666666666,18.72599872,3.7343798336000003
East Devon 006,E02004134,0.6,0.8,10741.327299999999,501.3703,476.3643,342.5822,440.10560000000004,12.333333333,12.684668590000001,2.9490069167
East Devon 007,E02004135,0.6,0.8,5292.196,763.5052,799.2296,635.562,816.6764,10.333333334,18.472838,3.70146894
East Devon 008,E02004136,0.8,1.0,6181.3256,614.9966,683.8135,481.7183,748.2749,20.0,15.09163328,3.2619123264
East Devon 009,E02004137,0.6,0.8,3416.9856000000004,502.8504,573.1296,407.5104,548.6136,9.666666667,12.39561648,2.9114301424
East Devon 010,E02004138,0.6,0.8,4067.9244000000003,643.6683,890.3214,690.3324,1115.4942,20.666666668,21.791097720000003,4.132842703600001
East Devon 011,E02004139,0.6,0.8,4517.9628999999995,493.28849999999994,633.9282,578.6519,771.7691000000001,15.333333333,16.26039827,3.4138517751000004
East Devon 012,E02004140,0.8,1.0,2623.2960000000003,480.8325,617.4625,459.28700000000003,1073.5965,18.999999999,17.0895753,3.5216447889999998
East Devon 013,E02004141,0.8,1.0,4327.295999999999,471.8464,477.34720000000004,353.2736,482.23679999999996,7.0,10.2675488,2.6347813440000003
East Devon 014,E02004142,0.8,1.0,5024.4786,430.9147,421.01619999999997,299.5946,424.3157,9.333333334,9.376651079999998,2.5189646404
East Devon 015,E02004143,0.8,1.0,4483.2416,451.62719999999996,511.336,416.05600000000004,491.00960000000003,13.666666666,10.75228448,2.6977969824
East Devon 016,E02004144,0.8,1.0,4796.252,512.772,558.444,439.42,612.42,14.0,12.5150276,2.926953588
East Devon 017,E02004145,0.8,1.0,3438.0008000000003,591.5104,694.5952,549.172,863.3352,19.333333333,15.846158639999999,3.3600006232000004
East Devon 018,E02004146,0.4,0.6,5767.7928,484.3524,454.7284,290.3152,408.0706,10.666666665,11.15669464,2.7503703032
East Devon 019,E02004147,0.4,0.6,6027.3294,415.91130000000004,458.781,243.6804,374.54580000000004,8.333333334,10.431777420000001,2.6561310646000003
East Devon 020,E02004148,0.4,0.6,4447.907200000001,521.7966,735.8670000000001,603.5595999999999,1123.8696,22.333333334,22.42922616,4.2157994008
East Dorset 001,E02004243,0.6,0.8,4806.648,444.03659999999996,534.0006,285.957,354.07259999999997,9.666666667,9.790653599999999,2.5727849679999997
East Dorset 002,E02004244,0.8,1.0,5322.078,453.8035,534.7085,430.26750000000004,612.6715,12.333333333,12.464371400000001,2.920368282
East Dorset 003,E02004245,0.6,0.8,5762.33,472.63,544.62,413.9425,632.2600000000001,22.333333333,13.877011500000002,3.1040114950000004
East Dorset 004,E02004246,0.8,1.0,4197.9267,686.3585,881.1262,613.0511,809.2562,19.666666666,16.361421110000002,3.4269847443000003
East Dorset 005,E02004247,0.4,0.6,4507.1849999999995,460.282,497.919,311.58500000000004,393.02900000000005,8.666666667,10.8502535,2.710532955
East Dorset 006,E02004248,0.6,0.8,4354.4138,618.4772,841.8584,664.0652,1120.7050000000002,27.999999996,21.558793140000002,4.1026431082000006
East Dorset 007,E02004249,0.8,1.0,4011.8399999999997,382.2392,500.36560000000003,293.64439999999996,383.35360000000003,10.0,8.6538732,2.4250035160000003
East Dorset 008,E02004250,0.4,0.6,4935.1193,573.5559000000001,749.6685,598.9415,1074.9215000000002,32.333333334,22.11902859,4.1754737167
East Dorset 009,E02004251,0.8,1.0,4506.791300000001,431.1352,544.7627,396.073,615.5364,19.333333334,12.05509859,2.8671628167
East Dorset 010,E02004252,0.6,0.8,5490.7655,486.8165,482.1875,461.35699999999997,794.6450000000001,23.666666666,15.597492650000001,3.3276740445
East Dorset 011,E02004253,0.8,1.0,5923.599999999999,705.168,853.376,739.1519999999999,1217.76,24.999999999,21.985287999999997,4.15808744
East Dorset 012,E02004254,0.8,1.0,7721.8075,657.3050000000001,688.8475,522.995,583.0275,14.666666666,14.03712475,3.1248262175
East Hampshire 001,E02004697,0.8,1.0,5040.2231,389.9028,450.24490000000003,284.4699,466.8224,8.666666667,9.749758230000001,2.5674685699
East Hampshire 002,E02004698,0.4,0.6,4744.19,233.64000000000001,290.87,194.70000000000002,436.6000000000001,11.0,9.461417,2.5299842100000003
East Hampshire 003,E02004699,0.8,1.0,8168.300399999999,603.3711999999999,699.9540000000001,541.5148,838.8596000000001,15.0,16.99217012,3.5089821156000003
East Hampshire 004,E02004700,0.4,0.6,4780.4076000000005,166.09799999999998,196.1028,94.30080000000001,120.0192,4.999999999,4.556764680000001,1.8923794084
East Hampshire 006,E02004702,0.6,0.8,6759.9988,374.9188,368.37,319.254,362.6398,11.0,9.836625040000001,2.5787612552000003
East Hampshire 007,E02004703,0.8,1.0,8915.3298,789.3405,936.3627,631.4724,774.8793,19.000000001,17.80703964,3.6149151532
East Hampshire 008,E02004704,0.6,0.8,4331.2914,355.63710000000003,376.8525,247.3269,271.3338,6.333333333,7.739377920000001,2.3061191296
East Hampshire 009,E02004705,0.8,1.0,7088.5752,477.94320000000005,554.8536,382.7208,652.8228,12.666666667,13.28682096,3.0272867248
East Hampshire 010,E02004706,0.6,0.8,5784.9623,445.4164,560.664,348.8576,646.3209999999999,15.666666667,13.72279649,3.0839635437000004
East Hampshire 011,E02004707,0.8,1.0,8616.9853,766.0568,722.2162000000001,574.5426,858.3527999999999,17.333333333,17.876235389999998,3.6239106006999995
East Hampshire 012,E02004708,0.6,0.8,7013.422899999999,476.01180000000005,551.6995,420.3859,655.6560999999999,11.333333333,14.576995069999999,3.1950093591
East Hampshire 013,E02004709,0.8,1.0,6331.073,528.0730000000001,582.787,378.85299999999995,469.214,10.666666667,11.1766609,2.752965917
East Hampshire 014,E02004710,0.8,1.0,4925.180399999999,381.3208,459.3764,309.6632,323.73879999999997,8.666666667,8.26839132,2.3748908716
East Hampshire 016,E02006829,0.8,1.0,4789.311,493.77899999999994,497.23199999999997,424.719,700.9590000000001,12.666666666,13.2529593,3.0228847090000004
East Hampshire 017,E02006838,0.8,1.0,4767.8541,473.8068,554.8527,447.48420000000004,683.6949,11.0,13.245740129999998,3.0219462169
East Hertfordshire 001,E02004878,0.8,1.0,6315.9679,462.2422,505.72839999999997,333.3942,434.862,9.666666667,10.28118457,2.6365539941000002
East Hertfordshire 002,E02004879,0.6,0.8,6348.386,458.28200000000004,544.566,337.81,451.77,7.666666667,11.6578638,2.815522294
East Hertfordshire 003,E02004880,0.8,1.0,7734.244500000001,444.3255,439.668,308.32649999999995,387.50399999999996,9.333333334,9.89243685,2.5860167905
East Hertfordshire 004,E02004881,0.8,1.0,5287.0992,279.844,288.9552,166.6048,485.4968,8.333333333,8.89721696,2.4566382048
East Hertfordshire 005,E02004882,0.8,1.0,7589.4980000000005,334.1512,343.0382,240.83769999999998,377.6975,9.0,8.9900892,2.4687115960000003
East Hertfordshire 006,E02004883,0.8,1.0,4875.728800000001,285.4771,351.4975,280.5867,319.0986,6.333333333,7.6496859399999995,2.2944591722
East Hertfordshire 007,E02004884,0.6,0.8,9264.7605,454.314,394.8205,268.2616,437.0068,10.0,11.41572095,2.7840437235
East Hertfordshire 008,E02004885,0.8,1.0,7335.4041,346.34369999999996,368.79990000000004,262.5648,323.88750000000005,7.666666666,8.50649493,2.4058443409
East Hertfordshire 009,E02004886,0.6,0.8,5008.9214,339.71680000000003,355.5618,235.1398,399.294,8.0,9.17229022,2.4923977286000003
East Hertfordshire 010,E02004887,0.8,1.0,5905.6416,473.9472,518.976,315.20160000000004,418.2336,8.333333334,9.93411648,2.5914351424
East Hertfordshire 011,E02004888,0.8,1.0,7089.3792,524.2275000000001,557.0487,381.0906,567.0774,9.333333333,12.432670559999998,2.9162471728
East Hertfordshire 012,E02004889,0.8,1.0,9404.9068,439.2244,505.7388,364.68240000000003,755.7412,18.666666666,14.847963640000001,3.2302352732000004
East Hertfordshire 013,E02004890,0.8,1.0,6895.972199999999,453.1566,462.50879999999995,277.16519999999997,413.1972,8.333333333,9.83111766,2.5780452958
East Hertfordshire 014,E02004891,0.8,1.0,6395.7354,404.86469999999997,438.6705,310.69140000000004,498.23310000000004,10.666666666,10.63981212,2.6831755756
East Hertfordshire 015,E02004892,0.6,0.8,4754.0715,253.4535,182.9565,168.40949999999998,236.109,5.0,6.10420095,2.0935461235000004
East Hertfordshire 016,E02004893,0.8,1.0,5314.199,200.0095,175.08249999999998,130.57,115.7325,2.333333334,4.2703512,1.8551456560000001
East Hertfordshire 017,E02004894,0.8,1.0,7907.795999999999,416.8008,355.89840000000004,305.4636,530.9928,9.666666668,11.285976,2.76717688
East Hertfordshire 018,E02004895,0.8,1.0,7690.713,479.83979999999997,491.2194,401.1309,421.04519999999997,9.666666668,10.886484,2.71524292
East Lindsey 001,E02005424,0.6,0.8,7069.7688,797.2056,964.932,617.3544,654.7392,21.0,17.86397304,3.6223164952000007
East Lindsey 002,E02005425,0.4,0.6,4413.488400000001,528.0174,576.9432,384.417,453.0402,9.999999999,12.430838520000002,2.9160090076000005
East Lindsey 003,E02005426,0.2,0.4,7750.6337,597.9147,618.1487,477.5224,671.7688,21.000000001,19.54553815,3.8409199595
East Lindsey 004,E02005427,0.4,0.6,5215.157999999999,475.956,475.25399999999996,372.762,480.168,10.666666666,12.416063399999999,2.914088242
East Lindsey 005,E02005428,0.0,0.2,5273.6705999999995,861.9632999999999,880.8624,570.2598,629.4222,21.666666667,23.42321586,4.3450180618
East Lindsey 006,E02005429,0.0,0.2,3310.5636000000004,826.9938,916.9407,696.9267,720.2223,22.0,24.227165160000002,4.4495314708
East Lindsey 007,E02005430,0.2,0.4,4824.2584,599.8453999999999,652.9604,442.625,561.6026,16.0,16.661113200000003,3.465944716
East Lindsey 008,E02005431,0.2,0.4,5922.0275,741.2368,805.0461,588.2693,684.4203000000001,25.333333333,20.735837250000003,3.9956588425
East Lindsey 009,E02005432,0.2,0.4,5162.8026,724.3767,732.7554,498.1518,498.9135,16.0,17.1595776,3.5307450879999998
East Lindsey 010,E02005433,0.0,0.2,4237.9888,723.5932,848.1576,567.5378000000001,620.7226,23.666666667,21.82298308,4.1369878004
East Lindsey 011,E02005434,0.4,0.6,5340.974999999999,450.6125,550.175,475.6875,558.2875,15.0,14.2577925,3.1535130250000005
East Lindsey 012,E02005435,0.0,0.2,5081.849200000001,596.0103,688.3809,461.853,502.17350000000005,24.666666667,18.730118519999998,3.7349154076
East Lindsey 013,E02005436,0.2,0.4,5625.509399999999,684.2934,679.4172,504.68670000000003,632.2806,14.999999999,18.7034778,3.7314521140000005
East Lindsey 014,E02005437,0.0,0.2,4643.2659,392.238,363.1173,219.891,323.8935,17.666666666,11.988695040000001,2.8585303552
East Lindsey 015,E02005438,0.0,0.2,5041.887000000001,480.21299999999997,506.076,406.81800000000004,556.404,15.333333334,17.4811512,3.5725496559999996
East Lindsey 016,E02005439,0.6,0.8,9038.927199999998,721.7995999999999,833.782,668.2428,910.4656000000001,23.0,20.846740959999998,4.0100763248
East Lindsey 017,E02005440,0.0,0.2,3848.595,490.2182,460.1937,280.0467,379.9464,12.666666666,13.5809002,3.065517026
East Lindsey 018,E02005441,0.2,0.4,6102.4971,681.217,728.6435,504.44550000000004,606.1969,18.333333333,18.81495485,3.7459441305
East Northamptonshire 001,E02005629,0.6,0.8,4757.6565,446.0103,495.9225,326.349,373.7016,5.666666667,10.04547015,2.6059111195
East Northamptonshire 002,E02005630,0.8,1.0,8005.875599999999,674.5573999999999,702.0472,508.56129999999996,679.8439,15.0,15.176061279999999,3.2728879664
East Northamptonshire 003,E02005631,0.8,1.0,8297.952,619.4688,655.0464000000001,398.6784,493.9008,11.999999999,12.4647168,2.920413184
East Northamptonshire 004,E02005632,0.6,0.8,4834.490400000001,490.22880000000004,464.1528,325.95000000000005,404.8299,9.0,10.370294820000002,2.6481383266000003
East Northamptonshire 005,E02005633,0.6,0.8,6968.5524000000005,561.6472,600.2268,370.5436,473.7216,15.666666667,12.678422920000001,2.9481949796
East Northamptonshire 006,E02005634,0.4,0.6,7617.687999999999,448.916,492.4192,288.7872,408.1896,14.666666666,11.783813599999998,2.831895768
East Northamptonshire 007,E02005635,0.6,0.8,7670.876399999999,522.4032,548.3312999999999,379.31850000000003,480.15000000000003,13.666666667,12.717637020000002,2.9532928126
East Northamptonshire 008,E02005636,0.4,0.6,9850.5157,640.4852000000001,690.5995,466.91859999999997,573.2587,16.0,16.67913911,3.4682880843
East Northamptonshire 009,E02005637,0.2,0.4,8003.3952,432.74620000000004,416.3616,273.7192,511.7778,16.333333333,15.022750599999998,3.252957578
East Northamptonshire 010,E02005638,0.8,1.0,7932.2588,626.8249000000001,682.2235000000001,498.58739999999995,520.1312999999999,17.666666665,13.212155739999998,3.0175802461999996
East Riding of Yorkshire 001,E02002684,0.4,0.6,5904.5163999999995,951.1293999999999,1126.1293,883.8978,1021.3271,23.333333334,25.73744292,4.6458675796
East Riding of Yorkshire 002,E02002685,0.4,0.6,4774.092199999999,723.0407,879.479,653.772,752.6161000000001,21.333333333,19.350250260000003,3.815532533800001
East Riding of Yorkshire 003,E02002686,0.0,0.2,6138.3872,493.0464,566.72,350.5568,548.0992,22.333333333,18.01295232,3.6416838016
East Riding of Yorkshire 004,E02002687,0.0,0.2,4284.7584,422.6664,481.3536,322.48319999999995,417.33119999999997,13.0,14.35631184,3.1663205392
East Riding of Yorkshire 005,E02002688,0.0,0.2,4220.04,379.776,354.936,253.36800000000002,313.536,18.0,11.741592,2.82640696
East Riding of Yorkshire 006,E02002689,0.2,0.4,3896.2655999999997,486.5376,491.6352,335.3088,454.25280000000004,9.0,13.172481600000001,3.0124226080000005
East Riding of Yorkshire 008,E02002691,0.6,0.8,5705.2896,602.1712,662.7112000000001,494.8136,606.2072000000001,14.999999999,14.709121280000002,3.2121857664
East Riding of Yorkshire 009,E02002692,0.8,1.0,6709.780400000001,599.3738,651.0286,447.9718,497.8454,17.666666667,12.22989732,2.8898866516
East Riding of Yorkshire 010,E02002693,0.6,0.8,4997.7074,572.0182,662.8598,422.2715,442.1431,15.0,12.269719420000001,2.8950635246000003
East Riding of Yorkshire 011,E02002694,0.6,0.8,8786.6431,767.9933,860.9052,575.1129,770.3455,24.0,18.96496533,3.7654454928999996
East Riding of Yorkshire 012,E02002695,0.4,0.6,5472.565199999999,711.7764,855.6372,565.4064,760.2876000000001,23.0,19.00376076,3.7704888988
East Riding of Yorkshire 013,E02002696,0.8,1.0,4420.6902,400.1538,444.68129999999996,293.8815,377.5932,13.0,8.63880996,2.4230452948
East Riding of Yorkshire 014,E02002697,0.6,0.8,5401.6866,630.4662,673.5749999999999,434.1672,558.105,12.333333334,13.88572938,3.1051448194000004
East Riding of Yorkshire 015,E02002698,0.8,1.0,6336.1998,501.47999999999996,656.9388,382.7964,481.42080000000004,10.666666667,11.42730834,2.7855500842
East Riding of Yorkshire 016,E02002699,0.8,1.0,7076.3574,634.0089,708.9992000000001,555.123,766.4592999999999,21.333333333,16.01559072,3.3820267935999997
East Riding of Yorkshire 017,E02002700,0.2,0.4,5147.8359,320.8265,334.8031,216.63729999999998,332.26189999999997,12.000000001,10.37921375,2.6492977875
East Riding of Yorkshire 018,E02002701,0.6,0.8,6320.710999999999,651.0206,659.4426,350.35519999999997,440.4706,10.0,12.4329775,2.916287075
East Riding of Yorkshire 019,E02002702,0.6,0.8,7305.104,683.7239999999999,724.888,491.96000000000004,834.3240000000001,25.666666667,18.0958952,3.6524663760000005
East Riding of Yorkshire 020,E02002703,0.8,1.0,6666.4412,622.2956,599.2804,401.8808,562.9872,13.333333333,12.645347560000001,2.9438951828000004
East Riding of Yorkshire 021,E02002704,0.4,0.6,4925.9305,613.6992,709.5897,401.3195,451.7508,15.0,13.37246295,3.0384201835
East Riding of Yorkshire 022,E02002705,0.6,0.8,4361.6728,487.1262,568.6348,358.76619999999997,640.5164,13.666666666,13.39680484,3.0415846292
East Riding of Yorkshire 023,E02002706,0.6,0.8,5378.443800000001,457.89259999999996,467.94039999999995,336.6013,536.1218999999999,11.666666667,11.981427339999998,2.8575855542
East Riding of Yorkshire 024,E02002707,0.8,1.0,5410.027,459.38280000000003,520.7783,348.8709,483.94100000000003,12.999999999,10.651035799999999,2.684634654
East Riding of Yorkshire 025,E02002708,0.6,0.8,4547.457600000001,466.10119999999995,503.73260000000005,344.62440000000004,740.7443999999999,17.0,14.182680479999998,3.1437484623999996
East Riding of Yorkshire 026,E02002709,0.6,0.8,6098.1096,509.50679999999994,546.2424,344.9952,487.94460000000004,13.333333334,12.12578268,2.8763517484000003
East Riding of Yorkshire 027,E02002710,0.8,1.0,5635.4649,401.1891,488.5023,389.14590000000004,613.4505,12.0,12.16370727,2.8812819451
East Riding of Yorkshire 028,E02002711,0.8,1.0,5127.8279999999995,525.7,653.37,419.058,784.044,15.333333333,14.6162624,3.200114112
East Riding of Yorkshire 029,E02002712,0.6,0.8,5332.0357,585.7535999999999,690.2434999999999,453.04380000000003,566.6861,14.000000001,14.03085801,3.1240115413
East Riding of Yorkshire 031,E02002714,0.4,0.6,5630.7372,660.2691,692.4582,410.6073,456.9282,11.666666667,13.726374360000001,3.0844286668
East Riding of Yorkshire 032,E02002715,0.8,1.0,10970.7045,588.0735,656.082,480.05999999999995,638.7465,16.666666667,15.20603385,3.2767844005000004
East Riding of Yorkshire 033,E02002716,0.4,0.6,6363.518399999999,573.0264000000001,660.7872,443.9664,562.7016,12.999999999,15.11447472,3.2648817136000003
East Riding of Yorkshire 034,E02002717,0.4,0.6,6116.0815999999995,447.9144,410.7816,268.4392,492.7832000000001,10.0,11.897813280000001,2.8467157264000003
East Riding of Yorkshire 035,E02002718,0.8,1.0,5639.4723,534.4416,661.6895999999999,438.2103,676.8003000000001,14.333333333,13.719958890000001,3.0835946557000002
East Riding of Yorkshire 036,E02002719,0.8,1.0,4709.7988000000005,385.1442,356.615,233.1952,517.867,11.666666666,9.75897104,2.5686662352000003
East Riding of Yorkshire 037,E02002720,0.8,1.0,5738.4778,491.6118,483.3431,309.7004,493.1152,13.333333334,10.644222339999999,2.6837489042
East Riding of Yorkshire 038,E02002721,0.4,0.6,4872.7288,456.73780000000005,431.61400000000003,277.006,403.9134,13.000000001,10.610747040000001,2.6793971152000005
East Riding of Yorkshire 039,E02002722,0.0,0.2,6217.9143,734.0411,770.7869,479.4452,549.4372,19.333333334,21.204251380000002,4.0565526794
East Riding of Yorkshire 040,E02002723,0.4,0.6,7027.3457,414.3007,460.7234,345.1046,510.64970000000005,14.0,12.978122710000001,2.9871559523
East Riding of Yorkshire 041,E02002724,0.2,0.4,8354.439900000001,444.1255,420.6991,241.0967,300.6388,14.666666667,12.487735350000001,2.9234055955000002
East Riding of Yorkshire 042,E02002725,0.6,0.8,5172.076,458.328,452.92,309.608,366.392,11.333333333,9.8583108,2.5815804040000003
East Riding of Yorkshire 043,E02006814,0.6,0.8,6324.7968,498.762,584.4996,341.3016,495.4644,16.0,12.389577840000001,2.9106451192000002
East Riding of Yorkshire 044,E02006891,0.8,1.0,5630.242800000001,559.7991000000001,593.5867,377.03889999999996,518.3325,13.333333333,11.58269644,2.8057505372
East Riding of Yorkshire 045,E02006892,0.4,0.6,4714.6428,388.692,446.04,345.9996,477.26279999999997,17.666666667,11.77908804,2.8312814452
East Staffordshire 001,E02006131,0.6,0.8,5790.268,513.2283,553.4815,402.532,482.2643,13.666666666,12.2950303,2.898353939
East Staffordshire 002,E02006132,0.4,0.6,5137.1957,331.1046,320.3215,245.4741,309.5384,11.333333333,8.671959310000002,2.4273547103000004
East Staffordshire 003,E02006133,0.6,0.8,5540.202,335.896,363.656,289.398,410.848,7.666666667,9.7547946,2.568123298
East Staffordshire 004,E02006134,0.8,1.0,6976.18,594.614,620.8332,513.1472,659.2256,16.666666666,14.340966,3.16432558
East Staffordshire 005,E02006135,0.8,1.0,5627.1996,487.63079999999997,504.0846,369.4626,489.8745,8.666666666,10.90752318,2.7179780134
East Staffordshire 006,E02006136,0.6,0.8,6449.227199999999,606.0444,611.322,560.3052,569.1012000000001,9.666666667,14.65378416,3.2049919408000003
East Staffordshire 007,E02006137,0.2,0.4,7519.7352,388.79519999999997,396.9708,294.3216,484.1772,12.333333333,14.384514,3.16998682
East Staffordshire 008,E02006138,0.0,0.2,6588.9800000000005,230.68000000000004,187.61,121.18,170.82,5.666666667,8.942938,2.4625819399999997
East Staffordshire 009,E02006139,0.2,0.4,7337.013,328.8718,262.0958,161.9318,256.2529,12.333333333,9.912062500000001,2.588568125
East Staffordshire 010,E02006140,0.4,0.6,6873.4584,443.1708,437.9976,372.47040000000004,494.9028,10.333333333,12.874025520000002,2.9736233176000004
East Staffordshire 011,E02006141,0.0,0.2,10855.4272,335.636,260.1179,218.16340000000002,317.6555,12.666666666,14.831035620000003,3.2280346306000007
East Staffordshire 012,E02006142,0.8,1.0,3866.9169,337.72200000000004,375.5878,239.98729999999998,296.786,8.333333334,7.05127717,2.2166660321
East Staffordshire 013,E02006143,0.6,0.8,6254.258000000001,367.63,351.712,286.524,318.35999999999996,5.666666666,8.9529654,2.463885502
East Staffordshire 014,E02006144,0.0,0.2,6344.515799999999,463.8474,406.953,254.4444,431.44919999999996,9.666666666,15.11921268,3.2654976484000002
East Staffordshire 015,E02006145,0.8,1.0,4375.0872,407.8876,476.56559999999996,295.61400000000003,416.2484,3.333333334,9.13823496,2.4879705448
Eastbourne 001,E02004356,0.0,0.2,6076.823,373.9007,371.6528,282.48609999999996,387.38809999999995,10.0,13.9999212,3.119989756
Eastbourne 002,E02004357,0.2,0.4,6422.0912,427.40880000000004,423.4948,252.0616,303.7264,8.333333333,11.5963992,2.8075318960000004
Eastbourne 003,E02004358,0.2,0.4,5719.5164,456.5801,640.953,407.5195,689.2223,12.333333333,17.916614600000003,3.629159898
Eastbourne 004,E02004359,0.2,0.4,5735.184,471.872,597.92,428.24,848.4,15.999999999,19.853368,3.8809378400000005
Eastbourne 006,E02004361,0.6,0.8,6097.1238,441.07890000000003,532.8688000000001,394.77779999999996,657.1507,10.999999999,14.045316840000002,3.1258911892000003
Eastbourne 007,E02004362,0.4,0.6,7325.7276,421.4508,433.978,306.91639999999995,459.0324,8.666666666,12.12641908,2.8764344804000004
Eastbourne 008,E02004363,0.4,0.6,4843.5824,413.03999999999996,452.2788,370.3592,804.0512000000001,17.333333333,15.959039520000001,3.3746751376000006
Eastbourne 009,E02004364,0.6,0.8,5984.271,540.4881,579.3900000000001,401.4345,771.4164000000001,16.666666666,15.6865704,3.3392541520000005
Eastbourne 010,E02004365,0.0,0.2,7466.4298,290.9976,248.3514,146.335,209.05,9.333333334,10.709547879999999,2.6922412244
Eastbourne 011,E02004366,0.2,0.4,5539.1544,404.47560000000004,511.7697,364.3368,901.5792,12.333333334,19.3993908,3.8219208040000003
Eastbourne 012,E02004367,0.8,1.0,4058.7317999999996,543.9237999999999,763.9624,600.5674,1295.5408,16.666666666,21.08717774,4.041333106200001
Eastbourne 013,E02006857,0.4,0.6,6543.344999999998,553.11,716.0,484.195,654.245,11.666666667,16.6893335,3.469613355
Eastbourne 014,E02006858,0.4,0.6,5244.0323,594.4652,658.89,427.5464,395.33400000000006,7.666666667,12.70698649,2.9519082437
Eastleigh 001,E02004712,0.8,1.0,6647.087500000001,463.26820000000004,570.5228999999999,522.754,808.4661,17.999999999,15.56860555,3.3239187215
Eastleigh 002,E02004713,0.8,1.0,6005.7404,498.75759999999997,600.4152,345.477,492.404,10.666666667,11.14389672,2.7487065736000003
Eastleigh 003,E02004714,0.8,1.0,5686.9,530.2650000000001,585.597,356.584,526.4225,13.333333332,11.5113615,2.796476995
Eastleigh 004,E02004715,0.6,0.8,7409.6158000000005,423.7144,397.6811,289.0594,456.03159999999997,10.666666667,11.12268254,2.7459487302000003
Eastleigh 005,E02004716,0.6,0.8,7144.463999999999,491.8935,469.656,345.12600000000003,442.97099999999995,13.333333334,11.6040612,2.808527956
Eastleigh 006,E02004717,0.4,0.6,10228.9362,410.4312,372.6904,274.8002,508.3214,13.666666667,13.12896286,3.0067651718
Eastleigh 007,E02004718,0.4,0.6,8225.4796,345.3268,268.0704,161.95919999999998,308.0948,8.666666667,8.89947188,2.4569313444
Eastleigh 008,E02004719,0.8,1.0,8387.103000000001,557.3907,585.7326,421.9794,545.8439999999999,14.000000001,12.9165585,2.9791526050000003
Eastleigh 009,E02004720,0.8,1.0,8218.8132,692.3753999999999,691.2816,527.2116,806.1305999999998,19.333333333,16.736452559999996,3.4757388327999994
Eastleigh 010,E02004721,0.8,1.0,9389.394,329.6166,295.3032,167.4078,213.15899999999996,7.333333333,7.248445799999999,2.242297954
Eastleigh 011,E02004722,0.6,0.8,5510.2894,455.2702,444.4132,314.85299999999995,516.0694,10.666666666,11.592308419999998,2.8070000946
Eastleigh 012,E02004723,0.8,1.0,7575.344,574.49,609.1575,466.5255,678.4925000000001,17.666666668,14.4359432,3.1766726160000003
Eastleigh 013,E02004724,0.4,0.6,6603.445500000001,402.52299999999997,344.4515,266.4925,338.883,11.0,9.829436650000002,2.5778267645
Eastleigh 014,E02004725,0.6,0.8,4125.8086,327.7692,359.22180000000003,248.31,457.99399999999997,10.333333334,9.60965218,2.5492547834000003
Eastleigh 015,E02004726,0.8,1.0,4479.3192,318.88239999999996,391.98359999999997,247.50799999999998,318.88239999999996,6.333333334,7.51077416,2.2764006408000004
Eden 001,E02004008,0.4,0.6,4562.9493,546.2729999999999,524.9244,291.9735,352.2519,10.666666666,10.53999219,2.6701989847
Eden 002,E02004009,0.6,0.8,4596.9346000000005,464.15529999999995,461.6765,289.3999,384.8337,10.666666667,9.834267180000001,2.5784547334
Eden 003,E02004010,0.2,0.4,5897.5734999999995,347.3964,357.0463,288.0124,533.7136999999999,16.333333334,13.839812349999999,3.0991756055
Eden 004,E02004011,0.8,1.0,7110.8877,715.7742000000001,715.7742000000001,561.2547000000001,865.3092,14.333333334,17.32103781,3.5517349153
Eden 005,E02004012,0.4,0.6,3874.3688,438.4212,430.7296,339.5292,411.50059999999996,9.666666666,10.73725384,2.6958429992
Eden 006,E02004013,0.4,0.6,6988.9151999999995,813.6025999999999,805.7322,510.5922,719.1578,16.666666666,18.640255359999998,3.7232331968
Eden 007,E02004014,0.4,0.6,5435.0756,636.7549,590.6689,444.7299,573.7706999999999,12.666666666,14.82033588,3.2266436644
Elmbridge 001,E02006317,0.8,1.0,4686.4554,349.98380000000003,330.3752,229.9554,345.8244,10.333333334,7.72050002,2.3036650026
Elmbridge 002,E02006318,0.8,1.0,5156.741000000001,372.863,351.314,275.56600000000003,373.516,6.333333333,8.4818823,2.402644699
Elmbridge 003,E02006319,0.6,0.8,5707.103800000001,314.4505,329.6547,212.16770000000002,346.93219999999997,8.0,8.536743640000001,2.4097766732
Elmbridge 004,E02006320,0.4,0.6,5822.8769999999995,279.601,253.198,176.697,238.304,5.666666667,7.2386871,2.2410293230000002
Elmbridge 005,E02006321,0.8,1.0,5321.3535,290.976,305.91450000000003,191.6025,385.1535,11.333333333,7.9848880499999995,2.3380354465
Elmbridge 006,E02006322,0.8,1.0,5533.3048,307.99080000000004,266.5305,181.6356,292.8545,9.333333333,6.93861154,2.2020195002
Elmbridge 007,E02006323,0.8,1.0,5952.377399999999,322.0296,348.6192,248.9082,513.327,9.666666667,10.01814882,2.6023593466
Elmbridge 008,E02006324,0.8,1.0,6579.224999999999,328.5765,250.85699999999997,200.07,335.502,6.0,7.823506500000001,2.317055845
Elmbridge 009,E02006325,0.8,1.0,7949.8496,382.7208,445.06879999999995,284.8824,529.4784,10.000000001,11.28920848,2.7675971024
Elmbridge 010,E02006326,0.8,1.0,5549.489,293.9948,334.45279999999997,231.2849,333.7785,8.666666667,7.7497299,2.307464887
Elmbridge 011,E02006327,0.8,1.0,5170.8206,303.1261,335.86109999999996,285.4492,451.0883,9.666666667,9.21843788,2.4983969244
Elmbridge 012,E02006328,0.8,1.0,7616.731,408.31960000000004,430.49080000000004,270.6734,512.709,10.0,10.9558061,2.724254793
Elmbridge 013,E02006329,0.8,1.0,5936.1731,307.3122,381.54220000000004,305.08529999999996,492.8872,8.333333333,10.10574643,2.6137470359000003
Elmbridge 014,E02006330,0.6,0.8,7735.4088,440.2662,506.6478,414.88500000000005,661.8636,21.0,14.582670839999999,3.1957472092
Elmbridge 015,E02006331,0.8,1.0,5550.8348000000005,398.5142,401.3506,285.0582,455.2422,9.666666668,9.69793524,2.5607315811999998
Elmbridge 016,E02006332,0.8,1.0,5123.0724,275.094,310.5084,193.5144,419.91360000000003,11.333333334,8.294748120000001,2.3783172556000003
Elmbridge 017,E02006333,0.6,0.8,8461.7184,507.6192,495.0336,361.836,663.8904,15.333333333,14.64586272,3.2039621536
Elmbridge 018,E02006334,0.8,1.0,7299.1512,482.724,409.85999999999996,343.3716,573.804,12.0,12.003615359999998,2.8604699968
Enfield 001,E02000277,0.2,0.4,6664.892,255.5768,230.3252,192.0652,310.6712,10.666666667,10.092988,2.61208844
Enfield 002,E02000278,0.0,0.2,8751.9789,284.28929999999997,248.8761,211.4955,339.3765,12.999999999,13.47000084,3.0511001092
Enfield 003,E02000279,0.0,0.2,11998.3176,365.484,281.9448,159.2466,244.0911,7.333333332,14.479953960000003,3.1823940148000007
Enfield 004,E02000280,0.4,0.6,7065.349200000001,402.7104,388.206,315.68399999999997,360.0504,14.0,10.692558360000001,2.6900325868
Enfield 005,E02000281,0.2,0.4,8186.2312,298.88309999999996,300.74530000000004,219.7396,305.40079999999995,10.0,11.395732899999999,2.781445277
Enfield 006,E02000282,0.0,0.2,9149.14,258.3878,268.4418,190.0206,187.00439999999998,7.333333334,11.697829,2.82071777
Enfield 007,E02000283,0.2,0.4,7827.82,304.98,241.33200000000002,174.148,290.836,5.666666667,10.503246,2.66542198
Enfield 008,E02000284,0.4,0.6,7329.938,360.8718,334.0444,263.947,366.0642,10.666666668,10.233355,2.6303361499999998
Enfield 009,E02000285,0.6,0.8,5226.5070000000005,323.03700000000003,323.03700000000003,219.43349999999998,342.9855,13.0,8.3761821,2.3889036729999997
Enfield 010,E02000286,0.4,0.6,6682.4382,442.0323,436.9221,365.3793,591.9315,13.0,13.93193826,3.1111519738
Enfield 011,E02000287,0.6,0.8,5574.523999999999,415.048,377.8368,310.5704,478.0208,10.333333334,10.8248812,2.7072345560000004
Enfield 012,E02000288,0.0,0.2,10180.3902,320.86539999999997,274.3796,218.82340000000002,343.5414,12.333333333,14.73871972,3.2160335636
Enfield 013,E02000289,0.6,0.8,5131.8063,310.059,412.3125,285.6501,456.51240000000007,12.333333333,10.258796790000002,2.6336435827000004
Enfield 014,E02000290,0.0,0.2,6307.6073,214.7241,136.8953,113.2687,176.50459999999998,7.666666667,8.453597479999999,2.3989676724
Enfield 015,E02000291,0.2,0.4,8808.3523,370.1333,320.9189,242.99609999999998,509.5741000000001,15.999999999,14.614113550000003,3.1998347615000005
Enfield 016,E02000292,0.4,0.6,8618.7312,334.288,282.1784,230.0688,366.7336,12.999999999,10.164124960000002,2.6213362448
Enfield 017,E02000293,0.6,0.8,5002.2088,379.2592,353.37120000000004,278.296,459.51200000000006,11.0,10.11877784,2.6154411191999998
Enfield 018,E02000294,0.2,0.4,8207.29,359.09250000000003,293.1175,230.91250000000002,333.645,13.666666667,11.97352,2.8565576000000004
Enfield 019,E02000295,0.6,0.8,7515.637299999999,359.0071,320.1222,268.57710000000003,577.8477,13.0,11.952404390000002,2.8538125707000006
Enfield 020,E02000296,0.4,0.6,8910.715,364.705,337.535,300.96,538.1750000000001,19.666666667,13.016624500000002,2.9921611850000005
Enfield 021,E02000297,0.6,0.8,7631.546,510.822,527.176,344.39599999999996,607.0219999999999,15.0,13.8190338,3.0964743940000004
Enfield 022,E02000298,0.8,1.0,6576.9891,411.21299999999997,357.9972,291.8806,423.30750000000006,10.333333333,9.627302629999999,2.5515493419
Enfield 023,E02000299,0.0,0.2,9046.8,345.7888,196.014,182.9464,280.4508,13.0,12.783128400000003,2.9618066920000006
Enfield 024,E02000300,0.2,0.4,8070.9552,290.9592,228.61079999999998,190.6596,256.6224,12.0,10.236884400000001,2.6307949720000003
Enfield 025,E02000301,0.0,0.2,9910.168800000001,330.78,272.3422,217.2122,295.4968,10.666666667,14.028159280000002,3.1236607064000004
Enfield 026,E02000302,0.4,0.6,7225.555200000001,393.38559999999995,361.536,284.9248,341.7376,14.333333333,10.210981760000001,2.6274276288000005
Enfield 027,E02000303,0.0,0.2,8178.183599999999,295.67420000000004,246.2426,182.1646,252.6504,10.333333334,11.92345116,2.8500486508000002
Enfield 028,E02000304,0.8,1.0,6612.318299999999,406.4445,426.972,309.55469999999997,456.5316,15.999999999,10.220149589999998,2.6286194467
Enfield 029,E02000305,0.4,0.6,7763.418299999998,346.09409999999997,296.9076,215.5263,322.8423,12.333333333,9.37610949,2.5188942337
Enfield 030,E02000306,0.0,0.2,8305.616,256.9032,232.0416,172.1896,242.17039999999997,12.666666667,11.5394656,2.8001305280000004
Enfield 031,E02000307,0.2,0.4,8844.2783,409.1659,332.0031,240.62609999999998,326.9266,13.333333333,12.585151150000002,2.9360696495000003
Enfield 032,E02000308,0.2,0.4,7317.9855,322.4448,260.307,238.47480000000002,259.4673,8.0,10.45048635,2.6585632255
Enfield 033,E02000309,0.0,0.2,11355.7968,345.91200000000003,245.8446,163.0728,242.1384,14.333333333,13.819431479999999,3.0965260924
Enfield 035,E02000311,0.2,0.4,9403.8748,420.85909999999996,377.5831,288.8673,328.8976,9.333333334,13.443689400000002,3.0476796220000004
Enfield 036,E02000312,0.4,0.6,10215.3207,416.6913,318.03180000000003,256.5147,402.7629,13.999999999,11.54234901,2.8005053713
Enfield 037,E02006793,0.0,0.2,9364.796999999999,262.6026,174.7278,157.3572,256.47180000000003,10.666666667,11.984692200000001,2.8580099860000003
Epping Forest 001,E02004527,0.6,0.8,7016.864799999999,482.6368,518.1248,385.93199999999996,468.4416,11.333333334,12.22534984,2.8892954792000003
Epping Forest 002,E02004528,0.6,0.8,6239.357999999999,497.9886,539.4186000000001,442.47240000000005,565.1052,21.000000001,13.4539782,3.049017166
Epping Forest 003,E02004529,0.2,0.4,5275.1328,395.908,444.37260000000003,303.0744,407.5122,9.666666667,12.614448,2.93987824
Epping Forest 004,E02004530,0.6,0.8,4961.271,366.51300000000003,416.64,285.138,480.43800000000005,9.666666667,10.5984753,2.677801789
Epping Forest 005,E02004531,0.6,0.8,5494.311000000001,374.0061,385.2333,284.8902,479.2611,11.666666668,10.633561799999999,2.6823630339999998
Epping Forest 006,E02004532,0.6,0.8,4999.684800000001,324.3828,361.836,235.51080000000002,425.31600000000003,10.666666667,9.452045040000002,2.5287658552000005
Epping Forest 007,E02004533,0.2,0.4,5951.8311,352.5138,396.3921,289.29929999999996,446.9637,10.333333333,13.00768485,2.9909990305000003
Epping Forest 008,E02004534,0.4,0.6,7675.133400000001,347.6352,391.0896,286.9801,350.3511,12.333333334,10.48826262,2.6634741406
Epping Forest 009,E02004535,0.2,0.4,4574.2032,313.707,387.6945,250.9656,391.24589999999995,10.666666667,11.230710599999998,2.7599923779999997
Epping Forest 010,E02004536,0.8,1.0,4679.062,404.9128,433.11879999999996,287.70120000000003,462.57840000000004,12.333333333,9.6066502,2.548864526
Epping Forest 011,E02004537,0.2,0.4,7901.19,376.16040000000004,279.61560000000003,238.6296,314.226,10.333333334,11.6386578,2.8130255140000004
Epping Forest 012,E02004538,0.8,1.0,8008.7154,421.099,466.14680000000004,336.8792,561.1389,13.666666666,12.03403012,2.8644239156
Epping Forest 013,E02004539,0.4,0.6,6832.101500000001,317.99739999999997,280.06370000000004,276.83529999999996,364.8092,10.333333334,9.84460225,2.5797982925
Epping Forest 014,E02004540,0.8,1.0,4920.3168000000005,302.10360000000003,256.3668,205.81560000000002,332.79540000000003,9.0,7.282863240000001,2.2467722212
Epping Forest 015,E02004541,0.8,1.0,9624.452,478.992,520.082,468.426,646.8739999999999,14.333333333,14.343227599999999,3.164619588
Epping Forest 016,E02004542,0.8,1.0,5202.3518,388.4916,340.9212,220.6738,454.5616,5.666666666,9.12307774,2.4860001062
Epping Forest 017,E02004543,0.6,0.8,6055.270399999999,330.512,285.47520000000003,249.8816,342.1344,8.999999999,8.63239232,2.4222110016
Epsom and Ewell 001,E02006335,0.8,1.0,6164.3502,448.83360000000005,449.6238,365.07239999999996,474.91020000000003,9.333333333,10.695594060000001,2.6904272278000003
Epsom and Ewell 002,E02006336,0.6,0.8,5943.2345000000005,290.4405,271.635,166.4635,293.923,7.0,7.51586185,2.2770620405
Epsom and Ewell 003,E02006337,0.8,1.0,7033.2661,514.4762,509.0984,369.2756,537.78,9.666666667,11.91908703,2.8494813139
Epsom and Ewell 004,E02006338,0.8,1.0,5601.596,361.6415,416.2025,265.1105,351.8485,9.666666667,8.4320528,2.396166864
Epsom and Ewell 005,E02006339,0.6,0.8,9618.1247,396.4323,381.1429,254.4593,269.7487,7.666666667,9.44240581,2.5275127553
Epsom and Ewell 007,E02006341,0.6,0.8,8209.4012,391.9608,458.2774,332.5728,505.78780000000006,11.333333334,12.306381360000001,2.8998295768
Epsom and Ewell 008,E02006342,0.8,1.0,6977.2416,296.94000000000005,373.296,267.246,569.2764,13.666666666,11.031914879999999,2.7341489344
Epsom and Ewell 009,E02006343,0.8,1.0,7092.4908000000005,449.0802,428.0706,330.9012,453.4572,7.333333333,10.52458404,2.6681959252
Epsom and Ewell 010,E02006837,0.8,1.0,8650.1226,550.0908,643.9818,489.3378,712.467,16.666666667,15.267007979999999,3.2847110374
Erewash 001,E02004078,0.0,0.2,5832.2691,379.5981,386.80109999999996,236.9787,368.7936,18.0,13.415731560000001,3.0440451028
Erewash 003,E02004080,0.2,0.4,8115.0168,463.18140000000005,432.69599999999997,307.80420000000004,516.2850000000001,17.666666666,15.527886000000002,3.3186251800000006
Erewash 004,E02004081,0.8,1.0,4349.993200000001,444.3,404.6092,315.1568,409.34839999999997,9.333333334,9.081432759999998,2.4805862588
Erewash 005,E02004082,0.8,1.0,4472.6708,451.7786,469.95,316.433,554.5409999999999,14.666666666,10.867374439999999,2.7127586772
Erewash 006,E02004083,0.4,0.6,6676.3906,376.2484,388.3594,315.6934,315.6934,10.0,9.99133278,2.5988732614
Erewash 007,E02004084,0.0,0.2,4816.568399999999,297.1899,309.4959,285.4992,443.6313,10.0,13.24544004,3.0219072052000002
Erewash 008,E02004085,0.4,0.6,7020.513,459.0162,512.2224,388.6758,638.4744000000001,21.333333334,15.066823500000002,3.258687055
Erewash 009,E02004086,0.6,0.8,5481.4848,405.6576,491.0208,405.6576,511.4496,14.999999999,12.07407744,2.8696300672
Erewash 010,E02004087,0.2,0.4,6506.6736,371.1808,367.24879999999996,242.9976,376.68559999999997,13.0,12.057084799999998,2.867421024
Erewash 011,E02004088,0.8,1.0,6058.503099999999,484.1144,519.4799,334.00750000000005,461.3233,12.0,10.56933333,2.6740133329
Erewash 012,E02004089,0.2,0.4,6312.7134,255.58720000000002,217.82999999999998,196.047,279.5485,15.666666667,9.5213493,2.537775409
Erewash 013,E02004090,0.6,0.8,4742.0854,357.20259999999996,427.8858,304.8213,478.3738,15.0,10.634792319999999,2.6825230016
Erewash 014,E02004091,0.6,0.8,7487.7176,502.5124,526.0824,401.6328,511.9404,11.333333333,12.995178079999999,2.9893731503999996
Erewash 015,E02004092,0.4,0.6,7929.5425,499.1386,544.8764,429.5376,539.9049,13.333333332,14.612729950000002,3.1996548935000004
Erewash 016,E02006828,0.6,0.8,5828.9616,368.32320000000004,395.136,191.92319999999998,271.656,5.666666667,8.01371088,2.3417824144
Exeter 001,E02004149,0.8,1.0,9916.0572,388.5279,440.1024,289.9633,428.64140000000003,6.666666668,10.79694966,2.7036034557999997
Exeter 002,E02004150,0.2,0.4,6106.1088,279.84000000000003,228.7692,169.3032,211.27919999999997,11.0,8.528124,2.40865612
Exeter 003,E02004151,0.4,0.6,7247.620800000001,418.2192,425.47679999999997,360.1584,619.6176,12.333333334,14.308993440000002,3.1601691472000004
Exeter 004,E02004152,0.6,0.8,8695.588,178.4684,175.6205,126.25689999999999,317.0662,8.666666667,7.7871079,2.312324027
Exeter 005,E02004153,0.4,0.6,6574.604399999999,328.1922,344.3328,227.50560000000002,212.1336,9.999999999,7.91673372,2.3291753836
Exeter 006,E02004154,0.6,0.8,7471.4112,211.20000000000002,258.5088,193.4592,311.7312,8.333333334,8.09419776,2.3522457088
Exeter 007,E02004155,0.4,0.6,6006.2175,428.745,415.8675,277.245,444.65250000000003,12.0,11.322125250000001,2.7718762825
Exeter 008,E02004156,0.2,0.4,10586.314,321.6125,300.5615,196.476,290.03600000000006,11.0,12.3160045,2.901080585
Exeter 009,E02004157,0.8,1.0,5470.6035999999995,310.408,293.53799999999995,228.08239999999998,445.368,12.0,8.88853308,2.4555093004
Exeter 010,E02004158,0.4,0.6,7101.7416,294.6678,304.5726,212.9532,339.2394,10.0,9.28674048,2.5072762624000005
Exeter 011,E02004159,0.8,1.0,10397.1715,536.5725,561.2425,381.1515,458.86199999999997,9.0,12.26802095,2.8948427235
Exeter 012,E02004160,0.6,0.8,5572.786499999999,400.7151,397.7955,340.8633,587.5695,15.0,12.232029149999999,2.8901637895
Exeter 013,E02004161,0.2,0.4,6958.020200000001,298.7239,342.8252,243.8053,477.6254,10.666666667,13.184624500000002,3.0140011850000006
Exeter 014,E02004162,0.6,0.8,5899.919999999999,371.256,364.56,319.91999999999996,483.6,11.333333333,10.889928000000001,2.71569064
Exeter 015,E02004163,0.6,0.8,5474.079,501.1695,565.0515,439.56899999999996,625.131,15.0,13.979054699999999,3.117277111
Fareham 001,E02004727,0.8,1.0,8478.3961,406.6687,419.5946,269.45529999999997,363.9138,11.666666666,9.54637373,2.5410285849000003
Fareham 002,E02004728,0.8,1.0,7389.538,478.114,474.422,343.356,543.647,15.0,11.8188304,2.8364479520000003
Fareham 003,E02004729,0.6,0.8,5903.2776,363.4968,412.7592,346.32959999999997,438.88320000000004,14.333333333,10.70837688,2.6920889943999997
Fareham 004,E02004730,0.8,1.0,6385.2635,541.9161,683.012,493.38629999999995,880.726,15.999999999,16.52035275,3.4476458575000004
Fareham 005,E02004731,0.8,1.0,6180.0471,494.6297,468.002,384.8913,543.0437,12.333333333,11.67721473,2.8180379149
Fareham 006,E02004732,0.8,1.0,6674.207399999999,491.2313,473.165,391.43649999999997,572.0995,12.666666666,12.18133182,2.8835731366
Fareham 007,E02004733,0.6,0.8,6311.5969000000005,474.5139,491.3748,310.72229999999996,440.79210000000006,13.666666667,11.210330670000001,2.7573429871000004
Fareham 008,E02004734,0.6,0.8,8376.961,548.7325,597.7455,457.09950000000003,676.5925,16.666666667,15.7295503,3.344841539
Fareham 009,E02004735,0.8,1.0,5353.0932,489.216,598.5251999999999,502.9752,700.9548,15.666666667,14.00678916,3.1208825908
Fareham 010,E02004736,0.8,1.0,5651.293500000001,518.3352,673.5158,505.5368,651.9185,15.0,13.77787755,3.0911240815000003
Fareham 011,E02004737,0.4,0.6,6564.5575,306.2138,365.7113,257.0292,438.6949,13.666666668,10.85115405,2.7106500264999998
Fareham 012,E02004738,0.6,0.8,5547.250800000001,490.9996,534.2792,355.19120000000004,533.533,15.333333333,12.428110240000002,2.9156543312000007
Fareham 013,E02004739,0.8,1.0,4731.6175,477.02000000000004,590.663,479.1245,736.5749999999999,19.666666667,14.05279875,3.1268638375
Fareham 014,E02004740,0.8,1.0,4935.933599999999,507.76700000000005,677.9968,469.77579999999995,716.7185999999999,22.333333333,14.085091279999999,3.1310618663999996
Fenland 001,E02003742,0.2,0.4,4663.6317,560.8629,561.5298,409.4766,472.8321,10.666666667,14.80084515,3.2241098695000003
Fenland 002,E02003743,0.0,0.2,9372.8992,472.71619999999996,525.8685,343.7936,594.8534,22.000000001,20.161459020000002,3.9209896726
Fenland 003,E02003744,0.0,0.2,11214.334799999999,784.2093,745.9206,531.7875,903.3297000000001,29.999999999,28.941719280000004,5.062423506400001
Fenland 004,E02003745,0.2,0.4,7780.6806,731.0499000000001,758.8896,475.3371,565.0428,17.333333334,19.226921700000002,3.7994998210000004
Fenland 005,E02003746,0.2,0.4,6103.9833,395.60699999999997,436.7191,345.18649999999997,476.2798,9.999999999,14.11735215,3.1352557795000005
Fenland 006,E02003747,0.4,0.6,8916.044800000001,726.9535999999999,769.2320000000001,533.1776,799.7664,17.999999999,20.001911040000003,3.900248435200001
Fenland 007,E02003748,0.2,0.4,5838.8682,486.1809,560.5563999999999,396.1474,546.4642,10.0,15.950804600000001,3.373604598
Fenland 008,E02003749,0.4,0.6,4671.09,413.39750000000004,402.5345,251.6595,296.922,7.666666667,8.911281,2.45846653
Fenland 009,E02003750,0.4,0.6,5304.7072,490.5654,569.3258999999999,426.8069,709.5946,17.0,15.92582316,3.3703570108000003
Fenland 010,E02003751,0.6,0.8,5136.372,507.4488,481.32000000000005,330.7356,420.1236,12.0,10.7561268,2.698296484
Fenland 011,E02003752,0.4,0.6,8856.2708,675.6121,593.2754,465.82270000000005,688.019,15.000000001,17.432371240000002,3.566208261200001
Forest Heath 001,E02006238,0.4,0.6,7367.796,609.0155,753.0730000000001,511.6525,693.463,16.333333334,17.8321328,3.618177264
Forest Heath 002,E02006239,0.6,0.8,6452.039999999999,292.6461,346.4131,223.5171,366.3837,12.000000001,9.0543628,2.477067164
Forest Heath 003,E02006240,0.4,0.6,8478.0433,448.24839999999995,423.45590000000004,232.05780000000001,336.1863,12.666666667,10.56031579,2.6728410527
Forest Heath 004,E02006241,0.4,0.6,7072.5952,515.1012,537.9337,392.719,612.8242999999999,10.666666666,15.01392136,3.2518097768
Forest Heath 005,E02006242,0.6,0.8,8246.448,381.0528,435.35040000000004,240.46079999999998,393.65759999999995,10.333333333,10.5099792,2.666297296
Forest Heath 006,E02006243,0.4,0.6,7471.920999999999,435.0278,439.5783,328.5461,425.01670000000007,13.666666666,11.941422100000002,2.852384873
Forest Heath 008,E02006826,0.6,0.8,7902.100799999999,486.86400000000003,520.6464,357.69599999999997,670.6800000000001,13.666666666,14.59290384,3.1970774992
Forest of Dean 001,E02004626,0.4,0.6,7678.195199999999,707.5260000000001,666.51,530.1318,672.6623999999999,15.000000001,17.63729016,3.5928477208
Forest of Dean 002,E02004627,0.4,0.6,4566.247399999999,394.76579999999996,443.9578,320.3629,422.43629999999996,11.666666666,10.92665002,2.7204645026
Forest of Dean 003,E02004628,0.4,0.6,6165.817599999999,527.2548,550.6346,393.42560000000003,424.0612,11.333333333,12.55608128,2.9322905664000003
Forest of Dean 004,E02004629,0.2,0.4,10311.5034,816.9348,749.9513999999999,543.7476,711.8628,20.999999999,22.9549485,4.284143305000001
Forest of Dean 005,E02004630,0.4,0.6,4667.4782,492.31140000000005,504.7336,374.62739999999997,498.84940000000006,10.333333333,12.63775786,2.9429085218
Forest of Dean 006,E02004631,0.6,0.8,3628.599,413.20500000000004,422.331,299.13,308.256,6.333333333,8.4907797,2.403801361
Forest of Dean 007,E02004632,0.4,0.6,8116.413800000001,737.8557999999999,714.0540000000001,527.9672,723.7910999999999,15.333333332,18.62014814,3.7206192582
Forest of Dean 008,E02004633,0.4,0.6,6323.564800000001,654.5727999999999,658.8288,405.17120000000006,471.56480000000005,11.666666667,13.931335040000002,3.1110735552000004
Forest of Dean 009,E02004634,0.4,0.6,7981.7584,631.4616,684.8688,511.03360000000004,660.7832000000001,19.333333333,17.39252592,3.5610283696
Forest of Dean 010,E02004635,0.6,0.8,5548.8078,531.0764999999999,578.5344,395.48249999999996,479.09880000000004,3.666666667,12.288432239999999,2.8974961912
Fylde 001,E02005203,0.6,0.8,5849.9003999999995,553.8601,579.1433000000001,440.0857,477.2204,13.333333333,12.629116419999999,2.9417851346
Fylde 002,E02005204,0.6,0.8,9255.993499999999,634.1790000000001,714.3225,484.3455,524.998,22.333333333,15.099151550000002,3.2628897015000007
Fylde 003,E02005205,0.6,0.8,5286.743100000001,395.87219999999996,508.88070000000005,334.2312,323.9577,5.666666666,9.64798083,2.5542375079
Fylde 004,E02005206,0.4,0.6,5309.5,495.07500000000005,530.2325,363.055,478.57250000000005,11.333333333,12.62513,2.9412669000000005
Fylde 005,E02005207,0.6,0.8,5731.468199999999,651.5721,743.688,532.413,794.394,17.333333333,17.397735660000002,3.5617056358
Fylde 006,E02005208,0.2,0.4,7068.419800000001,678.0722,752.284,571.3292,1096.9114,26.666666667,25.739803699999996,4.646174480999999
Fylde 007,E02005209,0.6,0.8,6087.564,575.4168000000001,604.2288000000001,449.46720000000005,514.5,14.0,13.300854000000001,3.02911102
Fylde 008,E02005210,0.6,0.8,6597.576,785.352,919.512,724.4639999999999,1292.064,25.666666667,25.0630488,4.558196344000001
Fylde 009,E02005211,0.6,0.8,6316.423100000001,616.148,707.6641000000001,571.7491,849.9218,19.666666667,18.165764629999998,3.6615494019000003
Gateshead 001,E02001682,0.4,0.6,6511.123,485.15909999999997,539.3479000000001,366.6211,564.7489,15.666666666,14.0577601,3.127508813
Gateshead 002,E02001683,0.6,0.8,6989.3072,537.7776,529.6704,395.45120000000003,553.992,17.666666666,13.36219696,3.0370856048
Gateshead 003,E02001684,0.0,0.2,5545.020799999999,335.0688,316.3424,176.5632,315.67359999999996,11.999999999,11.60809408,2.8090522304000003
Gateshead 004,E02001685,0.0,0.2,6822.737500000001,322.3795,391.6375,292.6975,413.89899999999994,15.333333333,14.679398,3.20832174
Gateshead 005,E02001686,0.4,0.6,5009.151900000001,426.9811,390.7849,379.3898,498.03290000000004,22.0,12.172580970000002,2.8824355261
Gateshead 007,E02001688,0.0,0.2,6642.9066,306.92539999999997,267.89000000000004,176.8074,258.7052,11.333333333,11.201935160000001,2.7562515708000004
Gateshead 008,E02001689,0.0,0.2,7597.359,354.6312,340.5864,174.68220000000002,310.7412,16.000000004,12.9861732,2.9882025160000003
Gateshead 009,E02001690,0.4,0.6,5735.4088,419.7171,429.1408,258.7893,405.94399999999996,17.666666667,10.70068384,2.6910888992000004
Gateshead 010,E02001691,0.0,0.2,8383.3812,289.5021,225.7929,169.5789,299.808,10.333333334,12.39125202,2.9108627626
Gateshead 011,E02001692,0.0,0.2,5658.1525,293.216,246.092,146.608,200.9315,11.666666667,9.5288655,2.538752515
Gateshead 012,E02001693,0.0,0.2,4466.852500000001,309.8755,308.7425,204.5065,373.89000000000004,15.333333333,11.691427000000001,2.81988551
Gateshead 013,E02001694,0.4,0.6,5213.65,344.5,356.84999999999997,235.95,349.7,12.333333334,9.292594999999999,2.50803735
Gateshead 014,E02001695,0.4,0.6,4668.2786,417.4382,371.8098,278.7032,430.3868,10.666666667,10.55945998,2.6727297974
Gateshead 015,E02001696,0.0,0.2,7448.5976,527.0408,509.5342,263.5204,465.307,21.333333334,17.08036036,3.5204468468000005
Gateshead 016,E02001697,0.6,0.8,5851.956800000001,407.2736,434.0288,306.1984,431.056,15.333333334,10.57885744,2.6752514672
Gateshead 017,E02001698,0.8,1.0,4591.6112,506.96690000000007,695.9336999999999,494.98019999999997,761.508,14.333333333,14.63477356,3.2025205628
Gateshead 018,E02001699,0.0,0.2,5246.9976,411.2004,338.754,277.04040000000003,434.0076,11.666666667,14.045344560000002,3.1258947928000005
Gateshead 019,E02001700,0.4,0.6,8047.1412,575.8258999999999,623.2105,448.09349999999995,606.7289,8.999999999,16.027943959999998,3.3836327148
Gateshead 020,E02001701,0.8,1.0,4600.8266,382.2496,425.0012,357.7303,521.8209999999999,14.666666666,10.52343208,2.6680461704000002
Gateshead 021,E02001702,0.0,0.2,6596.8494,321.0435,365.4347,226.7122,416.1675,18.666666666,13.971496040000002,3.1162944852
Gateshead 022,E02001703,0.4,0.6,3951.7933,379.8427,411.17560000000003,325.42240000000004,429.86539999999997,10.666666666,10.70084499,2.6911098487
Gateshead 023,E02001704,0.0,0.2,5553.322,269.885,349.799,317.553,519.441,13.333333334,14.8865762,3.235254906
Gateshead 024,E02001705,0.2,0.4,5349.9593,456.3385,483.50980000000004,275.89320000000004,400.60249999999996,16.333333334,12.71651675,2.9531471775
Gateshead 025,E02001706,0.2,0.4,6391.2607,398.4244,395.2872,296.4654,361.5623,14.333333333,12.38605775,2.9101875075
Gateshead 026,E02001707,0.2,0.4,6123.3498,456.2878,535.0421,406.76189999999997,598.3703,19.999999999,16.5984836,3.457802868
Gateshead 027,E02006841,0.0,0.2,8742.07,244.48000000000002,254.985,126.06,181.45,13.333333333,10.802387000000001,2.7043103100000003
Gateshead 028,E02006842,0.2,0.4,4670.7045,201.453,221.48700000000002,156.3765,314.979,10.333333333,8.70004275,2.4310055575
Gedling 001,E02005865,0.8,1.0,5856.228000000001,528.2088,655.3398,520.827,640.5762,16.666666667,13.7744388,3.0906770440000004
Gedling 002,E02005866,0.6,0.8,7133.750999999999,631.649,687.5219999999999,475.394,543.578,12.666666668,14.5098393,3.186279109
Gedling 004,E02005868,0.4,0.6,5638.319,401.968,457.2386,290.709,389.0476,8.666666667,10.7372113,2.695837469
Gedling 005,E02005869,0.2,0.4,5063.440799999999,268.3824,268.9896,170.6232,299.9568,14.333333334,9.206669999999999,2.4968671000000002
Gedling 006,E02005870,0.2,0.4,5812.9312,262.466,273.5172,185.7983,371.5966,13.0,10.547679700000002,2.671198361
Gedling 007,E02005871,0.8,1.0,5350.0372,462.02269999999993,532.0045,363.4769,433.45869999999996,7.999999999,10.178495759999999,2.6232044488
Gedling 008,E02005872,0.8,1.0,4484.5605,425.5965,441.084,366.1245,477.015,10.333333333,10.15651665,2.6203471645
Gedling 009,E02005873,0.8,1.0,7530.271699999999,672.077,685.1173,466.4415,678.0956,20.0,14.764729209999999,3.2194147973
Gedling 010,E02005874,0.8,1.0,6909.1356000000005,475.7736,493.1376,329.04780000000005,474.0372,12.000000001,10.87021128,2.7131274664
Gedling 011,E02005875,0.6,0.8,6443.1095,381.3285,398.69750000000005,270.7985,401.8555,9.666666667,10.06478285,2.6084217705
Gedling 012,E02005876,0.6,0.8,7057.8304,486.0344,498.612,372.836,567.7888,17.0,13.19372272,3.0151839536000002
Gedling 013,E02005877,0.4,0.6,5900.211700000001,384.6872,317.9411,223.2047,350.2376,13.0,9.353281710000001,2.5159266223000003
Gedling 014,E02005878,0.4,0.6,8099.105,585.5502,514.1171,347.10450000000003,515.1232,18.333333333,13.921405700000001,3.109782741
Gedling 015,E02005879,0.2,0.4,6763.8766000000005,285.233,267.5023,181.9324,210.45569999999998,7.666666666,9.1066417,2.483863421
Gedling 016,E02006835,0.4,0.6,4910.6068000000005,377.6922,347.2822,190.3666,256.05219999999997,7.0,7.83252124,2.3182277612
Gloucester 001,E02004636,0.8,1.0,6130.4544,438.228,490.3416,365.58480000000003,471.3912,13.333333333,10.70950272,2.6922353536
Gloucester 002,E02004637,0.2,0.4,7562.5776000000005,444.2472,431.9856,372.564,618.7392000000001,17.666666667,16.874791200000004,3.4937228560000007
Gloucester 003,E02004638,0.6,0.8,4650.6552,303.3036,340.7052,232.59120000000001,315.576,10.333333333,7.9989165600000005,2.3398591528
Gloucester 004,E02004639,0.0,0.2,8515.2885,362.6275,359.64700000000005,263.2775,434.15950000000004,15.666666667,15.773402100000002,3.3505422730000003
Gloucester 005,E02004640,0.0,0.2,7413.484200000001,281.72400000000005,199.6926,177.32039999999998,212.1216,11.0,10.641875520000001,2.6834438176
Gloucester 006,E02004641,0.8,1.0,5085.678,460.53150000000005,574.379,524.433,699.9784999999999,13.000000001,13.917452899999999,3.109268877
Gloucester 007,E02004642,0.4,0.6,10142.671,632.2547,512.5736,363.8789,436.4129,10.333333333,13.777833300000001,3.0911183290000004
Gloucester 008,E02004643,0.0,0.2,7101.0815999999995,265.3344,208.76160000000002,149.00160000000002,244.61759999999998,11.0,10.609551360000001,2.6792416768000002
Gloucester 009,E02004644,0.2,0.4,7521.254,390.726,334.908,244.536,369.462,8.000000001,12.417733,2.91430529
Gloucester 010,E02004645,0.8,1.0,7381.7536,535.4592,578.9248,339.40160000000003,413.3856,8.333333333,10.687543680000001,2.6893806784
Gloucester 011,E02004646,0.0,0.2,7352.6632,447.1816,424.9116,293.964,389.2796,13.999999999,15.501167120000002,3.3151517256000007
Gloucester 012,E02004647,0.2,0.4,4527.4626,400.40009999999995,368.5842,283.94190000000003,422.61120000000005,9.666666668,11.998196100000001,2.8597654930000003
Gloucester 013,E02004648,0.4,0.6,4236.6429,326.3463,477.5085,404.271,415.40309999999994,6.666666666,11.24418267,2.7617437471
Gloucester 014,E02004649,0.8,1.0,6363.0912,279.0444,233.63559999999998,164.79,283.4388,2.666666666,6.87606416,2.1938883408
Gloucester 015,E02004650,0.6,0.8,13132.1008,401.4928,322.9088,218.60639999999998,210.0336,9.333333333,9.437652640000001,2.5268948432
Gosport 001,E02004741,0.2,0.4,6069.228499999999,470.25690000000003,514.3681,357.61580000000004,463.9553,19.666666667,14.57363155,3.1945721015000004
Gosport 002,E02004742,0.2,0.4,5879.2895,476.96599999999995,475.447,331.142,432.1555,17.666666667,13.77619075,3.0909047975000004
Gosport 003,E02004743,0.6,0.8,6102.775000000001,370.98249999999996,447.73749999999995,286.7025,318.3075,11.999999999,9.2986425,2.508823525
Gosport 004,E02004744,0.0,0.2,9023.238,270.027,271.0125,95.5935,195.129,6.666666667,11.129842799999999,2.746879564
Gosport 005,E02004745,0.2,0.4,7612.605,401.8014,454.0536,263.0628,279.279,15.666666667,12.020708699999998,2.862692131
Gosport 006,E02004746,0.8,1.0,8213.836800000001,693.4928,878.124,613.561,858.9854,24.0,18.12402904,3.6561237752
Gosport 007,E02004747,0.4,0.6,5648.2608,365.82,359.5488,233.42800000000003,359.5488,10.333333334,9.57946704,2.5453307152000004
Gosport 008,E02004748,0.0,0.2,8406.147,463.62649999999996,476.815,350.00250000000005,449.4235,14.333333334,17.588995200000003,3.586569376000001
Gosport 009,E02004749,0.8,1.0,4937.6663,524.9419,580.4295,402.2851,854.9471000000001,19.333333333,15.107886290000001,3.2640252177000004
Gosport 010,E02004750,0.6,0.8,5807.075000000001,525.45,475.85,351.85,589.775,14.333333334,12.9431975,2.982615675
Gravesham 001,E02005055,0.2,0.4,8030.0109999999995,258.117,270.53499999999997,132.163,180.06099999999998,6.666666666,8.9573695,2.464458035
Gravesham 002,E02005056,0.2,0.4,9365.8072,410.5736,281.5976,251.50320000000002,436.36879999999996,16.666666667,14.037962799999999,3.124935164
Gravesham 003,E02005057,0.2,0.4,9978.7667,359.51320000000004,378.8541,238.917,422.0867,10.999999999,14.320798750000002,3.1617038375
Gravesham 004,E02005058,0.2,0.4,6963.9344,338.82079999999996,261.56,208.4432,276.04639999999995,7.333333333,10.316328799999999,2.641122744
Gravesham 005,E02005059,0.6,0.8,7914.7919999999995,512.601,416.66999999999996,320.739,525.198,12.333333334,12.4471926,2.918135038
Gravesham 006,E02005060,0.4,0.6,6413.353099999999,353.8997,368.0243,245.61110000000002,466.1118,14.0,11.170910730000001,2.7522183949000003
Gravesham 007,E02005061,0.0,0.2,6103.212,330.0418,316.8694,248.0802,320.5284,6.333333333,12.479385400000002,2.9223201020000005
Gravesham 008,E02005062,0.4,0.6,5562.8351999999995,372.6736,360.08799999999997,270.5904,425.1136,9.666666667,10.57945536,2.6753291968
Gravesham 009,E02005063,0.4,0.6,5609.1747000000005,328.77320000000003,351.5663,246.5799,371.5966,9.0,9.685202610000001,2.5590763393000002
Gravesham 010,E02005064,0.6,0.8,4902.7048,456.48400000000004,474.47679999999997,375.8496,455.1512,9.0,11.16759784,2.7517877192
Gravesham 011,E02005065,0.2,0.4,7144.26,314.79499999999996,305.61,214.595,371.575,12.666666667,11.700019999999999,2.8210026
Gravesham 012,E02005066,0.8,1.0,5476.534000000001,494.0828,615.8692,476.3544,645.9304,13.000000001,13.3498706,3.035483178
Gravesham 013,E02005067,0.6,0.8,4383.6618,358.9992,437.6036,316.17740000000003,370.73120000000006,7.0,9.44244154,2.5275174002000003
Great Yarmouth 001,E02005538,0.2,0.4,5916.274800000001,867.648,919.1646,606.4498000000001,728.4628,24.333333334,22.224442,4.18917746
Great Yarmouth 002,E02005539,0.4,0.6,5356.526999999999,643.9665,629.5550000000001,467.236,488.474,15.666666666,14.078215100000001,3.1301679630000003
Great Yarmouth 003,E02005540,0.4,0.6,5964.648800000001,696.9068,877.957,666.8834,892.5138,21.666666666,21.406502240000002,4.0828452912
Great Yarmouth 004,E02005541,0.0,0.2,4465.266,350.428,377.93600000000004,318.13599999999997,467.63599999999997,16.000000001,14.159563599999998,3.1407432679999996
Great Yarmouth 005,E02005542,0.0,0.2,6431.8917,357.8796,337.9974,244.704,272.99789999999996,16.999999999,12.32742282,2.9025649666
Great Yarmouth 006,E02005543,0.0,0.2,8332.6852,390.4152,339.69949999999994,227.74220000000003,278.4579,10.333333333,13.585874819999999,3.0661637266
Great Yarmouth 007,E02005544,0.0,0.2,6408.9315,324.3888,298.1073,204.2448,273.3276,6.666666667,11.6674842,2.8167729460000004
Great Yarmouth 008,E02005545,0.6,0.8,4460.442000000001,452.8335,567.483,429.13500000000005,495.10650000000004,16.666666666,12.1055781,2.873725153
Great Yarmouth 009,E02005546,0.0,0.2,6201.8098,462.6318,483.2992,351.3458,449.1185,12.999999999,16.299583480000003,3.4189458524000003
Great Yarmouth 010,E02005547,0.2,0.4,6665.3648,528.7598,556.9133999999999,426.70300000000003,620.259,15.333333333,17.5766444,3.584963772
Great Yarmouth 011,E02005548,0.0,0.2,5660.7196,380.11560000000003,408.67920000000004,303.2136,570.5396,16.333333333,16.30937616,3.4202189008
Great Yarmouth 012,E02005549,0.4,0.6,3685.4784000000004,430.8256,497.4756,328.9844,388.70279999999997,10.333333333,10.59553712,2.6774198256
Great Yarmouth 013,E02005550,0.4,0.6,5217.8432,460.272,538.768,368.2176,550.1856,17.0,13.45250176,3.0488252288
Greenwich 001,E02000313,0.2,0.4,6929.8488,235.21679999999998,185.45940000000002,102.5304,85.1907,7.000000001,6.6524136,2.164813768
Greenwich 002,E02000314,0.2,0.4,15419.3163,276.8684,178.6767,112.679,109.45960000000001,10.666666667,11.35723835,2.7764409855
Greenwich 003,E02000315,0.0,0.2,8772.7455,291.93989999999997,226.9566,130.9365,277.3914,12.999999999,12.103382100000001,2.873439673
Greenwich 004,E02000316,0.2,0.4,13707.2425,268.7125,232.4,153.965,159.77499999999998,11.333333332,11.58441375,2.8059737875
Greenwich 005,E02000317,0.0,0.2,7817.758999999999,251.68699999999998,191.55700000000002,156.338,172.659,9.999999999,10.0731494,2.6095094220000004
Greenwich 006,E02000318,0.2,0.4,9344.0746,343.9408,300.9482,218.1088,278.9276,16.0,11.781545300000001,2.831600889
Greenwich 007,E02000319,0.2,0.4,11006.558400000002,340.9847,209.1056,152.07680000000002,172.27450000000002,16.000000001,10.494487300000001,2.664283349
Greenwich 008,E02000320,0.2,0.4,6531.1596,281.358,211.2012,119.8512,164.43,9.0,7.766577000000001,2.30965501
Greenwich 009,E02000321,0.0,0.2,7004.2206,223.07909999999998,189.1155,152.83620000000002,148.2048,7.666666667,9.11181636,2.4845361268
Greenwich 011,E02000323,0.0,0.2,10419.7073,295.6347,234.4689,127.9951,249.194,9.666666666,12.78863608,2.9625226904
Greenwich 012,E02000324,0.2,0.4,7035.7606,274.2971,225.5154,179.9325,281.4944,12.333333333,9.8802935,2.584438155
Greenwich 014,E02000326,0.4,0.6,6666.1122000000005,242.255,212.43900000000002,136.4082,197.531,5.333333334,6.522920860000001,2.1479797118
Greenwich 015,E02000327,0.2,0.4,6726.041700000001,154.3752,122.9284,52.887800000000006,90.76689999999999,5.333333333,5.77727745,2.0510460685
Greenwich 016,E02000328,0.4,0.6,5787.9708,294.9764,294.292,197.1072,268.9692,9.0,7.91378564,2.3287921332000003
Greenwich 017,E02000329,0.4,0.6,5433.197,245.61459999999997,206.4678,164.7954,263.29380000000003,6.666666667,7.0953575,2.222396475
Greenwich 019,E02000331,0.2,0.4,7373.7624,242.1678,232.2834,150.7371,236.4019,8.333333333,9.2345007,2.500485091
Greenwich 020,E02000332,0.4,0.6,6649.346,337.80100000000004,293.74,190.931,258.95500000000004,6.666666667,8.098411800000001,2.352793534
Greenwich 021,E02000333,0.6,0.8,5467.4646,245.00740000000002,272.5216,217.4932,349.8234,5.333333333,8.15586398,2.3602623174
Greenwich 022,E02000334,0.2,0.4,5711.648099999999,268.4878,238.7293,149.4538,243.3584,6.666666666,8.582682049999999,2.4157486665
Greenwich 023,E02000335,0.6,0.8,5659.7792,321.6096,322.29679999999996,211.6576,356.65680000000003,12.666666666,8.61185296,2.4195408848
Greenwich 025,E02000337,0.2,0.4,7165.3835,330.5819,333.9127,206.5096,289.77959999999996,11.666666667,10.833010649999999,2.7082913845
Greenwich 027,E02000339,0.4,0.6,5088.232,341.28,326.112,200.976,363.4,9.333333333,9.0801336,2.4804173680000003
Greenwich 028,E02000340,0.6,0.8,5220.0605,299.966,337.13570000000004,226.93079999999998,437.55910000000006,14.333333333,9.46229705,2.5300986165
Greenwich 029,E02000341,0.0,0.2,7180.9808,282.072,302.512,147.9856,262.44960000000003,8.666666666,11.41680288,2.7841843744
Greenwich 030,E02000342,0.4,0.6,5417.986599999999,245.453,190.7698,116.8232,243.5888,8.0,6.50338598,2.1454401774000003
Greenwich 031,E02000343,0.2,0.4,5812.628999999999,291.391,296.91499999999996,196.79250000000002,307.2725,8.0,10.032965,2.60428545
Greenwich 032,E02000344,0.6,0.8,5388.5319,306.0251,336.8242,216.24900000000002,306.0251,11.333333334,8.02342767,2.3430455971
Greenwich 033,E02006786,0.2,0.4,6670.5608,300.36719999999997,228.0984,155.0768,173.144,7.333333334,8.3120412,2.380565356
Greenwich 034,E02006927,0.4,0.6,8660.0934,380.3625,370.2195,307.3329,423.97740000000005,12.666666667,11.77135722,2.8302764386000003
Greenwich 035,E02006928,0.4,0.6,11356.0628,177.42,139.5704,99.3552,54.4088,6.666666667,5.568977240000001,2.0239670412
Greenwich 036,E02006929,0.2,0.4,11421.4794,217.0554,161.2758,121.26,203.71679999999998,6.666666666,10.3004307,2.639055991
Greenwich 037,E02006930,0.4,0.6,8198.9232,226.26319999999998,188.8496,118.4764,177.2692,7.666666666,6.505690560000001,2.1457397728000003
Greenwich 038,E02006931,0.4,0.6,8588.7536,311.5947,296.0635,198.02280000000002,313.5361,12.333333334,9.33463948,2.5135031324000003
Guildford 001,E02006344,0.6,0.8,6576.0,523.4496,625.1584,429.632,612.8831999999999,11.999999999,14.410207999999999,3.17332704
Guildford 002,E02006345,0.8,1.0,5637.1203,310.3884,348.1569,234.16469999999998,336.483,5.333333333,7.88036319,2.3244472147
Guildford 003,E02006346,0.8,1.0,7790.688,559.2528,673.7616,451.90080000000006,748.3968,12.666666667,15.295104,3.28836352
Guildford 004,E02006347,0.8,1.0,6099.531,373.04159999999996,391.092,276.02070000000003,379.81050000000005,6.666666666,8.916145499999999,2.459098915
Guildford 005,E02006348,0.6,0.8,7016.136599999999,429.6314,449.0398,367.8774,560.197,11.0,12.761816979999999,2.9590362074
Guildford 006,E02006349,0.8,1.0,7687.774299999999,294.9072,292.27410000000003,182.5616,318.6051,7.333333334,7.898158989999999,2.3267606687
Guildford 007,E02006350,0.2,0.4,5700.454700000001,250.97990000000001,216.24900000000002,155.9614,231.3209,6.333333334,8.335743650000001,2.3836466745000005
Guildford 008,E02006351,0.8,1.0,7413.5632000000005,339.51919999999996,405.852,205.108,363.9576,9.0,8.74388496,2.4367050448
Guildford 009,E02006352,0.8,1.0,6046.269300000001,246.12149999999997,259.29420000000005,160.1523,221.856,7.999999999,6.0658896900000006,2.0885656597000004
Guildford 010,E02006353,0.4,0.6,5204.2344,279.9422,335.6744,249.834,336.95559999999995,13.666666666,9.006323519999999,2.4708220576
Guildford 011,E02006354,0.8,1.0,7861.3848,435.1176,442.92240000000004,363.8988,651.7008,17.666666667,13.102698239999999,3.0033507712
Guildford 012,E02006355,0.4,0.6,9176.274,187.37099999999998,153.036,95.157,196.20000000000002,6.666666666,6.6651102,2.166464326
Guildford 013,E02006356,0.8,1.0,11061.6688,356.4736,264.91360000000003,183.12,343.0448,6.666666666,9.250367840000001,2.5025478192
Guildford 014,E02006357,0.8,1.0,4974.21,355.212,345.897,261.441,274.482,8.333333333,7.220988,2.23872844
Guildford 015,E02006358,0.8,1.0,8986.6048,252.8482,292.8242,170.8974,289.82599999999996,12.333333334,7.82989924,2.3178869012
Guildford 016,E02006359,0.8,1.0,5124.4148000000005,302.8406,320.433,208.5956,325.4594,7.0,7.4069030399999995,2.2628973952
Guildford 017,E02006360,0.8,1.0,6356.901000000001,456.26480000000004,432.952,380.4982,698.5514000000001,14.666666667,13.2720603,3.0253678390000003
Guildford 018,E02006361,0.8,1.0,4280.1015,367.2732,404.34270000000004,281.7282,368.98410000000007,7.666666666,8.294728350000002,2.3783146855000004
Hackney 001,E02000345,0.2,0.4,8914.602400000002,250.1052,237.50300000000001,122.1444,170.6144,3.333333334,9.0600124,2.4778016120000004
Hackney 002,E02000346,0.0,0.2,7145.1557999999995,255.35250000000002,173.6397,123.35489999999999,159.4971,7.666666666,9.209503980000001,2.4972355174
Hackney 003,E02000347,0.2,0.4,8046.972200000001,246.5523,225.34349999999998,97.207,221.80870000000002,7.666666666,9.0066704,2.4708671520000003
Hackney 004,E02000348,0.0,0.2,8406.4724,244.269,143.84730000000002,85.04180000000001,169.17889999999997,8.333333333,9.60990434,2.5492875642
Hackney 006,E02000350,0.2,0.4,9371.0976,211.61190000000002,184.5336,132.3828,130.377,12.666666666,8.5497225,2.411463925
Hackney 007,E02000351,0.2,0.4,9015.1292,218.67759999999998,158.68640000000002,114.1768,169.33,4.666666666,8.6295406,2.4218402780000003
Hackney 008,E02000352,0.2,0.4,6520.1759999999995,237.65399999999997,201.933,118.098,212.868,8.0,8.161883999999999,2.36104492
Hackney 009,E02000353,0.2,0.4,7395.250799999999,251.61720000000003,205.7196,116.3832,227.0292,4.333333332,8.8143882,2.445870466
Hackney 010,E02000354,0.0,0.2,9797.508,312.732,214.20000000000002,205.63199999999998,180.999,10.0,12.1245768,2.876194984
Hackney 011,E02000355,0.2,0.4,8389.0471,271.9919,222.792,136.46009999999998,262.70889999999997,11.666666667,10.00939475,2.6012213175000003
Hackney 012,E02000356,0.2,0.4,6857.625599999999,194.2101,151.7964,102.6858,135.4262,8.333333334,6.9625437,2.205130681
Hackney 013,E02000357,0.0,0.2,5837.664,265.8936,210.5824,142.6096,205.2512,12.0,9.346260000000001,2.5150138
Hackney 014,E02000358,0.0,0.2,10922.260199999999,269.9938,250.9634,216.4708,233.1224,10.666666666,13.47090652,3.0512178476000003
Hackney 015,E02000359,0.2,0.4,6141.15,164.70000000000002,154.575,120.15,168.75,8.333333334,7.049025,2.21637325
Hackney 016,E02000360,0.0,0.2,10971.643800000002,379.12359999999995,225.7838,184.7322,313.924,13.0,14.667736680000003,3.2068057684000006
Hackney 017,E02000361,0.0,0.2,8326.7242,242.9786,131.8002,101.3158,163.18120000000002,10.666666666,9.537313520000001,2.5398507576
Hackney 018,E02000362,0.0,0.2,6848.9442,202.20479999999998,131.58180000000002,99.6156,152.397,8.666666667,8.30437272,2.3795684536
Hackney 019,E02000363,0.0,0.2,11029.272700000001,377.82230000000004,234.1774,160.5443,271.59749999999997,20.666666667,14.06054222,3.1278704886
Hackney 020,E02000364,0.2,0.4,9231.651600000001,373.47540000000004,254.8299,225.9423,230.0691,6.666666668,11.0979969,2.742739597
Hackney 021,E02000365,0.2,0.4,14280.447,353.6905,308.90000000000003,205.4185,293.455,17.666666667,14.396284499999998,3.171516985
Hackney 022,E02000366,0.0,0.2,8341.3968,306.66900000000004,202.5874,161.69819999999999,281.5779,9.666666667,12.06194228,2.8680524964
Hackney 023,E02000367,0.2,0.4,10974.880399999998,222.60479999999998,173.91,124.05579999999999,97.38960000000002,7.333333333,8.887960399999999,2.455434852
Hackney 024,E02000368,0.0,0.2,9702.7632,271.116,253.04160000000002,188.1864,217.95600000000002,13.0,12.37522272,2.9087789536
Hackney 025,E02000369,0.0,0.2,13440.8796,311.1048,275.09729999999996,146.91060000000002,230.448,13.333333333,14.78928846,3.2226074998
Hackney 026,E02000370,0.0,0.2,9354.0876,200.3166,182.3778,74.74499999999999,154.47299999999998,8.666666667,9.902815560000002,2.5873660228000004
Hackney 027,E02000371,0.2,0.4,15504.396400000001,216.73160000000001,174.6792,95.4266,182.76620000000003,9.999999999,11.9622904,2.8550977520000003
Hackney 028,E02006918,0.0,0.2,8733.6964,176.852,170.3364,97.73400000000001,129.38119999999998,9.0,9.212872240000001,2.4976733912
Hackney 029,E02006921,0.0,0.2,7889.886,261.186,187.054,94.82,187.916,11.333333333,9.893863600000001,2.586202268
Halton 001,E02002574,0.6,0.8,6762.971999999999,416.936,510.62,342.664,405.12,11.000000001,11.0748836,2.739734868
Halton 002,E02002575,0.8,1.0,8067.149999999999,551.85,474.825,306.15,351.00000000000006,7.333333334,9.865245,2.5824818499999997
Halton 003,E02002576,0.2,0.4,5714.763500000001,473.75149999999996,409.9075,256.1015,399.75050000000005,10.666666666,12.50798275,2.9260377575
Halton 004,E02002577,0.0,0.2,6246.0839000000005,374.017,350.35470000000004,261.0486,400.7325,10.333333334,14.005639040000002,3.1207330752000004
Halton 005,E02002578,0.2,0.4,6839.280000000001,442.15200000000004,370.944,246.744,379.224,9.666666666,12.507768,2.92600984
Halton 006,E02002579,0.0,0.2,6536.8988,399.7553,362.9872,233.9077,289.451,19.333333333,12.84661768,2.9700602984
Halton 007,E02002580,0.0,0.2,6849.295999999999,336.476,241.128,182.81599999999997,271.072,16.333333333,11.5301736,2.798922568
Halton 008,E02002581,0.4,0.6,5535.613899999999,465.728,528.3102,315.8218,432.25379999999996,17.333333333,11.787357369999999,2.8323564581
Halton 009,E02002582,0.8,1.0,7188.089700000001,506.86899999999997,421.81809999999996,198.4521,275.77110000000005,13.0,8.03954371,2.3451406823000003
Halton 010,E02002583,0.0,0.2,6191.2214,399.96320000000003,433.5422,212.667,223.85999999999999,11.333333332,12.057248840000002,2.8674423492
Halton 011,E02002584,0.2,0.4,5936.211,400.93510000000003,407.605,256.4206,409.0872,11.666666667,12.5053214,2.9256917820000004
Halton 012,E02002585,0.0,0.2,8859.336000000001,516.9707999999999,478.9116,330.90360000000004,385.87800000000004,12.0,17.2418748,3.5414437240000005
Halton 013,E02002586,0.0,0.2,8462.638500000001,484.56,488.598,279.6315,378.5625,16.666666666,16.443543599999998,3.4376606679999995
Halton 014,E02002587,0.0,0.2,5334.406,502.05400000000003,391.51,208.58599999999998,144.102,4.666666667,10.857789600000002,2.7115126480000002
Halton 015,E02002588,0.0,0.2,5718.5378,529.5076,507.86560000000003,235.17639999999997,224.35540000000003,14.333333333,12.95648828,2.9843434764000003
Halton 016,E02002589,0.6,0.8,4296.0916,584.2043,603.3282,318.9373,367.0555,11.666666668,10.50284588,2.6653699644
Hambleton 001,E02005750,0.6,0.8,5372.16,505.344,608.2560000000001,498.432,697.344,18.0,15.218304,3.27837952
Hambleton 002,E02005751,0.8,1.0,5611.2619,700.6555000000001,808.118,724.7271,753.0971999999999,18.666666667,16.60863027,3.4591219350999998
Hambleton 003,E02005752,0.6,0.8,4763.5866,560.1888,551.601,346.1544,384.4692,11.666666666,10.715790779999999,2.6930528014
Hambleton 004,E02005753,0.4,0.6,10275.2189,800.3344999999999,851.4482999999999,563.5969,961.7465000000001,26.333333333,23.01156727,4.2915037451
Hambleton 005,E02005754,0.8,1.0,5112.748199999999,635.8801,666.8802000000001,481.63570000000004,663.0997,15.666666667,13.84162026,3.0994106338
Hambleton 006,E02005755,0.8,1.0,4978.535999999999,473.4024,450.3096,336.204,552.8688,11.666666667,11.103561599999999,2.743463008
Hambleton 007,E02005756,0.6,0.8,5482.4384,474.36800000000005,438.7904,295.0848,284.62080000000003,8.0,8.95488192,2.4641346496
Hambleton 008,E02005757,0.6,0.8,6435.585,568.8675000000001,577.5525,433.3815,669.6135,17.333333335,14.911276500000001,3.238465945
Hambleton 009,E02005758,0.4,0.6,6764.144399999999,581.5368,568.1988,406.3644,571.7556,11.999999999,14.76436572,3.2193675436
Hambleton 010,E02005759,0.6,0.8,6551.4072,659.0064,709.6284,498.85679999999996,785.1012000000001,18.333333333,17.25234576,3.5428049488000006
Hambleton 011,E02005760,0.8,1.0,5413.548,350.55600000000004,401.4,214.08,311.085,6.666666667,7.620311399999999,2.290640482
Hammersmith and Fulham 001,E02000372,0.0,0.2,8891.1878,314.1204,263.74260000000004,144.2188,264.7304,11.666666667,12.410324080000002,2.9133421304000002
Hammersmith and Fulham 002,E02000373,0.0,0.2,6077.458,212.984,160.412,99.078,191.416,10.666666667,8.503992799999999,2.405519064
Hammersmith and Fulham 003,E02000374,0.2,0.4,6003.8154,231.67600000000002,212.5968,142.4126,222.8178,6.0,8.2180247,2.368343211
Hammersmith and Fulham 004,E02000375,0.2,0.4,6265.3094,254.7272,179.8486,113.3676,184.7472,4.666666667,7.6267703000000004,2.291480139
Hammersmith and Fulham 005,E02000376,0.2,0.4,6237.7117,210.6635,163.0052,115.34689999999999,179.58200000000002,6.0,7.365279450000001,2.2574863285
Hammersmith and Fulham 006,E02000377,0.2,0.4,7341.215800000001,294.2751,229.1554,159.0899,219.26379999999997,7.666666667,9.2148497,2.497930461
Hammersmith and Fulham 007,E02000378,0.2,0.4,5819.7741,237.0753,157.3971,150.213,166.5405,4.0,7.30067835,2.2490881855000002
Hammersmith and Fulham 008,E02000379,0.4,0.6,6759.635000000001,292.02,277.89,180.54999999999998,339.12,11.333333333,8.8762305,2.4539099650000002
Hammersmith and Fulham 009,E02000380,0.4,0.6,5158.223400000001,201.1368,185.3499,146.175,155.5302,6.666666667,5.434552620000001,2.0064918406000003
Hammersmith and Fulham 010,E02000381,0.4,0.6,7117.717799999999,270.87800000000004,227.8562,189.61460000000002,162.5268,5.666666667,6.67650534,2.1679456942
Hammersmith and Fulham 011,E02000382,0.4,0.6,5275.597199999999,179.8768,194.6693,118.93169999999999,148.5167,7.333333333,5.216900559999999,1.9781970728
Hammersmith and Fulham 012,E02000383,0.4,0.6,7703.196000000001,324.0624,356.2896,214.848,351.8136,7.666666666,9.8950932,2.586362116
Hammersmith and Fulham 013,E02000384,0.0,0.2,6426.874999999999,248.26099999999997,235.04,143.962,290.86199999999997,8.000000001,10.770707999999999,2.70019204
Hammersmith and Fulham 014,E02000385,0.4,0.6,5508.948,183.1296,140.35920000000002,103.61280000000001,86.7456,5.333333333,4.2430044,1.851590572
Hammersmith and Fulham 015,E02000386,0.0,0.2,7255.98,263.25,243.80999999999997,135.27,202.5,7.0,10.265778000000001,2.63455114
Hammersmith and Fulham 016,E02000387,0.2,0.4,5393.92,169.764,167.958,134.246,154.112,2.666666666,6.6671499999999995,2.1667294999999998
Hammersmith and Fulham 017,E02000388,0.4,0.6,7665.5358,281.7828,265.25849999999997,180.0279,303.5253,11.666666668,8.64673134,2.4240750742
Hammersmith and Fulham 018,E02000389,0.6,0.8,7283.773,324.433,249.6285,242.90449999999998,305.1015,8.333333333,8.4031509,2.392409617
Hammersmith and Fulham 019,E02000390,0.4,0.6,5760.172,171.1448,176.2536,116.8638,161.56580000000002,4.333333334,5.415328000000001,2.00399264
Hammersmith and Fulham 020,E02000391,0.4,0.6,7038.0617999999995,302.66940000000005,252.35760000000002,155.727,237.9828,5.0,7.516343340000001,2.2771246342
Hammersmith and Fulham 021,E02000392,0.4,0.6,8592.3796,276.6828,247.208,166.39000000000001,226.2904,4.0,7.83373628,2.3183857164
Hammersmith and Fulham 022,E02000393,0.8,1.0,5267.7901,175.7306,150.9632,129.73399999999998,173.9615,4.333333334,4.79597113,1.9234762469
Hammersmith and Fulham 023,E02000394,0.4,0.6,8253.7938,299.17019999999997,238.60199999999998,175.2807,210.1533,5.333333335,7.6024103400000005,2.2883133442
Hammersmith and Fulham 024,E02000395,0.6,0.8,5210.358,248.436,263.268,168.714,289.842,5.333333333,7.1448834,2.2288348420000004
Hammersmith and Fulham 025,E02000396,0.4,0.6,6236.2709,258.99190000000004,242.05509999999998,152.43120000000002,166.5452,2.666666666,6.270215070000001,2.1151279591
Harborough 002,E02005368,0.6,0.8,4751.376,420.28000000000003,446.824,330.536,370.98400000000004,7.333333333,9.7867728,2.5722804640000003
Harborough 003,E02005369,0.8,1.0,9202.019400000001,646.7496,727.0032,512.2068,714.021,18.666666666,15.92337642,3.3700389346
Harborough 004,E02005370,0.8,1.0,7512.710400000001,523.0368,508.40639999999996,285.2928,315.468,10.333333333,9.213311520000001,2.4977304976
Harborough 005,E02005371,0.8,1.0,7826.9251,636.993,694.6256999999999,429.71750000000003,522.7387,14.666666666,12.91002813,2.9783036569
Harborough 006,E02005372,0.8,1.0,7467.622799999999,650.6694,634.1351999999999,434.75219999999996,537.8478,13.0,12.89998284,2.9769977692
Harborough 007,E02005373,0.8,1.0,8641.866,604.1325,728.2845,529.863,580.854,12.333333333,14.2961028,3.158493364
Harborough 008,E02005374,0.4,0.6,5180.4095,365.44550000000004,341.1275,268.1735,599.1685,12.333333333,12.448586850000002,2.9183162905000004
Harborough 009,E02005375,0.8,1.0,7724.1792,429.44419999999997,535.1088,397.454,609.7526,12.666666666,12.940908360000002,2.9823180868000003
Harborough 010,E02005376,0.8,1.0,8057.219700000001,499.65659999999997,637.422,461.61690000000004,625.0848,12.333333333,13.87534041,3.1037942533000002
Harborough 011,E02006816,0.8,1.0,5810.078399999999,492.0069,415.4388,340.3869,523.8471,12.666666666,11.02216752,2.7328817776000003
Haringey 001,E02000397,0.2,0.4,7733.110600000001,264.2332,223.9119,146.70090000000002,211.0434,6.0,9.114329600000001,2.4848628480000006
Haringey 002,E02000398,0.0,0.2,7191.1904,243.8628,175.2024,101.8068,178.35920000000002,9.666666667,9.262998240000002,2.5041897712
Haringey 004,E02000400,0.4,0.6,7195.5536999999995,305.2214,256.25539999999995,163.22,239.1173,10.0,7.642858110000001,2.2935715543
Haringey 005,E02000401,0.0,0.2,6057.6373,229.18609999999998,159.2877,125.68270000000001,148.53410000000002,6.0,8.23913948,2.3710881324
Haringey 006,E02000402,0.0,0.2,6092.7575,212.73499999999999,188.345,102.98,178.1825,7.666666666,8.5201045,2.407613585
Haringey 007,E02000403,0.2,0.4,7488.8875,243.74790000000002,150.1881,128.8499,199.4301,8.0,8.37155035,2.3883015455
Haringey 008,E02000404,0.2,0.4,7004.880400000001,255.71,242.33440000000002,146.3448,218.73039999999997,9.0,8.8880862,2.455451206
Haringey 009,E02000405,0.6,0.8,5599.552,306.6112,252.0448,124.0736,213.06879999999998,6.666666666,6.265391999999999,2.11450096
Haringey 010,E02000406,0.0,0.2,6509.9108,235.4372,177.6612,125.66279999999999,174.05020000000002,4.333333333,8.93968048,2.4621584624
Haringey 011,E02000407,0.0,0.2,6948.279299999999,210.62380000000002,173.72619999999998,139.1347,214.4673,10.333333334,9.63826808,2.5529748504
Haringey 012,E02000408,0.0,0.2,7660.3506,234.25889999999998,218.1906,136.1577,209.73360000000002,13.333333334,10.328364960000002,2.6426874448000004
Haringey 013,E02000409,0.0,0.2,5584.669800000001,334.81080000000003,157.143,139.8252,197.5512,8.0,9.15996168,2.4907950184
Haringey 014,E02000410,0.6,0.8,5847.3636,268.9908,238.8048,168.3708,185.14079999999998,9.0,6.125812679999999,2.0963556484
Haringey 015,E02000411,0.0,0.2,9931.01,229.83499999999998,224.49,152.867,152.867,6.333333334,11.134704,2.7475115199999998
Haringey 016,E02000412,0.0,0.2,7087.7191,228.2313,160.7815,143.5269,222.74120000000002,15.333333333,9.875278160000002,2.5837861608000003
Haringey 017,E02000413,0.6,0.8,6587.0792,315.1603,225.8776,219.0097,283.1101,9.333333333,7.7192143600000005,2.3034978668
Haringey 018,E02000414,0.2,0.4,6417.5601,237.52890000000002,171.9053,119.1211,189.73780000000002,10.0,7.71968925,2.3035596025
Haringey 019,E02000415,0.2,0.4,6420.8984,249.573,222.08380000000002,96.93560000000001,245.95600000000002,9.666666666,8.4775246,2.402078198
Haringey 020,E02000416,0.2,0.4,7134.1384,295.2832,254.36079999999998,186.15679999999998,156.468,10.666666666,8.6510756,2.424639828
Haringey 021,E02000417,0.6,0.8,5377.371300000001,335.8803,295.1277,198.5046,366.1161,7.0,8.48528289,2.4030867757000003
Haringey 022,E02000418,0.6,0.8,4430.0601,329.9616,271.8927,198.0855,198.08550000000002,8.333333334,6.24588003,2.1119644039
Haringey 023,E02000419,0.2,0.4,8198.3224,224.7956,180.91119999999998,142.40040000000002,211.36159999999998,13.000000001,9.030334799999999,2.473943524
Haringey 024,E02000420,0.0,0.2,7370.8906,319.8284,240.6956,145.07680000000002,165.6843,10.0,10.228903560000001,2.6297574628000002
Haringey 025,E02000421,0.0,0.2,7516.8478,235.78050000000002,173.733,119.9585,225.85289999999998,9.999999999,10.10762048,2.6139906624
Haringey 026,E02000422,0.2,0.4,7576.8255,258.90659999999997,216.60160000000002,155.6824,250.4456,13.333333334,9.526662949999999,2.5384661834999998
Haringey 027,E02000423,0.2,0.4,6822.9252,203.6916,150.9102,90.6948,167.265,13.333333332,7.2682218,2.244868834
Haringey 028,E02000424,0.4,0.6,6144.732999999999,261.478,208.4943,115.60079999999999,150.6939,6.999999999,5.7022847,2.041297011
Haringey 029,E02000425,0.2,0.4,7296.6425,209.26219999999998,150.25969999999998,68.4429,141.60600000000002,6.666666667,7.055518950000001,2.2172174635
Haringey 030,E02000426,0.6,0.8,4946.9616,288.1008,344.736,235.7748,338.58,10.333333334,8.34248808,2.3845234504
Haringey 031,E02000427,0.2,0.4,6395.1954,181.94310000000002,171.4866,84.34909999999999,138.02579999999998,7.0,6.676126699999999,2.1678964709999997
Haringey 032,E02000428,0.2,0.4,7524.846,177.0552,165.5794,130.3323,200.0068,11.000000001,8.268313899999999,2.3748808070000003
Haringey 033,E02000429,0.6,0.8,6028.6464,292.1184,313.99199999999996,197.568,223.67520000000005,5.666666667,7.09706592,2.2226185696000003
Haringey 034,E02000430,0.6,0.8,6434.6331,302.55989999999997,210.1311,144.42000000000002,128.53379999999999,9.0,5.51200593,2.0165607709
Haringey 035,E02000431,0.6,0.8,5409.0316,228.38410000000002,232.74020000000002,131.9276,219.6719,4.666666667,6.08646738,2.0912407594
Haringey 036,E02000432,0.2,0.4,5730.092,206.68399999999997,185.12800000000001,98.27,120.46,5.666666667,6.35902,2.1266726
Haringey 037,E02006794,0.0,0.2,7799.4798,239.1634,185.8248,135.06709999999998,244.32520000000002,16.0,10.68200098,2.6886601274000004
Harlow 001,E02004544,0.6,0.8,7101.241499999999,390.564,388.851,262.089,422.25449999999995,9.666666667,10.42214895,2.6548793635
Harlow 002,E02004545,0.2,0.4,6541.497,374.1318,296.6718,182.031,352.443,14.0,11.0833641,2.740837333
Harlow 003,E02004546,0.2,0.4,6680.2306,380.8938,282.3188,175.0692,367.48760000000004,9.999999999,11.247407500000001,2.7621629750000003
Harlow 004,E02004547,0.2,0.4,8054.4246,304.9947,248.2089,179.5164,372.7713,15.000000001,11.6649024,2.816437312
Harlow 005,E02004548,0.8,1.0,7806.563999999999,306.762,284.72450000000003,208.034,209.79700000000003,8.666666667,6.8728792,2.193474296
Harlow 006,E02004549,0.2,0.4,6683.0992,319.7392,242.7504,212.112,398.2992,11.0,11.536143200000001,2.7996986160000006
Harlow 007,E02004550,0.2,0.4,7030.800000000001,298.809,298.809,251.93699999999998,490.48199999999997,10.333333334,13.256406000000002,3.0233327800000005
Harlow 008,E02004551,0.2,0.4,6142.6176,365.2608,293.248,250.9312,371.20000000000005,11.333333334,11.5510016,2.8016302079999997
Harlow 009,E02004552,0.4,0.6,5124.401599999999,379.25199999999995,426.1764,230.76520000000002,266.762,10.0,8.58626528,2.4162144864
Harlow 010,E02004553,0.2,0.4,5957.393,270.5664,259.9974,225.472,332.5712,6.999999999,10.399543699999999,2.651940681
Harlow 011,E02004554,0.4,0.6,6165.4653,317.50649999999996,323.34569999999997,221.15970000000002,270.79290000000003,7.333333333,8.354508390000001,2.3860860907
Harrogate 001,E02005761,0.6,0.8,3996.1971,407.23830000000004,425.87370000000004,298.1664,355.1688,7.333333333,9.11451933,2.4848875129000003
Harrogate 002,E02005762,0.8,1.0,4616.6883,285.243,413.29889999999995,270.0705,483.69929999999994,10.333333334,9.45313509,2.5289075617
Harrogate 003,E02005763,0.6,0.8,4891.1632,410.90720000000005,469.5152,352.9504,387.464,11.0,10.194080159999999,2.6252304208
Harrogate 004,E02005764,0.6,0.8,7698.6595,630.543,703.3779999999999,564.9915,808.4685000000001,25.999999999,18.102306849999998,3.6532998904999996
Harrogate 005,E02005765,0.6,0.8,4671.335999999999,438.26000000000005,473.06300000000005,355.1195,505.9325,16.333333333,11.5110278,2.796433614
Harrogate 006,E02005766,0.6,0.8,4348.6584,484.6048,518.6976,299.5296,437.1184,9.666666666,10.654547919999999,2.6850912296000002
Harrogate 007,E02005767,0.8,1.0,5219.3467,484.91150000000005,504.02479999999997,342.6236,528.8013,14.666666666,11.073608909999999,2.7395691583
Harrogate 008,E02005768,0.8,1.0,5502.0042,334.3536,333.6795,231.2163,339.7464,10.333333334,7.879959360000001,2.3243947168
Harrogate 009,E02005769,0.4,0.6,5247.1266,431.29949999999997,423.58520000000004,340.8318,570.8582,16.333333332,13.02636698,2.9934277074000004
Harrogate 010,E02005770,0.8,1.0,7009.848000000001,537.948,576.5039999999999,439.722,616.896,14.0,13.3163244,3.031122172
Harrogate 011,E02005771,0.6,0.8,6191.1377999999995,361.8585,361.8585,235.76760000000002,311.1237,12.333333333,8.62969104,2.4218598352000003
Harrogate 012,E02005772,0.8,1.0,4098.6724,485.8699,529.283,362.767,469.813,10.0,10.24168552,2.6314191176
Harrogate 013,E02005773,0.2,0.4,7494.610999999999,447.77700000000004,398.9286,237.90980000000002,466.77359999999993,20.333333333,13.953002699999999,3.1138903510000002
Harrogate 014,E02005774,0.6,0.8,7443.7591,495.7489,486.3419,321.7194,659.4307,15.0,14.03232783,3.1242026179
Harrogate 015,E02005775,0.6,0.8,7947.210599999999,502.0218,415.90500000000003,340.5528,578.3526,12.0,13.11646938,3.0051410194
Harrogate 016,E02005776,0.6,0.8,7452.06,486.948,530.376,351.12,420.42,13.999999999,11.711238000000002,2.82246094
Harrogate 017,E02005777,0.8,1.0,6343.4764000000005,504.6332,564.7488999999999,359.0008,695.1406999999999,15.0,13.48335882,3.0528366466000003
Harrogate 018,E02005778,0.6,0.8,4347.9324,406.2492,441.18899999999996,318.60360000000003,408.0258,8.666666667,9.96293592,2.5951816696
Harrogate 019,E02005779,0.8,1.0,5676.942000000001,420.086,474.81280000000004,364.58840000000004,772.3416000000001,13.333333333,13.811579800000002,3.0955053740000005
Harrogate 020,E02005780,0.8,1.0,7933.6368,593.739,630.1122,555.2262000000001,983.1462000000001,23.666666665,18.418532640000002,3.694409243200001
Harrogate 021,E02005781,0.8,1.0,4158.9911999999995,396.4002,397.5678,367.794,516.663,8.666666666,10.35789636,2.6465265268
Harrow 001,E02000433,0.6,0.8,5998.2119999999995,417.23100000000005,503.1558,400.707,941.8679999999999,14.333333334,17.0106318,3.5113821339999998
Harrow 002,E02000434,0.6,0.8,7835.6374,485.7595,426.1217,293.3795,575.2162,13.666666667,12.82097272,2.9667264536
Harrow 003,E02000435,0.4,0.6,6195.9456,406.0602,436.6323,293.9625,506.3993999999999,7.666666666,12.25800108,2.8935401404
Harrow 004,E02000436,0.8,1.0,4002.673,405.83430000000004,445.91670000000005,269.4428,444.8033,4.333333334,9.1443542,2.4887660460000003
Harrow 005,E02000437,0.4,0.6,6915.430000000001,416.2104,417.9232,300.5964,512.9836,4.333333333,12.538124200000002,2.9299561460000003
Harrow 006,E02000438,0.4,0.6,6254.1179999999995,413.80039999999997,343.9176,278.746,560.6328000000001,10.999999999,12.4795762,2.922344906
Harrow 007,E02000439,0.4,0.6,7851.033300000001,364.5738,303.8115,215.84220000000002,332.8323,7.666666667,9.588744389999999,2.5465367707
Harrow 008,E02000440,0.8,1.0,7938.4983,508.6452,379.57169999999996,298.3032,435.9816,9.000000001,10.445296890000002,2.6578885957000002
Harrow 009,E02000441,0.4,0.6,5661.277800000001,382.4514,387.4368,273.48479999999995,416.637,8.333333333,10.65358614,2.6849661982
Harrow 010,E02000442,0.6,0.8,8018.977199999999,396.6728,254.744,171.9522,253.8342,8.0,7.86995196,2.3230937548000004
Harrow 011,E02000443,0.2,0.4,8977.3489,408.3878,251.39450000000002,243.1857,382.7353,9.0,13.01453935,2.9918901155000004
Harrow 012,E02000444,0.6,0.8,7428.674399999999,480.6998,348.55170000000004,219.0643,392.8967,10.000000001,10.001393919999998,2.6001812095999997
Harrow 013,E02000445,0.4,0.6,9776.521999999999,344.596,340.14959999999996,223.4316,430.18919999999997,16.333333334,11.485606999999998,2.79312891
Harrow 015,E02000447,0.6,0.8,5943.63,345.8763,362.34659999999997,223.42319999999998,285.72389999999996,9.333333333,8.1843069,2.363959897
Harrow 016,E02000448,0.8,1.0,5471.848800000001,382.917,414.534,275.4192,481.98359999999997,10.999999999,9.91537224,2.5889983912
Harrow 017,E02000449,0.4,0.6,7123.89,364.37,268.91999999999996,205.01,336.15000000000003,5.333333334,9.205447,2.49670811
Harrow 019,E02000451,0.8,1.0,5331.048900000001,367.9109,362.5885,221.5449,369.9068,7.0,8.23701277,2.3708116601
Harrow 020,E02000452,0.4,0.6,7726.3746,250.5944,200.8188,178.5056,226.5648,10.666666666,7.41218758,2.2635843854
Harrow 021,E02000453,0.6,0.8,7109.994099999999,362.1933,274.31419999999997,191.3629,275.9568,6.666666667,7.946980929999999,2.3331075208999996
Harrow 022,E02000454,0.8,1.0,5706.032,368.68,345.992,289.27200000000005,380.02399999999994,7.666666666,8.7677776,2.439811088
Harrow 023,E02000455,0.4,0.6,8468.5944,263.4547,249.18820000000002,207.3398,322.42289999999997,11.666666666,9.17735412,2.4930560356000004
Harrow 024,E02000456,0.6,0.8,6241.7880000000005,317.626,238.2195,179.9395,306.69849999999997,11.666666667,7.7340474,2.305426162
Harrow 025,E02000457,0.6,0.8,5413.8728,326.8304,299.7048,232.2216,343.3704,8.333333333,8.41482424,2.3939271511999998
Harrow 027,E02000459,0.4,0.6,8069.691199999999,349.8928,307.42560000000003,195.7184,309.272,9.0,9.23596976,2.5006760688
Harrow 028,E02000460,0.2,0.4,6043.2127,258.286,208.6679,100.5956,186.9175,4.333333333,7.57831515,2.2851809695
Harrow 029,E02000461,0.8,1.0,6589.88,258.06,206.448,134.64,290.97200000000004,4.666666667,6.779872,2.18138336
Harrow 030,E02000462,0.4,0.6,5834.933099999999,269.3988,231.98229999999998,202.7294,264.6367,9.333333334,7.6092235299999995,2.2891990589
Harrow 031,E02000463,0.4,0.6,7236.6849999999995,368.7164,294.4726,187.695,254.43099999999998,8.0,8.265670700000001,2.374537191
Harrow 032,E02006795,0.6,0.8,6858.726,381.71,274.0276,207.3288,315.0112,11.0,8.4189154,2.394459002
Harrow 033,E02006882,0.6,0.8,11671.3938,782.265,641.4573,460.8252,668.481,17.0,17.289194339999998,3.5475952642
Hart 001,E02004751,0.8,1.0,6070.7570000000005,480.28650000000005,540.6239999999999,417.5355,535.7969999999999,10.333333333,11.844492599999999,2.839784038
Hart 002,E02004752,0.8,1.0,6394.4595,519.2187,551.0075999999999,352.93829999999997,333.37590000000006,9.333333334,9.49061685,2.5337801905
Hart 003,E02004753,0.8,1.0,8280.3903,517.7205,586.7499,508.3074,567.9237,8.999999999,13.48175559,3.0526282267000004
Hart 004,E02004754,0.8,1.0,5408.143999999999,379.9168,498.2864,339.5152,460.72,8.666666667,10.144345600000001,2.618764928
Hart 005,E02004755,0.8,1.0,10504.832,391.47679999999997,417.24800000000005,316.6176,641.8256,9.333333333,13.4120688,3.0435689440000004
Hart 006,E02004756,0.8,1.0,6976.377300000001,404.61129999999997,462.0509,259.3229,346.32699999999994,5.666666667,8.932449089999999,2.4612183817
Hart 007,E02004757,0.8,1.0,5933.187,435.58079999999995,570.8991,453.1962,614.9376000000001,10.666666666,12.823210500000002,2.9670173650000002
Hart 008,E02004758,0.8,1.0,6910.371400000001,432.22900000000004,478.9803,400.4734,599.8280000000001,12.333333333,12.496005020000002,2.9244806526000007
Hart 009,E02004759,0.8,1.0,6831.5265,427.244,495.53299999999996,399.228,600.593,10.999999999,12.49767495,2.9246977435000003
Hart 010,E02004760,0.8,1.0,8126.287,326.456,339.74199999999996,248.638,449.82599999999996,8.666666666,9.9615581,2.595002553
Hart 011,E02004761,0.8,1.0,5530.7472,296.0004,316.9502,256.804,356.1466,8.333333333,8.08675796,2.3512785348
Hartlepool 001,E02002483,0.4,0.6,8426.117199999999,469.706,499.3179,318.5832,498.2968,10.666666667,13.355579559999999,3.0362253428
Hartlepool 002,E02002484,0.0,0.2,8493.297999999999,545.1464,532.7096,268.4276,522.3456,24.666666668,18.632399200000002,3.722211896
Hartlepool 003,E02002485,0.0,0.2,6792.6720000000005,350.922,435.176,266.66799999999995,334.562,16.333333333,13.8875132,3.1053767160000003
Hartlepool 005,E02002487,0.0,0.2,4595.3826,237.1264,170.96390000000002,125.97340000000001,163.5537,3.000000001,7.64213926,2.2934781038
Hartlepool 006,E02002488,0.4,0.6,4542.3333999999995,404.16589999999997,336.3175,236.2996,329.2987,11.0,8.88568382,2.4551388966000003
Hartlepool 007,E02002489,0.0,0.2,6230.8158,411.5406,333.3327,198.9366,419.1336,9.666666667,13.88501538,3.1050519994
Hartlepool 008,E02002490,0.0,0.2,5284.63,340.843,270.1728,158.8516,200.12800000000001,10.333333333,9.7393542,2.5661160460000003
Hartlepool 009,E02002491,0.0,0.2,5217.3240000000005,334.7456,322.3234,215.1002,449.16060000000004,18.666666666,13.311368000000002,3.0304778400000005
Hartlepool 010,E02002492,0.2,0.4,5332.162499999999,375.7905,407.6142,227.5056,426.573,13.333333333,12.13532475,2.8775922175
Hartlepool 011,E02002493,0.6,0.8,4992.7038,467.5264,472.1751,288.2194,419.04709999999994,12.0,10.37217944,2.6483833272000004
Hartlepool 012,E02002494,0.0,0.2,6548.229,379.755,299.889,205.929,396.98099999999994,12.0,13.532432400000001,3.059216212
Hartlepool 014,E02006909,0.6,0.8,8570.5452,814.4010000000001,924.5502,615.1949999999999,792.1367999999999,23.666666667,19.68764616,3.8593940008
Hastings 001,E02004368,0.4,0.6,6774.722699999999,478.04650000000004,541.504,319.8258,347.7471,9.333333333,11.24644581,2.7620379553000003
Hastings 002,E02004369,0.4,0.6,6467.8584,688.6528000000001,942.0065999999999,691.5874,991.8948,19.666666666,23.13795152,4.3079336976
Hastings 003,E02004370,0.0,0.2,6672.290800000001,428.3188,377.692,253.93760000000003,305.368,9.333333332,13.47540768,3.0518029984000004
Hastings 004,E02004371,0.0,0.2,5855.8213000000005,406.4045,376.9132,243.8427,310.73760000000004,8.0,12.865831380000001,2.9725580794
Hastings 005,E02004372,0.0,0.2,6439.129399999999,309.44539999999995,272.4304,155.46300000000002,225.79149999999998,6.666666667,10.57059564,2.6741774332
Hastings 006,E02004373,0.2,0.4,7114.219500000001,464.6855,519.7725,332.29900000000004,454.912,11.666666667,14.81529325,3.2259881225
Hastings 007,E02004374,0.2,0.4,6055.1955,422.4555,438.615,303.183,476.32050000000004,10.000000001,13.88755125,3.1053816625
Hastings 008,E02004375,0.0,0.2,7005.1433,535.4798,457.99879999999996,239.3302,369.3261,12.333333334,15.27770358,3.2861014654000003
Hastings 009,E02004376,0.0,0.2,5972.8604,325.0632,329.98839999999996,157.6064,249.0744,5.333333333,10.951111840000001,2.7236445392000004
Hastings 010,E02004377,0.2,0.4,8103.678000000001,699.3855,704.858,506.75350000000003,929.2305,18.666666667,23.667468,4.37677084
Hastings 011,E02004378,0.0,0.2,7198.651,511.861,437.857,266.062,395.56899999999996,6.666666667,15.6770426,3.3380155380000005
Havant 003,E02004764,0.6,0.8,5713.9824,551.3856,678.4368,518.1696,842.0256,21.333333333,17.383842719999997,3.5598995535999993
Havant 004,E02004765,0.8,1.0,4692.798000000001,374.832,412.43850000000003,316.2645,368.667,7.0,8.6190399,2.420475187
Havant 005,E02004766,0.2,0.4,5574.353,309.99449999999996,303.0595,272.5455,474.35400000000004,16.0,12.5294645,2.9288303850000004
Havant 006,E02004767,0.0,0.2,5505.755399999999,236.62980000000002,201.1986,173.9925,209.4237,12.0,9.22362714,2.4990715282
Havant 007,E02004768,0.4,0.6,4600.6947,361.17179999999996,284.1822,186.81300000000002,227.5722,8.333333333,7.091025210000001,2.2218332773
Havant 008,E02004769,0.0,0.2,5529.3423,246.987,219.7551,138.0594,198.2229,8.333333334,8.996406480000001,2.4695328424000005
Havant 009,E02004770,0.0,0.2,6059.424,309.37199999999996,275.2344,184.91199999999998,283.7688,12.666666666,11.258296000000001,2.7635784800000005
Havant 010,E02004771,0.0,0.2,8026.1398,374.35880000000003,380.00239999999997,245.49660000000003,380.00239999999997,14.0,14.86599488,3.2325793344000004
Havant 011,E02004772,0.6,0.8,7313.1723,560.7999,591.1647,419.41380000000004,605.3982,19.0,14.43665949,3.1767657337
Havant 013,E02004774,0.6,0.8,6689.888400000001,752.9615,776.8967,641.2638999999999,1110.9922,25.333333333,22.047710019999997,4.1662023025999995
Havant 014,E02004775,0.4,0.6,7603.176,623.244,672.3420000000001,413.826,704.4060000000001,21.666666666,17.152636800000003,3.5298427840000004
Havant 015,E02004776,0.6,0.8,3900.3278999999998,515.9612999999999,586.8984,464.4258,595.9929,14.666666668,13.427665469999999,3.0455965111000003
Havant 016,E02004777,0.4,0.6,3551.3513,399.8542,535.7378,433.82509999999996,648.7885,12.0,14.39647759,3.1715420867
Havant 017,E02004778,0.4,0.6,4073.2689,483.791,637.0962000000001,451.7477,635.2112999999999,14.0,15.070969269999999,3.2592260051
Havant 018,E02006822,0.4,0.6,7023.2064,491.6608,557.0944,351.7056,663.424,12.333333332,15.389982719999999,3.3006977535999997
Havant 019,E02006830,0.2,0.4,5654.272000000001,320.77119999999996,336.40200000000004,223.58839999999998,260.9664,7.666666666,9.8317732,2.578130516
Havant 020,E02006831,0.8,1.0,4436.2606000000005,446.51899999999995,488.0264,344.0083,572.9279000000001,14.0,11.22221738,2.7588882594
Havering 001,E02000464,0.2,0.4,6493.629,318.9042,299.64669999999995,224.15730000000002,365.8925,12.666666667,11.361925,2.7770502500000003
Havering 002,E02000465,0.2,0.4,8314.2016,328.0446,297.2028,150.4706,253.2766,8.333333333,10.4226592,2.6549456960000004
Havering 003,E02000466,0.2,0.4,7428.83,359.56,395.16,289.25,426.31,10.333333333,13.514205,3.05684665
Havering 004,E02000467,0.0,0.2,10082.9687,342.4235,328.9511,181.8774,291.902,11.999999999,14.18262002,3.1437406026000003
Havering 005,E02000468,0.4,0.6,6841.3805999999995,374.19660000000005,401.6988,235.85219999999998,480.03839999999997,15.0,11.58317658,2.8058129554000004
Havering 006,E02000469,0.2,0.4,6231.637999999999,296.2582,288.2315,205.7754,274.3672,9.0,9.8903538,2.585745994
Havering 007,E02000470,0.6,0.8,7396.0161,420.57030000000003,434.25480000000005,350.3232,521.8356,14.0,12.28877223,2.8975403899
Havering 008,E02000471,0.8,1.0,5610.127,493.56399999999996,502.648,395.15400000000005,567.7500000000001,13.666666668,11.896482100000002,2.846542673
Havering 009,E02000472,0.6,0.8,7429.5819,462.91089999999997,521.8101,323.0253,464.7515,10.666666667,11.969329770000002,2.8560128701000003
Havering 010,E02000473,0.6,0.8,8578.8096,436.422,485.2597,330.4338,560.0749000000001,13.333333333,13.20051858,3.0160674154000002
Havering 011,E02000474,0.4,0.6,7689.116,350.25350000000003,376.774,235.941,496.5735,13.0,11.8888658,2.845552554
Havering 012,E02000475,0.6,0.8,7837.4051,499.8168,507.7504,384.7796,687.2481,15.666666666,14.865483830000002,3.2325128979000004
Havering 013,E02000476,0.2,0.4,8942.340400000001,302.7488,319.11359999999996,227.0616,436.73560000000003,8.000000001,13.486129400000003,3.0531968220000003
Havering 014,E02000477,0.8,1.0,7655.927999999999,487.152,509.1216,360.11039999999997,539.688,16.000000001,12.026445599999999,2.8634379279999997
Havering 015,E02000478,0.8,1.0,4217.3044,385.2514,448.97279999999995,311.5918,482.295,7.666666667,9.79684372,2.5735896836
Havering 016,E02000479,0.4,0.6,8343.713,309.79600000000005,296.573,175.677,319.241,9.666666667,9.1939519,2.495213747
Havering 017,E02000480,0.4,0.6,11259.9041,403.0021,327.9954,241.547,480.5514,15.0,12.711855830000001,2.9525412579
Havering 018,E02000481,0.8,1.0,6161.0142000000005,402.8541,392.4008,383.5557,701.9793,18.0,13.07836486,3.0001874318
Havering 019,E02000482,0.8,1.0,4832.5644999999995,390.9505,379.2415,275.812,627.7325,10.666666666,11.274270849999999,2.7656552105
Havering 020,E02000483,0.6,0.8,6261.957600000001,410.76399999999995,433.89439999999996,286.33840000000004,582.248,12.333333333,12.272112880000002,2.8953746744
Havering 021,E02000484,0.6,0.8,6809.4826,392.309,445.7298,286.3021,414.0112,6.333333333,10.59601568,2.6774820384
Havering 022,E02000485,0.8,1.0,7049.9844,359.7459,379.58799999999997,309.7093,527.9724,9.333333333,10.94990602,2.7234877826000004
Havering 023,E02000486,0.8,1.0,5849.638500000001,422.52,420.2565,300.291,551.5395,7.0,11.00883405,2.7311484265
Havering 024,E02000487,0.8,1.0,5718.1335,503.425,559.9635000000001,374.858,588.62,8.0,12.19132705,2.8848725164999998
Havering 025,E02000488,0.8,1.0,5585.2551,441.95669999999996,519.1353,305.802,428.8509,13.999999999,9.84413043,2.5797369559
Havering 026,E02000489,0.4,0.6,7182.3532000000005,363.5108,342.8372,290.2918,434.1456,13.333333333,11.20457436,2.7565946668
Havering 027,E02000490,0.4,0.6,6476.9215,329.4165,399.9485,266.098,541.814,10.999999999,12.30005945,2.8990077285
Havering 028,E02000491,0.2,0.4,8410.5062,366.9574,363.0222,298.0914,399.4228,19.666666666,13.6379275,3.072930575
Havering 029,E02000492,0.6,0.8,5028.8928,358.3704,368.7768,286.176,462.4344,9.666666667,10.21817424,2.6283626512
Havering 030,E02000493,0.2,0.4,5956.8208,256.8832,193.3456,153.0368,271.2304,6.333333333,8.8484648,2.450300424
Herefordshire 001,E02002905,0.4,0.6,4505.8431,580.5393,572.7381,436.2171,405.6624,12.000000001,12.28903533,2.8975745929000003
Herefordshire 002,E02002906,0.2,0.4,4546.080000000001,327.18,394.83,288.435,594.705,12.0,13.989405000000001,3.1186226500000003
Herefordshire 003,E02002907,0.2,0.4,4758.3135999999995,433.5408,404.7632,303.416,356.592,12.666666666,11.701847999999998,2.82124024
Herefordshire 004,E02002908,0.4,0.6,6058.387099999999,742.1109,766.5857,553.3053,621.4851,13.666666667,17.14573373,3.5289453849
Herefordshire 005,E02002909,0.4,0.6,7569.7406,907.6376,913.0146000000001,580.716,780.7404,21.666666666,20.59143658,3.9768867554
Herefordshire 006,E02002910,0.2,0.4,5640.7356,666.4775999999999,662.4236,499.4528,640.532,20.666666667,18.6520486,3.7247663180000004
Herefordshire 007,E02002911,0.4,0.6,6965.099800000001,660.9911999999999,685.6834,465.353,717.0235000000001,19.666666667,17.550645940000003,3.5815839722000007
Herefordshire 008,E02002912,0.6,0.8,5837.2781,484.2433,488.00879999999995,321.57370000000003,399.14300000000003,11.333333334,10.670146729999999,2.6871190749
Herefordshire 009,E02002913,0.6,0.8,3827.0924999999997,508.7775,526.1025,418.11,494.9175,11.666666666,11.80473525,2.8346155825
Herefordshire 010,E02002914,0.4,0.6,7375.073999999999,502.761,507.43350000000004,385.014,573.783,18.0,14.4432582,3.1776235660000003
Herefordshire 011,E02002915,0.6,0.8,5829.192899999999,384.3171,418.0695,380.4816,659.7059999999999,18.0,13.348844069999998,3.0353497291
Herefordshire 012,E02002916,0.2,0.4,8554.254,468.28,419.416,289.112,448.938,16.666666666,14.770671,3.22018723
Herefordshire 013,E02002917,0.6,0.8,5891.785199999999,341.47889999999995,347.3037,281.7747,417.9294,10.0,9.84580506,2.5799546578
Herefordshire 014,E02002918,0.8,1.0,4336.6071,379.7577,410.067,282.8868,533.6814,18.333333333,10.165560930000002,2.6215229209000004
Herefordshire 015,E02002919,0.2,0.4,8299.4764,413.44800000000004,425.2608,307.1328,400.6508,18.0,14.0488646,3.126352398
Herefordshire 016,E02002920,0.6,0.8,5395.8658,375.40619999999996,371.9872,329.59159999999997,365.1492,13.666666667,9.522120139999998,2.5378756182
Herefordshire 017,E02002921,0.0,0.2,7133.1143999999995,326.72,302.216,161.7264,245.04,12.666666666,11.49711344,2.7946247472000003
Herefordshire 018,E02002922,0.4,0.6,4876.711899999999,511.0347,533.9268999999999,344.0563,466.5969,13.0,12.28429117,2.8969578521
Herefordshire 019,E02002923,0.6,0.8,7122.9202000000005,618.2424,800.0784000000001,573.7936000000001,986.9654,22.666666667,20.29926186,3.9389040418000008
Herefordshire 020,E02002924,0.4,0.6,4401.0176,489.1392,493.4624,337.8272,453.936,9.666666666,11.74662848,2.8270617024
Herefordshire 021,E02002925,0.4,0.6,8679.913,782.9029999999999,722.8539999999999,530.244,614.086,27.333333333,17.6116919,3.5895199470000003
Herefordshire 022,E02002926,0.4,0.6,8162.504099999999,794.57,802.5157,623.1699,968.2403,22.666666666,22.605857030000003,4.238761413900001
Herefordshire 023,E02002927,0.4,0.6,8275.3008,1030.5672,925.2624000000001,740.6832,860.1864,21.0,23.01111024,4.2914443312
Hertsmere 001,E02004896,0.8,1.0,6065.063,426.5082,519.625,434.8222,868.8130000000001,19.999999999,15.442839300000001,3.307569109
Hertsmere 002,E02004897,0.8,1.0,5380.5470000000005,353.7524,403.03470000000004,255.1878,357.80300000000005,10.666666666,8.3395103,2.3841363390000003
Hertsmere 003,E02004898,0.4,0.6,6086.1209,430.3009,393.61449999999996,272.0908,460.87289999999996,10.999999999,11.42391567,2.7851090371
Hertsmere 004,E02004899,0.6,0.8,4455.6405,264.66450000000003,261.936,192.0864,283.2183,6.666666667,6.989598450000001,2.2086477985000004
Hertsmere 005,E02004900,0.8,1.0,6364.0558,428.29499999999996,447.0584,312.4514,605.3235999999999,10.666666666,11.88074014,2.8444962182
Hertsmere 006,E02004901,0.2,0.4,7718.8265,341.46979999999996,317.3345,232.414,330.743,17.333333333,11.748974650000001,2.8273667045
Hertsmere 007,E02004902,0.4,0.6,7253.5816,356.4992,291.7576,193.384,313.6184,10.0,8.97982808,2.4673776504000005
Hertsmere 008,E02004903,0.6,0.8,6453.557699999999,250.38270000000003,303.01570000000004,197.7497,314.29420000000005,10.333333333,8.09488021,2.3523344272999998
Hertsmere 009,E02004904,0.4,0.6,5543.7879,237.52740000000003,240.70290000000003,141.6273,187.3545,5.333333333,6.19902057,2.1058726741
Hertsmere 010,E02004905,0.8,1.0,5356.9656,328.3812,355.4166,209.6892,344.2068,9.0,7.8094060800000005,2.3152227904
Hertsmere 011,E02004906,0.4,0.6,8961.699600000002,373.0188,375.07399999999996,231.20999999999998,336.0252,11.333333333,10.354405880000002,2.6460727644000004
Hertsmere 012,E02004907,0.8,1.0,8112.150000000001,467.7005,521.7815,341.51149999999996,569.8534999999999,13.0,12.388554999999998,2.9105121499999997
Hertsmere 013,E02004908,0.8,1.0,7286.1,529.0980000000001,597.558,564.306,803.9159999999999,14.333333333,16.103748,3.39348724
High Peak 001,E02004093,0.4,0.6,5236.7779,350.6856,326.5442,192.4959,244.5905,7.0,7.66864277,2.2969235601
High Peak 002,E02004094,0.2,0.4,6091.305,355.234,358.919,277.849,285.956,10.333333333,10.9234455,2.7200479150000003
High Peak 003,E02004095,0.4,0.6,8336.256000000001,533.2752,576.1824,364.7112,405.5752,16.333333333,12.927326400000002,2.9805524320000005
High Peak 004,E02004096,0.8,1.0,7162.716600000001,652.0176,642.5406,465.3207,555.3522,17.333333334,13.17340908,3.0125431804000002
High Peak 005,E02004097,0.8,1.0,6052.8039,478.8586,580.2456,334.57710000000003,351.7349,9.666666668,9.47601897,2.5318824661
High Peak 006,E02004098,0.4,0.6,5591.682,476.457,467.78099999999995,348.486,345.594,12.666666668,10.739586599999999,2.6961462579999997
High Peak 008,E02004100,0.8,1.0,5949.0912,543.8184,506.9891999999999,354.9708,481.914,13.0,10.962250560000001,2.7250925728000004
High Peak 010,E02004102,0.4,0.6,6569.310200000001,507.6324,491.39500000000004,344.40380000000005,634.9678,15.666666667,14.63767426,3.2028976538
High Peak 011,E02004103,0.2,0.4,6005.044499999999,349.206,314.574,244.5885,303.03,12.666666667,10.65691575,2.6853990475
High Peak 012,E02004104,0.8,1.0,5737.0125,449.13750000000005,442.5,352.52500000000003,394.5625,8.666666667,9.60719125,2.5489348625000003
High Peak 013,E02006872,0.6,0.8,9627.3276,852.7464000000001,910.3643999999999,604.3488,806.652,26.999999999,20.130064680000004,3.9169084084000003
Hillingdon 001,E02000494,0.8,1.0,5785.852800000001,501.00960000000003,469.456,347.8592,590.2832000000001,12.0,11.90909824,2.8481827712000003
Hillingdon 002,E02000495,0.6,0.8,8465.8959,458.34799999999996,487.5156,365.6367,638.5621,15.0,14.25889377,3.1536561901000004
Hillingdon 003,E02000496,0.4,0.6,6076.754,374.3038,425.8274,273.5297,426.5851,9.666666666,11.035142800000001,2.734568564
Hillingdon 004,E02000497,0.6,0.8,7613.9745,369.78180000000003,398.5839,331.68870000000004,577.9002,11.333333332,12.63343725,2.9423468425
Hillingdon 005,E02000498,0.6,0.8,4789.821,393.3045,380.379,259.1255,333.601,10.666666666,8.710309800000001,2.4323402740000004
Hillingdon 006,E02000499,0.8,1.0,5934.013,401.9692,421.0742,306.44419999999997,580.0278,13.0,11.3388175,2.774046275
Hillingdon 007,E02000500,0.8,1.0,6443.1425,445.01189999999997,452.47020000000003,343.0818,601.6362,12.0,12.061314150000001,2.8679708395000003
Hillingdon 008,E02000501,0.8,1.0,6854.175899999999,415.4046,406.15470000000005,280.8606,451.56329999999997,11.0,10.07087067,2.6092131871
Hillingdon 009,E02000502,0.8,1.0,7195.5205000000005,327.0302,297.0667,241.4202,499.10630000000003,14.0,10.104120250000001,2.6135356325000005
Hillingdon 010,E02000503,0.8,1.0,7821.8946000000005,401.544,304.8084,228.15,370.51559999999995,8.0,8.97569478,2.4668403214000003
Hillingdon 011,E02000504,0.8,1.0,5891.326800000001,347.913,416.74739999999997,323.2224,501.29400000000004,11.666666667,10.42706484,2.6555184292
Hillingdon 013,E02000506,0.8,1.0,6126.5466,480.68370000000004,451.4796,315.72,518.5700999999999,12.333333333,10.98516168,2.7280710183999997
Hillingdon 014,E02000507,0.6,0.8,7085.9588,331.6902,320.1388,182.3471,332.5153,8.666666667,8.63912704,2.4230865152
Hillingdon 015,E02000508,0.4,0.6,10754.378500000003,303.0726,240.8135,166.8074,283.1027,8.666666667,9.193789550000002,2.4951926415
Hillingdon 016,E02000509,0.4,0.6,11301.3992,280.462,226.80839999999998,156.0832,229.24720000000002,7.666666667,8.546042960000001,2.4109855848
Hillingdon 017,E02000510,0.4,0.6,7687.351500000001,348.7215,386.052,241.2825,441.59250000000003,11.666666666,11.294661450000001,2.7683059885000003
Hillingdon 018,E02000511,0.4,0.6,8628.2424,339.184,321.2272,251.3952,434.9536,14.666666667,11.279563920000001,2.7663433096000003
Hillingdon 019,E02000512,0.2,0.4,7765.985,280.79400000000004,288.741,223.399,272.847,11.333333334,10.7182955,2.693378415
Hillingdon 020,E02000513,0.2,0.4,9175.7419,244.1907,246.2005,132.6468,249.21519999999998,7.666666667,10.22435505,2.6291661565
Hillingdon 021,E02000514,0.4,0.6,9519.9111,362.23459999999994,285.0722,218.6268,333.2987,10.333333333,10.03207653,2.6041699489
Hillingdon 022,E02000515,0.2,0.4,10915.078500000001,363.15,297.783,229.995,296.5725,12.999999999,12.90695625,2.9779043125
Hillingdon 023,E02000516,0.2,0.4,8279.2344,304.2552,235.3152,156.264,216.012,6.333333334,9.679635600000001,2.558352628
Hillingdon 024,E02000517,0.2,0.4,9112.1616,342.3264,287.6352,161.0352,223.82880000000003,11.333333333,10.5467928,2.6710830640000003
Hillingdon 025,E02000518,0.2,0.4,7744.1828000000005,311.8284,343.8108,199.89,282.5112,11.999999999,10.972184200000001,2.7263839460000003
Hillingdon 026,E02000519,0.2,0.4,8086.601500000001,299.538,281.048,241.29450000000003,335.5935,11.333333333,11.78229025,2.8316977325000003
Hillingdon 027,E02000520,0.2,0.4,12534.032000000001,392.03360000000004,320.2528,220.864,339.5784,13.333333333,14.345116800000001,3.1648651840000004
Hillingdon 028,E02000521,0.2,0.4,12124.555800000002,311.5602,261.60540000000003,168.2688,281.3244,14.333333332,12.5971545,2.9376300850000003
Hillingdon 029,E02000522,0.2,0.4,8487.405599999998,341.652,278.1336,192.48000000000002,322.404,13.333333334,11.597401199999998,2.807662156
Hillingdon 030,E02000523,0.4,0.6,10548.1695,366.94350000000003,274.9164,206.1873,251.6184,8.000000001,9.25454805,2.5030912465000004
Hillingdon 031,E02000524,0.2,0.4,7193.2108,285.6832,200.4652,165.56640000000002,270.26279999999997,5.333333333,9.6576342,2.555492446
Hillingdon 032,E02000525,0.2,0.4,9300.633300000001,306.0162,262.88640000000004,154.035,247.48290000000003,8.333333333,10.667950650000002,2.6868335845000004
Hillingdon 033,E02006796,0.6,0.8,7937.8775,343.4347,332.3263,260.1217,383.2398,10.333333334,9.91378415,2.5887919395
Hinckley and Bosworth 001,E02005377,0.6,0.8,6660.6597,505.586,558.7597000000001,460.2576,530.8653,13.333333333,13.38521501,3.0400779513
Hinckley and Bosworth 002,E02005378,0.8,1.0,4112.3072999999995,352.1193,296.8849,248.0237,301.1337,7.666666666,7.08428979,2.2209576727
Hinckley and Bosworth 003,E02005379,0.8,1.0,4849.2006,375.9805,444.85760000000005,280.5636,367.7658,8.666666667,8.54467818,2.4108081634
Hinckley and Bosworth 004,E02005380,0.8,1.0,6549.0468,648.1384,710.4594,465.6269,528.8382,12.333333333,12.827264340000001,2.9675443642
Hinckley and Bosworth 005,E02005381,0.6,0.8,6357.8628,620.784,612.1619999999999,491.454,538.0128,11.666666667,13.972985640000001,3.1164881332000003
Hinckley and Bosworth 006,E02005382,0.4,0.6,8615.109599999998,581.2552000000001,648.24,407.3108,552.0844,15.333333333,15.408880879999998,3.3031545144
Hinckley and Bosworth 007,E02005383,0.4,0.6,7322.0759,486.2352,573.7207,377.569,451.24100000000004,16.0,13.144281970000002,3.0087566561
Hinckley and Bosworth 008,E02005384,0.6,0.8,5762.4674,428.0227,426.5493,327.8315,421.3924,16.0,10.56545672,2.6735093736
Hinckley and Bosworth 009,E02005385,0.8,1.0,4874.2746,431.81579999999997,465.48060000000004,312.0468,391.02959999999996,4.666666667,9.11843478,2.4853965214000002
Hinckley and Bosworth 010,E02005386,0.4,0.6,7396.0764,392.33860000000004,387.8496,316.92339999999996,485.7098,14.666666667,12.28495652,2.8970443476
Hinckley and Bosworth 011,E02005387,0.4,0.6,8285.3106,483.9806,525.7202,315.0346,327.954,8.0,11.38209078,2.7796718014
Hinckley and Bosworth 012,E02005388,0.4,0.6,4966.395,287.448,320.943,210.714,304.5,10.666666667,8.2668705,2.374693165
Hinckley and Bosworth 013,E02005389,0.4,0.6,4263.000000000001,374.55600000000004,381.024,322.224,539.196,12.666666667,11.955804,2.8542545200000005
Hinckley and Bosworth 014,E02005390,0.8,1.0,7521.1125999999995,659.2991999999999,684.8078,429.7218,520.9640999999999,12.333333334,12.82376188,2.9670890443999998
Horsham 001,E02006588,0.4,0.6,7185.045,379.701,427.91700000000003,279.825,338.373,9.999999999,10.3660095,2.647581235
Horsham 002,E02006589,0.8,1.0,8970.8706,653.9492,672.0516,425.4064,591.7222,7.0,13.97923898,3.1173010674
Horsham 003,E02006590,0.8,1.0,7159.9527,436.7903,501.3671,353.3786,517.5113,10.333333333,11.483817909999999,2.7928963283
Horsham 004,E02006591,0.8,1.0,6812.8788,428.1708,350.7804,309.5616,510.6084,11.666666667,10.766266439999999,2.6996146372
Horsham 005,E02006592,0.6,0.8,5137.277600000001,407.8368,419.832,290.5504,407.8368,11.666666667,9.97514168,2.5967684184
Horsham 006,E02006593,0.6,0.8,9103.1583,518.4264000000001,450.21240000000006,379.7246,918.6152000000001,21.666666666,17.57204009,3.5843652117000007
Horsham 007,E02006594,0.8,1.0,8580.187499999998,502.005,440.53499999999997,293.007,429.2655,6.333333332,10.64609175,2.6839919275
Horsham 008,E02006595,0.8,1.0,6843.3728,479.8491,577.9398,406.502,529.3363,8.333333334,12.02379894,2.8630938622000004
Horsham 009,E02006596,0.8,1.0,7749.6732,468.4173,408.3638,260.5398,351.082,8.333333333,9.24306516,2.5015984708000003
Horsham 010,E02006597,0.6,0.8,8445.825400000002,540.2017,573.102,445.74600000000004,606.0023,17.666666667,14.80131432,3.2241708616
Horsham 011,E02006598,0.6,0.8,4235.778,368.838,372.74399999999997,284.58,316.944,4.999999999,8.4086694,2.3931270220000003
Horsham 012,E02006599,0.8,1.0,4117.3828,678.1653,794.995,562.7182,761.1213,10.0,15.36746074,3.2977698962
Horsham 013,E02006600,0.6,0.8,6767.727200000001,710.4734,806.0572,628.6852,939.0862,17.333333333,20.148867959999997,3.9193528347999997
Horsham 014,E02006601,0.6,0.8,6292.379400000001,550.7248000000001,601.2660000000001,500.1836,770.3176000000001,19.0,16.368639020000003,3.4279230726000005
Horsham 015,E02006602,0.6,0.8,6181.910000000001,537.915,583.9749999999999,420.2975,500.08,8.666666667,12.8686705,2.972927165
Horsham 016,E02006603,0.8,1.0,5919.2924,661.5476,727.356,572.3599,779.31,17.666666666,15.98780442,3.3784145746
Hounslow 001,E02000526,0.6,0.8,7264.1429,377.1259,337.1148,223.0406,312.42710000000005,9.0,8.83385497,2.4484011461
Hounslow 003,E02000528,0.2,0.4,10863.9668,541.0934000000001,378.88919999999996,268.68940000000003,330.5994,11.666666667,14.418839000000002,3.1744490700000005
Hounslow 004,E02000529,0.2,0.4,7820.3567,372.6112,276.7713,221.2379,267.8143,8.333333334,10.89753405,2.7166794265000003
Hounslow 005,E02000530,0.0,0.2,6544.974000000001,254.0387,195.47070000000002,111.2792,215.2374,5.333333334,9.536334600000002,2.5397234980000003
Hounslow 006,E02000531,0.2,0.4,9136.815999999999,403.403,317.4834,233.6594,386.63820000000004,8.666666667,13.3238248,3.032097224
Hounslow 007,E02000532,0.6,0.8,7538.6026,422.61589999999995,435.23130000000003,263.1212,349.6268,10.999999999,10.00923858,2.6012010154
Hounslow 008,E02000533,0.4,0.6,7141.0794,400.805,373.8034,220.23180000000002,302.0804,6.0,9.385503020000002,2.5201153926
Hounslow 009,E02000534,0.6,0.8,6965.361,293.6425,284.793,223.65099999999998,277.5525,9.0,7.9873978,2.3383617140000004
Hounslow 010,E02000535,0.4,0.6,7890.628200000001,460.3872,316.51619999999997,271.9626,343.43399999999997,12.666666667,10.30701126,2.6399114638
Hounslow 011,E02000536,0.4,0.6,8054.589,392.793,342.41100000000006,201.52800000000002,338.679,6.333333334,9.8449227,2.5798399510000003
Hounslow 012,E02000537,0.4,0.6,7675.462200000001,378.7028,315.88480000000004,271.01480000000004,334.7302,11.0,9.966434660000001,2.5956365058
Hounslow 013,E02000538,0.2,0.4,8490.051300000001,389.8935,301.3251,199.2789,245.48850000000002,15.333333333,10.960820850000001,2.7249067105
Hounslow 014,E02000539,0.2,0.4,9785.369999999999,339.884,305.8956,219.28,312.474,8.666666666,12.4205674,2.914673762
Hounslow 015,E02000540,0.4,0.6,9770.9773,359.15419999999995,330.51,218.13660000000002,338.2219,10.000000001,10.339123990000001,2.6440861187
Hounslow 016,E02000541,0.2,0.4,8519.7824,339.2064,278.3232,238.7008,286.0544,10.0,11.4943616,2.7942670080000003
Hounslow 017,E02000542,0.2,0.4,10306.0052,388.6424,352.5708,214.1024,374.6792,13.0,13.7240802,3.0841304259999998
Hounslow 018,E02000543,0.4,0.6,12456.0774,386.26669999999996,308.4674,197.9105,297.5482,5.666666667,10.50126762,2.6651647906
Hounslow 019,E02000544,0.6,0.8,6839.1467999999995,402.8796,343.22400000000005,229.6332,355.48199999999997,9.0,9.288867239999998,2.5075527411999996
Hounslow 020,E02000545,0.2,0.4,7541.994,377.9706,330.0711,194.2107,264.7536,8.666666667,10.7617113,2.699022469
Hounslow 021,E02000546,0.4,0.6,8589.9137,437.715,274.3014,168.2771,256.7928,12.666666666,8.640785910000002,2.4233021683000002
Hounslow 022,E02000547,0.4,0.6,8579.865,412.551,341.79949999999997,253.111,377.67350000000005,9.666666666,10.8170075,2.7062109750000003
Hounslow 023,E02000548,0.2,0.4,8820.6921,344.3784,320.35200000000003,178.1958,349.3839,9.0,12.16486665,2.8814326645
Hounslow 024,E02000549,0.2,0.4,9935.9568,468.36159999999995,394.5312,293.01439999999997,442.98240000000004,16.666666666,15.318077600000002,3.2913500880000006
Hounslow 025,E02000550,0.2,0.4,10071.1666,303.2084,278.8632,182.589,232.38600000000002,7.0,11.1274163,2.7465641190000003
Hounslow 026,E02000551,0.0,0.2,8094.1666,328.9793,264.277,192.2843,235.1154,10.333333333,11.990156360000002,2.8587203268000003
Hounslow 027,E02000552,0.4,0.6,8296.365,284.3162,223.979,135.3016,202.95239999999998,8.0,7.200696300000001,2.236090519
Hounslow 028,E02000553,0.4,0.6,6189.3384,307.2312,295.692,165.876,254.5836,4.666666667,7.704291120000001,2.3015578456
Hounslow 029,E02006792,0.6,0.8,7583.8098,301.4781,309.435,258.1572,389.00399999999996,7.333333333,9.685669139999998,2.5591369881999997
Huntingdonshire 001,E02003753,0.6,0.8,9164.8308,630.3371999999999,657.546,394.52759999999995,488.6247,12.333333333,13.98781734,3.1184162542
Huntingdonshire 002,E02003754,0.6,0.8,4309.976000000001,418.01300000000003,390.67699999999996,252.858,323.476,6.333333333,8.514252800000001,2.406852864
Huntingdonshire 003,E02003755,0.4,0.6,6389.869000000001,466.32500000000005,501.198,356.84,396.579,14.333333334,11.7543907,2.828070791
Huntingdonshire 004,E02003756,0.6,0.8,5409.547,431.2506,420.93359999999996,296.4418,319.827,13.666666667,9.169405699999999,2.492022741
Huntingdonshire 005,E02003757,0.6,0.8,4950.136200000001,399.0777,404.32009999999997,302.0933,496.06210000000004,8.000000001,10.867626260000002,2.7127914138
Huntingdonshire 006,E02003758,0.6,0.8,7597.198,599.375,538.958,375.928,477.582,10.0,12.7667834,2.959681842
Huntingdonshire 007,E02003759,0.8,1.0,4530.4175,402.63750000000005,462.2875,280.355,289.3025,8.333333334,7.673077749999999,2.2975001075
Huntingdonshire 008,E02003760,0.2,0.4,8374.3134,270.019,242.08599999999998,161.0803,263.5013,8.0,10.2551354,2.6331676020000003
Huntingdonshire 009,E02003761,0.6,0.8,4429.4166,338.2848,413.4592,285.4278,406.9989,10.333333333,9.56335828,2.5432365764
Huntingdonshire 010,E02003762,0.8,1.0,7285.449599999999,440.6376,476.82959999999997,370.968,473.2104,12.333333333,11.08072368,2.7404940784000003
Huntingdonshire 011,E02003763,0.6,0.8,8004.969499999999,581.8395,533.5989999999999,362.296,363.2805,12.333333334,11.50713135,2.7959270755
Huntingdonshire 012,E02003764,0.6,0.8,9214.3532,348.91740000000004,322.7224,183.365,408.64199999999994,14.333333333,10.16491736,2.6214392568000005
Huntingdonshire 013,E02003765,0.8,1.0,5469.0328,367.6904,466.851,333.6718,601.4778,9.999999999,11.59440744,2.8072729672000003
Huntingdonshire 014,E02003766,0.6,0.8,5820.8535,320.75100000000003,375.858,252.22050000000002,295.317,7.333333333,8.40077955,2.3921013415
Huntingdonshire 015,E02003767,0.6,0.8,4934.158399999999,376.0948,426.1552,322.8254,358.12440000000004,5.333333334,9.49055332,2.5337719316
Huntingdonshire 016,E02003768,0.8,1.0,7053.588499999999,634.9686,751.4766,560.2093,709.7279,18.333333333,15.49702035,3.3146126455000005
Huntingdonshire 017,E02003769,0.8,1.0,5591.3923,497.38219999999995,555.5865,467.90209999999996,445.981,10.666666667,11.02865659,2.7337253567
Huntingdonshire 018,E02003770,0.8,1.0,8825.4803,495.65880000000004,528.4909,351.6212,389.7488,9.666666667,10.74128629,2.6963672176999998
Huntingdonshire 019,E02003771,0.6,0.8,5146.856,316.0752,363.84639999999996,265.6864,451.53600000000006,9.666666667,9.926920800000001,2.590499704
Huntingdonshire 020,E02003772,0.8,1.0,5097.666000000001,455.504,520.674,354.66200000000003,432.18,9.000000001,10.0089458,2.6011629540000003
Huntingdonshire 021,E02003773,0.4,0.6,9122.1312,448.9152,506.664,360.65759999999995,458.72159999999997,10.000000002,13.329730560000002,3.0328649728000006
Huntingdonshire 022,E02003774,0.4,0.6,4460.4245,308.5537,367.0226,269.1885,383.2318000000001,9.333333334,9.63723775,2.5528409075000003
Hyndburn 001,E02005212,0.2,0.4,8609.634,574.992,618.552,494.406,591.327,19.666666667,19.060767,3.77789971
Hyndburn 002,E02005213,0.2,0.4,9260.992699999999,588.3962,645.1912,371.4393,495.2524,15.666666666,17.51955365,3.5775419745
Hyndburn 003,E02005214,0.2,0.4,5077.684,348.2934,366.1546,294.7098,292.1582,11.666666666,10.6172076,2.680236988
Hyndburn 004,E02005215,0.0,0.2,9975.024300000001,579.7576,623.9764,439.7314,663.282,22.333333333,23.04118838,4.2953544894
Hyndburn 005,E02005216,0.0,0.2,4515.742,236.621,298.606,167.629,171.94099999999997,7.666666667,8.6222752,2.420895776
Hyndburn 006,E02005217,0.0,0.2,11520.495,373.03000000000003,312.9875,241.4475,327.04,21.333333334,15.956997000000003,3.3744096100000007
Hyndburn 007,E02005218,0.0,0.2,5834.7728,338.16319999999996,437.28,290.0624,386.26400000000007,13.333333332,14.04368448,3.1256789824
Hyndburn 008,E02005219,0.2,0.4,6641.1042,469.59830000000005,495.4554,358.66299999999995,377.8473,8.333333333,13.7559772,3.088277036
Hyndburn 009,E02005220,0.4,0.6,4440.748,419.757,458.861,376.37600000000003,414.258,7.666666667,11.2365344,2.760749472
Ipswich 001,E02006245,0.2,0.4,6069.1338000000005,419.418,408.5442,356.50530000000003,512.6220000000001,11.666666666,14.573998800000002,3.1946198440000004
Ipswich 002,E02006246,0.6,0.8,5323.892400000001,454.15079999999995,444.95459999999997,316.91519999999997,535.5018,13.666666667,11.760383520000001,2.8288498576000003
Ipswich 003,E02006247,0.2,0.4,7766.915,363.70750000000004,368.22,231.9425,294.215,8.666666667,11.601637499999999,2.8082128749999997
Ipswich 004,E02006248,0.4,0.6,6585.837,383.99,423.206,298.205,479.579,10.666666667,11.980733100000002,2.8574953030000003
Ipswich 005,E02006249,0.6,0.8,6478.135200000001,450.1224,457.54200000000003,292.662,567.1872,14.666666667,12.376222559999999,2.9089089328
Ipswich 006,E02006250,0.0,0.2,9884.116,386.81739999999996,264.0878,196.1482,226.8306,8.0,13.2800002,3.026400026
Ipswich 007,E02006251,0.2,0.4,9868.334799999999,340.3249,264.21389999999997,162.0077,238.1187,8.666666666,11.003476,2.73045188
Ipswich 008,E02006252,0.6,0.8,7654.569600000001,372.19800000000004,354.042,239.6592,458.439,15.666666668,10.69805988,2.6907477844
Ipswich 009,E02006253,0.8,1.0,4943.4911999999995,481.14400000000006,525.3952,384.2128,690.4592,12.333333334,13.01224096,2.9915913248
Ipswich 010,E02006254,0.0,0.2,8178.8168000000005,393.37760000000003,306.4908,243.474,424.88599999999997,11.666666667,15.20958208,3.2772456704
Ipswich 011,E02006255,0.4,0.6,7105.781999999999,343.19100000000003,320.97,173.653,287.227,4.666666667,8.5906386,2.4167830180000003
Ipswich 012,E02006256,0.0,0.2,8407.5856,418.046,349.99199999999996,212.9118,332.4923999999999,12.000000001,14.365032759999998,3.1674542588
Ipswich 013,E02006257,0.2,0.4,4947.3816,383.972,374.8608,277.89160000000004,523.2432,11.333333333,13.3492096,3.035397248
Ipswich 014,E02006258,0.0,0.2,7911.5004,435.972,324.66,256.0176,349.7052,9.666666666,14.538645840000001,3.1900239592000004
Ipswich 015,E02006259,0.0,0.2,5647.3424,425.2928,454.02880000000005,287.36,369.2576,8.333333333,14.227624640000002,3.1495912032000004
Ipswich 016,E02006260,0.0,0.2,7277.292200000001,490.3454,385.9036,271.7257,427.50329999999997,7.666666667,15.779739820000001,3.3513661766
Isle of Wight 001,E02003581,0.4,0.6,6232.140800000001,425.63259999999997,420.92080000000004,336.10839999999996,438.98269999999997,13.0,11.68903344,2.8195743472
Isle of Wight 002,E02003582,0.6,0.8,6216.392,553.3272,645.5484,477.33009999999996,646.4023000000001,15.666666666,15.0508414,3.2566093819999997
Isle of Wight 003,E02003583,0.2,0.4,5281.4576,522.0768,629.5631999999999,440.1824,438.72,11.999999999,15.0711288,3.2592467440000004
Isle of Wight 004,E02003584,0.0,0.2,5038.716399999999,424.702,437.67,267.7892,315.1224,9.0,12.991083040000001,2.9888407952000002
Isle of Wight 005,E02003585,0.6,0.8,4322.9682999999995,576.8928999999999,678.5779,540.9642,659.5966999999999,16.999999999,15.125372589999998,3.2662984366999996
Isle of Wight 006,E02003586,0.2,0.4,5792.6771,536.2865,537.0694,439.20689999999996,523.7601,10.0,16.01304515,3.3816958694999997
Isle of Wight 007,E02003587,0.2,0.4,6975.4403,472.0288,490.2505,335.7999,403.4805,13.0,14.05717385,3.1274326005
Isle of Wight 008,E02003588,0.0,0.2,6612.618,469.4454,493.0018,348.2982,489.6366,14.333333332,17.093533400000002,3.522159342
Isle of Wight 009,E02003589,0.2,0.4,6804.950400000001,375.06960000000004,327.0672,283.1328,345.78,8.333333333,11.9672424,2.855741512
Isle of Wight 010,E02003590,0.6,0.8,4419.0244,668.0884,881.9972,600.3004,961.8364,19.333333333,19.77157532,3.8703047915999997
Isle of Wight 011,E02003591,0.4,0.6,7427.1186,532.1763,653.7887999999999,475.74809999999997,642.114,13.333333334,16.46749998,3.4407749974
Isle of Wight 012,E02003592,0.4,0.6,5567.947,975.4624,1072.6276,812.5678,1098.3478000000002,26.666666666,25.967399700000005,4.675761961000001
Isle of Wight 013,E02003593,0.4,0.6,3424.4460000000004,506.447,511.19,350.982,476.935,10.666666667,11.914099800000002,2.8488329740000005
Isle of Wight 014,E02003594,0.2,0.4,6713.5833999999995,722.0516,689.3161,491.9678,736.0810999999999,17.333333333,20.5569587,3.972404631
Isle of Wight 015,E02003595,0.4,0.6,5062.316400000001,718.2324,797.8608,582.6275999999999,723.7512,18.666666667,18.327382919999998,3.6825597796
Isle of Wight 016,E02003596,0.2,0.4,6147.0852,775.9331999999999,759.7116,566.8548,762.4152,20.0,21.557154600000004,4.102430098000001
Isle of Wight 017,E02003597,0.2,0.4,3853.92,505.2535,560.883,352.129,461.6675,15.000000001,13.6911655,3.079851515
Isle of Wight 018,E02003598,0.2,0.4,4971.6225,639.86,787.865,504.56250000000006,572.585,18.666666667,17.95980875,3.6347751375
Islington 001,E02000554,0.0,0.2,9068.9078,309.6798,270.594,166.36520000000002,208.45759999999999,15.000000001,12.008761280000002,2.8611389664000004
Islington 002,E02000555,0.2,0.4,8867.781400000002,308.4187,269.7424,208.257,260.8171,10.666666667,11.025720600000001,2.733343678
Islington 003,E02000556,0.2,0.4,10466.368499999999,281.7035,268.0175,184.761,205.29000000000002,11.666666667,10.90717175,2.7179323275
Islington 004,E02000557,0.0,0.2,7781.5892,323.0864,234.3264,221.01239999999999,316.87319999999994,11.666666666,12.80558272,2.9647257536000002
Islington 005,E02000558,0.0,0.2,9259.2102,271.1604,251.7918,156.98760000000001,255.86939999999998,13.0,12.339633120000002,2.9041523056000003
Islington 006,E02000559,0.4,0.6,9676.818,294.672,227.31840000000003,144.1788,182.06520000000003,7.0,7.451518200000001,2.268697366
Islington 007,E02000560,0.2,0.4,8320.7574,196.4398,168.50570000000002,152.2859,173.9123,6.333333334,8.5766698,2.4149670739999998
Islington 008,E02000561,0.4,0.6,7620.0777,296.9973,287.5824,174.6036,179.73899999999998,9.0,7.234837110000001,2.2405288243
Islington 009,E02000562,0.2,0.4,7895.8787,281.0802,261.6344,137.8884,260.7505,7.0,9.93194235,2.5911525055
Islington 010,E02000563,0.0,0.2,7814.7573,246.4462,197.3293,145.6273,213.70159999999998,9.666666666,10.49154218,2.6639004834
Islington 011,E02000564,0.2,0.4,13046.5956,233.27069999999998,204.2844,142.1709,176.67839999999998,11.333333333,11.155584600000001,2.7502259980000003
Islington 012,E02000565,0.2,0.4,8361.369,199.188,195.56640000000002,95.97240000000001,201.9042,11.666666667,8.655171300000001,2.425172269
Islington 013,E02000566,0.4,0.6,8425.934,301.19429999999994,271.1687,189.5366,196.1047,6.666666666,7.7053196,2.301691548
Islington 014,E02000567,0.2,0.4,10488.1744,320.47839999999997,273.2136,185.6008,258.2272,14.333333335,11.6963088,2.8205201440000005
Islington 015,E02000568,0.0,0.2,11908.5525,308.5251,263.34360000000004,145.8717,282.70709999999997,10.333333334,14.4180621,3.174348073
Islington 016,E02000569,0.2,0.4,9879.4486,339.25149999999996,302.5456,233.58300000000003,365.94669999999996,15.333333334,13.194102599999999,3.015233338
Islington 017,E02000570,0.4,0.6,8968.2699,310.6584,301.6971,146.3679,231.0024,6.333333333,8.16882237,2.3619469081
Islington 018,E02000571,0.0,0.2,8257.1944,280.3255,269.2963,148.89419999999998,235.2896,10.333333333,11.568160240000001,2.8038608312
Islington 019,E02000572,0.0,0.2,8344.9335,290.0571,220.55460000000002,159.3924,252.06240000000003,5.999999999,11.7005142,2.821066846
Islington 020,E02000573,0.4,0.6,9427.733400000001,252.6957,290.13210000000004,196.5411,233.9775,6.0,8.48121642,2.4025581346000005
Islington 021,E02000574,0.2,0.4,8844.93,220.524,191.76,154.36679999999998,175.4604,10.666666666,9.0371694,2.474832022
Islington 022,E02000575,0.2,0.4,14332.6584,246.74939999999998,217.9872,136.242,208.9044,7.999999999,12.239073000000001,2.89107949
Islington 023,E02000576,0.2,0.4,10957.2528,259.2522,208.3488,152.7102,259.2522,7.333333333,11.269776,2.76507088
Kensington and Chelsea 001,E02000577,0.0,0.2,5765.0361,244.45860000000002,245.13389999999998,199.8888,299.1579,9.666666666,10.89610056,2.7164930728
Kensington and Chelsea 002,E02000578,0.0,0.2,4866.3679999999995,246.2429,219.3375,182.4888,333.9779,6.333333333,10.5328792,2.669274296
Kensington and Chelsea 003,E02000579,0.2,0.4,6933.8385,390.14549999999997,342.9045,220.7295,257.382,14.0,10.64266425,2.6835463525
Kensington and Chelsea 004,E02000580,0.0,0.2,6774.4932,377.6944,328.082,250.4626,272.06800000000004,6.333333334,12.61163212,2.9395121756
Kensington and Chelsea 005,E02000581,0.0,0.2,5315.4794,321.16700000000003,353.6148,272.1642,358.9124,8.0,12.77529484,2.9607883292
Kensington and Chelsea 006,E02000582,0.4,0.6,6044.6906,296.4936,313.93440000000004,235.4508,376.43059999999997,5.0,9.59200398,2.5469605174
Kensington and Chelsea 007,E02000583,0.4,0.6,5774.8712,329.0188,324.1496,255.28520000000003,272.6752,2.999999999,8.49091096,2.4038184248
Kensington and Chelsea 008,E02000584,0.6,0.8,6690.1674,355.5006,354.6963,275.87489999999997,366.7608,5.666666666,9.55057992,2.5415753896
Kensington and Chelsea 009,E02000585,0.4,0.6,6630.2312,345.8344,345.032,294.48080000000004,407.6192,3.333333333,10.71918136,2.6934935768
Kensington and Chelsea 010,E02000586,0.8,1.0,6672.9404,319.5471,287.3625,166.2871,216.0966,6.666666666,6.424199420000001,2.1351459246
Kensington and Chelsea 011,E02000587,0.6,0.8,6184.344599999999,329.3262,347.9112,228.2238,344.19419999999997,6.333333334,8.83285578,2.4482712514
Kensington and Chelsea 012,E02000588,0.6,0.8,6455.2752,372.3744,373.16,296.1712,359.0192,3.333333333,9.60403856,2.5485250128
Kensington and Chelsea 013,E02000589,0.4,0.6,7720.9444,254.4412,287.44039999999995,177.1536,244.0204,4.0,7.96609372,2.3355921836
Kensington and Chelsea 014,E02000590,0.4,0.6,5481.2528999999995,382.84380000000004,347.1666,213.37709999999998,436.35959999999994,7.666666667,10.31530767,2.6409899971
Kensington and Chelsea 015,E02000591,0.2,0.4,5920.9994,264.7324,305.6704,157.6113,173.30419999999998,10.000000001,8.160307999999999,2.3608400400000003
Kensington and Chelsea 016,E02000592,0.6,0.8,5932.422299999999,250.7241,295.6196,187.8704,241.0543,0.999999999,7.05460259,2.2170983367000003
Kensington and Chelsea 017,E02000593,0.4,0.6,7003.3992,324.3288,310.57919999999996,243.44879999999998,207.0528,4.0,7.93732056,2.3318516728
Kensington and Chelsea 018,E02000594,0.6,0.8,5901.907999999999,464.466,445.794,396.002,572.608,15.0,12.7613784,2.958979192
Kensington and Chelsea 019,E02000595,0.6,0.8,6092.681200000001,379.1035,399.37239999999997,271.7534,362.5881,8.666666667,9.53073706,2.5389958178
Kensington and Chelsea 020,E02000596,0.6,0.8,6585.8099999999995,337.26,294.91,192.5,289.52000000000004,7.0,7.977123000000001,2.33702599
Kensington and Chelsea 021,E02000597,0.0,0.2,5924.5503,366.7131,373.9461,222.7764,344.29080000000005,10.333333333,12.948950580000002,2.9833635754000003
Kettering 001,E02005639,0.6,0.8,3656.5515,397.70849999999996,459.4485,285.5475,346.773,9.333333333,8.97241695,2.4664142035000003
Kettering 002,E02005640,0.6,0.8,9193.576,657.5065,725.445,434.1155,504.35699999999997,19.333333334,14.6933703,3.210138139
Kettering 003,E02005641,0.4,0.6,6449.9848,540.6436,537.362,351.1312,325.6988,15.333333333,11.18090344,2.7535174472
Kettering 004,E02005642,0.6,0.8,6606.5514,448.05620000000005,477.0432,327.96720000000005,421.5538,9.999999999,11.063178420000002,2.7382131946
Kettering 005,E02005643,0.0,0.2,7391.9682,333.1854,311.1426,208.5588,233.145,15.666666667,11.91447252,2.8488814276000003
Kettering 006,E02005644,0.2,0.4,8276.175,312.015,236.98499999999999,161.955,161.04000000000002,9.333333333,9.0882375,2.4814708750000003
Kettering 007,E02005645,0.4,0.6,9803.0348,497.49980000000005,517.978,415.58700000000005,810.6958,21.333333334,18.22969364,3.6698601732
Kettering 008,E02005646,0.8,1.0,4750.424999999999,414.09,517.29,361.84499999999997,406.35,9.666666666,9.566962499999999,2.543705125
Kettering 009,E02005647,0.2,0.4,6238.7798,371.6687,408.7583,268.12690000000003,440.439,19.0,13.031585500000002,2.994106115
Kettering 010,E02005648,0.8,1.0,6488.7255000000005,398.452,476.0195,378.856,420.49750000000006,13.333333333,10.21531315,2.6279907095
Kettering 011,E02005649,0.6,0.8,13379.2032,756.888,792.3168000000001,515.328,660.2639999999999,26.0,18.536348159999996,3.7097252608
King's Lynn and West Norfolk 001,E02005551,0.2,0.4,2815.1035,543.3670000000001,676.8439999999999,449.3025,769.3319999999999,15.333333333,18.122130249999998,3.6558769325
King's Lynn and West Norfolk 002,E02005552,0.2,0.4,4338.6864,642.7176,713.2932,504.99240000000003,653.6808,22.0,18.3297852,3.6828720759999998
King's Lynn and West Norfolk 003,E02005553,0.4,0.6,5017.619599999999,818.3353999999999,1076.9398,791.4336000000001,977.1428000000001,28.000000001,23.92403108,4.4101240404
King's Lynn and West Norfolk 004,E02005554,0.4,0.6,4261.11,578.4905,740.523,570.906,743.9705,17.0,17.750488,3.60756344
King's Lynn and West Norfolk 005,E02005555,0.8,1.0,4812.888599999999,526.908,569.8926,418.7532,605.2508999999999,11.666666666,12.388993679999999,2.9105691784
King's Lynn and West Norfolk 006,E02005556,0.4,0.6,5727.2080000000005,409.5064,476.40959999999995,297.0208,441.12,17.333333334,11.518378400000001,2.7973891920000002
King's Lynn and West Norfolk 007,E02005557,0.0,0.2,5846.481,247.789,219.66160000000002,176.8008,206.2676,10.000000001,9.5579584,2.542534592
King's Lynn and West Norfolk 008,E02005558,0.2,0.4,5121.6249,491.85150000000004,565.4523,384.2811,514.4979,12.0,15.16211865,3.2710754245
King's Lynn and West Norfolk 009,E02005559,0.2,0.4,5937.222900000001,367.1829,348.8604,244.7886,430.2123,11.333333333,12.341669550000002,2.9044170415000004
King's Lynn and West Norfolk 010,E02005560,0.2,0.4,8067.6804999999995,366.24559999999997,327.00500000000005,257.8668,325.1364,10.333333333,12.14730145,2.8791491885000005
King's Lynn and West Norfolk 011,E02005561,0.0,0.2,9330.202,466.51009999999997,443.24,355.70009999999996,483.1316,19.333333332,18.4343516,3.696465708
King's Lynn and West Norfolk 012,E02005562,0.2,0.4,5080.0914,527.3748,629.5626,417.3264,491.6448,12.333333334,15.4614429,3.3099875770000002
King's Lynn and West Norfolk 013,E02005563,0.2,0.4,5649.5016,519.2334,557.0784,375.4224,467.0073,13.000000001,14.842808999999999,3.22956517
King's Lynn and West Norfolk 014,E02005564,0.4,0.6,7856.6328,621.9322,639.3503999999999,515.3738,611.6862,15.000000001,16.59073304,3.4567952952
King's Lynn and West Norfolk 015,E02005565,0.2,0.4,5342.379999999999,466.3084,469.1388,374.3204,423.1448,12.0,13.6446508,3.073804604
King's Lynn and West Norfolk 016,E02005566,0.2,0.4,7238.6766,662.2287,671.9817,503.2548,675.8829,17.0,19.9273296,3.8905528480000005
King's Lynn and West Norfolk 017,E02005567,0.4,0.6,7638.6720000000005,642.5663999999999,807.5791999999999,692.8352,1148.5328,30.666666663,24.746456,4.51703928
King's Lynn and West Norfolk 018,E02005568,0.4,0.6,5261.130899999999,559.3795,601.6107999999999,429.72200000000004,557.8977000000001,16.333333333,14.37664587,3.1689639631000004
King's Lynn and West Norfolk 019,E02005569,0.4,0.6,6391.3984,519.3728,534.9376,340.7872,406.32320000000004,13.333333334,12.01651712,2.8621472256000002
Kingston upon Hull 001,E02002652,0.0,0.2,13551.1536,428.2992,308.8416,122.37119999999999,158.7912,8.666666667,14.57848896,3.1952035648
Kingston upon Hull 002,E02002653,0.0,0.2,6964.776000000001,353.808,330.876,235.053,306.30600000000004,13.333333334,12.9233286,2.9800327180000004
Kingston upon Hull 003,E02002654,0.0,0.2,7164.9279,258.1956,220.7413,113.9567,210.3816,9.666666666,10.01591734,2.6020692542
Kingston upon Hull 004,E02002655,0.0,0.2,7627.928000000001,328.1495,401.56300000000005,246.77550000000002,243.23750000000004,13.999999999,12.871597800000002,2.9733077140000006
Kingston upon Hull 005,E02002656,0.4,0.6,3440.954,351.6524,425.2072,319.913,500.2734,11.333333334,11.3591786,2.776693218
Kingston upon Hull 006,E02002657,0.2,0.4,5572.9193,516.3221,528.7372,321.332,362.22880000000004,14.333333333,13.04644435,2.9960377655
Kingston upon Hull 007,E02002658,0.4,0.6,4913.5752,495.3776,433.7796,240.5564,400.06280000000004,12.666666666,10.444038160000002,2.6577249608000004
Kingston upon Hull 008,E02002659,0.0,0.2,9472.845,460.995,353.685,231.04500000000002,430.33500000000004,15.999999999,16.538442000000003,3.4499974600000005
Kingston upon Hull 009,E02002660,0.0,0.2,5496.9915,424.25759999999997,380.744,229.8062,269.9203,15.666666666,12.1708899,2.8822156870000004
Kingston upon Hull 010,E02002661,0.0,0.2,6609.3688,448.9165,387.96270000000004,249.5811,539.5235,24.333333334,16.37136698,3.4282777074000004
Kingston upon Hull 011,E02002662,0.0,0.2,5245.6474,374.3494,419.8692,268.363,486.4504,16.666666667,14.83442724,3.2284755412
Kingston upon Hull 012,E02002663,0.4,0.6,6253.2405,226.73299999999998,216.99599999999998,127.2765,131.4495,5.666666667,5.53847515,2.0200017695000003
Kingston upon Hull 013,E02002664,0.6,0.8,5647.092,427.452,486.164,261.34,337.952,9.000000001,9.517859600000001,2.537321748
Kingston upon Hull 014,E02002665,0.4,0.6,6515.634300000001,393.3027,456.84240000000005,291.9609,385.2597,8.0,10.94354709,2.7226611217
Kingston upon Hull 015,E02002666,0.0,0.2,8412.5583,236.6634,179.7908,133.0085,210.97899999999998,8.666666667,10.59261348,2.6770397524000002
Kingston upon Hull 016,E02002667,0.2,0.4,6006.746399999999,378.55240000000003,336.332,179.6156,253.32240000000002,12.666666667,9.7815364,2.571599732
Kingston upon Hull 017,E02002668,0.0,0.2,7058.9379,384.40180000000004,386.9419,273.4841,363.2343,16.333333334,14.365281540000002,3.1674866002
Kingston upon Hull 018,E02002669,0.2,0.4,7459.886699999999,281.4273,208.80089999999998,138.6504,163.40939999999998,6.0,8.340894449999999,2.3843162785
Kingston upon Hull 019,E02002670,0.2,0.4,6301.0821,361.55670000000003,427.9332,249.888,470.10179999999997,14.666666667,13.33738155,3.0338596015
Kingston upon Hull 020,E02002671,0.0,0.2,7508.214399999999,340.0208,309.6618,226.3914,288.84419999999994,10.666666667,12.804211839999999,2.9645475392
Kingston upon Hull 021,E02002672,0.0,0.2,6559.334199999999,301.4317,255.57800000000003,147.3332,254.07459999999998,15.333333333,10.80087662,2.7041139606
Kingston upon Hull 022,E02002673,0.0,0.2,6296.250000000001,348.0,336.75,228.0,292.49999999999994,13.666666667,12.307500000000001,2.8999750000000004
Kingston upon Hull 023,E02002674,0.2,0.4,5339.6711000000005,340.5253,328.8055,213.56080000000003,288.4373,9.666666667,9.962806650000001,2.5951648645
Kingston upon Hull 024,E02002675,0.0,0.2,8140.412499999999,344.925,262.8,172.4625,201.66250000000002,11.666666666,11.55006,2.8015078000000004
Kingston upon Hull 025,E02002676,0.0,0.2,6368.1624,285.1416,282.19440000000003,185.6736,246.0912,9.0,10.91038704,2.7183503152000004
Kingston upon Hull 026,E02002677,0.0,0.2,7197.8368,392.7924,332.36280000000005,198.07479999999998,272.77250000000004,14.0,12.60427168,2.9385553184
Kingston upon Hull 027,E02002678,0.0,0.2,7070.4513,291.8883,269.37350000000004,168.86100000000002,240.4259,8.666666667,11.11571758,2.7450432854000004
Kingston upon Hull 028,E02002679,0.2,0.4,5894.5137,455.6255,406.674,319.3144,456.3786,10.666666667,13.65257335,3.0748345355
Kingston upon Hull 029,E02002680,0.0,0.2,8458.4808,319.8384,313.1352,178.1136,303.5592,13.666666667,13.12946208,3.0068300704000004
Kingston upon Hull 030,E02002681,0.0,0.2,7968.9393,286.0326,266.49,151.01100000000002,212.30370000000002,15.0,11.148697980000001,2.7493307374000002
Kingston upon Hull 031,E02002682,0.0,0.2,8097.803999999999,453.024,363.363,245.38799999999998,278.421,13.333333334,13.9993854,3.119920102
Kingston upon Hull 033,E02006813,0.0,0.2,6171.5215,431.067,431.067,296.85200000000003,566.0715,17.0,16.8844049,3.494972637
Kingston upon Thames 001,E02000598,0.8,1.0,6934.6356,358.1652,337.6752,226.2096,339.3144,9.000000001,8.335577879999999,2.3836251244
Kingston upon Thames 002,E02000599,0.8,1.0,6972.0548,360.0552,362.5908,257.786,500.3584,11.666666666,10.32978084,2.6428715092
Kingston upon Thames 003,E02000600,0.8,1.0,8407.595299999999,303.78540000000004,313.33840000000004,226.40609999999998,300.9195,5.0,8.198671189999999,2.3658272547
Kingston upon Thames 004,E02000601,0.8,1.0,11835.3717,400.91130000000004,318.63960000000003,227.2266,276.8508,6.000000001,9.17120511,2.4922566643
Kingston upon Thames 005,E02000602,0.4,0.6,10534.8096,358.1928,246.90959999999998,165.7656,286.3224,11.333333333,9.29492928,2.5083408064
Kingston upon Thames 006,E02000603,0.4,0.6,7766.0136,306.8316,304.1865,173.6949,265.39169999999996,6.666666667,8.38708308,2.3903208004
Kingston upon Thames 007,E02000604,0.6,0.8,8060.256,382.48900000000003,330.2466,201.5064,353.56910000000005,9.666666667,9.400833300000002,2.5221083290000004
Kingston upon Thames 008,E02000605,0.6,0.8,6885.520399999999,421.069,357.7002,248.4724,425.23800000000006,12.0,10.258574920000001,2.6336147396000005
Kingston upon Thames 009,E02000606,0.8,1.0,9939.2489,342.0774,339.84159999999997,229.1695,325.3089,11.0,9.06985807,2.4790815491
Kingston upon Thames 010,E02000607,0.8,1.0,7145.170799999999,244.12199999999999,232.9164,145.6728,237.71880000000002,5.333333334,6.44089884,2.1373168492000003
Kingston upon Thames 011,E02000608,0.6,0.8,6869.3184,178.6992,182.4852,133.2672,207.4728,6.666666667,6.09667152,2.0925672976
Kingston upon Thames 012,E02000609,0.6,0.8,6236.6736,382.2924,393.8304,263.0664,417.67560000000003,12.666666666,10.12067208,2.6156873704
Kingston upon Thames 013,E02000610,0.6,0.8,6984.9603,274.2849,305.8398,181.23839999999998,343.8675,11.333333333,8.556151589999999,2.4122997067
Kingston upon Thames 014,E02000611,0.8,1.0,5804.096,412.16,432.03200000000004,285.568,426.144,10.333333334,9.5450368,2.5408547840000004
Kingston upon Thames 015,E02000612,0.8,1.0,6390.141999999999,439.3734,502.37480000000005,340.3712,508.92040000000003,11.333333333,11.1005194,2.743067522
Kingston upon Thames 016,E02000613,0.6,0.8,7108.7807999999995,301.47360000000003,300.6408,209.8656,406.40639999999996,10.333333333,9.45794304,2.5295325952
Kingston upon Thames 017,E02000614,0.6,0.8,7936.995000000001,362.0925,274.065,212.35500000000002,290.40000000000003,8.666666667,8.4577185,2.399503405
Kingston upon Thames 018,E02000615,0.8,1.0,6412.886200000001,307.9482,344.2228,269.3582,383.5846,10.333333333,8.79442946,2.4432758298
Kingston upon Thames 019,E02000616,0.8,1.0,5016.1068,281.54069999999996,296.5482,163.8819,245.52270000000004,7.0,6.18116904,2.1035519752000003
Kingston upon Thames 020,E02000617,0.4,0.6,7596.751,371.488,350.056,255.398,356.30699999999996,6.333333333,10.2302973,2.629938649
Kirklees 001,E02002271,0.6,0.8,5682.918,334.6728,422.3252,312.2164,492.59200000000004,17.0,11.043115799999999,2.7356050539999996
Kirklees 002,E02002272,0.2,0.4,7817.587399999999,452.67810000000003,526.6828,381.5567,431.53389999999996,14.999999999,15.2228629,3.278972177
Kirklees 003,E02002273,0.4,0.6,5405.094999999999,367.8825,384.1425,274.3875,343.49249999999995,10.333333333,9.662098499999999,2.556072805
Kirklees 004,E02002274,0.6,0.8,5757.4313999999995,389.48609999999996,403.2668,303.17539999999997,398.9150000000001,9.999999999,10.02321082,2.6030174066000002
Kirklees 005,E02002275,0.2,0.4,6767.7029999999995,442.6425,492.4935,347.238,545.7825,14.666666667,15.661809,3.3360351699999997
Kirklees 006,E02002276,0.2,0.4,6110.3016,377.5434,407.0508,301.1268,369.9774,12.666666666,12.363600600000002,2.9072680780000004
Kirklees 007,E02002277,0.2,0.4,5856.6256,254.18420000000003,306.1292,214.706,294.35499999999996,8.999999999,9.9505842,2.593575946
Kirklees 008,E02002278,0.2,0.4,5439.4809000000005,358.43899999999996,411.86670000000004,269.8437,282.0171,7.333333334,10.71563535,2.6930325955
Kirklees 009,E02002279,0.0,0.2,5025.152999999999,327.593,315.231,228.0789,284.9441,10.0,11.2450933,2.7618621290000003
Kirklees 010,E02002280,0.0,0.2,6051.696,309.008,220.81920000000002,160.4064,202.0704,13.333333333,9.8278432,2.5776196160000002
Kirklees 011,E02002281,0.2,0.4,9865.487599999999,506.1342,510.85339999999997,349.2208,568.6636,13.333333334,17.7630688,3.609198944
Kirklees 012,E02002282,0.0,0.2,6782.1810000000005,276.1698,225.0555,148.0026,197.59109999999998,6.666666667,9.982546500000002,2.597731045
Kirklees 013,E02002283,0.0,0.2,6744.055,322.27549999999997,237.305,151.56900000000002,199.7955,7.333333334,10.3028645,2.639372385
Kirklees 014,E02002284,0.2,0.4,4864.4195,359.60499999999996,305.35949999999997,214.544,351.6815,6.333333333,10.454448750000001,2.6590783375000004
Kirklees 015,E02002285,0.6,0.8,6324.853600000001,481.7696,530.5975999999999,332.03040000000004,469.56260000000003,14.333333333,11.808726280000002,2.8351344164000003
Kirklees 016,E02002286,0.0,0.2,5733.1272,259.0582,238.2294,111.9548,165.9795,11.333333333,8.70175192,2.4312277496
Kirklees 017,E02002287,0.0,0.2,6598.140899999999,275.01570000000004,206.44809999999998,131.9181,242.2225,9.0,10.196300240000001,2.6255190312000005
Kirklees 018,E02002288,0.0,0.2,8158.084199999999,405.3406,437.2648,268.93719999999996,406.30799999999994,12.666666666,15.866133919999998,3.3625974096
Kirklees 019,E02002289,0.0,0.2,6481.3060000000005,181.1676,128.5026,94.0948,138.33339999999998,4.666666667,7.755799,2.3082538699999997
Kirklees 020,E02002290,0.6,0.8,4740.021000000001,398.32649999999995,477.47700000000003,361.0035,458.81550000000004,7.333333333,10.9805553,2.727472189
Kirklees 021,E02002291,0.4,0.6,5105.3330000000005,379.66979999999995,465.1452,331.9626,343.8894,9.333333334,10.269968700000002,2.6350959310000004
Kirklees 022,E02002292,0.4,0.6,4460.0325,411.7575,308.385,241.9725,352.8525,6.333333333,9.08112975,2.4805468675
Kirklees 023,E02002293,0.0,0.2,8475.877199999999,253.2852,166.1037,106.4532,175.2807,7.999999999,10.031011620000001,2.6040315106000005
Kirklees 024,E02002294,0.0,0.2,9855.305,431.273,297.81,177.583,268.029,8.999999999,14.018027000000002,3.1223435100000003
Kirklees 025,E02002295,0.0,0.2,6428.863,279.5476,222.4672,174.16840000000002,214.4174,7.999999999,10.1595794,2.6207453220000003
Kirklees 026,E02002296,0.4,0.6,5169.2564,341.946,459.382,344.0184,595.4696,12.666666667,13.281942520000001,3.0266525276000005
Kirklees 027,E02002297,0.4,0.6,5352.8117999999995,385.217,435.67019999999997,252.266,391.3532,9.666666666,10.32879274,2.6427430562000005
Kirklees 028,E02002298,0.2,0.4,5290.5578,392.4426,421.4375,286.57750000000004,351.9846,13.666666667,11.7382144,2.825967872
Kirklees 029,E02002299,0.0,0.2,6750.8955000000005,182.6565,141.98399999999998,117.5805,203.3625,8.333333333,8.937153300000002,2.4618299290000003
Kirklees 030,E02002300,0.6,0.8,6209.4144,431.9112,390.85200000000003,337.1592,526.6632000000001,11.333333333,11.76914592,2.8299889696
Kirklees 031,E02002301,0.0,0.2,7675.582399999999,253.7731,150.0718,118.034,234.3818,7.333333334,10.26339354,2.6342411602
Kirklees 032,E02002302,0.6,0.8,4975.736000000001,341.28,434.816,286.296,281.24,4.666666667,8.4396648,2.3971564240000003
Kirklees 033,E02002303,0.4,0.6,5276.124,307.5975,328.76550000000003,250.70850000000002,452.466,10.333333333,10.4469372,2.658101836
Kirklees 034,E02002304,0.2,0.4,5916.6268,272.5668,223.69750000000002,184.4644,284.95619999999997,12.666666666,9.381529,2.51959877
Kirklees 035,E02002305,0.0,0.2,5427.8016,271.64160000000004,198.70080000000002,145.2528,244.60320000000002,7.333333333,9.560400959999999,2.5428521248
Kirklees 036,E02002306,0.6,0.8,4791.5398000000005,411.97020000000003,372.55899999999997,231.54080000000002,349.7744,6.333333333,8.75686074,2.4383918962
Kirklees 037,E02002307,0.2,0.4,4674.165,322.62059999999997,335.00640000000004,245.94660000000002,321.441,6.000000001,10.2238881,2.629105453
Kirklees 038,E02002308,0.4,0.6,5261.367399999999,347.3761,318.4816,218.31400000000002,275.4609,9.0,8.162503619999999,2.3611254706
Kirklees 039,E02002309,0.0,0.2,6174.0689999999995,244.068,252.582,144.738,279.543,8.666666666,10.5553734,2.6721985420000003
Kirklees 040,E02002310,0.2,0.4,4952.7435,292.8684,298.3143,196.6575,310.4163,6.666666666,9.64983225,2.5544781925
Kirklees 041,E02002311,0.2,0.4,5415.228,356.38680000000005,381.5124,185.7972,273.7368,8.0,9.888246,2.5854719800000003
Kirklees 042,E02002312,0.2,0.4,10077.782,268.1185,178.02200000000002,135.6875,196.47549999999998,9.333333332,9.862853,2.58217089
Kirklees 043,E02002313,0.0,0.2,7601.3568,203.7256,140.216,132.7928,169.9088,5.666666667,9.24897728,2.5023670464
Kirklees 044,E02002314,0.4,0.6,4529.4464,351.3344,380.8128,308.0192,446.9888,11.333333333,10.79673472,2.7035755136
Kirklees 045,E02002315,0.2,0.4,5920.7274,287.7273,255.45239999999998,158.6277,243.77850000000004,5.999999999,8.8810911,2.4545418430000003
Kirklees 046,E02002316,0.6,0.8,4848.2512,379.1424,488.1136,293.384,439.1088,6.666666667,10.46233136,2.6601030768
Kirklees 047,E02002317,0.0,0.2,6360.448200000001,291.0498,255.8844,226.7046,347.16479999999996,9.666666666,12.30384972,2.8995004636
Kirklees 048,E02002318,0.0,0.2,5049.7626,333.996,400.79519999999997,287.1081,350.69579999999996,12.666666666,12.921919860000001,2.9798495818
Kirklees 049,E02002319,0.4,0.6,5440.402999999999,323.62739999999997,352.2611,220.41289999999998,322.9615,10.333333333,8.8864355,2.455236615
Kirklees 050,E02002320,0.4,0.6,4555.9187999999995,445.49240000000003,444.2532,323.43120000000005,426.90439999999995,26.666666663,11.09821324,2.7427677212
Kirklees 051,E02002321,0.8,1.0,5440.5075,436.90500000000003,440.3725,284.33500000000004,332.88,6.333333333,8.47006225,2.4011080925000003
Kirklees 052,E02002322,0.4,0.6,4991.277599999999,435.47200000000004,441.23560000000003,258.72159999999997,276.6528,7.333333333,9.00543288,2.4707062744000003
Kirklees 053,E02002323,0.6,0.8,6416.602900000001,512.6165,618.529,405.8567,520.2421999999999,11.999999999,13.17627757,3.0129160841
Kirklees 054,E02002324,0.6,0.8,4997.236500000001,415.0395,533.7180000000001,370.116,387.54900000000004,6.0,10.57774095,2.6751063235
Kirklees 055,E02002325,0.6,0.8,6745.1230000000005,518.3149999999999,607.0435,382.1475,533.2495,10.666666667,13.2648229,3.024426977
Kirklees 056,E02002326,0.8,1.0,4877.0235,345.276,431.595,293.35949999999997,306.495,6.333333333,7.855091550000001,2.3211619015
Kirklees 057,E02002327,0.6,0.8,7630.3708,604.1672,713.5595999999999,464.6668,623.2356,22.666666667,15.530609640000002,3.3189792532
Kirklees 058,E02002328,0.6,0.8,5307.8895999999995,503.6632,450.68319999999994,344.0168,457.04080000000005,9.666666666,11.14995888,2.7494946544000003
Kirklees 059,E02002329,0.6,0.8,9484.636,838.488,825.1208,495.8016,509.1688,10.666666667,15.9027148,3.3673529240000004
Knowsley 001,E02001327,0.0,0.2,6989.323500000001,475.24499999999995,321.3945,153.85049999999998,115.99199999999999,12.333333333,10.645649100000002,2.6839343830000004
Knowsley 002,E02001328,0.2,0.4,8362.2448,555.7188,525.1848,331.8028,403.04879999999997,14.000000001,15.1082232,3.264069016
Knowsley 003,E02001329,0.0,0.2,6305.639999999999,490.68800000000005,276.012,152.592,255.06799999999998,14.666666667,11.745844000000002,2.8269597200000005
Knowsley 004,E02001330,0.0,0.2,7581.3226,582.4871999999999,362.2567,168.9932,293.0414,16.666666666,13.971962260000002,3.1163550938
Knowsley 005,E02001331,0.0,0.2,8238.7228,623.8092,518.8316,268.5004,443.1266,15.333333333,17.85345968,3.6209497584
Knowsley 006,E02001332,0.0,0.2,6229.6965,260.5743,272.98260000000005,240.1371,295.6095,12.000000001,11.633876100000002,2.8124038930000004
Knowsley 007,E02001333,0.0,0.2,7289.9498,385.9692,353.8051,257.31280000000004,406.83239999999995,16.999999999,14.756019779999999,3.2182825714
Knowsley 008,E02001334,0.0,0.2,5039.911800000001,227.32920000000001,213.8535,158.7789,217.95479999999998,9.333333333,8.95677048,2.4643801624
Knowsley 009,E02001335,0.2,0.4,6507.8541000000005,351.945,383.22900000000004,204.12810000000002,373.84380000000004,8.666666667,11.75770035,2.8285010455000004
Knowsley 010,E02001336,0.0,0.2,6090.790400000001,332.67199999999997,258.9056,168.50560000000002,381.1264,12.000000001,12.36541824,2.9075043712
Knowsley 011,E02001337,0.0,0.2,5048.1609,268.60229999999996,248.17170000000002,137.6061,306.459,11.0,10.25351724,2.6329572412
Knowsley 012,E02001338,0.0,0.2,4864.8141,240.0421,237.1076,231.8255,294.6238,10.0,10.46290106,2.6601771378
Knowsley 013,E02001339,0.0,0.2,5363.6437,295.3591,267.5682,233.3143,304.4073,7.999999999,11.31891042,2.7714583546
Knowsley 014,E02001340,0.4,0.6,7550.575200000001,487.6452,423.30960000000005,327.2724,534.2652,13.666666666,13.308518160000002,3.0301073608000006
Knowsley 015,E02001341,0.0,0.2,6110.004,362.358,289.4445,233.4705,369.72299999999996,11.0,12.995984400000001,2.9894779720000004
Knowsley 016,E02001342,0.4,0.6,5511.148999999999,460.10510000000005,413.87789999999995,304.0883,534.5020000000001,17.000000001,12.467620300000002,2.9207906390000002
Knowsley 017,E02001343,0.4,0.6,5607.609,518.1806,417.14259999999996,287.2366,388.2746,11.333333334,10.7699291,2.7000907830000003
Knowsley 018,E02001344,0.0,0.2,4315.5732,283.497,286.1715,134.7948,328.9635,8.333333333,10.32881202,2.6427455626
Knowsley 019,E02001345,0.4,0.6,4296.0539,383.5663,334.5767,221.0099,331.7932,9.666666666,8.701833370000001,2.4312383381
Knowsley 020,E02001346,0.0,0.2,6322.5795,384.729,278.44199999999995,176.646,323.35200000000003,13.333333333,12.2261487,2.889399331
Lambeth 002,E02000619,0.2,0.4,8037.2771999999995,346.4814,307.37719999999996,159.145,244.6286,14.0,10.3371498,2.6438294740000003
Lambeth 003,E02000620,0.2,0.4,9628.449600000002,263.9516,171.4108,199.804,252.38400000000001,13.0,10.718958800000001,2.6934646440000005
Lambeth 004,E02000621,0.2,0.4,10831.8036,303.6516,208.6872,179.3772,199.30800000000002,12.666666667,10.8089418,2.705162434
Lambeth 005,E02000622,0.2,0.4,8246.995499999999,236.7816,191.9366,102.2466,191.03969999999998,11.666666667,8.609791549999999,2.4192729015
Lambeth 006,E02000623,0.2,0.4,7182.5865,316.485,218.2935,159.054,237.7695,6.666666668,9.38053425,2.5194694525
Lambeth 007,E02000624,0.2,0.4,8243.6337,213.912,140.8254,100.7169,213.912,12.666666667,8.598816750000001,2.4178461775000004
Lambeth 008,E02000625,0.2,0.4,7816.497,161.8305,164.346,81.3345,163.5075,10.999999999,7.582555500000001,2.2857322150000003
Lambeth 009,E02000626,0.0,0.2,7832.0671,194.051,144.27270000000001,116.4306,151.0223,10.333333333,9.01814056,2.4723582728
Lambeth 010,E02000627,0.2,0.4,9187.242999999999,210.9367,172.94809999999998,158.9523,267.9196,12.999999999,10.2459253,2.631970289
Lambeth 011,E02000628,0.0,0.2,8861.8064,252.8876,231.40679999999998,166.9644,249.95839999999998,14.0,11.90680744,2.8478849671999997
Lambeth 012,E02000629,0.2,0.4,8569.198499999999,241.81650000000002,197.34449999999998,107.47399999999999,149.16649999999998,11.666666666,8.341742749999998,2.3844265575
Lambeth 013,E02000630,0.2,0.4,7441.3427,186.2553,173.35449999999997,108.8505,154.0033,8.666666667,7.58284835,2.2857702855
Lambeth 014,E02000631,0.4,0.6,8543.542899999999,271.6128,225.4009,165.9856,224.4578,5.999999999,7.69729927,2.3006489051
Lambeth 015,E02000632,0.2,0.4,8823.766000000001,175.406,121.002,83.482,177.282,7.333333334,8.133867000000002,2.3574027100000006
Lambeth 016,E02000633,0.0,0.2,8454.7349,291.5742,132.0336,129.28289999999998,160.4575,9.333333334,10.02135024,2.6027755312
Lambeth 017,E02000634,0.2,0.4,6251.856000000001,194.016,156.864,88.752,188.512,9.333333333,7.218840000000001,2.2384492000000002
Lambeth 018,E02000635,0.2,0.4,8561.7384,218.7036,185.4828,118.11840000000001,144.87959999999998,8.333333334,8.2442952,2.371758376
Lambeth 019,E02000636,0.4,0.6,7529.4428,199.94039999999998,221.3332,131.648,144.8128,9.333333333,6.071688040000001,2.0893194452
Lambeth 020,E02000637,0.2,0.4,8347.630500000001,208.035,175.473,117.585,196.2765,12.0,8.67822525,2.4281692825
Lambeth 021,E02000638,0.2,0.4,10055.4964,237.35219999999998,154.9834,139.8102,250.3578,9.333333334,10.3427034,2.644551442
Lambeth 022,E02000639,0.2,0.4,7622.667,252.60299999999998,140.335,121.3485,119.6975,5.999999999,7.416292,2.26411796
Lambeth 023,E02000640,0.4,0.6,8977.0683,247.3103,219.7219,150.7509,258.1486,9.0,8.06891729,2.3489592477
Lambeth 024,E02000641,0.0,0.2,7970.193,304.32599999999996,163.53150000000002,104.94,202.884,11.333333334,10.2905913,2.6377768690000005
Lambeth 025,E02000642,0.2,0.4,8787.6096,322.2912,274.9824,182.33599999999998,288.7808,10.0,11.2023296,2.7563028480000002
Lambeth 026,E02000643,0.2,0.4,8770.305300000002,245.7177,202.6932,109.9515,233.2884,12.666666668,9.50219985,2.5352859805000003
Lambeth 027,E02000644,0.4,0.6,8269.954,269.9284,199.27599999999998,107.79020000000001,211.0514,7.333333334,6.997305000000001,2.2096496500000002
Lambeth 028,E02000645,0.2,0.4,8944.249600000001,256.0526,220.8698,115.3214,236.5066,12.666666667,9.7690908,2.569981804
Lambeth 029,E02000646,0.4,0.6,9387.598699999999,326.9054,256.1106,173.8637,267.5627,12.999999999,8.74846741,2.4373007633
Lambeth 030,E02000647,0.4,0.6,8079.334199999999,347.5582,302.02250000000004,172.8498,392.1646,12.333333335,10.07008066,2.6091104858
Lambeth 031,E02000648,0.0,0.2,7586.6894999999995,226.719,225.0396,140.2299,217.48229999999998,9.333333334,10.4022036,2.652286468
Lambeth 032,E02000649,0.2,0.4,12579.39,327.037,225.262,173.696,267.329,9.666666666,12.595674,2.93743762
Lambeth 033,E02000650,0.2,0.4,7091.1115,261.912,169.1515,93.54,178.50549999999998,6.666666668,7.804743749999999,2.3146166875
Lambeth 034,E02000651,0.4,0.6,8096.8776,295.29359999999997,253.36919999999998,170.4318,298.0278,5.666666667,8.63205168,2.4221667183999998
Lambeth 035,E02000652,0.4,0.6,6839.808,288.1152,194.4192,186.6112,299.0464,6.333333333,8.114073600000001,2.3548295680000004
Lambeth 036,E02006801,0.4,0.6,10061.8946,295.5503,260.39189999999996,137.3375,231.8257,8.666666667,8.25716998,2.3734320974000003
Lancaster 001,E02005221,0.4,0.6,7006.0326,717.9882,759.2406,599.1419999999999,741.5609999999999,19.999999999,19.06833258,3.7788832354000004
Lancaster 002,E02005222,0.6,0.8,4262.3875,447.7375,550.025,373.625,491.8375000000001,12.333333333,11.652628750000002,2.8148417375
Lancaster 003,E02005223,0.8,1.0,4853.8197,585.3707999999999,643.7637000000001,459.21330000000006,666.8325,13.333333333,13.54563891,3.0609330583
Lancaster 004,E02005224,0.4,0.6,3119.6473,378.15470000000005,458.6351,419.4267,782.6203,15.666666667,15.43474779,3.3065172127
Lancaster 005,E02005225,0.8,1.0,4174.9041,373.4342,397.6905,294.46020000000004,401.07509999999996,9.333333334,8.67884773,2.4282502049000003
Lancaster 006,E02005226,0.0,0.2,6546.9648,414.5772,356.2648,275.586,394.6072,15.333333333,14.44677728,3.1780810464
Lancaster 008,E02005228,0.2,0.4,4709.523,301.0735,304.6225,220.03799999999998,378.56,8.333333334,10.559458,2.6727295399999997
Lancaster 009,E02005229,0.0,0.2,4969.8483,268.6247,266.2939,135.1864,186.464,10.666666666,8.84037478,2.4492487214
Lancaster 010,E02005230,0.0,0.2,5016.4836000000005,456.5308,453.18379999999996,335.3694,431.76300000000003,13.000000001,15.087204960000001,3.2613366448
Lancaster 011,E02005231,0.0,0.2,6874.374,374.79,377.208,175.708,258.72600000000006,13.333333334,12.219282400000003,2.8885067120000008
Lancaster 013,E02005233,0.2,0.4,6446.6628,322.8144,265.0632,169.5516,199.1676,8.666666667,8.8288998,2.447756974
Lancaster 014,E02005234,0.2,0.4,8137.745000000001,229.34449999999998,162.932,124.85549999999999,200.12300000000002,8.666666667,8.684098500000001,2.4289328050000005
Lancaster 015,E02005235,0.6,0.8,5428.8858,124.76100000000001,143.1781,85.5504,158.62470000000002,3.000000001,4.623523840000001,1.9010580992000001
Lancaster 016,E02005236,0.2,0.4,10769.928600000001,770.547,806.0058,624.6204,664.1706,31.0,23.2630185,4.324192405000001
Lancaster 017,E02005237,0.4,0.6,8898.0024,472.76320000000004,503.7816,302.6968,515.5472,11.666666666,13.63280072,3.0722640936000003
Lancaster 018,E02005238,0.4,0.6,4705.9764,284.788,280.7196,193.5396,346.9764,10.0,8.42920172,2.3957962236
Lancaster 019,E02005239,0.6,0.8,10104.5376,364.80960000000005,406.10880000000003,261.5616,333.8352,9.0,10.36541088,2.6475034144
Lancaster 020,E02006871,0.2,0.4,9329.0616,659.34,696.5028,549.0504,752.8463999999999,19.999999999,22.3060716,4.199789308
Leeds 001,E02002330,0.8,1.0,4459.1544,451.31579999999997,595.3254000000001,408.8844,513.6771,8.333333334,11.12589882,2.7463668466
Leeds 002,E02002331,0.4,0.6,5051.8607999999995,357.19530000000003,447.0123,350.9772,702.6453,16.333333333,14.55560484,3.1922286292
Leeds 003,E02002332,0.4,0.6,4574.8574,422.4994,386.7867,298.4129,371.0489,10.000000001,10.00766702,2.6009967125999998
Leeds 004,E02002333,0.6,0.8,5617.2609,537.3900000000001,557.3502,391.527,572.7042,14.333333334,13.24674027,3.0220762351
Leeds 005,E02002334,0.8,1.0,5121.5044,435.5284,512.9244,434.1212,531.218,17.333333333,11.44736092,2.7881569196
Leeds 006,E02002335,0.8,1.0,5535.3597,486.30089999999996,571.0065,419.7465,549.0738,7.0,11.91376701,2.8487897113000002
Leeds 007,E02002336,0.8,1.0,4960.952,386.174,440.212,306.435,497.54499999999996,14.666666666,10.1462276,2.619009588
Leeds 008,E02002337,0.8,1.0,5914.594399999999,373.2872,464.0064,266.2088,416.41599999999994,9.0,9.360585519999999,2.5168761176
Leeds 009,E02002338,0.6,0.8,5448.829500000001,341.89549999999997,399.456,296.818,448.0009999999999,12.666666666,10.32836485,2.6426874305
Leeds 010,E02002339,0.2,0.4,4376.4105,296.0911,279.8521,189.9963,271.1913,9.666666667,8.78015665,2.4414203645
Leeds 011,E02002340,0.4,0.6,4162.313999999999,367.822,394.09499999999997,283.413,381.797,11.666666667,9.8427602,2.5795588260000004
Leeds 012,E02002341,0.8,1.0,5358.7659,443.6373,489.5061,317.49809999999997,556.1592,16.0,11.17915827,2.7532905751000003
Leeds 013,E02002342,0.6,0.8,4137.1746,345.4588,391.55699999999996,244.9314,435.4336,15.0,9.51272458,2.5366541954
Leeds 014,E02002343,0.8,1.0,4542.995,324.0576,288.0512,200.2856,270.048,9.0,6.5590721,2.152679373
Leeds 015,E02002344,0.8,1.0,5837.4888,425.152,479.0552,294.56960000000004,554.2160000000001,10.0,11.12888504,2.7467550552000004
Leeds 016,E02002345,0.8,1.0,4197.7056,363.77880000000005,400.6596,219.60840000000002,404.5712,9.666666667,8.33651368,2.3837467784
Leeds 017,E02002346,0.2,0.4,4821.4824,292.85,275.8647,171.0244,296.36420000000004,11.333333334,9.1462912,2.4890178560000003
Leeds 018,E02002347,0.0,0.2,5223.0045,270.7215,289.30649999999997,149.91899999999998,262.04850000000005,14.666666666,10.1279577,2.616634501
Leeds 019,E02002348,0.2,0.4,5033.3665,341.3827,308.3054,200.9602,356.3611,13.666666666,10.45710755,2.6594239815
Leeds 020,E02002349,0.6,0.8,4627.5715,316.572,286.75,183.52,320.58650000000006,14.666666666,7.612466950000001,2.2896207035000002
Leeds 021,E02002350,0.8,1.0,4595.7345,283.7919,367.9008,288.0276,515.5452,10.666666667,9.79324095,2.5731213235
Leeds 022,E02002351,0.8,1.0,3903.5388,356.172,366.80400000000003,281.2164,407.7372,8.0,8.50820484,2.4060666291999997
Leeds 023,E02002352,0.8,1.0,6186.1444,416.55519999999996,346.8796,226.2584,316.1624,17.333333333,7.991791320000001,2.3389328716
Leeds 024,E02002353,0.8,1.0,5020.9209,307.5366,223.82489999999999,132.3951,252.3225,6.666666666,6.00652227,2.0808478951
Leeds 025,E02002354,0.4,0.6,6382.922,365.092,314.041,257.57550000000003,415.36949999999996,17.333333333,10.4311116,2.656044508
Leeds 027,E02002356,0.8,1.0,6643.6032,364.5291,406.37350000000004,263.1369,370.162,12.000000001,8.922352660000001,2.4599058458000003
Leeds 028,E02002357,0.4,0.6,6477.471,379.632,374.8866,230.9428,444.4858,10.0,10.9215381,2.719799953
Leeds 029,E02002358,0.2,0.4,6293.754000000001,445.527,441.61199999999997,296.757,353.91600000000005,15.000000001,12.574197,2.93464561
Leeds 030,E02002359,0.8,1.0,4837.1136,391.3712,447.3744,352.9504,484.4928,8.666666668,10.22279808,2.6289637504
Leeds 031,E02002360,0.4,0.6,5699.880000000001,276.297,226.12199999999999,169.257,317.775,9.666666666,7.995888,2.33946544
Leeds 032,E02002361,0.4,0.6,4954.38,279.12,200.6175,134.908,246.556,8.000000001,6.615144000000001,2.15996872
Leeds 033,E02002362,0.0,0.2,6650.7168,336.16799999999995,282.072,176.9712,282.84479999999996,9.666666666,11.71456608,2.8228935904000005
Leeds 034,E02002363,0.6,0.8,5708.586,269.4,261.318,158.946,336.75,13.333333333,7.7956278,2.313431614
Leeds 035,E02002364,0.0,0.2,4756.2735,258.86039999999997,247.9791,149.4747,314.4123,12.0,10.2072321,2.6269401730000004
Leeds 037,E02002366,0.4,0.6,6589.0899,343.7577,350.16810000000004,230.77439999999999,500.0112,15.666666666,11.44969557,2.7884604241
Leeds 038,E02002367,0.0,0.2,5397.3398,187.8184,186.59879999999998,114.64240000000001,212.8202,7.666666667,8.46682908,2.4006877804
Leeds 039,E02002368,0.8,1.0,6708.248100000001,415.3791,449.37219999999996,298.476,419.5246,14.333333334,9.849127630000002,2.5803865919000004
Leeds 040,E02002369,0.0,0.2,6238.044,267.46799999999996,240.865,176.155,268.187,11.333333334,10.7358204,2.6956566520000003
Leeds 041,E02002370,0.0,0.2,6029.7132,271.9062,299.3076,163.7058,261.36719999999997,11.999999999,10.756243920000001,2.6983117096000004
Leeds 042,E02002371,0.0,0.2,9089.669100000001,339.4608,198.0188,188.92610000000002,286.9252,19.333333334,12.906784560000002,2.9778819928000004
Leeds 044,E02002373,0.4,0.6,9164.0304,107.7216,120.22500000000001,74.0586,152.92620000000002,4.333333334,5.725018320000001,2.0442523816000002
Leeds 045,E02002374,0.2,0.4,5985.9525,273.8,226.56949999999998,141.007,216.30200000000002,12.000000001,8.30332725,2.3794325425
Leeds 046,E02002375,0.0,0.2,5694.5284,251.9759,156.7709,114.246,130.11350000000002,5.666666667,7.8215350400000005,2.3167995552000002
Leeds 047,E02002376,0.0,0.2,7214.168000000001,161.0096,159.4464,107.8608,173.5152,10.000000001,8.767988800000001,2.4398385440000006
Leeds 048,E02002377,0.0,0.2,7272.8884,179.308,128.63400000000001,88.09479999999999,127.85440000000001,6.999999999,8.05435944,2.3470667272
Leeds 050,E02002379,0.0,0.2,4853.224999999999,177.125,171.675,124.26,124.26,7.333333333,7.016875000000001,2.21219375
Leeds 051,E02002380,0.2,0.4,4154.441500000001,285.725,285.725,160.5255,308.0635,7.333333333,8.897736250000001,2.4567057125000002
Leeds 052,E02002381,0.2,0.4,5211.8640000000005,305.1744,231.6384,158.1024,221.8336,8.0,8.2167288,2.368174744
Leeds 053,E02002382,0.0,0.2,7825.335999999999,120.842,86.549,55.522,77.5675,10.666666667,7.0516206,2.216710678
Leeds 054,E02002383,0.2,0.4,8460.8524,99.1914,55.686400000000006,46.985400000000006,38.2844,7.0,5.539056599999999,2.020077358
Leeds 055,E02002384,0.0,0.2,12645.8256,218.05440000000002,199.44,83.7648,147.5856,6.0,12.032348160000002,2.8642052608000004
Leeds 056,E02002385,0.0,0.2,8122.2685,149.379,123.624,78.982,111.60499999999999,6.666666667,8.1305101,2.356966313
Leeds 057,E02002386,0.4,0.6,6330.8784,551.936,609.7168,479.4944,650.2496,23.000000001,16.12196432,3.3958553616
Leeds 058,E02002387,0.0,0.2,4817.1064,202.40879999999999,195.7176,160.0312,201.2936,8.333333333,8.416637439999999,2.3941628672
Leeds 059,E02002388,0.0,0.2,6631.1586,257.3892,243.8424,152.02519999999998,241.58460000000002,8.666666666,10.44804476,2.6582458188
Leeds 060,E02002389,0.0,0.2,6251.2622,261.6167,246.39800000000002,186.9726,300.7505,10.0,11.208645019999999,2.7571238526
Leeds 061,E02002390,0.0,0.2,5207.3748000000005,290.1234,275.8956,163.3104,248.6772,15.0,10.081819079999999,2.6106364804
Leeds 062,E02002391,0.4,0.6,6225.580800000001,349.5926,333.19379999999995,201.258,343.62940000000003,13.666666667,9.23073544,2.4999956072
Leeds 063,E02002392,0.2,0.4,10743.4504,93.364,65.904,26.3616,54.919999999999995,2.666666667,6.7590044,2.178670572
Leeds 064,E02002393,0.0,0.2,8500.2022,174.41410000000002,140.0735,86.75519999999999,136.4587,9.333333333,8.91735012,2.4592555155999998
Leeds 065,E02002394,0.0,0.2,7454.5401999999995,192.80380000000002,179.84220000000002,130.4261,143.3877,9.666666667,8.969589220000001,2.4660465986
Leeds 066,E02002395,0.4,0.6,5650.2627999999995,290.8819,274.00939999999997,195.0461,338.79979999999995,12.0,8.608754439999998,2.4191380772
Leeds 067,E02002396,0.0,0.2,7391.168,359.0992,331.20799999999997,251.02079999999998,384.3756,12.333333333,14.2558896,3.153265648
Leeds 068,E02002397,0.2,0.4,6170.7053,381.86359999999996,379.60850000000005,237.5372,348.7888,13.999999999,11.59760345,2.8076884485
Leeds 069,E02002398,0.4,0.6,5361.7113,431.4519,470.4777,373.63590000000005,589.7232,16.333333332,13.671821790000001,3.0773368327000004
Leeds 070,E02002399,0.0,0.2,5353.681500000001,250.06320000000002,226.773,113.3865,185.0958,12.0,8.611245,2.4194618500000002
Leeds 071,E02002400,0.0,0.2,7818.770699999999,244.90050000000002,203.6541,130.6136,194.20180000000002,12.666666667,10.17875222,2.6232377886
Leeds 072,E02002401,0.0,0.2,5685.652,230.4032,221.9896,154.6808,180.5688,9.0,8.9229464,2.4599830320000002
Leeds 073,E02002402,0.8,1.0,4387.1542,287.4664,309.959,220.53719999999998,280.8832,9.333333333,6.70339826,2.1714417738000003
Leeds 074,E02002403,0.6,0.8,4514.0025000000005,303.3555,422.0335,319.704,494.08799999999997,16.333333334,10.68253375,2.6887293875
Leeds 075,E02002404,0.0,0.2,9803.5014,243.4278,231.83599999999998,122.2408,134.88639999999998,13.333333333,10.732742239999997,2.6952564911999994
Leeds 076,E02002405,0.4,0.6,6980.7528,406.5201,379.76399999999995,326.2518,537.7113,9.000000001,12.836368440000001,2.9687278972
Leeds 077,E02002406,0.8,1.0,5178.928,394.44,526.612,390.288,430.424,8.333333334,10.081886399999998,2.610645232
Leeds 078,E02002407,0.0,0.2,5722.64,212.6481,182.7343,148.9187,236.7092,8.666666668,9.2934373,2.508146849
Leeds 079,E02002408,0.4,0.6,5869.878300000001,385.363,396.9966,246.4869,371.5481,15.666666667,10.057174490000001,2.6074326837000004
Leeds 080,E02002409,0.0,0.2,4885.8827,276.6041,276.6041,197.23590000000002,286.6732,9.0,10.518300320000002,2.6673790416000003
Leeds 081,E02002410,0.2,0.4,5483.512499999999,343.095,306.38250000000005,221.61,320.40000000000003,11.333333333,10.39264125,2.6510433625000003
Leeds 082,E02002411,0.0,0.2,8037.033,190.41,168.7725,78.76050000000001,179.15850000000003,9.0,9.319357800000002,2.511516514
Leeds 083,E02002412,0.2,0.4,5792.96,295.152,307.536,212.592,269.69599999999997,12.666666666,9.736576,2.56575488
Leeds 085,E02002414,0.0,0.2,6078.375,165.375,182.25,106.65,218.02499999999998,12.0,8.748000000000001,2.43724
Leeds 086,E02002415,0.0,0.2,6974.3069,192.6441,81.19099999999999,55.357499999999995,77.50049999999999,9.0,6.87126814,2.1932648582
Leeds 087,E02002416,0.4,0.6,4984.9657,360.2456,490.633,404.6042,480.5515,13.0,12.372756110000001,2.9084582943
Leeds 088,E02002417,0.4,0.6,5213.911999999999,326.366,405.144,309.81600000000003,365.424,9.666666666,10.081465600000001,2.6105905280000004
Leeds 089,E02002418,0.4,0.6,5549.661599999999,371.5428,408.83520000000004,297.6486,277.6212,11.999999999,9.16067088,2.4908872144
Leeds 090,E02002419,0.0,0.2,7111.5506000000005,276.6918,297.09680000000003,181.1964,295.46439999999996,11.0,11.94982096,2.8534767248
Leeds 091,E02002420,0.2,0.4,7387.326,305.4782,272.4764,202.2418,294.4776,9.0,10.649427,2.68442551
Leeds 092,E02002421,0.0,0.2,5261.2079,234.13909999999998,193.20989999999998,127.0009,204.0441,6.999999999,8.63100524,2.4220306812
Leeds 093,E02002422,0.6,0.8,4915.8346,320.0204,379.3292,235.9996,327.434,11.666666668,8.41387998,2.3938043974000003
Leeds 094,E02002423,0.0,0.2,4745.275000000001,302.56440000000003,246.47099999999998,152.982,218.70759999999999,9.666666667,9.2877072,2.507401936
Leeds 095,E02002424,0.4,0.6,6221.8182,339.46770000000004,398.17830000000004,235.5951,332.6934,11.333333334,9.54408546,2.5407311098000003
Leeds 096,E02002425,0.4,0.6,6422.147800000001,466.80809999999997,534.2081999999999,392.7512,505.08470000000005,11.333333334,13.414616940000002,3.0439002022000006
Leeds 097,E02002426,0.4,0.6,6088.3445,390.348,416.681,327.6135,522.7875,12.333333332,12.51305435,2.9266970655
Leeds 098,E02002427,0.2,0.4,5271.0588,351.76680000000005,413.0028,339.5196,427.29119999999995,10.333333333,12.8469726,2.970106438
Leeds 099,E02002428,0.2,0.4,6804.9885,345.1863,270.1458,199.0548,279.6246,8.666666667,10.26751515,2.6347769695
Leeds 100,E02002429,0.4,0.6,6721.4244,420.766,423.2656,359.9424,405.76839999999993,11.333333333,11.57989692,2.8053865996000003
Leeds 101,E02002430,0.0,0.2,6720.328,223.7598,229.0336,170.26839999999999,189.8568,9.0,9.7663242,2.569622146
Leeds 102,E02002431,0.2,0.4,7004.208,306.53520000000003,342.12239999999997,190.068,243.4488,9.666666667,10.0420608,2.605467904
Leeds 103,E02002432,0.4,0.6,5778.0915,320.8865,413.3815,263.255,339.3855,12.0,9.68088245,2.5585147185
Leeds 104,E02002433,0.2,0.4,5219.068,304.8984,324.7136,210.2968,334.9408,11.0,10.3144508,2.640878604
Leeds 105,E02002434,0.4,0.6,9002.7904,305.366,336.40319999999997,174.2088,194.2328,11.666666667,8.03322832,2.3443196816
Leeds 106,E02002435,0.4,0.6,6080.1927000000005,350.3916,370.60650000000004,302.4748,384.8318,16.0,10.44009741,2.6572126633
Leeds 107,E02002436,0.2,0.4,5490.422,311.7443,344.3146,231.3156,269.20349999999996,8.0,9.9073535,2.587955955
Leeds 108,E02002437,0.8,1.0,4876.8418,344.6872,323.5962,201.26839999999999,279.0038,6.666666666,6.8750031400000005,2.1937504082
Leeds 109,E02006852,0.6,0.8,10010.5965,468.2094,444.9154,262.0575,460.0565,8.666666667,12.090168349999999,2.8717218855
Leeds 110,E02006861,0.4,0.6,13473.123,116.65650000000001,141.9555,95.574,229.09650000000002,9.000000001,8.165673900000002,2.3615376070000003
Leeds 111,E02006875,0.4,0.6,13232.901999999998,30.6935,28.0245,32.028,20.017500000000002,0.999999999,4.5757335999999995,1.894845368
Leeds 112,E02006876,0.0,0.2,7599.9055,205.1335,163.6085,139.524,197.65900000000002,8.333333334,9.7522293,2.5677898089999998
Leicester 001,E02002827,0.2,0.4,5613.1599,302.8059,223.7292,140.1522,148.5099,4.333333333,7.37309865,2.2585028245
Leicester 002,E02002828,0.4,0.6,6259.7756,510.9702,423.46459999999996,259.3916,360.1793,8.999999999,10.472232680000001,2.6613902484
Leicester 003,E02002829,0.0,0.2,9939.601799999999,349.5717,354.0969,212.6844,455.9139,17.333333334,16.44186168,3.4374420183999996
Leicester 004,E02002830,0.0,0.2,8922.412199999999,449.4612,317.8622,168.0418,267.2472,4.0,13.57332332,3.0645320316
Leicester 005,E02002831,0.2,0.4,5568.444,393.984,340.632,208.62,327.63599999999997,10.666666666,10.720673999999999,2.69368762
Leicester 006,E02002832,0.2,0.4,7697.2662,493.8778,383.6124,273.347,416.96999999999997,11.666666666,13.7817851,3.0916320630000005
Leicester 007,E02002833,0.2,0.4,7232.1964,439.5677,317.2312,191.5199,257.3285,14.333333334,10.6323074,2.6821999620000003
Leicester 008,E02002834,0.4,0.6,9345.336000000001,416.07439999999997,428.0556,276.6568,426.96639999999996,9.333333333,12.131509600000001,2.877096248
Leicester 009,E02002835,0.4,0.6,12925.958400000001,567.5376,377.8758,224.409,382.2192,9.666666667,12.45745032,2.9194685416
Leicester 010,E02002836,0.2,0.4,7989.5232,570.1336,379.7702,239.15,386.46639999999996,12.0,13.535889999999998,3.0596657
Leicester 011,E02002837,0.0,0.2,7708.4838,298.10880000000003,189.7056,130.42260000000002,139.73850000000002,5.666666667,9.65398248,2.5550177224
Leicester 012,E02002838,0.0,0.2,7016.100600000001,258.66179999999997,320.70840000000004,203.8674,259.4676,13.000000001,11.64719436,2.8141352668
Leicester 013,E02002839,0.2,0.4,6586.112,370.4688,344.346,239.8548,375.2184,9.999999999,11.9634508,2.8552486040000002
Leicester 016,E02002842,0.0,0.2,8019.75,187.85000000000002,115.6,77.35000000000001,98.6,5.0,8.05375,2.3469875
Leicester 017,E02002843,0.2,0.4,12780.9396,576.6696,378.26099999999997,209.8278,329.72940000000006,12.999999999,15.05907,3.2576791
Leicester 018,E02002844,0.0,0.2,10608.3572,385.0712,300.02479999999997,217.3408,302.3872,8.0,14.94052632,3.2422684216000004
Leicester 019,E02002845,0.0,0.2,9504.75,438.0925,357.2475,219.5925,404.22499999999997,17.333333334,16.0673975,3.3887616749999996
Leicester 020,E02002846,0.4,0.6,5901.059,394.761,362.773,238.45600000000002,372.95099999999996,11.666666668,9.9170797,2.589220361
Leicester 021,E02002847,0.2,0.4,8789.3208,455.7204,237.33360000000002,206.4204,281.2104,9.0,11.5306236,2.798981068
Leicester 022,E02002848,0.0,0.2,10339.654,393.6736,307.8436,188.82600000000002,215.14719999999997,9.000000001,13.614926800000001,3.069940484
Leicester 023,E02002849,0.2,0.4,13745.958399999998,280.9801,223.6072,191.243,267.7402,14.333333333,13.161931699999998,3.011051121
Leicester 025,E02002851,0.6,0.8,6442.883999999999,517.4208,414.6,312.60839999999996,604.4867999999999,13.666666666,12.8385036,2.9690054679999998
Leicester 026,E02002852,0.0,0.2,6377.448,253.6485,189.70350000000002,111.54849999999999,174.783,6.0,8.9214643,2.4597903590000003
Leicester 027,E02002853,0.4,0.6,11869.1352,540.6648,350.1576,229.4136,426.62879999999996,12.0,12.53872776,2.9300346088
Leicester 028,E02002854,0.0,0.2,7339.5361,302.00399999999996,263.41459999999995,163.5855,321.2987,11.333333333,12.23149756,2.8900946828
Leicester 029,E02002855,0.2,0.4,7416.531,257.0085,203.1591,127.2804,155.83689999999999,5.333333334,8.052933,2.34688129
Leicester 030,E02002856,0.6,0.8,10518.7908,432.1128,387.20219999999995,285.243,514.6511999999999,18.666666667,12.656049839999998,2.9452864792
Leicester 031,E02002857,0.0,0.2,6002.7172,211.43820000000002,154.92170000000002,106.384,173.53889999999998,5.666666666,8.26058462,2.3738760006
Leicester 032,E02002858,0.8,1.0,5661.9255,405.93559999999997,414.6968,307.3721,511.07000000000005,12.666666666,10.49847295,2.6648014835
Leicester 034,E02002860,0.2,0.4,6324.085,397.902,454.631,298.027,516.1539999999999,12.333333334,14.454309499999999,3.1790602349999997
Leicester 035,E02002861,0.0,0.2,6745.0513,316.2341,232.7728,147.7801,214.39600000000002,10.666666667,10.39927798,2.6519061374
Leicester 036,E02002862,0.0,0.2,6882.004500000001,333.5395,366.15950000000004,203.875,369.4215,13.0,13.487880700000002,3.0534244910000004
Leicester 037,E02006815,0.0,0.2,8567.345299999999,445.30949999999996,374.6742,269.2331,579.4142,21.000000001,18.07792778,3.6501306114
Leicester 038,E02006817,0.4,0.6,7680.691199999999,328.8208,240.0216,211.008,331.4584,8.0,9.16548416,2.4915129408
Leicester 039,E02006819,0.0,0.2,7265.7615,284.316,288.4485,171.0855,255.3885,9.666666667,11.485539900000001,2.7931201870000004
Leicester 040,E02006850,0.2,0.4,13035.233699999999,130.3389,100.77749999999999,61.8102,110.18339999999999,4.999999999,9.066615749999999,2.4786600475
Leicester 041,E02006851,0.2,0.4,10598.1912,48.275999999999996,32.184,20.3832,26.82,2.666666667,6.037182,2.08483366
Lewes 001,E02004379,0.6,0.8,5962.162500000001,536.2874999999999,580.3875,346.5,448.87499999999994,8.666666666,11.85289875,2.8408768374999998
Lewes 002,E02004380,0.8,1.0,6915.4272,605.0052,600.2712,439.31519999999995,908.928,12.333333333,16.67996496,3.4683954447999996
Lewes 003,E02004381,0.4,0.6,7979.7456,542.4496,565.5968,398.5344,580.6928,14.0,15.10073008,3.2630949104000004
Lewes 004,E02004382,0.4,0.6,4680.719999999999,422.40000000000003,508.86,374.88,614.46,7.333333333,13.907256000000002,3.1079432800000006
Lewes 005,E02004383,0.8,1.0,6305.8856,410.04879999999997,458.3364,289.7256,453.58680000000004,14.333333333,10.06661888,2.6086604544
Lewes 006,E02004384,0.6,0.8,5937.7812,474.214,487.42980000000006,340.5012,533.2964,12.0,12.24824796,2.8922722348
Lewes 007,E02004385,0.4,0.6,5754.817599999999,485.44769999999994,523.0258,375.781,529.9278999999999,16.333333334,13.40326468,3.0424244084
Lewes 008,E02004386,0.2,0.4,5115.1554,416.6556,454.4108,333.72900000000004,422.72339999999997,7.666666667,13.0339715,2.994416295
Lewes 009,E02004387,0.2,0.4,5434.688,277.8496,222.65599999999998,164.9536,171.8528,8.333333333,7.6584256,2.295595328
Lewes 010,E02004388,0.2,0.4,5946.885,437.697,508.95000000000005,371.925,564.543,15.666666667,15.7003245,3.341042185
Lewes 011,E02004389,0.8,1.0,6076.3895,799.9100000000001,948.1859999999999,733.576,1197.914,30.333333333,22.16404285,4.1813255705
Lewes 012,E02004390,0.6,0.8,5445.8388,632.9323999999999,768.8532,542.0455999999999,799.1487999999999,13.333333333,17.475894039999996,3.5718662252
Lewes 013,E02004391,0.4,0.6,4497.698399999999,486.41580000000005,500.2569,372.3915,734.8965,11.666666667,15.376275719999999,3.2989158435999997
Lewisham 001,E02000653,0.2,0.4,10773.6429,194.47830000000002,164.9085,101.2197,137.6133,8.666666667,8.989787849999999,2.4686724205
Lewisham 002,E02000654,0.0,0.2,8052.3216,204.47039999999998,148.1544,99.636,158.55119999999997,9.333333333,9.19458336,2.4952958368
Lewisham 003,E02000655,0.0,0.2,8753.470000000001,182.325,137.445,107.52499999999999,169.23499999999999,12.0,9.634427,2.55247551
Lewisham 005,E02000657,0.2,0.4,9074.6616,226.52479999999997,183.5632,118.14439999999999,160.1296,9.666666666,8.699724,2.43096412
Lewisham 006,E02000658,0.2,0.4,8062.029,292.84200000000004,201.43980000000002,130.4478,186.35399999999998,10.000000001,8.8646823,2.4524086990000002
Lewisham 007,E02000659,0.2,0.4,7191.4948,233.2204,202.0711,134.9803,226.8308,7.333333333,8.770524700000001,2.4401682110000005
Lewisham 008,E02000660,0.2,0.4,7931.039999999999,186.76319999999998,136.448,108.3056,163.73760000000001,6.666666666,7.794592,2.3132969599999997
Lewisham 009,E02000661,0.4,0.6,5886.7473,227.4874,250.6448,157.3341,289.46750000000003,5.333333334,7.64119279,2.2933550627
Lewisham 010,E02000662,0.2,0.4,8159.1197999999995,239.74079999999998,154.245,103.1238,157.7706,8.666666666,8.030876099999999,2.3440138929999996
Lewisham 011,E02000663,0.4,0.6,6671.324799999999,251.0634,203.665,130.34560000000002,149.6012,7.999999999,5.89547224,2.0664113912
Lewisham 012,E02000664,0.0,0.2,13317.6734,324.9959,229.072,168.9406,276.31809999999996,17.0,15.25934494,3.2837148422
Lewisham 013,E02000665,0.4,0.6,7833.5246,248.919,241.0584,156.33859999999999,255.0328,7.333333333,7.8105541800000005,2.3153720434
Lewisham 014,E02000666,0.4,0.6,6577.6815,236.41649999999998,156.138,149.5095,245.25449999999998,4.333333334,6.91080045,2.1984040585
Lewisham 015,E02000667,0.4,0.6,6322.720399999999,224.38400000000001,150.05679999999998,136.734,178.806,5.666666667,5.91188732,2.0685453516
Lewisham 016,E02000668,0.4,0.6,6558.1173,293.5688,219.4277,171.4981,247.137,7.666666667,7.426916190000001,2.2654991047
Lewisham 017,E02000669,0.2,0.4,7522.3279999999995,164.418,177.506,119.428,195.50199999999998,8.333333334,8.146462,2.35904006
Lewisham 018,E02000670,0.0,0.2,6064.227000000001,171.441,120.93900000000001,99.675,189.3825,11.999999999,8.070751200000002,2.3491976560000003
Lewisham 019,E02000671,0.4,0.6,7911.3852,263.0138,207.9644,159.90540000000001,196.605,8.333333334,7.0499931600000005,2.2164991108
Lewisham 020,E02000672,0.0,0.2,9186.882300000001,235.1268,167.3784,109.59299999999999,263.0232,12.0,11.44808478,2.7882510214
Lewisham 021,E02000673,0.4,0.6,7825.5606,289.61010000000005,227.8614,160.8945,193.94310000000002,6.999999999,7.131018180000001,2.2270323634
Lewisham 022,E02000674,0.4,0.6,7692.8081999999995,305.0432,222.71620000000001,149.0552,295.5106,15.666666668,8.249252060000002,2.3724027678000006
Lewisham 023,E02000675,0.4,0.6,7795.656000000001,357.2448,325.8288,190.2912,308.7744,8.666666666,9.203541600000001,2.4964604080000004
Lewisham 024,E02000676,0.4,0.6,7503.8579,250.1009,196.92329999999998,132.94400000000002,225.1739,8.666666666,7.03880317,2.2150444121
Lewisham 025,E02000677,0.2,0.4,6566.4968,271.7896,241.00679999999997,134.3932,295.06440000000003,9.666666666,9.5441696,2.5407420480000003
Lewisham 026,E02000678,0.2,0.4,6183.712600000001,185.66209999999998,134.9647,132.9094,214.43630000000002,7.333333333,7.6923028,2.299999364
Lewisham 027,E02000679,0.2,0.4,7463.808,294.272,218.19600000000003,174.724,207.328,9.333333334,9.198508,2.49580604
Lewisham 028,E02000680,0.2,0.4,6993.1455000000005,219.1365,189.1494,104.57039999999999,184.536,9.666666667,7.85700465,2.3214106045
Lewisham 029,E02000681,0.0,0.2,7656.2356,314.568,301.461,186.9932,279.616,9.333333334,12.338230760000002,2.9039699988
Lewisham 030,E02000682,0.2,0.4,7975.786100000001,322.2358,260.1289,153.01700000000002,288.9321,11.333333333,10.53342025,2.6693446325
Lewisham 031,E02000683,0.0,0.2,5695.3566,214.038,182.9052,155.0154,238.6848,9.0,9.35125536,2.5156631968000003
Lewisham 033,E02000685,0.2,0.4,7459.390500000001,276.0861,247.3799,185.74599999999998,273.5532,7.666666666,10.13033355,2.6169433614999997
Lewisham 034,E02000686,0.0,0.2,6769.7385,201.015,198.03699999999998,126.56500000000001,150.389,7.999999999,8.747726100000001,2.437204393
Lewisham 035,E02000687,0.2,0.4,7435.293,323.7882,244.32059999999998,142.0272,307.72560000000004,12.333333334,10.3531911,2.645914843
Lewisham 037,E02006783,0.0,0.2,6870.600000000001,225.96640000000002,163.36759999999998,131.3048,243.5246,11.0,9.9104588,2.588359644
Lewisham 038,E02006784,0.0,0.2,6981.7355,349.2908,289.71549999999996,189.3352,350.1069,8.333333334,12.910702,2.9783912600000004
Lewisham 039,E02006798,0.0,0.2,7552.1176000000005,225.29119999999998,128.0432,118.3184,79.4192,10.333333333,8.07920176,2.3502962288
Lichfield 001,E02006146,0.6,0.8,6600.8292,538.8432,528.612,436.5312,420.3318,12.000000001,11.97868896,2.8572295648
Lichfield 002,E02006147,0.8,1.0,6145.9039,443.576,511.69660000000005,384.9606,434.0708,10.0,10.45389817,2.6590067621
Lichfield 003,E02006148,0.8,1.0,5037.642,517.8162,588.7788,480.57840000000004,401.1846,11.333333334,10.5404052,2.670252676
Lichfield 004,E02006149,0.2,0.4,8823.1108,548.506,504.8494,476.8644,839.5500000000001,14.0,21.4891218,4.093585834
Lichfield 005,E02006150,0.8,1.0,8179.112099999999,818.0253,935.538,643.4676,833.9979,18.333333334,18.35217513,3.6857827669
Lichfield 006,E02006151,0.4,0.6,7185.2748,491.72970000000004,509.0634,498.11580000000004,439.7286000000001,14.666666666,13.440733440000002,3.0472953472000004
Lichfield 007,E02006152,0.8,1.0,8182.2888,478.66179999999997,697.5684000000001,487.041,627.3926,12.333333334,14.14367064,3.1386771832
Lichfield 008,E02006153,0.8,1.0,5943.2627999999995,406.6164,449.01959999999997,358.9128,412.674,15.666666666,9.82822884,2.5776697492
Lichfield 009,E02006154,0.8,1.0,6706.9618,638.1078,869.3487,843.9804999999999,699.5769,17.666666666,16.94224994,3.5024924922
Lichfield 010,E02006155,0.2,0.4,4848.2176,255.32240000000002,255.904,227.40560000000002,229.15040000000002,6.666666666,8.555336,2.41219368
Lichfield 011,E02006156,0.8,1.0,5479.2569,490.65639999999996,587.5376,522.6897,731.2968000000001,12.0,14.457878370000001,3.1795241881000003
Lichfield 012,E02006157,0.4,0.6,5842.9978,407.7704,390.9022,310.9616,382.1014,7.333333334,10.58303534,2.6757945942
Lincoln 001,E02005442,0.0,0.2,5096.8308,258.71930000000003,235.0892,189.6467,279.3199,7.999999999,10.20650668,2.6268458684000002
Lincoln 002,E02005443,0.2,0.4,5865.6125,351.569,403.7895,284.63849999999996,447.91949999999997,10.0,12.97017475,2.9861227175
Lincoln 003,E02005444,0.4,0.6,10212.8655,565.7925,549.6270000000001,420.30299999999994,685.1685,15.0,17.13779265,3.5279130445
Lincoln 004,E02005445,0.0,0.2,10779.0098,401.531,328.4164,198.9676,276.87660000000005,11.000000001,14.832435280000002,3.2282165864000003
Lincoln 005,E02005446,0.4,0.6,9711.6261,202.7805,195.5012,103.99000000000001,184.0623,5.0,6.933741230000001,2.2013863599000003
Lincoln 006,E02005447,0.0,0.2,6670.7628,186.1574,139.802,108.1626,253.85100000000003,7.0,9.435604880000003,2.5266286344000006
Lincoln 007,E02005448,0.0,0.2,6243.9312,320.40840000000003,316.74240000000003,226.5588,225.0924,6.0,11.21913312,2.7584873056
Lincoln 008,E02005449,0.4,0.6,8075.9584,321.4128,302.0172,216.1224,316.79479999999995,9.0,9.37195392,2.5183540096
Lincoln 009,E02005450,0.6,0.8,5980.6212000000005,563.0652,588.4728,377.016,686.0052,12.666666667,14.70534516,3.2116948708
Lincoln 010,E02005451,0.0,0.2,6649.626299999999,315.659,273.31449999999995,179.38670000000002,280.2436,10.666666667,11.55327338,2.8019255394
Lincoln 011,E02005452,0.4,0.6,8404.9568,670.024,701.8776,480.0008,727.1408000000001,17.999999999,18.274739840000002,3.6757161792
Liverpool 001,E02001347,0.0,0.2,6627.767900000001,338.30289999999997,281.268,229.7022,336.7403,8.333333334,12.72331424,2.9540308512
Liverpool 002,E02001348,0.0,0.2,5787.683,378.0414,249.27320000000003,218.28619999999998,252.02759999999995,8.666666667,11.1615174,2.7509972620000003
Liverpool 003,E02001349,0.0,0.2,6571.3535999999995,432.74,376.87719999999996,206.1416,280.8876,10.666666667,12.80454056,2.9645902727999998
Liverpool 004,E02001350,0.0,0.2,6644.5809,430.0234,339.70250000000004,187.8355,391.65700000000004,16.000000001,13.850110540000003,3.1005143702000004
Liverpool 005,E02001351,0.0,0.2,7447.6819,396.566,298.28659999999996,208.6282,269.8373,12.333333334,12.64131714,2.9433712282
Liverpool 006,E02001352,0.0,0.2,6220.189600000001,297.35679999999996,265.1908,182.9888,182.274,6.0,10.013061360000002,2.6016979768000006
Liverpool 007,E02001353,0.4,0.6,6207.7455,414.5874,284.7522,174.0972,295.08,8.999999999,8.41605045,2.3940865585
Liverpool 008,E02001354,0.0,0.2,6371.994900000001,376.1168,324.5524,188.0584,323.0358,9.0,12.51938134,2.9275195742
Liverpool 009,E02001355,0.0,0.2,5520.473,347.62,308.847,220.60500000000002,286.11800000000005,13.0,11.572269800000003,2.8043950740000003
Liverpool 010,E02001356,0.0,0.2,7379.5848,216.61710000000002,214.1832,130.6193,173.61820000000003,10.333333333,9.579505880000001,2.5453357644000003
Liverpool 011,E02001357,0.0,0.2,5953.863200000001,332.8028,245.5564,167.45680000000002,336.3208,11.333333333,11.672161120000002,2.8173809456
Liverpool 012,E02001358,0.0,0.2,6050.276400000001,270.7404,255.30960000000002,208.3158,230.76059999999998,12.333333332,10.487753640000001,2.6634079732
Liverpool 013,E02001359,0.2,0.4,4267.0064,373.3088,315.7932,198.5916,272.9278,7.666666667,9.1818772,2.493644036
Liverpool 014,E02001360,0.0,0.2,7219.9062,450.21599999999995,454.54499999999996,253.6794,279.6534,19.666666667,13.987345320000001,3.1183548916
Liverpool 015,E02001361,0.0,0.2,6057.8276,421.0016,357.2584,249.04319999999998,326.8692,12.333333333,13.191729359999998,3.0149248168
Liverpool 016,E02001362,0.0,0.2,5674.047600000001,435.90819999999997,365.6705,261.4001,505.4218,16.666666668,15.30718436,3.2899339668000005
Liverpool 017,E02001363,0.0,0.2,6651.908200000001,323.99179999999996,299.96369999999996,210.82719999999998,263.534,13.666666667,11.749120820000002,2.8273857066000003
Liverpool 018,E02001364,0.0,0.2,4834.248,241.4,236.856,131.77599999999998,236.856,14.666666666,9.0565328,2.477349264
Liverpool 019,E02001365,0.0,0.2,8164.176299999999,308.8498,269.0877,221.928,282.9582,17.0,12.73718768,2.9558343984000004
Liverpool 020,E02001366,0.0,0.2,7566.164699999999,410.2735,346.2528,256.0828,439.1279,15.666666667,15.38444472,3.2999778136
Liverpool 021,E02001367,0.4,0.6,7445.4220000000005,551.2659,574.1163,376.0795,572.2121,20.0,14.7556458,3.218233954
Liverpool 022,E02001368,0.0,0.2,5599.7578,403.2266,324.78319999999997,216.06339999999997,337.8571,12.666666666,12.566632680000001,2.9336622484
Liverpool 023,E02001369,0.0,0.2,6634.9584,422.77680000000004,390.8088,244.55519999999999,299.7,17.666666667,13.357189439999999,3.0364346272000002
Liverpool 024,E02001370,0.0,0.2,5874.764999999999,338.40000000000003,310.90500000000003,256.62,269.31,14.666666666,11.799444000000001,2.83392772
Liverpool 025,E02001371,0.0,0.2,6292.943,307.30949999999996,233.20649999999998,167.095,265.1725,13.0,10.830080800000001,2.707910504
Liverpool 026,E02001372,0.0,0.2,4700.057400000001,342.7686,290.127,205.18259999999998,443.86439999999993,21.999999999,12.74716344,2.9571312472
Liverpool 027,E02001373,0.0,0.2,7828.2584,402.0362,393.794,223.45520000000002,310.4562,14.333333333,13.96576684,3.1155496892
Liverpool 028,E02001374,0.0,0.2,8355.283300000001,329.9491,283.21410000000003,174.7889,203.7646,12.0,11.747683480000001,2.8271988524000005
Liverpool 029,E02001375,0.0,0.2,5492.1394,389.4748,324.1084,220.61159999999998,384.7085,11.666666666,13.023982840000002,2.9931177692000004
Liverpool 030,E02001376,0.0,0.2,8441.7291,309.771,234.675,183.0465,216.83970000000002,13.999999999,11.670669360000002,2.8171870168
Liverpool 031,E02001377,0.0,0.2,15012.676,260.92400000000004,243.423,175.01,216.376,13.333333333,15.3509226,3.295619938
Liverpool 032,E02001378,0.0,0.2,6377.2044000000005,371.18480000000005,400.0374,233.1602,414.8536,13.666666666,14.292798240000002,3.1580637712
Liverpool 034,E02001380,0.2,0.4,6028.798400000001,405.079,495.2664,262.9192,451.7013,15.000000001,13.4715518,3.051301734
Liverpool 035,E02001381,0.0,0.2,8901.6072,308.24240000000003,253.0936,156.5832,228.47359999999998,8.333333334,11.985409920000002,2.8581032896000007
Liverpool 036,E02001382,0.6,0.8,5472.6084,398.4048,352.6974,261.96479999999997,337.0068,10.333333334,8.86628052,2.4526164676000004
Liverpool 037,E02001383,0.0,0.2,8854.266,218.76600000000002,224.523,107.464,188.06199999999998,12.333333333,10.5379966,2.6699395580000003
Liverpool 038,E02001384,0.0,0.2,10467.815600000002,264.60720000000003,199.0208,139.0884,237.468,11.333333334,12.422064160000001,2.9148683408
Liverpool 039,E02001385,0.0,0.2,9010.3791,209.86149999999998,175.69799999999998,127.8691,235.24010000000004,8.999999999,11.05198986,2.7367586818000005
Liverpool 040,E02001386,0.0,0.2,5954.968800000001,446.2776,480.78360000000004,346.5936,440.1432,15.0,15.91616088,3.3691009143999997
Liverpool 041,E02001387,0.6,0.8,6182.532499999999,526.2066000000001,431.3946,242.56070000000003,519.0957,11.333333333,11.555607550000001,2.8022289815000003
Liverpool 042,E02001388,0.2,0.4,7402.3446,249.1569,180.0837,134.8572,255.7353,6.333333333,9.1818018,2.493634234
Liverpool 043,E02001389,0.0,0.2,6009.2513,244.87849999999997,197.2446,117.40750000000001,139.5472,15.999999999,8.312585180000001,2.3806360734000003
Liverpool 044,E02001390,0.0,0.2,8116.7508,372.79440000000005,353.025,212.75639999999999,356.79060000000004,18.666666668,14.269929480000002,3.1550908324000004
Liverpool 045,E02001391,0.0,0.2,4681.4205,285.3315,319.17449999999997,226.398,321.50849999999997,13.666666667,11.274270300000001,2.7656551390000006
Liverpool 046,E02001392,0.6,0.8,4245.534,394.9884,436.97069999999997,278.5023,558.1872000000001,12.0,11.3440905,2.7747317650000003
Liverpool 047,E02001393,0.8,1.0,5699.7876,527.9274,559.923,305.48179999999996,524.8802000000001,12.0,11.18672828,2.7542746764
Liverpool 048,E02001394,0.2,0.4,8113.777,442.0374,446.9164,298.59479999999996,457.6502,18.666666667,14.752632300000002,3.2178421990000006
Liverpool 049,E02001395,0.6,0.8,4849.467,345.91200000000003,313.635,241.16400000000002,339.213,11.0,8.3383671,2.3839877229999997
Liverpool 050,E02001396,0.0,0.2,6850.55,367.08000000000004,363.85999999999996,194.81,274.50500000000005,12.333333333,12.42276,2.9149588
Liverpool 051,E02001397,0.2,0.4,5406.38,557.6718000000001,532.4914,315.49559999999997,593.2206,18.333333333,15.8332874,3.358327362
Liverpool 052,E02001398,0.2,0.4,6290.0395,369.5485,368.77700000000004,249.96599999999998,436.669,10.666666667,12.718563249999999,2.9534132225
Liverpool 053,E02001399,0.6,0.8,5580.786400000001,430.276,382.6256,295.8592,422.45279999999997,11.666666667,10.19156712,2.6249037256000003
Liverpool 054,E02001400,0.0,0.2,5392.7786,336.3438,331.0366,216.26839999999999,358.236,13.666666667,12.385279960000002,2.9100863948000004
Liverpool 055,E02001401,0.4,0.6,6023.16,464.88,435.24,309.65999999999997,565.5000000000001,15.000000001,13.121628000000001,3.00581164
Liverpool 056,E02001402,0.4,0.6,7373.8596,525.111,530.6874,367.113,496.29960000000005,17.666666668,13.543402680000002,3.0606423484
Liverpool 057,E02001403,0.0,0.2,5828.5838,282.4688,216.51500000000001,136.571,197.1952,7.666666667,9.314408680000001,2.5108731284
Liverpool 058,E02001404,0.0,0.2,6548.203200000001,334.092,242.976,193.6215,273.348,11.333333333,11.44978842,2.7884724946
Liverpool 059,E02001405,0.0,0.2,8276.840400000001,453.7489,373.16769999999997,196.6565,291.6272,14.0,13.976809140000002,3.1169851882
Liverpool 060,E02006932,0.2,0.4,16773.8565,81.45119999999999,45.816300000000005,27.1504,39.0287,2.666666666,9.47294425,2.5314827525
Liverpool 061,E02006933,0.2,0.4,7622.374,207.2894,157.50730000000001,79.1617,93.8515,3.333333333,6.7434343,2.176646459
Liverpool 062,E02006934,0.4,0.6,7834.259999999999,78.08500000000001,55.545,45.08,38.64,3.666666666,3.4627879999999998,1.75016244
Luton 001,E02003258,0.8,1.0,6482.425800000001,487.2004,502.99699999999996,358.3334,482.21200000000005,8.333333334,11.021121540000001,2.7327458002
Luton 002,E02003259,0.4,0.6,5121.8076,308.1624,240.71319999999997,212.8672,304.4496,7.000000001,8.04631828,2.3460213764
Luton 003,E02003260,0.0,0.2,7497.7528,321.1866,308.4411,171.6394,198.82979999999998,8.000000001,11.234223580000002,2.7604490654000005
Luton 004,E02003261,0.4,0.6,4575.7596,288.85540000000003,340.8252,321.4876,515.4679,11.333333333,11.42827988,2.7856763844000003
Luton 005,E02003262,0.2,0.4,8428.552,433.52599999999995,417.3948,295.4026,504.1,14.0,15.301451400000001,3.2891886820000003
Luton 006,E02003263,0.4,0.6,10202.3531,407.8037,381.1815,387.232,723.6398,15.0,16.40810893,3.4330541609000003
Luton 007,E02003264,0.8,1.0,7908.7425,397.076,328.7115,255.6645,474.80549999999994,7.0,10.325380749999999,2.6422994975
Luton 008,E02003265,0.4,0.6,6249.622799999999,438.63960000000003,453.7104,341.07599999999996,446.57160000000005,9.333333333,11.97232284,2.8564019692000002
Luton 009,E02003266,0.0,0.2,8040.400200000001,341.7309,250.9731,214.8552,411.1884,11.333333332,14.22600732,3.1493809516000004
Luton 010,E02003267,0.2,0.4,12593.3121,361.9006,287.31039999999996,207.195,363.2819,10.666666667,14.341347249999998,3.1643751425
Luton 011,E02003268,0.2,0.4,10557.69,340.15299999999996,277.772,204.79799999999997,388.41,11.999999999,13.504898,3.05563674
Luton 012,E02003269,0.4,0.6,8721.2385,434.7618,403.5588,301.629,538.7718,11.666666666,13.37516595,3.0387715735
Luton 013,E02003270,0.4,0.6,6778.0525,305.5243,315.3535,250.6446,541.4250999999999,8.666666667,11.906847149999999,2.8478901294999996
Luton 014,E02003271,0.6,0.8,8512.896899999998,433.4589,387.26259999999996,201.49450000000002,293.8871,8.333333333,9.21006787,2.4973088231
Luton 015,E02003272,0.0,0.2,9421.2734,348.3984,170.0516,151.3874,277.8892,8.666666667,12.639396240000002,2.9431215112
Luton 016,E02003273,0.2,0.4,9541.452800000001,433.2064,376.46400000000006,212.784,349.184,6.333333333,13.255897600000003,3.0232666880000005
Luton 017,E02003274,0.0,0.2,10512.9018,245.8827,164.2995,147.303,258.34680000000003,10.0,12.489934680000001,2.9236915084
Luton 018,E02003275,0.0,0.2,14582.6325,312.0525,208.035,145.935,274.7925,10.666666666,15.669072000000002,3.33697936
Luton 019,E02003276,0.2,0.4,8505.4234,225.547,170.31099999999998,84.6952,218.1822,7.333333333,8.8216495,2.4468144350000003
Luton 020,E02003277,0.0,0.2,9845.476599999998,374.7068,303.7564,178.4846,384.68420000000003,12.666666666,15.16520456,3.2714765928
Luton 021,E02003278,0.2,0.4,12902.4291,329.2641,257.02049999999997,170.8839,236.181,12.0,12.49744815,2.9246682595
Maidstone 001,E02005068,0.6,0.8,5888.565,369.9135,381.3615,228.96,287.631,6.666666667,8.3405835,2.3842758550000003
Maidstone 002,E02005069,0.8,1.0,7356.595,451.229,570.6990000000001,317.055,497.17900000000003,11.999999999,11.3050785,2.769660205
Maidstone 003,E02005070,0.8,1.0,6464.057599999999,539.0528,703.7887999999999,550.0352,895.9808,16.000000001,17.03086528,3.5140124864000004
Maidstone 004,E02005071,0.2,0.4,10647.7475,332.337,284.0185,152.0265,367.692,9.0,12.933448249999998,2.9813482725
Maidstone 005,E02005072,0.8,1.0,5737.296,490.9685,566.6184999999999,367.659,400.94500000000005,10.333333333,10.0850528,2.611056864
Maidstone 006,E02005073,0.4,0.6,11002.5054,416.40479999999997,337.08959999999996,221.8347,411.4476,11.666666667,11.75029902,2.8275388726
Maidstone 007,E02005074,0.8,1.0,6024.0216,485.282,619.856,421.6652,604.3596,9.999999999,12.77376408,2.9605893304
Maidstone 008,E02005075,0.4,0.6,9252.652900000001,397.77959999999996,374.25500000000005,273.74080000000004,393.50239999999997,11.000000001,11.432848670000002,2.7862703271000004
Maidstone 009,E02005076,0.4,0.6,8891.0748,295.43760000000003,276.4737,182.6523,335.36159999999995,10.333333334,9.484345439999998,2.5329649072
Maidstone 010,E02005077,0.2,0.4,6651.1058,389.7964,431.5603,312.0009,403.7177,10.333333334,13.249801999999999,3.02247426
Maidstone 011,E02005078,0.4,0.6,6618.6007,606.7575,666.9838,457.5401,639.1179,16.666666667,16.28168581,3.4166191553000003
Maidstone 012,E02005079,0.8,1.0,6722.0727,485.0249,613.5964,427.3894,619.8032999999999,14.666666667,13.168647709999998,3.0119242023
Maidstone 013,E02005080,0.0,0.2,10634.6424,380.78639999999996,531.3588,368.3424,531.3588,14.666666667,19.89621384,3.8865077992000003
Maidstone 014,E02005081,0.6,0.8,4613.2288,492.6685,525.7335,411.3286,568.718,13.333333334,12.784780640000001,2.9620214832
Maidstone 015,E02005082,0.6,0.8,9105.697999999999,525.35,576.226,380.464,473.36800000000005,9.666666666,13.1966814,3.015568582
Maidstone 016,E02005083,0.6,0.8,5392.4508,437.9037,470.15520000000004,361.2168,505.27350000000007,15.333333333,11.738255940000002,2.8259732722000006
Maidstone 017,E02005084,0.4,0.6,5657.5592,379.1408,437.5256,311.3856,422.3888,10.0,11.142630960000002,2.7485420248000003
Maidstone 018,E02005085,0.4,0.6,5757.0443,392.315,371.6293,264.6343,346.66380000000004,10.666666668,9.746031890000001,2.5669841457
Maidstone 019,E02005086,0.6,0.8,4767.5265,410.8115,408.3255,270.974,356.74099999999993,6.999999999,9.16420395,2.4913465135
Maldon 001,E02004555,0.6,0.8,4700.536,491.82719999999995,528.33,309.3132,373.3532,8.0,10.1605864,2.620876232
Maldon 002,E02004556,0.8,1.0,5291.025000000001,507.9384,615.6154,467.838,543.5832,11.666666668,12.153020300000001,2.8798926390000004
Maldon 003,E02004557,0.6,0.8,6653.799,503.271,526.875,321.183,424.872,11.0,11.3896887,2.7806595310000004
Maldon 004,E02004558,0.4,0.6,5066.1985,345.25,479.89750000000004,336.2735,676.69,13.333333334,14.267870550000001,3.1548231715000004
Maldon 005,E02004559,0.6,0.8,5674.5434,502.7298,567.3006,389.7309,551.9266,10.666666667,12.996872119999999,2.9895933756
Maldon 006,E02004560,0.4,0.6,6986.5044,578.6508,597.7271999999999,426.03959999999995,496.8948,14.000000001,14.16313692,3.1412077996
Maldon 007,E02004561,0.6,0.8,7975.884600000001,735.7788,767.5848000000001,511.0164,611.7354,11.333333334,16.218833580000002,3.4084483654
Maldon 008,E02004562,0.6,0.8,5680.2173999999995,592.3137,634.9035,453.5025,525.2742,11.333333334,13.47383532,3.0515985916
Malvern Hills 001,E02006710,0.4,0.6,5739.121800000001,600.4434,687.5118,507.6252,678.4764,19.0,16.86013854,3.4918180102000003
Malvern Hills 002,E02006711,0.6,0.8,5956.5856,628.2304,636.5183999999999,473.2448,594.2496,13.333333333,14.492479679999999,3.1840223584
Malvern Hills 003,E02006712,0.6,0.8,5064.284999999999,536.1342,544.7238,431.6274,581.2296,13.333333334,13.3221117,3.031874521
Malvern Hills 004,E02006713,0.4,0.6,4617.7995,370.1952,431.2517,385.62,620.8481999999999,16.333333333,13.614635449999998,3.0699026084999996
Malvern Hills 005,E02006714,0.6,0.8,3802.5450000000005,400.73400000000004,492.0615,342.6165,497.04299999999995,14.0,11.091033,2.74183429
Malvern Hills 006,E02006715,0.6,0.8,6923.664000000001,528.891,533.262,334.8186,422.23859999999996,14.666666668,11.5866468,2.8062640840000004
Malvern Hills 007,E02006716,0.0,0.2,5167.148,329.216,340.147,251.413,342.07599999999996,8.0,12.3119068,2.900547884
Malvern Hills 008,E02006717,0.6,0.8,4426.1412,468.4602,470.32410000000004,374.6439,473.4306,13.333333333,11.227015259999998,2.7595119838
Malvern Hills 009,E02006718,0.6,0.8,4183.8769999999995,436.836,524.45,376.37,649.701,15.666666667,13.2551961,3.023175493
Malvern Hills 010,E02006719,0.8,1.0,5302.5830000000005,629.9865000000001,679.5360000000001,438.867,814.814,15.000000001,15.3671089,3.297724157
Malvern Hills 011,E02006720,0.4,0.6,4907.9811,569.9226,547.2954,441.2304,603.8634000000001,14.666666667,14.69516433,3.2103713629
Manchester 001,E02001045,0.0,0.2,6964.978700000001,358.04769999999996,380.37399999999997,234.83960000000002,331.58689999999996,10.666666667,13.49401572,3.0542220436000003
Manchester 002,E02001046,0.0,0.2,9203.3613,327.9132,329.9886,238.671,277.0659,14.333333333,13.807013580000001,3.0949117654
Manchester 003,E02001047,0.0,0.2,8637.727200000001,396.0792,391.07820000000004,264.0528,314.0628,18.0,14.735546520000002,3.2156210476
Manchester 004,E02001048,0.0,0.2,7728.802200000001,335.07390000000004,307.66679999999997,187.4292,282.912,9.0,12.557933220000002,2.9325313186000006
Manchester 005,E02001049,0.0,0.2,8117.789599999999,470.6248,431.5688,319.2828,424.73400000000004,18.0,16.71342936,3.4727458168
Manchester 006,E02001050,0.0,0.2,7545.5442,265.34520000000003,270.3834,133.5123,183.8943,10.666666666,10.347287220000002,2.6451473386
Manchester 007,E02001051,0.0,0.2,7907.5045,340.011,269.84999999999997,186.1965,292.33750000000003,10.666666666,12.6052332,2.938680316
Manchester 008,E02001052,0.0,0.2,12812.0712,407.0016,309.4908,190.782,414.06759999999997,19.666666666,17.573989920000002,3.5846186896
Manchester 009,E02001053,0.0,0.2,10059.1324,341.6644,273.9971,189.6903,229.6251,16.666666668,13.19712024,3.0156256312
Manchester 011,E02001055,0.0,0.2,7912.6479,390.5325,343.6686,257.29200000000003,284.859,16.333333333,13.637946240000002,3.0729330112000004
Manchester 012,E02001056,0.0,0.2,7343.1813,307.803,257.0571,191.337,219.6216,14.0,11.20502748,2.7566535724000003
Manchester 013,E02001057,0.0,0.2,10395.677000000001,289.9505,222.78050000000002,118.667,166.8055,13.333333332,11.633396200000002,2.812341506
Manchester 015,E02001059,0.0,0.2,10943.926500000001,318.8247,271.0607,201.8029,204.1911,11.333333333,13.378696400000003,3.0392305320000004
Manchester 017,E02001061,0.0,0.2,8615.685,368.5175,331.3725,212.1175,248.285,16.333333333,13.1331035,3.007303455
Manchester 018,E02001062,0.0,0.2,10036.8296,192.0772,141.1396,106.12,136.8948,9.0,10.07375936,2.6095887168000003
Manchester 019,E02001063,0.2,0.4,13668.2568,127.72760000000001,81.4088,54.740399999999994,102.46279999999999,5.666666667,9.1556828,2.490238764
Manchester 020,E02001064,0.0,0.2,9166.965600000001,303.6488,211.848,159.39040000000003,246.14720000000003,11.333333333,12.147162560000003,2.8791311328000004
Manchester 021,E02001065,0.0,0.2,8426.7766,340.056,236.15,191.75379999999998,249.3744,10.333333333,12.27186536,2.8953424968
Manchester 022,E02001066,0.0,0.2,12552.092099999998,190.1232,167.6781,96.3819,196.7247,8.666666667,12.355631459999998,2.9062320897999996
Manchester 023,E02001067,0.0,0.2,10203.572,247.084,242.652,157.336,229.356,12.000000001,12.424447200000001,2.915178136
Manchester 024,E02001068,0.0,0.2,9775.3728,217.37120000000002,141.3968,142.452,275.40720000000005,12.333333334,11.961114080000002,2.8549448304
Manchester 025,E02001069,0.0,0.2,11944.185,197.9142,163.878,118.49640000000001,181.5264,9.0,11.9832636,2.857824268
Manchester 026,E02001070,0.0,0.2,12128.757,193.12900000000002,154.759,126.62100000000001,188.013,9.666666667,12.159197200000001,2.8806956360000004
Manchester 027,E02001071,0.0,0.2,13433.7951,343.3419,250.6251,185.4336,272.35560000000004,13.666666667,15.596414460000002,3.3275338798000007
Manchester 028,E02001072,0.2,0.4,8394.2664,226.72500000000002,158.7075,106.10730000000001,183.1938,6.0,8.4532149,2.3989179370000002
Manchester 029,E02001073,0.4,0.6,8459.5864,364.7694,293.9218,161.80059999999997,292.9644,14.999999999,8.929478320000001,2.4608321816000003
Manchester 030,E02001074,0.0,0.2,10724.5176,371.4584,242.46319999999997,217.38080000000002,389.37440000000004,18.000000001,15.69847696,3.3408020048000004
Manchester 031,E02001075,0.0,0.2,8153.6633999999995,199.3176,156.4818,110.14920000000001,123.26219999999999,7.0,8.921385840000001,2.4597801592
Manchester 032,E02001076,0.2,0.4,11854.9332,126.4428,90.8424,77.3388,123.98760000000001,5.0,8.6993874,2.430920362
Manchester 033,E02001077,0.2,0.4,6443.151500000001,323.44399999999996,220.53,139.66899999999998,223.4704,8.666666666,8.73335555,2.4353362215
Manchester 034,E02001078,0.2,0.4,9121.4344,424.7934,356.10790000000003,278.9688,387.80889999999994,12.666666667,13.8660174,3.1025822620000003
Manchester 035,E02001079,0.0,0.2,8198.3628,235.83960000000002,193.3704,178.9128,230.418,11.0,11.082473280000002,2.7407215264000007
Manchester 036,E02001080,0.2,0.4,8975.4643,219.5325,198.06709999999998,152.20919999999998,212.7026,7.333333334,9.55649365,2.5423441745
Manchester 037,E02001081,0.4,0.6,5560.935600000001,224.8254,198.7863,139.72199999999998,226.73069999999998,8.0,6.47217708,2.1413830204
Manchester 038,E02001082,0.2,0.4,6061.696,202.768,137.40200000000002,114.724,154.744,6.666666667,6.848756,2.19033828
Manchester 039,E02001083,0.2,0.4,7578.432000000001,142.0956,132.46200000000002,77.8716,97.9416,4.333333333,6.4657512000000015,2.1405476560000003
Manchester 040,E02001084,0.2,0.4,7559.543999999999,314.981,238.364,148.12619999999998,252.8361,8.999999999,9.7490876,2.5673813880000003
Manchester 041,E02001085,0.0,0.2,7465.0092,279.1206,241.4016,186.0804,210.3882,7.666666666,10.908837720000001,2.7181489036000004
Manchester 042,E02001086,0.0,0.2,5755.9566,191.49360000000001,203.9538,146.2434,259.04099999999994,12.0,9.56300676,2.5431908788
Manchester 043,E02001087,0.6,0.8,7950.306799999999,454.0888,370.589,258.9432,349.01039999999995,11.0,9.90945604,2.5882292852
Manchester 044,E02001088,0.0,0.2,7899.2466,373.2792,344.0024,204.02270000000001,329.36400000000003,12.999999999,13.70648286,3.0818427718
Manchester 045,E02001089,0.4,0.6,6558.6549,328.0488,307.1589,189.5565,352.8072,13.0,9.22335507,2.4990361591
Manchester 046,E02001090,0.2,0.4,5343.537200000001,357.4624,333.1497,224.0711,313.4367,17.666666666,10.406492700000001,2.652844051
Manchester 047,E02001091,0.2,0.4,6607.6338000000005,374.44059999999996,422.54859999999996,264.594,349.5848,18.333333333,12.1645087,2.881386131
Manchester 048,E02001092,0.0,0.2,7351.945999999999,331.4955,286.79,172.074,292.69449999999995,14.666666667,12.2194471,2.8885281230000004
Manchester 049,E02001093,0.0,0.2,8189.4868,328.2903,318.002,205.766,308.649,19.333333333,13.289303580000002,3.0276094654000003
Manchester 050,E02001094,0.0,0.2,8602.199999999999,320.19300000000004,294.38640000000004,156.7512,184.46939999999998,20.666666667,11.5451082,2.800864066
Manchester 051,E02001095,0.0,0.2,7130.9322,337.0896,389.96639999999996,175.1544,228.03119999999998,15.333333333,11.876294519999998,2.8439182876
Manchester 052,E02001096,0.0,0.2,6322.428,405.216,347.004,193.536,291.06,15.666666667,12.4020288,2.912263744
Manchester 053,E02001097,0.0,0.2,6987.0918,373.89119999999997,299.75759999999997,182.11079999999998,214.3428,14.666666667,11.40738828,2.7829604764
Manchester 054,E02006902,0.0,0.2,7109.7264,103.5504,76.3776,24.2352,29.376,3.0,5.68763424,2.0393924512000003
Manchester 055,E02006912,0.2,0.4,15557.219,87.2575,68.2195,50.768,103.1225,1.333333334,9.906106,2.58779378
Manchester 056,E02006913,0.0,0.2,6967.5298,123.8639,109.7716,105.32140000000001,111.255,5.666666667,7.421005180000002,2.2647306734000003
Manchester 057,E02006914,0.2,0.4,9861.852,41.041000000000004,17.017,18.018,72.072,1.666666667,6.113107,2.0947039100000002
Manchester 058,E02006915,0.0,0.2,8936.8642,195.7806,156.05700000000002,68.0976,103.0922,9.666666667,8.83509612,2.4485624956
Manchester 059,E02006916,0.0,0.2,6099.063499999999,73.9089,49.2726,37.2703,57.484700000000004,1.0,5.2260541,1.979387033
Manchester 060,E02006917,0.4,0.6,6924.3342,112.59080000000002,29.929199999999998,27.7914,29.929199999999998,1.666666666,2.94809746,1.6832526698
Mansfield 001,E02005880,0.0,0.2,5032.605600000001,334.53,356.1948,272.0844,377.2224,10.0,12.904446960000001,2.9775781048
Mansfield 002,E02005881,0.0,0.2,4997.986999999999,372.4974,302.8893,260.8736,337.3798,12.666666668,12.2503985,2.892551805
Mansfield 003,E02005882,0.4,0.6,5598.936000000001,530.712,575.316,438.48,415.044,8.666666667,12.6537768,2.944990984
Mansfield 004,E02005883,0.0,0.2,7074.6852,395.72720000000004,384.6876,302.3152,333.73560000000003,13.000000001,14.26791872,3.1548294336000002
Mansfield 005,E02005884,0.4,0.6,4572.625,386.78000000000003,323.2875,265.62,275.5225,7.666666667,8.338487500000001,2.3840033750000003
Mansfield 006,E02005885,0.0,0.2,6313.645100000001,562.1795000000001,487.49580000000003,349.6182,492.41999999999996,16.666666667,17.39293096,3.5610810248
Mansfield 007,E02005886,0.4,0.6,9016.7199,627.5826000000001,596.091,458.87760000000003,547.7289,16.333333333,15.67055757,3.3371724841
Mansfield 008,E02005887,0.0,0.2,8916.48,400.20480000000003,327.6288,277.86240000000004,446.8608,15.0,16.2964224,3.418534912
Mansfield 009,E02005888,0.0,0.2,7329.512199999999,359.4231,319.48720000000003,227.7196,261.7076,11.000000001,12.526787220000001,2.9284823386000003
Mansfield 010,E02005889,0.2,0.4,8411.1036,606.1962,586.2348000000001,365.6088,535.806,26.666666668,17.358013200000002,3.556541716000001
Mansfield 011,E02005890,0.6,0.8,5227.84,438.6,464.44,314.84000000000003,353.59999999999997,10.666666666,9.767112,2.56972456
Mansfield 012,E02005891,0.0,0.2,5545.2549,298.3435,252.4445,202.6113,257.69010000000003,12.0,10.591653240000001,2.6769149212000003
Mansfield 013,E02005892,0.8,1.0,9498.7675,704.062,729.5539,475.8488,729.5539,14.666666666,16.12119895,3.3957558635
Medway 001,E02003314,0.2,0.4,4752.5744,469.3584,504.62440000000004,333.424,352.66,6.666666667,12.368748000000002,2.9079372400000003
Medway 002,E02003315,0.6,0.8,4396.1112,354.42560000000003,378.54,226.00240000000002,254.0424,3.666666667,7.466322959999999,2.2706219848
Medway 003,E02003316,0.4,0.6,9014.3239,528.1274,573.0511,425.1316,415.2703,9.0,13.58678957,3.0662826441
Medway 004,E02003317,0.4,0.6,5527.821999999999,304.46999999999997,338.3,234.1036,360.6278,9.0,9.3526418,2.515843434
Medway 005,E02003318,0.6,0.8,4693.8698,361.6214,364.62489999999997,235.4744,351.4095,5.0,8.63277984,2.4222613792
Medway 006,E02003319,0.2,0.4,7421.9326999999985,331.91990000000004,280.98589999999996,175.7223,279.2881,9.333333334,10.412182949999998,2.6535837835
Medway 007,E02003320,0.2,0.4,8180.251800000001,294.14979999999997,213.8451,164.2186,171.43699999999998,5.333333334,9.0347299,2.474514887
Medway 008,E02003321,0.0,0.2,5426.3847,293.8452,291.2448,209.3322,280.1931,7.000000001,11.00892342,2.7311600446
Medway 009,E02003322,0.0,0.2,7658.9472000000005,208.85000000000002,177.1048,130.3224,179.611,3.666666667,9.59273112,2.5470550456
Medway 010,E02003323,0.0,0.2,6925.0212,297.5229,211.6239,145.2474,230.3655,5.666666667,10.48186452,2.6626423876
Medway 011,E02003324,0.2,0.4,8584.6882,344.4774,357.12770000000006,201.4317,243.275,6.666666667,11.083609000000001,2.7408691700000003
Medway 012,E02003325,0.0,0.2,7059.780000000001,246.70440000000002,163.6938,139.64399999999998,148.1778,6.0,9.043500600000002,2.4756550780000004
Medway 013,E02003326,0.2,0.4,6861.3232,278.4834,331.64119999999997,217.3916,244.3672,8.333333333,10.0468242,2.606087146
Medway 014,E02003327,0.2,0.4,6429.393599999999,264.6336,330.792,216.51839999999999,276.6624,4.666666666,10.1673432,2.621754616
Medway 015,E02003328,0.0,0.2,8854.9578,280.4167,224.1393,155.248,188.2382,10.666666666,11.18134908,2.7535753804
Medway 016,E02003329,0.2,0.4,6512.0712,241.3484,196.54719999999998,130.7906,145.2426,6.000000001,7.424715,2.26521295
Medway 017,E02003330,0.2,0.4,5732.5704,279.88079999999997,265.2552,160.2168,210.07680000000002,5.333333334,8.409387599999999,2.3932203879999996
Medway 018,E02003331,0.2,0.4,7215.3991000000005,455.24989999999997,440.9955,332.3057,465.04979999999995,9.999999999,14.64416875,3.2037419375000002
Medway 019,E02003332,0.2,0.4,5181.203399999999,312.0598,311.4281,195.827,315.2183,10.666666666,9.9259021,2.590367273
Medway 020,E02003333,0.0,0.2,6610.24,215.488,153.608,107.744,193.648,6.000000001,8.889608,2.45564904
Medway 021,E02003334,0.2,0.4,5399.977000000001,199.0604,194.11479999999997,154.55,233.0614,5.333333333,7.9522157,2.333788041
Medway 022,E02003335,0.0,0.2,7086.8386,173.7458,159.96859999999998,101.7982,131.6488,5.666666667,8.213048160000001,2.3676962608000003
Medway 023,E02003336,0.6,0.8,4582.272800000001,374.1752,372.9544,314.356,459.63120000000004,9.333333334,10.24257304,2.6315344952000004
Medway 024,E02003337,0.4,0.6,6103.9405,304.2849,307.9334,221.0991,360.4718,7.000000001,9.32374175,2.5120864275
Medway 025,E02003338,0.2,0.4,5890.635200000001,351.9062,395.2622,278.9236,308.5502,6.0,11.237152600000002,2.7608298380000003
Medway 026,E02003339,0.4,0.6,5121.4489,318.6794,350.2893,276.1028,384.4796,11.0,9.84532267,2.5798919471
Medway 027,E02003340,0.2,0.4,6696.566400000001,385.5696,341.4816,222.04319999999998,370.3392,11.333333333,11.869291200000001,2.8430078560000003
Medway 028,E02003341,0.6,0.8,5201.7397,316.0567,373.98969999999997,269.7103,274.2162,6.666666666,8.05352381,2.3469580952999998
Medway 029,E02003342,0.6,0.8,4819.1572,379.86,427.34250000000003,301.35560000000004,403.28470000000004,8.333333333,9.857746859999999,2.5815070918
Medway 030,E02003343,0.8,1.0,4250.595,396.3825,492.36749999999995,363.2025,423.04499999999996,4.0,9.522186,2.53788418
Medway 031,E02003344,0.2,0.4,6007.4856,406.0854,325.871,194.8064,227.03540000000004,7.333333334,9.613552600000002,2.5497618380000002
Medway 032,E02003345,0.8,1.0,4852.651199999999,358.82280000000003,318.7572,186.18720000000002,175.5816,4.333333333,5.673288960000001,2.0375275648000004
Medway 033,E02003346,0.4,0.6,5286.4022,378.9004,407.89099999999996,269.68,399.1264,5.333333333,10.38288226,2.6497746938000004
Medway 034,E02003347,0.6,0.8,5500.049599999999,222.00560000000002,239.9392,109.4568,114.404,4.666666667,4.85951088,1.9317364144
Medway 035,E02003348,0.8,1.0,5701.455,538.51,640.5600000000001,390.92999999999995,577.76,8.333333334,12.3785865,2.9092162450000005
Medway 036,E02003349,0.6,0.8,5651.381,407.1346,514.4300000000001,370.38960000000003,407.1346,9.333333333,10.8978321,2.7167181730000003
Medway 037,E02003350,0.4,0.6,5030.421,296.4555,357.3625,210.06699999999998,320.694,7.0,8.6402173,2.423228249
Medway 038,E02003351,0.4,0.6,6482.3584,395.1888,440.1504,312.3648,259.5152,9.333333333,9.48405792,2.5329275296000002
Melton 001,E02005391,0.8,1.0,7224.439600000001,755.3756,699.6752,511.0756,577.5252,15.333333333,13.985588680000001,3.1181265284000004
Melton 002,E02005392,0.8,1.0,7078.433899999999,514.4131,566.494,405.68280000000004,571.0625,11.666666666,12.595445869999999,2.9374079631
Melton 003,E02005393,0.6,0.8,5441.6052,505.94759999999997,446.17320000000007,315.23879999999997,409.16999999999996,9.000000001,10.506133559999999,2.6657973628
Melton 004,E02005394,0.4,0.6,7745.200400000001,552.9524,554.8858,319.011,495.9171,13.333333333,13.51407932,3.0568303116
Melton 005,E02005395,0.4,0.6,6817.968899999999,538.8409,531.7857,390.6817,541.4866,14.666666667,14.09214467,3.1319788071000003
Melton 006,E02005396,0.6,0.8,4813.264499999999,471.7724,510.6475,370.3018,424.3316,13.000000001,10.94927075,2.7234051975
Mendip 001,E02006047,0.4,0.6,6406.0145999999995,627.6365999999999,655.9703999999999,388.0872,510.867,11.666666667,14.25988638,3.1537852294
Mendip 002,E02006048,0.6,0.8,5362.4916,518.0844000000001,479.91720000000004,332.9028,375.31080000000003,11.333333333,10.357517880000001,2.6464773244
Mendip 003,E02006049,0.8,1.0,5399.94,541.9375,578.5649999999999,438.7825,515.0275,9.666666667,11.720202,2.82362626
Mendip 004,E02006050,0.2,0.4,7286.5974,480.0036,388.10699999999997,289.0728,480.0036,9.333333333,14.4192903,3.174507739
Mendip 005,E02006051,0.6,0.8,5745.84,564.0930000000001,634.302,470.481,655.284,17.0,14.949675,3.24345775
Mendip 006,E02006052,0.6,0.8,5723.737499999999,526.1958,529.3002,400.4676,581.2989,14.000000001,13.283339549999999,3.0268341415
Mendip 007,E02006053,0.4,0.6,8441.460000000001,532.1790000000001,467.95050000000003,333.3765,419.0145,11.666666666,12.497031,2.92461403
Mendip 008,E02006054,0.4,0.6,5787.1188,547.5876,639.9617999999999,470.19300000000004,877.9710000000001,23.0,18.747968040000003,3.7372358452000007
Mendip 009,E02006055,0.4,0.6,7605.3834,460.1778,451.87800000000004,289.57079999999996,417.7566,8.666666667,11.759986620000001,2.8287982606
Mendip 010,E02006056,0.6,0.8,5621.8778999999995,499.43789999999996,552.1689,390.2094,468.5526,13.0,11.999240369999999,2.8599012481
Mendip 011,E02006057,0.2,0.4,5795.0496,557.4552,555.126,366.4608,490.68480000000005,13.333333334,15.2438376,3.281698888
Mendip 012,E02006058,0.6,0.8,6902.3564,535.62,567.7572,391.0026,528.4784000000001,16.333333333,13.18125112,3.0135626456000004
Mendip 013,E02006059,0.4,0.6,4846.7204,528.8932,580.3604,360.9476,454.40119999999996,14.666666666,12.451744119999999,2.9187267356
Mendip 014,E02006060,0.4,0.6,6501.2888,418.9848,439.6448,338.824,566.0840000000001,13.666666667,13.372887440000003,3.0384753672
Merton 001,E02000689,0.8,1.0,7491.0528,290.2284,199.584,163.8252,169.6464,6.0,5.91217704,2.0685830152
Merton 002,E02000690,0.8,1.0,4162.62,350.0385,353.934,248.199,450.2085,8.666666666,8.8500195,2.450502535
Merton 003,E02000691,0.8,1.0,6684.282,236.313,228.0608,123.03280000000001,231.0616,5.0,6.090873800000001,2.091813594
Merton 004,E02000692,0.8,1.0,6476.887199999999,327.9932,353.0428,238.754,432.1056,8.0,9.252069759999998,2.5027690687999997
Merton 005,E02000693,0.6,0.8,8572.284000000001,245.8608,203.6328,132.3144,229.90800000000002,6.666666668,7.068498,2.21890474
Merton 006,E02000694,0.8,1.0,8266.27,290.4612,255.752,145.2306,175.3728,6.666666667,6.2275612,2.109582956
Merton 007,E02000695,0.6,0.8,7279.106400000001,296.9352,243.252,231.5088,339.714,7.000000001,8.64500832,2.4238510816
Merton 008,E02000696,0.4,0.6,7331.2974,227.829,168.67340000000002,114.3142,152.6854,5.333333333,5.847850820000001,2.0602206066
Merton 009,E02000697,0.8,1.0,8175.816,222.75,226.314,118.503,166.61700000000002,4.666666667,5.7761748,2.050902724
Merton 010,E02000698,0.8,1.0,6584.657799999999,369.3228,360.5294,286.1852,392.5054,7.333333332,9.18358714,2.4938663282
Merton 011,E02000699,0.8,1.0,7294.371,291.808,261.964,171.603,271.083,4.666666666,7.1357833,2.227651829
Merton 012,E02000700,0.2,0.4,7614.7918,296.91089999999997,247.0028,133.65220000000002,166.6423,5.666666666,8.6214128,2.420783664
Merton 013,E02000701,0.4,0.6,7485.731399999999,297.3344,237.3607,175.6976,250.0312,6.0,7.84439102,2.3197708325999997
Merton 014,E02000702,0.2,0.4,7822.5578000000005,317.18960000000004,207.3932,160.3376,206.52179999999998,7.333333333,9.293045300000001,2.5080958890000002
Merton 015,E02000703,0.8,1.0,6503.594400000001,397.10519999999997,354.04560000000004,284.6718,434.583,7.0,9.65715192,2.5554297496
Merton 016,E02000704,0.6,0.8,7281.731,277.3202,249.09,190.1387,304.72009999999995,9.333333333,8.0381343,2.3449574589999997
Merton 017,E02000705,0.6,0.8,7318.405599999999,371.9496,260.7044,216.546,324.39439999999996,10.666666666,8.63330688,2.4223298944
Merton 018,E02000706,0.2,0.4,8499.056,311.582,205.5315,162.3605,205.5315,12.333333333,9.6093015,2.5492091950000004
Merton 019,E02000707,0.2,0.4,6601.2624000000005,293.6876,220.63840000000002,150.5708,187.8408,10.333333334,8.3723328,2.388403264
Merton 020,E02000708,0.8,1.0,7188.496,375.5311,351.7955,207.6865,354.33860000000004,8.666666666,8.547359100000001,2.411156683
Merton 021,E02000709,0.8,1.0,6253.148,360.2858,381.0272,281.1612,406.37780000000004,9.0,9.2345322,2.5004891860000003
Merton 022,E02000710,0.2,0.4,7167.5922,337.409,297.2616,241.7386,497.99860000000007,12.0,13.4532229,3.048918977
Merton 023,E02000711,0.2,0.4,7930.637,243.815,256.2274,162.2478,273.9594,11.666666667,10.144920500000001,2.6188396650000003
Merton 024,E02000712,0.2,0.4,7477.919999999999,321.1005,299.46299999999997,189.5445,369.56850000000003,13.333333333,11.661747,2.8160271100000003
Merton 025,E02000713,0.8,1.0,6102.3372,347.0277,373.7793,231.1041,376.0086,10.000000001,8.56393026,2.4133109338
Mid Devon 001,E02004164,0.4,0.6,4866.9577,504.95279999999997,570.1080000000001,367.8554,477.80480000000006,9.000000001,12.691214910000001,2.9498579383
Mid Devon 002,E02004165,0.6,0.8,6152.552,554.9194,629.7018,482.68640000000005,678.1404,11.666666667,15.347388,3.29516044
Mid Devon 003,E02004166,0.6,0.8,5119.7914,417.76309999999995,483.9033,340.8245,387.3926000000001,19.666666667,10.272517920000002,2.6354273296000006
Mid Devon 004,E02004167,0.2,0.4,6149.074499999999,333.7749,339.0018,261.345,385.29720000000003,11.333333334,11.884850550000001,2.8450305715
Mid Devon 005,E02004168,0.2,0.4,4991.9905,374.00509999999997,338.6859,241.5581,360.1297,13.333333334,10.985217250000002,2.7280782425000005
Mid Devon 006,E02004169,0.6,0.8,5561.1318,446.10720000000003,443.9346,333.8562,456.97020000000003,10.0,11.03224554,2.7341919202
Mid Devon 007,E02004170,0.6,0.8,6983.118,475.131,462.92580000000004,342.61740000000003,454.2078,14.333333333,11.6062734,2.808815542
Mid Devon 008,E02004171,0.6,0.8,6230.3646,544.369,531.2714,373.2816,506.71340000000004,11.0,12.52318838,2.9280144894
Mid Devon 009,E02004172,0.4,0.6,4728.710999999999,502.164,518.9028000000001,314.8182,373.404,11.0,10.868309700000001,2.7128802610000005
Mid Devon 010,E02004173,0.4,0.6,5502.6699,568.5771000000001,536.7012000000001,347.6697,457.3821,12.333333334,12.509363369999999,2.9262172381
Mid Devon 011,E02004174,0.6,0.8,6046.107,471.033,488.39099999999996,357.417,527.052,11.333333333,12.2941191,2.898235483
Mid Suffolk 001,E02006261,0.4,0.6,5567.9619999999995,629.0032,730.8953,500.6352,595.3066,12.000000001,15.999466600000002,3.379930658
Mid Suffolk 002,E02006262,0.6,0.8,6515.6175,707.4099,769.1607,506.7198,581.184,14.0,15.372770850000002,3.2984602105
Mid Suffolk 003,E02006263,0.6,0.8,5370.9809000000005,557.6469999999999,664.593,496.535,548.4802,9.666666667,13.90091747,3.1071192711
Mid Suffolk 004,E02006264,0.8,1.0,6533.6523,546.2604,558.285,411.4131,539.3892,10.999999999,12.159533189999998,2.8807393146999996
Mid Suffolk 005,E02006265,0.6,0.8,5251.2925000000005,509.7159,506.1314,404.3316,497.52860000000004,11.666666666,12.113817750000003,2.8747963075000005
Mid Suffolk 006,E02006266,0.6,0.8,6868.7591999999995,731.1688,781.1304,536.1264,692.7368,18.333333334,16.94822376,3.5032690888000007
Mid Suffolk 007,E02006267,0.6,0.8,6371.3552,699.7144,603.4392,389.3988,532.952,10.666666667,13.53405816,3.0594275608
Mid Suffolk 008,E02006268,0.2,0.4,4769.248,434.84319999999997,416.3528,304.1352,449.50800000000004,17.333333334,12.8776072,2.9740889360000002
Mid Suffolk 009,E02006269,0.6,0.8,5531.8769999999995,458.98940000000005,467.71819999999997,326.6026,488.08539999999994,11.0,11.450367099999998,2.7885477229999998
Mid Suffolk 010,E02006270,0.6,0.8,11425.213,485.3892,499.9774,336.8548,514.5656,12.333333333,13.7427475,3.0865571750000003
Mid Suffolk 011,E02006271,0.6,0.8,7362.3696,501.34319999999997,587.2343999999999,393.9792,490.14,15.333333334,12.92177088,2.9798302144
Mid Suffolk 012,E02006272,0.6,0.8,5439.356,544.388,602.446,382.278,571.532,13.0,13.328608800000001,3.0327191440000005
Mid Sussex 001,E02006604,0.6,0.8,10328.8248,651.0196,611.135,492.7678,780.9662,16.0,17.899693839999998,3.6269601992
Mid Sussex 002,E02006605,0.8,1.0,5159.4815,318.877,388.59099999999995,260.782,327.914,11.0,7.873744449999999,2.3235867785
Mid Sussex 003,E02006606,0.8,1.0,6762.555600000001,487.1152,520.3276,350.8592,395.99399999999997,5.333333334,10.153882280000001,2.6200046964000006
Mid Sussex 004,E02006607,0.8,1.0,6219.7228000000005,481.3368,539.4574,391.2908,554.1922,12.666666667,11.960073439999999,2.8548095472
Mid Sussex 005,E02006608,0.8,1.0,4674.4716,460.43640000000005,510.33279999999996,308.8524,361.90680000000003,12.333333334,8.869116680000001,2.4529851684
Mid Sussex 006,E02006609,0.8,1.0,5374.908,428.967,442.13399999999996,318.08700000000005,367.29,5.333333333,8.9852994,2.468088922
Mid Sussex 007,E02006610,0.6,0.8,5997.571199999999,372.6036,363.6252,308.2584,439.9416,15.666666667,10.37962896,2.6493517648
Mid Sussex 008,E02006611,0.8,1.0,8552.9015,620.675,716.5975,603.7475,791.0785,20.000000001,16.96101645,3.5049321385
Mid Sussex 009,E02006612,0.8,1.0,9759.3958,455.50190000000003,520.9134,412.68710000000004,740.9339,19.666666666,15.09435774,3.2622665062
Mid Sussex 010,E02006613,0.6,0.8,6544.149,362.30039999999997,341.12699999999995,237.61260000000001,356.0268,8.666666667,9.1567113,2.490372469
Mid Sussex 011,E02006614,0.8,1.0,9684.070199999998,545.631,564.4054,408.34319999999997,531.5502000000001,12.666666666,13.01406206,2.9918280678
Mid Sussex 012,E02006615,0.8,1.0,5988.0599999999995,320.112,282.906,197.964,230.25599999999997,8.0,6.52509,2.1482617
Mid Sussex 013,E02006616,0.8,1.0,7060.504500000001,434.8575,487.5675,310.1105,492.83849999999995,11.333333333,10.934777350000001,2.7215210555000002
Mid Sussex 014,E02006617,0.6,0.8,7588.8671,447.9507,465.79359999999997,350.2843,540.9216,15.333333333,12.73729503,2.9558483539000004
Mid Sussex 015,E02006618,0.8,1.0,4692.1564,404.85560000000004,377.6968,314.53679999999997,526.1228,11.333333333,10.332786519999999,2.6432622476
Mid Sussex 016,E02006619,0.6,0.8,7198.8418,461.4868,455.3219,280.94329999999997,409.5255,8.333333333,10.81341074,2.7057433962
Mid Sussex 017,E02006620,0.8,1.0,7304.252799999999,564.8332,612.3148,486.6864,922.9236,18.333333334,17.131163439999998,3.5270512472
Middlesbrough 001,E02002496,0.0,0.2,12300.3332,303.6957,207.72260000000003,145.9317,189.3168,15.0,13.230614919999999,3.0199799395999998
Middlesbrough 002,E02002497,0.0,0.2,5214.78,260.13960000000003,204.9948,134.865,178.6212,11.666666667,8.5420494,2.410466422
Middlesbrough 003,E02002498,0.0,0.2,8790.5642,248.66420000000002,186.97269999999997,119.5866,146.1614,11.333333333,10.04356602,2.6056635826
Middlesbrough 004,E02002499,0.0,0.2,6530.161400000001,324.93580000000003,232.8457,146.74519999999998,252.3119,15.333333333,10.761963540000002,2.6990552602000006
Middlesbrough 005,E02002500,0.0,0.2,5105.407999999999,272.32,211.34400000000002,133.2,198.32000000000002,7.333333333,8.7938048,2.443194624
Middlesbrough 006,E02002501,0.0,0.2,4664.3036,248.98610000000002,178.7731,152.8483,156.62900000000002,9.333333333,7.886864260000001,2.3252923538
Middlesbrough 007,E02002502,0.0,0.2,7726.369000000001,509.257,381.71000000000004,262.542,429.19100000000003,17.666666666,16.078742400000003,3.3902365120000004
Middlesbrough 008,E02002503,0.0,0.2,5786.5104,253.72439999999997,226.4922,142.1388,232.47000000000003,7.666666666,9.65760084,2.5554881092
Middlesbrough 009,E02002504,0.4,0.6,8421.7624,396.3644,396.3644,269.8025,327.68739999999997,14.333333334,10.45577892,2.6592512596000004
Middlesbrough 010,E02002505,0.0,0.2,5323.1759999999995,262.548,216.648,94.86,221.544,10.666666667,8.9124336,2.4586163680000004
Middlesbrough 011,E02002506,0.0,0.2,4886.480799999999,226.651,222.6344,157.795,244.4388,11.666666667,9.21614608,2.4980989904
Middlesbrough 012,E02002507,0.6,0.8,4847.6935,305.9784,301.7287,282.3015,332.08369999999996,7.333333332,8.33760785,2.3838890205
Middlesbrough 013,E02002508,0.6,0.8,3798.2247999999995,304.1428,284.81600000000003,269.0494,429.76700000000005,9.0,8.95970104,2.4647611352
Middlesbrough 014,E02002509,0.2,0.4,4343.2668,334.5948,238.14960000000002,150.864,320.04720000000003,7.666666666,9.0246306,2.473201978
Middlesbrough 015,E02002510,0.6,0.8,4238.5598,407.89000000000004,489.468,312.9099,378.1723,13.333333333,9.76966474,2.5700564162
Middlesbrough 017,E02002512,0.8,1.0,3892.266,352.4472,378.9072,293.1768,375.732,13.333333333,8.229324600000002,2.369812198
Middlesbrough 018,E02002513,0.0,0.2,7033.128,586.094,527.932,332.8656,467.9804,16.0,17.735830800000002,3.6056580040000004
Middlesbrough 019,E02002514,0.2,0.4,6840.8674,527.6224,503.324,304.5978,502.4562,17.666666667,15.1782559,3.2731732669999998
Middlesbrough 020,E02006811,0.8,1.0,7664.8686,619.7952,691.1532,524.991,695.2308000000002,19.666666666,15.193851180000001,3.2752006534
Milton Keynes 001,E02003459,0.8,1.0,6272.728,557.669,577.7954,394.98060000000004,581.1498,16.0,12.520298,2.92763874
Milton Keynes 002,E02003460,0.6,0.8,8590.848000000002,646.272,663.68,440.64,536.384,11.333333333,14.6279424,3.201632512
Milton Keynes 003,E02003461,0.6,0.8,5411.484,472.2354,507.78000000000003,352.5444,509.2307999999999,16.0,11.963296799999998,2.855228584
Milton Keynes 004,E02003462,0.8,1.0,6107.0604,425.671,378.2068,270.4706,354.098,5.666666668,8.68730472,2.4293496136000003
Milton Keynes 005,E02003463,0.4,0.6,5118.6123,482.9004,458.49150000000003,242.1099,294.88590000000005,8.000000001,9.326640690000001,2.5124632897000003
Milton Keynes 006,E02003464,0.2,0.4,5917.6764,318.519,257.526,151.8048,131.4738,7.0,7.584818400000001,2.286026392
Milton Keynes 007,E02003465,0.6,0.8,4661.797,457.3165,379.76349999999996,257.279,398.22850000000005,8.0,9.4991346,2.534887498
Milton Keynes 008,E02003466,0.4,0.6,6995.947800000001,284.2153,225.1678,131.4791,235.4027,7.0,7.18159314,2.2336071082
Milton Keynes 009,E02003467,0.2,0.4,5356.4344,354.3368,261.2264,169.4092,323.9466,10.666666667,9.8593568,2.581716384
Milton Keynes 010,E02003468,0.6,0.8,6534.0154,467.4245,452.5331,359.0482,459.15149999999994,8.666666668,11.55109352,2.8016421576
Milton Keynes 011,E02003469,0.6,0.8,4501.3626,392.6948,357.25100000000003,162.5914,212.10019999999997,7.666666666,6.7108615799999995,2.1724120054
Milton Keynes 012,E02003470,0.0,0.2,5411.925,235.17,187.533,112.76100000000001,83.817,7.000000001,7.155801,2.23025413
Milton Keynes 013,E02003471,0.4,0.6,5515.3494,364.59720000000004,296.6436,176.418,179.685,6.666666666,6.785101620000001,2.1820632106
Milton Keynes 014,E02003472,0.2,0.4,9189.4165,247.5396,145.3804,93.3185,147.345,4.333333333,8.34021815,2.3842283595
Milton Keynes 015,E02003473,0.8,1.0,4688.2514,294.1736,250.9458,211.6478,168.9814,4.666666667,5.41374862,2.0037873206
Milton Keynes 016,E02003474,0.4,0.6,7809.6083,403.96070000000003,356.4886,178.2443,207.8024,7.333333334,8.13985289,2.3581808757
Milton Keynes 017,E02003475,0.8,1.0,20430.412800000002,516.8408000000001,327.9116,175.8996,264.93519999999995,8.666666667,11.612413840000002,2.8096137992
Milton Keynes 018,E02003476,0.0,0.2,8012.934,338.499,270.44100000000003,138.8025,194.3235,10.333333333,11.155959900000001,2.7502747870000004
Milton Keynes 019,E02003477,0.6,0.8,12985.6279,401.9602,391.83889999999997,289.18,390.393,9.0,12.00718737,2.8609343581
Milton Keynes 020,E02003478,0.6,0.8,5876.419000000001,305.1086,308.5291,140.9246,211.3869,4.0,6.637138200000001,2.162827966
Milton Keynes 021,E02003479,0.2,0.4,6776.267599999999,252.6567,232.53359999999998,94.6531,96.889,7.333333334,6.901478,2.1971921400000003
Milton Keynes 022,E02003480,0.6,0.8,7289.776,306.232,225.43200000000002,137.36,121.2,4.666666666,5.7211248,2.043746224
Milton Keynes 023,E02003481,0.0,0.2,7109.916,347.8464,239.14440000000002,172.31279999999998,182.7804,10.666666667,10.600458,2.67805954
Milton Keynes 024,E02003482,0.8,1.0,5378.438,367.015,344.3268,225.54739999999998,357.0055,6.333333333,8.0910125,2.351831625
Milton Keynes 025,E02003483,0.8,1.0,10499.6634,276.4548,205.65540000000001,102.2658,155.08440000000002,5.0,6.331376820000001,2.1230789866000004
Milton Keynes 026,E02003484,0.6,0.8,6070.3604000000005,375.4348,324.142,168.1264,185.22400000000002,5.666666667,6.74664172,2.1770634236
Milton Keynes 027,E02003485,0.4,0.6,6577.3404,405.55350000000004,400.6377,373.6008,436.6869,12.999999999,11.868707520000001,2.8429319776
Milton Keynes 028,E02003486,0.8,1.0,8545.2336,294.4692,206.31599999999997,160.3638,172.55519999999999,4.333333333,6.26506668,2.1144586684
Milton Keynes 029,E02003487,0.4,0.6,5595.440300000001,439.9921,476.5971,371.9068,436.3316,8.666666666,11.932424690000001,2.8512152097000003
Milton Keynes 030,E02003488,0.2,0.4,6368.1738000000005,407.5884,383.1015,315.96,424.9662,8.666666667,13.2505725,3.022574425
Milton Keynes 031,E02003489,0.6,0.8,5724.691199999999,385.7688,438.039,256.9338,556.5672,11.0,11.648009159999999,2.8142411908
Milton Keynes 032,E02003490,0.0,0.2,8184.684,266.1612,281.604,144.43560000000002,208.02360000000002,19.333333333,11.156968800000001,2.7504059440000006
Mole Valley 001,E02006362,0.8,1.0,5098.2225,362.4775,431.07250000000005,319.4375,513.1175000000001,8.333333334,10.358046750000002,2.6465460775
Mole Valley 002,E02006363,0.8,1.0,4757.847599999999,321.36719999999997,356.1096,287.8656,480.81000000000006,10.666666666,9.510545879999999,2.5363709643999997
Mole Valley 003,E02006364,0.6,0.8,6329.9428,306.2396,284.6839,192.5147,319.61899999999997,6.333333334,8.12858014,2.3567154182000003
Mole Valley 004,E02006365,0.8,1.0,4613.872,375.445,398.161,333.168,590.616,8.000000001,11.0939896,2.742218648
Mole Valley 005,E02006366,0.8,1.0,5971.6224,489.9096,531.4680000000001,379.62,618.5808,10.333333332,12.53673072,2.9297749935999997
Mole Valley 006,E02006367,0.8,1.0,4086.2208,337.0672,412.4184,365.8272,549.8911999999999,12.0,10.602776639999998,2.6783609632
Mole Valley 007,E02006368,0.8,1.0,3909.0924,374.11019999999996,391.24080000000004,296.7462,554.8104000000001,10.666666666,10.290075120000001,2.6377097656000004
Mole Valley 008,E02006369,0.8,1.0,4364.831,478.3114,535.1468,401.6794,606.0313999999998,10.999999999,12.011108099999998,2.8614440529999996
Mole Valley 009,E02006370,0.8,1.0,4923.424,357.3856,349.88800000000003,264.9152,351.7624,11.666666666,8.0855368,2.3511197839999998
Mole Valley 010,E02006371,0.8,1.0,5758.001700000001,372.1032,376.53299999999996,305.6562,569.9676,11.0,11.02259751,2.7329376763
Mole Valley 011,E02006372,0.4,0.6,5199.3892,328.0536,320.2428,245.3893,415.27419999999995,7.0,9.952521359999999,2.5938277768
Mole Valley 012,E02006373,0.6,0.8,5971.0096,426.0628,475.106,327.2101,463.6115,9.333333333,11.279629479999999,2.7663518324
Mole Valley 013,E02006374,0.6,0.8,5409.159000000001,490.7058,497.8278,336.1584,387.4368,9.0,10.538067300000002,2.6699487490000005
New Forest 001,E02004779,0.6,0.8,7481.7288,849.213,869.7672,613.3806,1004.9921999999999,24.999999999,21.54383064,4.1006979832
New Forest 002,E02004780,0.4,0.6,4571.0653999999995,366.0668,382.76039999999995,254.5774,386.9338,9.0,9.80516482,2.5746714266
New Forest 003,E02004781,0.6,0.8,6959.481,423.2518,424.9482,245.978,427.4928,10.666666666,10.5664515,2.673638695
New Forest 004,E02004782,0.4,0.6,6179.9544000000005,465.624,439.93440000000004,358.0488,585.2411999999999,15.0,13.71615912,3.0831006856
New Forest 005,E02004783,0.6,0.8,5938.298600000001,347.33720000000005,332.01349999999996,255.395,424.6854,11.333333333,9.752732380000001,2.5678552094000002
New Forest 006,E02004784,0.6,0.8,3864.5784,428.822,484.6552,346.5112,630.8576,16.666666666,12.62762792,2.9415916296000004
New Forest 007,E02004785,0.6,0.8,3749.062499999999,454.5,515.25,362.25,544.5,11.0,11.89546875,2.8464109375
New Forest 008,E02004786,0.6,0.8,7139.394000000001,515.943,445.22999999999996,306.423,323.01,9.0,10.0398492,2.605180396
New Forest 009,E02004787,0.8,1.0,4798.873600000001,540.4672,705.28,516.7103999999999,863.4112,14.666666667,16.01223168,3.3815901184
New Forest 010,E02004788,0.6,0.8,5280.2022,512.2529999999999,547.1298,422.88120000000004,502.8072000000001,15.333333333,12.442371060000003,2.917508237800001
New Forest 011,E02004789,0.4,0.6,8079.758400000001,617.1592,616.0896,516.6168,866.376,22.0,19.618817120000003,3.8504462256000007
New Forest 012,E02004790,0.4,0.6,5966.7636,441.21,473.298,399.49559999999997,740.4305999999999,21.000000001,15.84778188,3.3602116443999996
New Forest 013,E02004791,0.4,0.6,4534.125,319.225,309.055,220.35,266.115,8.666666666,7.7503875,2.307550375
New Forest 014,E02004792,0.6,0.8,5823.5112,706.7736,728.6759999999999,490.27680000000004,672.2352000000001,19.666666665,15.92127576,3.3697658488
New Forest 015,E02004793,0.8,1.0,4932.0519,593.4427999999999,652.1845999999999,534.7009999999999,820.1259,21.333333334,15.66576027,3.3365488351000003
New Forest 016,E02004794,0.6,0.8,4885.289999999999,554.5125,627.75,359.2125,547.5375,12.666666667,12.904587,2.97759631
New Forest 017,E02004795,0.6,0.8,6235.5599,664.7368,706.7393999999999,575.253,947.7978,19.666666666,19.32913997,3.8127881961000005
New Forest 018,E02004796,0.8,1.0,6112.6065,812.8725000000001,1030.9365,771.0120000000001,1006.5989999999999,21.999999999,20.449048949999998,3.9583763635
New Forest 019,E02004797,0.4,0.6,6151.559700000001,565.6794,515.1432000000001,388.8027,529.815,11.333333333,13.727995710000002,3.0846394423000003
New Forest 020,E02004798,0.2,0.4,4840.224,331.5744,407.79839999999996,299.17920000000004,472.58879999999994,9.666666667,12.811348800000001,2.9654753440000006
New Forest 021,E02004799,0.6,0.8,5143.0808,530.1978,734.4942,591.8109999999999,1108.2269,19.999999999,20.69084754,3.9898101802
New Forest 022,E02004800,0.8,1.0,3748.5,755.055,989.145,846.855,1311.975,26.333333333,23.278950000000002,4.3262635000000005
New Forest 023,E02004801,0.8,1.0,4190.465700000001,678.9555,1012.4775,751.2186,1307.0886000000003,23.666666667,22.774073310000002,4.2606295303
Newark and Sherwood 001,E02005893,0.2,0.4,8884.668,592.0915,590.993,421.82399999999996,493.22650000000004,15.666666666,17.454066500000003,3.5690286450000004
Newark and Sherwood 002,E02005894,0.4,0.6,8599.536,571.1551999999999,595.848,406.8944,563.64,16.666666667,15.3106096,3.290379248
Newark and Sherwood 003,E02005895,0.6,0.8,5641.963,622.457,682.232,479.794,542.757,10.333333333,14.0357279,3.1246446270000003
Newark and Sherwood 004,E02005896,0.6,0.8,5189.3171999999995,552.4404,735.0778,465.6499,605.2693999999999,13.333333333,14.588200059999998,3.1964660078
Newark and Sherwood 005,E02005897,0.6,0.8,6966.4716,632.3897,667.5739,436.0989,556.4659,17.333333333,14.32663588,3.1624626644
Newark and Sherwood 006,E02005898,0.2,0.4,9168.9224,558.7802,537.504,400.8884,529.6654,11.999999999,17.573021400000002,3.5844927820000008
Newark and Sherwood 007,E02005899,0.2,0.4,10537.082,589.3832,468.0396,352.887,434.6082,22.999999999,16.594356400000002,3.4572663320000006
Newark and Sherwood 008,E02005900,0.8,1.0,5164.0917,439.0254,636.3651,503.3271,646.7125,11.666666667,13.330481509999998,3.0329625963
Newark and Sherwood 009,E02005901,0.4,0.6,7950.716399999999,483.15000000000003,441.59909999999996,370.0929,417.4416,12.0,12.347767919999999,2.9052098296
Newark and Sherwood 010,E02005902,0.2,0.4,6600.3357,525.4375,502.7386,306.8555,471.6327,10.333333333,14.695015650000002,3.2103520345000005
Newark and Sherwood 011,E02005903,0.4,0.6,7465.9552,630.4496,677.1863999999999,551.892,619.5112,16.666666667,16.95491776,3.5041393088
Newark and Sherwood 012,E02005904,0.6,0.8,7129.598,565.117,593.978,414.29499999999996,607.012,12.333333333,14.393632399999998,3.171172212
Newark and Sherwood 013,E02005905,0.8,1.0,5012.76,431.50380000000007,515.5014,325.152,488.4054,11.666666667,10.3960578,2.6514875140000003
Newcastle upon Tyne 001,E02001708,0.4,0.6,10611.738000000001,654.8742,572.8572,316.7118,461.8187999999999,14.333333334,14.226795,3.1494833499999997
Newcastle upon Tyne 002,E02001709,0.8,1.0,7853.725600000001,581.2324,585.2828,423.2668,680.4671999999999,20.333333333,14.29062128,3.1577807664
Newcastle upon Tyne 003,E02001710,0.0,0.2,7978.5446,489.749,413.1348,279.3024,536.2994,25.000000001,17.692255359999997,3.5999931968
Newcastle upon Tyne 004,E02001711,0.0,0.2,7731.8415,411.2382,403.727,304.2036,537.0508,18.666666666,17.2879657,3.5474355410000005
Newcastle upon Tyne 005,E02001712,0.8,1.0,7834.356,530.0568000000001,469.86719999999997,285.41519999999997,590.2463999999999,16.0,12.269941199999998,2.895092356
Newcastle upon Tyne 006,E02001713,0.6,0.8,8214.4,571.9276,510.31960000000004,351.16560000000004,621.2139999999999,14.666666667,14.2386356,3.151022628
Newcastle upon Tyne 007,E02001714,0.8,1.0,7786.3905,543.1922999999999,482.3091,234.0198,468.03959999999995,14.0,10.705454549999999,2.6917090915
Newcastle upon Tyne 008,E02001715,0.0,0.2,9779.9872,469.696,457.09439999999995,265.7792,485.7344,16.999999999,18.191211520000003,3.664857497600001
Newcastle upon Tyne 011,E02001718,0.0,0.2,4840.402,288.80400000000003,299.37,180.796,260.628,11.333333334,10.2382192,2.630968496
Newcastle upon Tyne 012,E02001719,0.6,0.8,7031.6103,444.873,444.0007,297.4543,505.93399999999997,14.999999999,11.827777390000001,2.8376110607000005
Newcastle upon Tyne 013,E02001720,0.8,1.0,8797.464,226.54,239.072,151.34799999999998,225.576,5.0,6.808539199999999,2.185110096
Newcastle upon Tyne 014,E02001721,0.2,0.4,8053.7785,512.6909999999999,627.995,428.272,671.2339999999999,20.0,19.12965425,3.7868550525
Newcastle upon Tyne 015,E02001722,0.0,0.2,7901.6037,432.7611,471.38280000000003,350.5662,747.6765000000001,18.999999999,20.687763120000003,3.9894092056000003
Newcastle upon Tyne 016,E02001723,0.0,0.2,5606.9634,245.87939999999998,213.9216,163.7022,293.49,12.333333334,10.330978439999999,2.6430271972
Newcastle upon Tyne 017,E02001724,0.6,0.8,8159.2991999999995,252.34,238.576,198.2016,326.6656,7.333333334,8.49110336,2.4038434368
Newcastle upon Tyne 018,E02001725,0.2,0.4,9537.689,210.73200000000003,218.996,138.422,225.194,8.666666667,9.948306500000001,2.5932798450000005
Newcastle upon Tyne 019,E02001726,0.2,0.4,10649.376,490.692,459.792,281.808,478.332,19.999999999,16.348572,3.42531436
Newcastle upon Tyne 020,E02001727,0.0,0.2,6673.1182,479.1644,472.4628,304.9228,447.33180000000004,18.333333333,16.26444812,3.4143782556
Newcastle upon Tyne 021,E02001728,0.0,0.2,7501.5132,522.9648,557.0712,391.2762,502.12200000000007,20.333333333,18.665485320000002,3.7265130916
Newcastle upon Tyne 022,E02001729,0.2,0.4,13073.0612,262.789,177.0368,100.9663,217.14669999999998,17.333333334,11.3455693,2.7749240090000002
Newcastle upon Tyne 023,E02001730,0.4,0.6,19045.464799999998,284.1124,222.5216,147.0232,170.8648,8.333333333,10.10446744,2.6135807672
Newcastle upon Tyne 024,E02001731,0.0,0.2,19027.046500000004,250.173,230.31799999999998,121.11550000000001,228.3325,10.333333334,17.406481400000004,3.562842582000001
Newcastle upon Tyne 025,E02001732,0.0,0.2,4257.7407,312.61859999999996,268.47810000000004,145.404,208.2393,11.666666667,8.97682752,2.4669875776000003
Newcastle upon Tyne 026,E02001733,0.0,0.2,10455.3086,514.3357,480.1281,300.5382,464.246,21.333333333,18.920223560000004,3.7596290628
Newcastle upon Tyne 027,E02001734,0.0,0.2,7049.2282,330.4196,352.83500000000004,218.3426,351.17460000000005,14.0,13.38830332,3.0404794316
Newcastle upon Tyne 028,E02001735,0.0,0.2,5742.757,265.3596,251.2875,164.8446,276.7513,9.333333334,10.503817500000002,2.6654962750000006
Newcastle upon Tyne 029,E02001736,0.0,0.2,13040.1832,435.0544,327.7219,183.1808,321.9975,18.666666667,16.784227020000003,3.481949512600001
Newcastle upon Tyne 030,E02001737,0.0,0.2,4994.7352,286.3224,312.6298,203.1176,322.41859999999997,14.0,11.28244852,2.7667183076
Newcastle upon Tyne 031,E02006893,0.4,0.6,7284.039,702.0012,871.8068,639.8772,856.2758,23.333333334,21.1910141,4.054831833000001
Newcastle-under-Lyme 001,E02006158,0.6,0.8,6189.7898000000005,495.7331,579.0292,455.29810000000003,367.1498,17.333333334,11.47965824,2.7923555712
Newcastle-under-Lyme 002,E02006159,0.2,0.4,4537.0395,368.865,350.7145,260.5475,337.8335,7.666666667,10.65580725,2.6852549425000003
Newcastle-under-Lyme 003,E02006160,0.2,0.4,6680.646000000002,539.0946,527.0574,396.36780000000005,454.8342,9.333333333,15.298421399999999,3.288794782
Newcastle-under-Lyme 004,E02006161,0.6,0.8,5379.7528,372.37030000000004,424.68109999999996,327.6308,377.87669999999997,14.0,9.85218854,2.5807845102
Newcastle-under-Lyme 005,E02006162,0.4,0.6,6655.015600000001,567.0464000000001,573.9616,395.0308,454.6744,18.666666667,13.252721480000002,3.0228537924000003
Newcastle-under-Lyme 006,E02006163,0.2,0.4,6769.508400000001,391.6656,378.3888,323.622,434.8152,13.000000001,13.5564426,3.0623375380000004
Newcastle-under-Lyme 007,E02006164,0.0,0.2,6557.889999999999,388.57500000000005,306.15,191.54000000000002,406.63,16.0,13.628699000000001,3.0717308700000006
Newcastle-under-Lyme 008,E02006165,0.4,0.6,6498.662800000001,347.3176,448.48580000000004,264.4712,406.266,11.333333333,10.900196440000002,2.7170255372000005
Newcastle-under-Lyme 009,E02006166,0.6,0.8,5577.1275,409.6925,431.935,318.57,439.11,10.333333333,10.643323250000002,2.6836320225000003
Newcastle-under-Lyme 010,E02006167,0.0,0.2,8666.6,419.05559999999997,368.0756,296.7036,447.60439999999994,19.666666668,16.583794,3.45589322
Newcastle-under-Lyme 011,E02006168,0.2,0.4,7758.8442000000005,377.5182,375.64,264.8262,615.1105,12.999999999,15.7496461,3.3474539930000002
Newcastle-under-Lyme 012,E02006169,0.4,0.6,8664.4885,283.7948,304.2047,209.93040000000002,255.6097,6.333333333,8.71065375,2.4323849875
Newcastle-under-Lyme 013,E02006170,0.6,0.8,3870.5936,341.8352,427.29400000000004,279.2008,388.5456,8.666666667,9.224030079999999,2.4991239104
Newcastle-under-Lyme 014,E02006171,0.4,0.6,6990.6254,513.3997,524.3425,426.7692,661.1275,17.0,15.715502220000001,3.3430152886
Newcastle-under-Lyme 015,E02006172,0.8,1.0,6836.162799999999,620.0109,653.9841,546.4023,780.4399,15.666666668,15.915689239999999,3.3690396012
Newcastle-under-Lyme 016,E02006173,0.6,0.8,4908.923600000001,559.2092,603.7788,414.358,477.7304,8.0,12.33303508,2.9032945604
Newham 001,E02000714,0.2,0.4,7603.438,229.90599999999998,131.493,120.742,184.421,5.666666667,8.075655000000001,2.3498351500000005
Newham 002,E02000715,0.2,0.4,7096.4057999999995,210.8922,145.5234,132.294,196.8846,7.0,8.0516463,2.346714019
Newham 003,E02000716,0.2,0.4,7162.531199999999,252.43439999999998,170.6488,97.5136,180.87199999999999,10.333333333,7.8742231999999985,2.323649016
Newham 004,E02000717,0.2,0.4,7931.734399999999,266.2352,165.9648,114.9652,163.3716,8.666666667,8.1936476,2.365174188
Newham 005,E02000718,0.0,0.2,6964.0104,192.1002,160.3356,113.445,133.8651,4.0,8.34108144,2.3843405872
Newham 006,E02000719,0.2,0.4,7935.2784,229.1714,235.2943,160.9448,188.0605,4.0,8.979670200000001,2.4673571260000005
Newham 007,E02000720,0.2,0.4,7053.936,288.642,223.0056,152.6244,188.21040000000002,7.666666667,8.611812,2.41953556
Newham 008,E02000721,0.0,0.2,9111.8903,236.6339,205.9408,130.6932,214.8517,6.666666666,11.17308048,2.7525004624
Newham 009,E02000722,0.2,0.4,7939.644,220.5696,180.936,98.22240000000001,177.4896,7.000000001,8.1727068,2.3624518840000004
Newham 010,E02000723,0.2,0.4,10127.247,434.057,205.7835,213.655,266.50649999999996,11.666666667,11.8825915,2.844736895
Newham 011,E02000724,0.2,0.4,9093.9093,268.02680000000004,187.01870000000002,187.01870000000002,261.0261,9.333333333,10.540553950000001,2.6702720135
Newham 012,E02000725,0.2,0.4,9485.214199999999,286.748,166.92829999999998,138.2535,163.856,8.666666667,9.204610799999998,2.4965994039999995
Newham 013,E02000726,0.2,0.4,24342.2781,219.7272,154.8078,119.85119999999999,132.3357,6.333333334,15.87653865,3.3639500245000002
Newham 014,E02000727,0.2,0.4,7923.604200000001,245.2995,161.8116,114.47309999999999,160.95090000000002,5.333333334,8.0776695,2.350097035
Newham 015,E02000728,0.2,0.4,7424.079000000001,275.329,197.714,112.746,160.132,7.0,8.0396885,2.345159505
Newham 016,E02000729,0.2,0.4,6713.539000000001,257.7288,191.81539999999998,86.6502,154.04479999999998,6.333333334,7.352306500000001,2.2557998450000003
Newham 017,E02000730,0.2,0.4,8102.231500000001,338.3149,254.42010000000002,166.8777,256.2439,12.0,10.32681155,2.6424855015000004
Newham 018,E02000731,0.2,0.4,10068.121500000001,285.87,283.671,148.4325,208.905,10.000000001,10.57224225,2.6743914925
Newham 019,E02000732,0.0,0.2,7335.8753,206.2939,170.1724,117.9969,196.6615,4.666666667,9.46977298,2.5310704874
Newham 020,E02000733,0.2,0.4,9338.7294,335.85839999999996,294.3944,172.0756,223.90560000000002,7.333333333,10.7459139,2.696968807
Newham 021,E02000734,0.2,0.4,6990.2465999999995,233.2896,162.68880000000001,113.57520000000001,174.19979999999998,6.333333333,7.7311713,2.305052269
Newham 022,E02000735,0.2,0.4,7630.724999999999,251.9214,202.9128,159.063,354.2376,9.666666667,10.747070099999998,2.697119113
Newham 023,E02000736,0.0,0.2,8453.657400000002,225.0162,185.6841,99.7023,182.02530000000002,6.0,10.00791564,2.6010290332
Newham 024,E02000737,0.2,0.4,9290.3008,277.6576,275.616,153.12,212.32639999999998,9.666666666,10.200344,2.6260447200000003
Newham 025,E02000738,0.2,0.4,8415.8912,211.4912,196.90560000000002,89.3368,202.37519999999998,8.0,8.6839016,2.428907208
Newham 026,E02000739,0.2,0.4,7042.0808,225.1176,198.04160000000002,106.7568,164.00320000000002,6.333333334,7.7038956,2.301506428
Newham 027,E02000740,0.0,0.2,6501.3795,241.2663,138.7815,101.7731,135.22299999999998,4.0,8.136154399999999,2.357700072
Newham 028,E02000741,0.2,0.4,8209.069599999999,271.3668,181.80679999999998,128.0708,164.7904,6.666666667,8.5198428,2.4075795639999997
Newham 029,E02000742,0.2,0.4,8119.7688,235.5474,155.2672,118.21480000000001,194.08399999999997,7.0,8.544107,2.4107339100000003
Newham 030,E02000743,0.0,0.2,9315.66,299.88,214.20000000000002,145.86,224.39999999999998,9.0,11.873616,2.84357008
Newham 031,E02000744,0.0,0.2,8742.0465,239.274,191.799,115.83900000000001,206.99099999999999,8.000000001,10.695357900000001,2.6903965270000003
Newham 032,E02000745,0.2,0.4,7755.7831,239.7135,151.398,116.0718,148.8747,8.0,7.80162305,2.3142109965
Newham 033,E02000746,0.0,0.2,7964.3252999999995,219.4523,139.1857,74.2893,141.7474,5.666666666,8.792779079999999,2.4430612804000003
Newham 034,E02000747,0.0,0.2,12528.0948,288.573,230.8584,185.2236,189.2502,10.333333334,13.681581480000002,3.0786055924000006
Newham 035,E02000748,0.2,0.4,6029.8056,226.044,119.9016,93.6936,83.8656,3.0,5.8348836,2.058534868
Newham 036,E02000749,0.0,0.2,8021.0795,265.7613,209.6269,130.6879,144.72150000000002,7.666666666,9.841062,2.5793380600000004
Newham 037,E02000750,0.2,0.4,14225.76,185.0,162.79999999999998,90.28,136.16,6.333333332,10.584959999999999,2.6760447999999997
North Devon 001,E02004175,0.0,0.2,4141.445,362.39,343.945,246.29500000000002,330.3825,12.0,11.705197,2.82167561
North Devon 002,E02004176,0.2,0.4,3696.0066000000006,512.7408,494.6634,360.4524,414.68460000000005,14.666666667,12.864261300000003,2.9723539690000003
North Devon 003,E02004177,0.2,0.4,4436.0144,430.88960000000003,418.9536,291.2384,390.3072,14.0,11.9088456,2.8481499279999998
North Devon 004,E02004178,0.6,0.8,3911.5604000000008,384.1952,427.36320000000006,291.9236,379.8784,12.0,9.28959172,2.5076469236000003
North Devon 005,E02004179,0.8,1.0,7107.7563,497.9477,605.2559,501.7129,699.3859,18.333333334,14.54054349,3.1902706537
North Devon 006,E02004180,0.4,0.6,4452.414400000001,413.6776,417.86220000000003,316.2362,378.4074,12.333333333,10.272834320000001,2.6354684616000004
North Devon 007,E02004181,0.4,0.6,4420.3728,317.1024,377.1728,233.35039999999998,428.57919999999996,15.666666666,10.01206064,2.6015678832
North Devon 008,E02004182,0.0,0.2,5047.8309,323.0208,310.4028,238.4802,389.26529999999997,17.333333334,12.536361540000001,2.9297270002
North Devon 009,E02004183,0.4,0.6,4177.1856,360.2256,500.37960000000004,382.29240000000004,544.5132,18.0,12.80303808,2.9643949504
North Devon 010,E02004184,0.2,0.4,7380.106600000001,408.46659999999997,449.5814,308.36100000000005,392.3782,16.333333333,13.580844100000002,3.0655097330000003
North Devon 011,E02004185,0.6,0.8,4132.732,436.19840000000005,544.6284,451.0688,630.7528,15.0,13.484354799999998,3.052966124
North Devon 012,E02004186,0.6,0.8,6822.994500000001,510.69,525.6585,439.3695,506.28749999999997,21.000000001,12.93692235,2.9817999055
North Devon 013,E02004187,0.4,0.6,7149.200000000001,662.7040000000001,713.456,516.304,718.336,25.0,18.041848,3.64544024
North Devon 014,E02004188,0.2,0.4,4663.9728,534.3087999999999,569.84,421.0112,515.5376,12.333333333,15.3478024,3.295214312
North Dorset 001,E02004255,0.6,0.8,5431.2784,492.9176,591.6542,417.143,719.476,15.333333334,14.98178652,3.2476322476000004
North Dorset 002,E02004256,0.6,0.8,6721.505999999999,645.491,659.186,495.759,608.971,13.0,15.1216538,3.2658149940000003
North Dorset 003,E02004257,0.4,0.6,6692.7622,531.311,519.8944,372.3568,665.6756,14.0,15.372276260000003,3.2983959138000003
North Dorset 004,E02004258,0.6,0.8,7047.850499999999,825.471,943.5447,662.4666,968.6223,24.333333334,21.506654249999997,4.0958650525
North Dorset 005,E02004259,0.4,0.6,5028.4096,579.2832000000001,627.7376,442.59839999999997,553.9712,13.333333334,14.48128448,3.1825669824
North Dorset 006,E02004260,0.6,0.8,7105.2352,551.3312,576.8896000000001,433.58,460.0512,7.0,12.770254560000001,2.9601330928000005
North Dorset 007,E02004261,0.6,0.8,7977.965099999999,622.0144,694.5127000000001,464.4094,747.0477,16.333333333,16.955040829999998,3.5041553078999996
North Dorset 008,E02004262,0.4,0.6,5716.1538,646.2708,675.7191,468.7851,453.663,12.333333333,13.96693074,3.1157009962
North East Derbyshire 001,E02004105,0.6,0.8,7601.6377999999995,603.0467,576.2871,355.5204,421.4637,15.333333333,12.20543584,2.8867066592
North East Derbyshire 002,E02004106,0.8,1.0,4583.9668,518.058,624.3784,487.58399999999995,559.3672,15.666666667,12.25102204,2.8926328652000004
North East Derbyshire 004,E02004108,0.4,0.6,5748.6675000000005,390.11249999999995,460.56,398.445,578.73,20.333333333,13.682495250000002,3.0787243825000004
North East Derbyshire 005,E02004109,0.8,1.0,4448.8675,510.06550000000004,629.0585,490.01050000000004,607.6664999999999,9.0,12.74729225,2.9571479925
North East Derbyshire 006,E02004110,0.8,1.0,5359.08,543.1600000000001,527.62,478.04,492.8399999999999,9.666666667,11.560724,2.8028941200000004
North East Derbyshire 007,E02004111,0.4,0.6,4318.033200000001,363.636,415.58399999999995,303.03,371.1396,13.666666666,9.95687316,2.5943935108000002
North East Derbyshire 008,E02004112,0.8,1.0,4305.327,514.803,672.8507999999999,470.2086,595.4663999999999,14.0,12.568079099999999,2.933850283
North East Derbyshire 009,E02004113,0.0,0.2,8013.627999999999,505.96,467.04,315.252,428.11999999999995,14.666666667,17.017380799999998,3.512259504
North East Derbyshire 010,E02004114,0.6,0.8,5365.9818,556.983,598.662,522.1242,532.7334,18.333333334,13.58909694,3.0665826022
North East Derbyshire 011,E02004115,0.4,0.6,7160.883,570.8417999999999,568.9974,447.267,473.0886,15.0,13.9266033,3.1104584290000004
North East Derbyshire 012,E02004116,0.2,0.4,6479.7285,472.9669,466.4093,354.1104,424.6046,19.000000001,14.09843015,3.1327959195000004
North East Derbyshire 013,E02004117,0.2,0.4,5872.5232000000005,536.268,519.9468,394.04040000000003,449.9988000000001,13.666666666,14.783121200000002,3.221805756
North East Derbyshire 014,E02006804,0.4,0.6,6713.7174,404.5509,431.964,311.5125,444.42449999999997,18.0,11.753242020000002,2.8279214626000004
North East Lincolnshire 001,E02002726,0.2,0.4,8104.7216,621.6808,621.6808,479.2556,569.7008000000001,20.000000001,18.5953252,3.717392276
North East Lincolnshire 002,E02002727,0.0,0.2,4705.2632,252.85809999999998,214.12709999999998,116.19300000000001,245.1119,12.000000001,8.912777720000001,2.4586611036
North East Lincolnshire 003,E02002728,0.0,0.2,6698.245999999999,295.8725,275.8915,185.2085,229.7815,13.0,10.931605099999999,2.721108663
North East Lincolnshire 004,E02002729,0.2,0.4,4574.4195,355.10790000000003,408.75309999999996,219.2456,274.057,8.0,9.81094905,2.5754233765
North East Lincolnshire 005,E02002730,0.0,0.2,6803.1449999999995,258.57,252.45000000000002,146.11499999999998,190.48499999999999,10.666666667,9.945611999999999,2.59292956
North East Lincolnshire 006,E02002731,0.0,0.2,5463.1176000000005,228.9168,159.2728,87.2064,116.88080000000001,4.333333333,7.23183296,2.2401382848
North East Lincolnshire 007,E02002732,0.6,0.8,6063.2744999999995,509.00399999999996,455.59000000000003,330.6955,498.007,11.666666666,11.79090485,2.8328176305
North East Lincolnshire 008,E02002733,0.2,0.4,4607.647800000001,311.6701,292.0827,208.5482,340.4751,11.0,9.9527036,2.593851468
North East Lincolnshire 009,E02002734,0.2,0.4,4489.1544,275.7688,328.8882,221.51919999999998,334.5392,10.666666667,9.9525412,2.5938303560000002
North East Lincolnshire 010,E02002735,0.0,0.2,4303.6488,286.59839999999997,214.42960000000002,142.26080000000002,245.06240000000003,6.0,9.02390368,2.4731074784000002
North East Lincolnshire 011,E02002736,0.0,0.2,5396.5896,182.5422,152.2176,93.94680000000001,120.70379999999999,7.333333334,7.01782596,2.2123173748
North East Lincolnshire 012,E02002737,0.2,0.4,5700.3154,411.1562,348.8381,240.6768,462.7298,11.333333334,12.7164739,2.953141607
North East Lincolnshire 013,E02002738,0.4,0.6,5548.0822,455.7278,457.83439999999996,257.0052,302.6482,13.333333333,9.58102746,2.5455335698
North East Lincolnshire 014,E02002739,0.2,0.4,4642.6728,390.48279999999994,301.8456,253.9336,399.46630000000005,12.666666667,11.271298000000002,2.7652687400000002
North East Lincolnshire 015,E02002740,0.0,0.2,4490.6117,307.3021,277.85,175.6012,306.1907,9.666666668,10.52362432,2.6680711616000004
North East Lincolnshire 016,E02002741,0.2,0.4,7185.1521,447.45000000000005,435.8163,284.57820000000004,596.8983,10.333333333,15.833018250000002,3.3582923725000002
North East Lincolnshire 017,E02002742,0.4,0.6,3964.7915,423.9015,454.0605,302.1485,440.09800000000007,10.333333334,10.94754945,2.7231814285000002
North East Lincolnshire 018,E02002743,0.2,0.4,3502.3097,397.7002,551.6844,394.3768,693.4828,17.333333334,16.23342425,3.4103451524999997
North East Lincolnshire 019,E02002744,0.0,0.2,6246.5723,357.0704,277.88140000000004,123.8228,192.93319999999997,13.333333334,10.10466038,2.6136058494
North East Lincolnshire 020,E02002745,0.6,0.8,4838.567999999999,487.5003,681.3345,572.7582,707.5677,22.999999999,15.798944699999998,3.353862811
North East Lincolnshire 021,E02002746,0.6,0.8,7641.5667,507.26660000000004,537.8605,457.92159999999996,725.3715000000001,15.000000001,15.72713971,3.3445281622999996
North East Lincolnshire 022,E02002747,0.8,1.0,6123.354,488.87399999999997,576.7056,476.445,619.7928,22.333333333,13.1681112,3.011854456
North East Lincolnshire 023,E02002748,0.6,0.8,5375.468,630.292,624.036,463.726,728.0419999999999,20.333333334,15.696460399999998,3.340539852
North Hertfordshire 001,E02004909,0.6,0.8,4845.6876,245.5938,270.5596,170.1158,273.4626,7.999999999,6.88579988,2.1951539844
North Hertfordshire 002,E02004910,0.8,1.0,8665.911100000001,579.4359999999999,684.1802,469.1203,746.581,14.0,15.684998230000001,3.3390497699
North Hertfordshire 003,E02004911,0.4,0.6,5338.0926,360.4842,266.04,225.4689,461.5793999999999,9.333333333,10.278322379999999,2.6361819094
North Hertfordshire 004,E02004912,0.8,1.0,8670.204800000001,452.65279999999996,469.5744,355.3536,630.3296,17.333333334,13.15590944,3.0102682272
North Hertfordshire 005,E02004913,0.8,1.0,12783.9342,691.605,702.3633,513.3246,679.3098,11.333333333,16.662147660000002,3.466079195800001
North Hertfordshire 006,E02004914,0.4,0.6,6886.0812,339.19960000000003,358.1355,245.3434,405.88689999999997,12.333333332,10.519468759999999,2.6675309387999997
North Hertfordshire 007,E02004915,0.4,0.6,4664.972000000001,273.37800000000004,243.37999999999997,206.024,272.246,3.333333334,7.4228636,2.264972268
North Hertfordshire 008,E02004916,0.6,0.8,5588.2794,400.12620000000004,514.7691,385.8895,604.6850999999999,9.0,13.116796219999998,3.0051835086
North Hertfordshire 009,E02004917,0.4,0.6,4864.9724,332.0976,458.8868,293.4816,487.20519999999993,10.666666667,11.56658612,2.8036561956000003
North Hertfordshire 010,E02004918,0.8,1.0,7464.911599999999,297.61289999999997,237.412,171.2758,308.6356,8.999999999,7.560893879999999,2.2829162044
North Hertfordshire 011,E02004919,0.6,0.8,6516.7173,354.61940000000004,319.4699,264.7929,355.40049999999997,8.000000001,9.17550359,2.4928154666999998
North Hertfordshire 012,E02004920,0.6,0.8,9131.9376,568.4307,567.273,453.8184,856.698,15.666666667,17.83830468,3.6189796084
North Hertfordshire 013,E02004921,0.8,1.0,6400.875,335.6028,381.29519999999997,289.9104,470.31660000000005,9.666666666,9.977093100000001,2.5970221030000005
North Hertfordshire 014,E02004922,0.6,0.8,7634.993600000001,600.1824,626.9232,446.67040000000003,594.24,11.666666666,14.768547680000001,3.2199111984
North Hertfordshire 015,E02004923,0.8,1.0,7946.2816,609.8404,646.5532,442.5932,553.7514,15.666666666,13.20090308,3.0161174003999998
North Kesteven 001,E02005453,0.8,1.0,8095.949599999999,697.5074000000001,815.7852,656.6076,788.1502,17.0,17.40806028,3.5630478364
North Kesteven 003,E02005455,0.8,1.0,11059.488000000001,773.6056,839.2364,599.0556,692.6143999999999,18.999999999,17.157566799999998,3.530483684
North Kesteven 004,E02005456,0.6,0.8,8164.219800000001,549.186,516.0276,469.3986,665.2404,10.333333334,15.276385739999998,3.2859301462
North Kesteven 005,E02005457,0.6,0.8,6424.6786,519.7066,612.0797,461.8655,614.6696,15.666666667,14.48582868,3.1831577284
North Kesteven 006,E02005458,0.6,0.8,4846.4892,424.5696,611.6795999999999,404.1576,516.4236,7.0,12.45125196,2.9186627548
North Kesteven 007,E02005459,0.2,0.4,6318.163000000001,569.5600999999999,567.8775,463.5563,493.8431,12.666666667,16.3102831,3.4203368029999996
North Kesteven 008,E02005460,0.8,1.0,5331.3883,330.1888,308.9071,245.06199999999998,233.45380000000003,6.666666667,6.67091009,2.1672183117
North Kesteven 009,E02005461,0.6,0.8,4231.6392000000005,479.39459999999997,578.5151999999999,409.57379999999995,535.5006000000001,12.666666667,12.48071736,2.9224932568
North Kesteven 010,E02005462,0.4,0.6,7734.670999999999,482.811,551.6455,394.5865,530.3165,11.333333333,14.223922300000002,3.1491098990000004
North Kesteven 011,E02005463,0.8,1.0,7955.1233999999995,429.1542,439.668,331.6626,403.3476,11.666666667,10.21931802,2.6285113426
North Kesteven 012,E02005464,0.4,0.6,5947.7275,664.17,743.3595,521.1179999999999,638.625,16.666666667,16.87630425,3.4939195525000004
North Kesteven 013,E02006866,0.6,0.8,6762.406800000001,361.71599999999995,437.424,361.71599999999995,489.5784,9.0,11.69579244,2.8204530172
North Kesteven 014,E02006867,0.8,1.0,5719.3324,464.0496,556.386,456.1576,696.8636,15.0,13.70295852,3.0813846076
North Lincolnshire 001,E02002749,0.4,0.6,9086.184000000001,790.3575000000001,718.9326000000001,509.34149999999994,605.3552999999999,17.333333333,17.5026132,3.5753397160000002
North Lincolnshire 002,E02002750,0.4,0.6,4785.1972,448.0616,448.6909,290.7366,320.94300000000004,7.666666667,9.722181560000001,2.5638836028000003
North Lincolnshire 003,E02002751,0.4,0.6,4910.4415,408.933,499.807,329.0937,342.7248,14.333333334,10.37748625,2.6490732125000003
North Lincolnshire 004,E02002752,0.4,0.6,5479.8539,497.6537,458.7192,281.74420000000003,361.7369,12.333333333,10.50544837,2.6657082881000003
North Lincolnshire 005,E02002753,0.4,0.6,6148.547799999999,606.9345,638.7878000000001,488.1303,725.7387,16.666666666,17.251230739999997,3.5426599961999994
North Lincolnshire 006,E02002754,0.4,0.6,6547.678599999999,520.0838,534.3672,341.9614,457.0688,11.666666667,12.678533980000001,2.9482094174
North Lincolnshire 007,E02002755,0.0,0.2,6711.8127,326.382,264.214,193.4979,273.5392,14.666666667,11.61702332,2.8102130316
North Lincolnshire 008,E02002756,0.0,0.2,8525.9478,272.4633,203.1771,126.4005,235.0113,10.666666667,11.198709780000002,2.7558322714
North Lincolnshire 009,E02002757,0.4,0.6,5280.2711,280.6532,272.2851,243.96230000000003,358.5409,7.999999999,9.00079273,2.4701030549
North Lincolnshire 010,E02002758,0.2,0.4,5327.5,311.875,215.0,170.625,225.00000000000003,7.666666666,8.35375,2.3859875
North Lincolnshire 011,E02002759,0.4,0.6,7063.5669,679.4304000000001,756.6383999999999,468.0735,683.2908,20.0,17.51241507,3.5766139591000004
North Lincolnshire 012,E02002760,0.2,0.4,4593.836,406.04200000000003,395.876,221.26,361.79,11.666666668,10.988848,2.72855024
North Lincolnshire 013,E02002761,0.6,0.8,5055.554999999999,441.1514,441.1514,315.6802,421.12940000000003,12.333333333,10.3743993,2.648671909
North Lincolnshire 014,E02002762,0.2,0.4,5365.7678,377.7672,306.0986,208.9776,439.38880000000006,13.666666666,11.776088699999999,2.830891531
North Lincolnshire 015,E02002763,0.0,0.2,7553.1717,337.09380000000004,300.4152,215.7051,325.7409,15.0,13.138274520000001,3.0079756876
North Lincolnshire 016,E02002764,0.0,0.2,5104.8656,238.28279999999998,220.3668,190.5068,218.5752,7.333333334,9.31261736,2.5106402568000004
North Lincolnshire 017,E02002765,0.2,0.4,5094.432000000001,333.2448,350.48159999999996,231.73919999999998,374.74080000000004,15.333333334,11.067940800000002,2.7388323040000007
North Lincolnshire 018,E02002766,0.6,0.8,7017.192000000001,521.64,542.5056,418.2192,571.5360000000001,18.666666667,13.696452,3.0805387600000005
North Lincolnshire 019,E02002767,0.8,1.0,4757.468,502.2508,501.58820000000003,370.3934,494.2996,11.333333333,10.724181,2.69414353
North Lincolnshire 020,E02002768,0.6,0.8,5746.2924,537.4778,550.4199,334.972,444.5992,11.0,11.56597412,2.8035766356
North Lincolnshire 021,E02002769,0.6,0.8,4060.3591,419.55690000000004,471.2036,394.0237,457.8567,6.000000001,10.94857813,2.7233151569
North Lincolnshire 022,E02002770,0.4,0.6,5348.8116,494.07550000000003,509.0044,342.6538,415.1656,15.0,11.66672208,2.8166738704
North Lincolnshire 023,E02002771,0.6,0.8,5195.6466,563.9363999999999,614.2098,421.8594,491.805,16.666666666,12.662557979999999,2.9461325374
North Norfolk 001,E02005570,0.6,0.8,4434.7896,613.7167,759.1683,623.364,989.9613999999999,28.666666669,19.60093888,3.8481220544
North Norfolk 002,E02005571,0.4,0.6,3703.7649999999994,559.6134,612.3958,457.64740000000006,665.1782,18.999999999,15.4079623,3.3030350989999997
North Norfolk 003,E02005572,0.2,0.4,4963.6944,639.8783999999999,799.848,503.8656,821.4864,26.000000001,20.9857704,4.028150152
North Norfolk 004,E02005573,0.4,0.6,3387.4798000000005,523.1896,616.534,476.51739999999995,758.2792,23.0,16.487213939999997,3.4433378121999993
North Norfolk 005,E02005574,0.4,0.6,4576.971,645.1095,685.2090000000001,497.3745,631.0395,20.0,15.9608673,3.374912749
North Norfolk 006,E02005575,0.4,0.6,4769.3448,652.9248,700.6824,442.6488,563.8248,15.0,14.961173039999998,3.2449524951999997
North Norfolk 007,E02005576,0.2,0.4,4207.1777,579.5636000000001,711.7682,495.4334,683.7248,17.333333333,18.362083849999998,3.6870709005
North Norfolk 008,E02005577,0.4,0.6,4279.8756,481.9212,558.2712,336.55080000000004,451.9920000000001,16.0,11.924098680000002,2.8501328284000005
North Norfolk 009,E02005578,0.2,0.4,4379.607,414.42199999999997,434.967,289.39099999999996,351.613,14.0,11.4180305,2.784343965
North Norfolk 010,E02005579,0.4,0.6,8920.3218,840.7923999999999,1037.5736,707.9012,1270.1331999999998,34.666666667,27.996981339999998,4.9396075742
North Norfolk 011,E02005580,0.4,0.6,5451.0024,561.1326,601.9994,494.3311,750.5345,26.333333332,17.13796412,3.5279353355999996
North Norfolk 012,E02005581,0.4,0.6,6377.9144,683.9052,693.44,442.068,468.93879999999996,18.333333333,14.33461832,3.1635003816000005
North Norfolk 013,E02005582,0.2,0.4,4784.1044999999995,547.7145,558.6825,390.04949999999997,573.7635,14.0,15.88543425,3.3651064525
North Norfolk 014,E02005583,0.4,0.6,5318.576999999999,815.3765000000001,930.621,662.8725,941.019,29.333333333,22.218273099999998,4.188375503
North Somerset 001,E02003065,0.8,1.0,7456.352400000001,538.5474,646.6536,532.5966,744.8418,14.333333334,15.46355052,3.3102615676000005
North Somerset 002,E02003066,0.8,1.0,4345.4436000000005,452.1877,552.1255,395.4329,423.19339999999994,11.333333334,9.94455138,2.5927916794000003
North Somerset 003,E02003067,0.8,1.0,6286.544099999999,376.9251,438.3033,313.18620000000004,453.2544,14.333333333,10.06814943,2.6088594259000004
North Somerset 004,E02003068,0.6,0.8,4699.1165,362.5375,426.8485,381.4525,435.67549999999994,12.666666666,10.541896949999998,2.6704466035
North Somerset 005,E02003069,0.8,1.0,3799.434,382.0505,464.671,306.6385,593.8695,10.0,10.8990302,2.716873926
North Somerset 006,E02003070,0.8,1.0,10584.892999999998,739.9938000000001,796.9164,618.0168,815.8906000000001,20.666666666,18.3141689,3.680841957
North Somerset 007,E02003071,0.6,0.8,5864.4859,535.3439000000001,519.9558,399.28069999999997,781.5535,20.666666666,15.503348769999999,3.3154353400999996
North Somerset 008,E02003072,0.6,0.8,6276.645,578.124,731.745,589.941,915.3629999999999,21.333333334,18.984919499999997,3.7680395349999998
North Somerset 009,E02003073,0.8,1.0,4633.7685,443.89650000000006,549.9207,365.3364,393.4392,8.333333333,9.53227815,2.5391961595000003
North Somerset 010,E02003074,0.8,1.0,6117.480600000001,481.3602,457.9932,311.56,420.606,8.0,9.89841698,2.5867942074
North Somerset 011,E02003075,0.8,1.0,4632.7407,334.2282,381.8889,308.2863,377.0625,7.666666667,8.51117541,2.4064528033
North Somerset 012,E02003076,0.8,1.0,7034.5199999999995,599.85,594.27,490.10999999999996,581.25,10.0,13.342896,3.03457648
North Somerset 013,E02003077,0.8,1.0,4592.3171,381.1077,382.9488,337.535,444.31879999999995,8.666666667,9.48098993,2.5325286909
North Somerset 014,E02003078,0.6,0.8,5299.2924,483.52260000000007,582.2447999999999,409.30080000000004,433.0806,12.666666667,11.696202720000002,2.8205063536000003
North Somerset 015,E02003079,0.6,0.8,7599.135400000001,521.4634,520.5272,359.50079999999997,361.37319999999994,10.000000001,11.17738542,2.7530601046000003
North Somerset 016,E02003080,0.4,0.6,6088.3508,548.6264,751.9512,600.3340000000001,773.8612,17.333333333,18.81990124,3.7465871612
North Somerset 017,E02003081,0.6,0.8,6658.4793,623.4426000000001,761.9854,600.9762,716.1165000000001,14.333333334,17.17453309,3.5326893017000005
North Somerset 018,E02003082,0.2,0.4,6578.549599999999,544.0288,637.1344,452.74879999999996,914.6256,34.666666666,21.614647599999998,4.109904188
North Somerset 020,E02003084,0.0,0.2,8497.58,509.8548,562.6348,319.84680000000003,667.1392,19.000000001,20.705593999999998,3.9917272199999996
North Somerset 021,E02003085,0.0,0.2,6732.3048,363.5476,303.87239999999997,182.16639999999998,270.1088,6.666666666,11.89295328,2.8460839264000004
North Somerset 022,E02003086,0.2,0.4,4396.8482,398.0813,416.0352,311.40729999999996,669.8662,21.0,15.2750543,3.2857570590000003
North Somerset 023,E02003087,0.6,0.8,7181.647199999999,696.072,868.5767999999999,628.4824,714.2304,19.666666666,18.01989176,3.6425859288
North Somerset 024,E02003088,0.8,1.0,6014.0358,617.616,646.7811999999999,552.4232,748.0016,18.000000001,15.32313874,3.2920080362
North Somerset 025,E02003089,0.2,0.4,4338.279,345.7531,443.3495,383.8395,437.9936,11.0,12.922596500000001,2.9799375450000003
North Somerset 026,E02006845,0.6,0.8,8285.552,441.056,441.056,268.7685,408.5675,13.333333333,10.9700866,2.7261112580000004
North Somerset 027,E02006846,0.4,0.6,8229.2958,219.3064,173.3228,101.6945,120.26480000000001,4.333333333,5.65403734,2.0350248542
North Tyneside 001,E02001738,0.8,1.0,4013.3331999999996,442.6734,542.4392,369.1932,606.361,19.666666667,11.69016216,2.8197210808
North Tyneside 002,E02001739,0.2,0.4,5696.0832,496.33919999999995,536.2236,310.21200000000005,347.8806,17.0,12.8280048,2.9676406240000004
North Tyneside 003,E02001740,0.8,1.0,4706.6672,306.40799999999996,377.90319999999997,251.7352,365.2864,13.000000001,8.057448959999999,2.3474683648
North Tyneside 004,E02001741,0.6,0.8,5483.7875,531.8775,601.72,402.17,655.445,21.999999999,14.336516250000003,3.1637471125000003
North Tyneside 005,E02001742,0.8,1.0,4405.839900000001,381.8276,437.5602,297.6358,405.5436,14.000000001,8.90968617,2.4582592021
North Tyneside 006,E02001743,0.4,0.6,6282.7752,417.5262,412.938,229.41,304.35060000000004,17.000000001,9.400304160000001,2.5220395408000003
North Tyneside 007,E02001744,0.4,0.6,6037.7210000000005,370.89799999999997,332.049,219.9,369.432,15.666666667,9.633892300000001,2.5524059990000003
North Tyneside 008,E02001745,0.4,0.6,5336.674,362.725,389.7645,200.488,304.68899999999996,11.0,8.7447062,2.4368118059999997
North Tyneside 009,E02001746,0.4,0.6,6539.775,466.125,447.975,308.55,486.75,16.999999999,12.3783825,2.909189725
North Tyneside 010,E02001747,0.8,1.0,4370.0388,448.59040000000005,435.5788,340.78000000000003,600.3924,19.666666667,11.38756644,2.7803836372
North Tyneside 011,E02001748,0.2,0.4,6956.742799999999,360.13849999999996,355.28270000000003,169.953,250.883,10.333333334,10.1801847,2.623424011
North Tyneside 012,E02001749,0.6,0.8,4742.767199999999,449.51880000000006,435.76439999999997,251.3304,371.99399999999997,12.0,9.41351136,2.5237564768
North Tyneside 013,E02001750,0.6,0.8,5098.411599999999,430.403,423.625,294.84299999999996,531.3951999999999,23.0,11.40439168,2.7825709184000003
North Tyneside 014,E02001751,0.4,0.6,4734.7971,345.2394,328.515,209.6523,354.7962,14.666666666,8.940446130000002,2.4622579969
North Tyneside 015,E02001752,0.0,0.2,5200.7284,348.3434,334.204,219.8034,323.9208,13.666666667,11.95884744,2.8546501672
North Tyneside 016,E02001753,0.4,0.6,4754.1559,468.3497,391.43780000000004,255.12240000000003,383.9342,11.333333333,10.06664217,2.6086634821
North Tyneside 017,E02001754,0.8,1.0,4527.1323,354.67379999999997,371.87370000000004,265.1157,412.7976,13.666666666,8.67758679,2.4280862827
North Tyneside 018,E02001755,0.6,0.8,7216.4456,460.1688,442.33279999999996,332.6414,467.3032,11.333333333,11.65814468,2.8155588084
North Tyneside 019,E02001756,0.2,0.4,8124.2784,409.8528,355.2696,259.5096,425.1744,21.666666667,13.631436,3.07208668
North Tyneside 020,E02001757,0.2,0.4,4414.350399999999,379.9236,395.6808,248.03000000000003,398.0152,11.333333333,11.4420616,2.7874680080000003
North Tyneside 021,E02001758,0.4,0.6,4320.0557,399.16240000000005,371.1991,211.0955,182.0356,6.666666666,7.03013811,2.2139179543000003
North Tyneside 022,E02001759,0.2,0.4,4871.768800000001,348.2032,358.0464,227.624,344.512,18.333333334,10.640191600000001,2.6832249080000006
North Tyneside 023,E02001760,0.0,0.2,6849.0515,295.3875,270.18109999999996,203.2266,259.94100000000003,18.666666666,11.4791521,2.7922897730000003
North Tyneside 024,E02001761,0.4,0.6,4070.0608,346.6528,345.0304,279.59360000000004,366.12160000000006,10.666666667,9.365466240000002,2.5175106112000005
North Tyneside 025,E02001762,0.6,0.8,4636.228,407.454,313.072,187.0375,211.2085,8.666666666,6.716545399999999,2.1731509019999997
North Tyneside 026,E02001763,0.0,0.2,5211.5752,385.52079999999995,341.97360000000003,207.4896,258.7216,16.666666667,11.32150352,2.7717954576
North Tyneside 027,E02001764,0.0,0.2,6459.5289,401.36580000000004,333.7026,183.7671,309.86670000000004,21.333333333,12.555829440000002,2.9322578272000004
North Tyneside 028,E02001765,0.0,0.2,6502.650000000001,368.06,283.36,234.08,312.62,17.666666667,12.548690000000002,2.9313297000000005
North Tyneside 029,E02001766,0.0,0.2,6606.1594000000005,307.75440000000003,300.2114,155.3858,173.489,12.0,10.173093240000002,2.6225021212
North Tyneside 030,E02001767,0.0,0.2,5720.8545,372.3592,314.6991,220.9146,318.1726,20.000000001,12.232277600000002,2.8901960880000006
North Warwickshire 001,E02006468,0.6,0.8,8388.017399999999,612.0198,676.7838,494.3652,621.7343999999999,17.666666667,15.758484419999998,3.3486029746000003
North Warwickshire 002,E02006469,0.4,0.6,7520.011,477.83880000000005,432.98420000000004,303.9128,418.33779999999996,16.999999999,11.7871481,2.832329253
North Warwickshire 003,E02006470,0.2,0.4,9441.555199999999,655.8464,684.5696,495.4752,688.16,20.333333333,21.152841600000002,4.049869408
North Warwickshire 004,E02006471,0.6,0.8,5182.5608999999995,486.7137,520.1361,394.8021,377.39459999999997,11.666666667,10.73409117,2.6954318521
North Warwickshire 005,E02006472,0.4,0.6,7451.030999999999,549.836,533.8305,422.73350000000005,457.569,17.666666666,13.4975323,3.0546791989999997
North Warwickshire 006,E02006473,0.6,0.8,7865.829000000001,540.7438000000001,641.9416,478.38960000000003,696.1181999999999,17.666666666,16.058250899999997,3.387572617
North Warwickshire 007,E02006474,0.4,0.6,4838.5426,404.7426,406.64279999999997,297.698,385.7406,7.666666666,10.302694379999998,2.6393502694
North West Leicestershire 001,E02005397,0.6,0.8,7280.601000000001,547.1025,567.3315,399.98249999999996,397.22400000000005,14.0,11.917087800000001,2.8492214140000005
North West Leicestershire 002,E02005398,0.8,1.0,5205.72,407.7814,407.7814,270.96439999999996,382.4202,6.666666666,8.7542858,2.438057154
North West Leicestershire 003,E02005399,0.6,0.8,6364.169999999999,412.4925,439.992,289.92330000000004,350.42220000000003,7.333333333,9.7984647,2.573800411
North West Leicestershire 004,E02005400,0.4,0.6,4243.043,422.387,495.593,286.433,362.544,9.999999999,10.169184900000001,2.6219940370000003
North West Leicestershire 005,E02005401,0.6,0.8,4790.282499999999,384.707,418.10599999999994,264.71799999999996,327.1865,8.999999999,8.801564249999998,2.4442033524999998
North West Leicestershire 006,E02005402,0.6,0.8,4937.2587,380.9432,459.87149999999997,305.9287,438.9979,10.666666667,10.44117041,2.6573521532999997
North West Leicestershire 007,E02005403,0.6,0.8,5166.550200000001,428.358,430.4307,413.15819999999997,470.50289999999995,10.333333334,11.369726759999999,2.7780644788
North West Leicestershire 008,E02005404,0.4,0.6,6731.624900000001,461.25169999999997,452.1426,284.8664,352.7706,9.0,10.693006870000001,2.6900908931000003
North West Leicestershire 009,E02005405,0.2,0.4,5430.6720000000005,410.67,499.12199999999996,294.138,384.696,10.000000001,12.619152,2.94048976
North West Leicestershire 010,E02005406,0.4,0.6,6989.4264,326.5936,268.3888,222.31,277.28119999999996,14.333333333,8.48480472,2.4030246136
North West Leicestershire 011,E02005407,0.8,1.0,8347.5854,405.6899,441.0527,298.6192,331.0351,10.666666667,9.33224292,2.5131915796
North West Leicestershire 012,E02005408,0.6,0.8,6419.867399999999,458.505,444.9492,338.0976,312.5808,10.333333333,9.75164382,2.5677136966000003
North West Leicestershire 013,E02005409,0.6,0.8,9601.4113,607.2365,643.7886000000001,436.267,501.11749999999995,10.999999999,14.363678290000001,3.1672781777
Northampton 001,E02005650,0.6,0.8,5422.9045,395.3705,432.1175,281.727,272.2,13.333333333,8.54891735,2.4113592555
Northampton 002,E02005651,0.6,0.8,4305.6782,451.2554,483.3151,375.6429,433.10839999999996,11.333333334,10.76988156,2.7000846028
Northampton 003,E02005652,0.4,0.6,4287.1858,377.33880000000005,479.3864,339.9609,449.7214,11.0,11.39480114,2.7813241482000004
Northampton 004,E02005653,0.0,0.2,7613.6302,352.682,335.478,167.739,133.331,10.333333334,10.783123119999999,2.7018060056
Northampton 005,E02005654,0.2,0.4,7359.527,373.079,291.102,180.684,160.608,7.333333332,9.155492500000001,2.490214025
Northampton 006,E02005655,0.4,0.6,4395.8094,415.90979999999996,444.3636,323.28360000000004,473.42279999999994,8.666666667,11.54879202,2.8013429626
Northampton 007,E02005656,0.0,0.2,5360.2842,307.85,221.652,137.9168,128.68130000000002,6.666666666,8.373273720000002,2.3885255836000003
Northampton 008,E02005657,0.4,0.6,4631.1192,347.9028,385.0284,262.8732,362.274,8.999999999,9.54978216,2.5414716808
Northampton 009,E02005658,0.0,0.2,5643.1177,211.9898,206.2775,109.1684,175.81189999999998,5.0,8.35112872,2.3856467336
Northampton 010,E02005659,0.4,0.6,4263.2037,301.0035,313.70640000000003,241.35510000000002,404.2836,9.333333333,9.43532751,2.5265925763
Northampton 011,E02005660,0.0,0.2,4994.9372,339.438,385.9196,213.4484,181.6452,11.333333334,10.297631520000001,2.6386920976000003
Northampton 012,E02005661,0.0,0.2,6116.228300000001,274.38840000000005,216.8777,115.0214,207.17710000000002,10.666666667,9.41734248,2.5242545224
Northampton 013,E02005662,0.4,0.6,5443.5151,255.38129999999998,300.2545,236.24419999999998,364.2648,10.333333333,9.13347793,2.4873521308999997
Northampton 014,E02005663,0.8,1.0,4228.354899999999,360.4731,345.2495,238.1406,264.7819,4.333333333,6.78325557,2.1818232241
Northampton 015,E02005664,0.2,0.4,5027.9999,227.9233,227.9233,167.2231,301.12059999999997,12.666666667,8.89347195,2.4561513535
Northampton 016,E02005665,0.4,0.6,6451.529500000001,453.9821,406.4814,219.5934,254.6349,6.0,8.84252785,2.4495286204999998
Northampton 017,E02005666,0.0,0.2,7666.343699999999,259.0384,232.6233,137.1881,226.65859999999998,12.333333333,10.73833462,2.6959835006
Northampton 018,E02005667,0.2,0.4,5313.9303,330.309,386.9334,310.086,401.0895,10.666666667,12.17930175,2.8833092275
Northampton 019,E02005668,0.6,0.8,4530.8535999999995,345.29040000000003,400.9824,337.246,573.6276,13.666666667,11.64990008,2.8144870104
Northampton 020,E02005669,0.8,1.0,4305.492,387.37760000000003,409.5468,303.9514,428.21559999999994,8.333333334,9.115625,2.48503125
Northampton 021,E02005670,0.0,0.2,9184.2408,207.4208,140.8896,102.732,149.6952,7.333333333,9.76756288,2.5697831744000004
Northampton 022,E02005671,0.4,0.6,6775.6804999999995,232.101,179.006,133.496,266.2335,9.0,7.2087081500000005,2.2371320595000004
Northampton 023,E02005672,0.2,0.4,7868.04,149.47199999999998,107.952,81.3792,97.9872,6.666666667,6.559744800000001,2.1527668240000004
Northampton 024,E02005673,0.2,0.4,6136.2789999999995,273.51349999999996,298.1805,193.70850000000002,353.3185,9.333333334,10.677183499999998,2.6880338549999996
Northampton 025,E02005674,0.0,0.2,7852.392599999999,296.66970000000003,237.87030000000001,178.18,343.8874,14.666666666,12.75804436,2.9585457668000004
Northampton 026,E02005675,0.0,0.2,5339.2959,244.9386,218.1294,127.953,163.29240000000001,4.0,8.37409734,2.3886326542000003
Northampton 027,E02005676,0.2,0.4,5174.1795,236.86110000000002,271.215,150.07229999999998,195.8775,9.333333333,7.78356915,2.3118639895
Northampton 028,E02005677,0.4,0.6,7745.689600000001,347.95090000000005,302.56600000000003,210.9063,291.88719999999995,9.333333334,8.99795688,2.4697343944
Northampton 029,E02005678,0.6,0.8,11585.2305,470.83649999999994,500.01509999999996,279.8493,425.74230000000006,13.0,12.499714350000001,2.9249628655000004
Northampton 030,E02005679,0.8,1.0,7419.089999999999,394.5312,312.3372,230.14319999999998,295.8983999999999,7.333333334,8.045062199999998,2.345858086
Northampton 031,E02005680,0.8,1.0,7459.6221000000005,248.4006,301.6293,195.1719,244.1761,6.999999999,6.999743030000001,2.2099665939000004
Northumberland 001,E02005706,0.2,0.4,7188.636,618.7566,613.9896,417.5892,695.0286,13.999999998,19.1700138,3.7921017939999997
Northumberland 002,E02005707,0.4,0.6,4741.9628,612.2786,658.4481000000001,535.5662,554.034,10.666666667,15.142743639999999,3.2685566732
Northumberland 003,E02005708,0.4,0.6,6963.376800000001,1002.2724,987.564,689.1936000000001,862.5426000000001,25.0,22.529486640000002,4.2288332632
Northumberland 004,E02005702,0.8,1.0,4527.7772,460.364,531.0396,396.82079999999996,567.3499999999999,15.0,11.566094359999997,2.8035922668
Northumberland 005,E02005703,0.4,0.6,4970.4492,500.018,465.5573,349.3369,471.6386,14.333333333,12.10908456,2.8741809928
Northumberland 006,E02005704,0.4,0.6,9028.9296,982.1952,990.9648000000001,677.7648,849.3984,24.333333333,22.89629808,4.2765187504
Northumberland 007,E02005705,0.4,0.6,5055.7756,757.1632999999999,645.1302000000001,484.2236,576.7072999999999,19.333333334,15.437409279999999,3.3068632064
Northumberland 008,E02005720,0.2,0.4,9167.195800000001,875.5187,846.7739,488.6616,598.85,19.666666665,21.204080800000003,4.056530504
Northumberland 009,E02005734,0.0,0.2,4598.8464,421.1936,432.2132,284.673,383.84940000000006,19.333333333,13.625245640000001,3.0712819332000003
Northumberland 010,E02005735,0.0,0.2,6585.472400000001,368.25879999999995,337.63599999999997,238.7008,320.3616,12.666666667,12.996002240000001,2.9894802912000005
Northumberland 011,E02005721,0.4,0.6,4276.2096,333.476,335.68080000000003,200.63680000000002,365.9968,11.333333334,8.88832048,2.4554816624000004
Northumberland 012,E02005737,0.2,0.4,5580.4032,486.9828,499.28400000000005,270.62640000000005,398.7036,15.0,12.927114000000001,2.9805248200000003
Northumberland 013,E02005736,0.0,0.2,6661.814399999999,460.08360000000005,464.9868,299.91240000000005,286.02000000000004,13.333333332,14.154067440000002,3.1400287672000005
Northumberland 014,E02005738,0.4,0.6,3791.1555,356.0562,354.0726,222.65910000000002,236.5443,12.333333333,7.44023565,2.2672306345
Northumberland 015,E02005722,0.6,0.8,5943.4691,583.1829,539.4636999999999,338.8238,402.06050000000005,12.0,11.224045830000001,2.7591259579000003
Northumberland 016,E02005723,0.2,0.4,4381.2394,446.57090000000005,451.5397,342.22610000000003,589.4239,16.333333333,14.805160700000002,3.2246708910000006
Northumberland 017,E02005739,0.2,0.4,6859.1751,593.5032,566.9421,514.7358,623.7279,22.666666666,18.56575095,3.7135476235000002
Northumberland 018,E02005724,0.8,1.0,4599.9922,450.3807,525.1192,375.6422,547.2158,10.666666667,11.22858226,2.7597156938
Northumberland 019,E02005727,0.4,0.6,4583.2788,508.69079999999997,509.3235,309.39029999999997,415.68390000000005,14.0,11.27420784,2.7656470192000002
Northumberland 020,E02005740,0.0,0.2,8193.030999999999,576.9884999999999,597.5585,389.80150000000003,525.5635,30.333333334,19.823926099999998,3.8771103929999997
Northumberland 021,E02005741,0.4,0.6,6443.6658,569.634,539.877,384.2904,564.5328,18.666666667,14.312011739999999,3.1605615262
Northumberland 022,E02005709,0.0,0.2,5846.632,318.40160000000003,300.32640000000004,200.9128,287.1176,14.999999999,11.453420000000001,2.7889446
Northumberland 023,E02005710,0.0,0.2,7516.7027,510.9527,518.4255,337.2101,457.709,20.333333334,17.50989132,3.5762858716000006
Northumberland 024,E02005711,0.0,0.2,6430.4400000000005,513.32,516.6,334.56,405.08,22.333333333,16.210744000000002,3.4073967200000004
Northumberland 025,E02005712,0.0,0.2,7068.3986,368.7642,418.1,230.7912,274.2736,9.666666667,13.082181760000001,3.0006836288
Northumberland 026,E02005713,0.8,1.0,4711.9331999999995,517.4364,524.472,309.5664,331.9524,8.0,8.69670516,2.4305716708
Northumberland 027,E02005714,0.8,1.0,4124.3895999999995,388.3421,341.80310000000003,208.3913,108.591,2.666666666,4.93406478,1.9414284214
Northumberland 028,E02005716,0.4,0.6,6830.1375,570.1125000000001,593.4,264.7875,365.69999999999993,13.0,11.53999125,2.8001988625000003
Northumberland 029,E02005715,0.0,0.2,6885.327000000001,547.2479999999999,505.152,335.01399999999995,496.382,19.666666667,17.6948782,3.6003341660000006
Northumberland 030,E02005717,0.4,0.6,5412.4798,552.1243,576.2939,432.0316,580.0704000000001,16.666666667,14.586202540000002,3.1962063302000003
Northumberland 031,E02005718,0.6,0.8,4269.0184,548.4324,708.07,465.3951,445.4404,13.666666666,12.43667022,2.9167671286
Northumberland 032,E02005719,0.2,0.4,6695.8451,529.8993,568.2978,361.7992,376.3053,21.0,14.25906965,3.1536790545000004
Northumberland 033,E02005725,0.8,1.0,4689.408,477.12000000000006,516.6528000000001,385.7856,747.7152,17.333333334,13.5481632,3.061261216
Northumberland 034,E02005726,0.8,1.0,5540.825099999999,530.5788,582.5507,430.5135,671.7562,14.666666666,13.430392229999999,3.0459509898999997
Northumberland 035,E02005730,0.6,0.8,9305.4371,904.3514,962.9908999999999,701.0678,1153.2435,32.666666666,24.643315029999997,4.5036309539
Northumberland 036,E02005729,0.6,0.8,4135.833799999999,433.96219999999994,406.45360000000005,286.8754,350.875,11.666666667,9.02849094,2.4737038222
Northumberland 037,E02005728,0.4,0.6,4995.1863,549.4215,582.3168,410.1414,464.0337,13.0,12.95591889,2.9842694557
Northumberland 038,E02005731,0.6,0.8,8736.2,589.6,653.4,466.4,554.4,17.333333332,14.84406,3.2297278
Northumberland 039,E02005732,0.8,1.0,6288.378299999999,751.599,775.7244,563.2352999999999,900.9908999999999,18.999999999,17.66823669,3.5968707696999997
Northumberland 040,E02005733,0.6,0.8,6088.9619999999995,687.734,674.3148,402.576,532.5745000000001,17.000000001,13.7706153,3.090179989
Norwich 001,E02005584,0.2,0.4,9415.1232,466.7742,451.28880000000004,295.3287,432.48509999999993,16.333333334,15.1701615,3.2721209950000003
Norwich 002,E02005585,0.0,0.2,9744.313600000001,394.49760000000003,367.752,288.6296,347.6928,13.333333334,15.850556960000002,3.3605724048
Norwich 003,E02005586,0.2,0.4,8958.2372,333.5992,286.6556,195.76479999999998,212.74439999999998,12.0,10.549824999999998,2.6714772499999997
Norwich 004,E02005587,0.0,0.2,7988.043699999999,369.8625,397.4789,378.7392,730.8483,19.999999999,20.05088722,3.9066153386
Norwich 005,E02005588,0.0,0.2,10624.392,450.864,416.928,281.18399999999997,344.208,19.0,16.812379200000002,3.4856092960000007
Norwich 006,E02005589,0.0,0.2,10687.1645,417.0006,393.8339,287.7548,406.02689999999996,15.999999999,17.3530776,3.5559000879999996
Norwich 007,E02005590,0.0,0.2,9093.7554,465.0648,458.5452,352.0584,497.6628,20.666666667,18.51066564,3.7063865332
Norwich 009,E02005592,0.8,1.0,8319.453300000001,413.7169,391.6392,199.6592,273.5715,8.0,8.11413069,2.3548369897
Norwich 010,E02005593,0.4,0.6,11426.0055,284.24760000000003,215.6791,183.26489999999998,359.0496,14.666666668,10.26719785,2.6347357205
Norwich 011,E02005594,0.4,0.6,9228.9216,594.72,548.2752,381.7536,575.4624,21.333333334,15.34728768,3.2951473984
Norwich 012,E02005595,0.8,1.0,6274.1211,506.3916,616.1687999999999,538.2624,918.0561,24.333333333,16.917286230000002,3.4992472099
Norwich 013,E02005596,0.0,0.2,7636.134000000001,407.1354,466.2357,303.9444,568.4886,16.666666667,17.8980099,3.6267412870000006
Norwich 014,E02006907,0.2,0.4,5718.9393,197.2503,210.4443,187.3548,282.3516,10.666666666,8.99270055,2.4690510715
Norwich 015,E02006908,0.2,0.4,4810.689799999999,280.4438,239.0017,133.4095,214.0229,6.333333333,7.7048244,2.301627172
Nottingham 001,E02002868,0.2,0.4,4360.986,331.751,474.67699999999996,289.33799999999997,353.24800000000005,8.333333334,11.338796,2.7740434800000005
Nottingham 002,E02002869,0.0,0.2,6374.5046999999995,330.3283,336.3755,177.6365,339.3991,13.0,12.47446652,2.9216806476
Nottingham 004,E02002871,0.0,0.2,6238.839100000001,434.168,384.54879999999997,275.2315,421.76320000000004,16.333333333,14.824666360000002,3.2272066268
Nottingham 005,E02002872,0.0,0.2,7482.1392000000005,423.168,420.5232,223.9264,268.888,14.0,13.501880320000001,3.0552444416
Nottingham 006,E02002873,0.0,0.2,8546.7636,312.5466,235.1268,173.9556,290.5632,10.999999999,12.570872760000002,2.9342134588000004
Nottingham 007,E02002874,0.0,0.2,7108.8966,346.02660000000003,299.5578,210.76919999999998,331.92,9.0,12.951684360000002,2.9837189668000006
Nottingham 008,E02002875,0.0,0.2,7542.148099999999,289.7189,316.3696,185.6952,262.2085,9.333333333,12.00209976,2.8602729688000004
Nottingham 009,E02002876,0.0,0.2,6980.346,382.0213,324.2643,271.4579,294.56069999999994,7.333333333,13.154569299999999,3.010094009
Nottingham 010,E02002877,0.4,0.6,6293.433,435.8183,364.60110000000003,242.29330000000002,405.6284,15.333333334,10.539371500000001,2.670118295
Nottingham 011,E02002878,0.0,0.2,9038.585799999999,243.025,170.1175,123.4567,144.84290000000001,6.333333333,10.09117568,2.6118528384
Nottingham 012,E02002879,0.2,0.4,8926.7425,293.4685,250.28249999999997,180.596,163.91049999999998,8.333333333,9.576004750000001,2.5448806175000005
Nottingham 013,E02002880,0.0,0.2,8228.995,203.0625,243.675,168.7675,179.5975,7.333333332,10.507627000000001,2.6659915100000005
Nottingham 014,E02002881,0.0,0.2,5879.1696,265.2664,251.73239999999998,136.0167,234.13819999999998,6.666666666,9.874271060000002,2.5836552378000004
Nottingham 015,E02002882,0.2,0.4,7484.7522,368.11670000000004,279.3204,149.14329999999998,339.66740000000004,10.0,11.0840197,2.740922561
Nottingham 016,E02002883,0.0,0.2,6979.9295999999995,308.217,248.9445,161.2212,205.478,9.999999999,10.56804966,2.6738464558
Nottingham 017,E02002884,0.0,0.2,6291.4144,153.0675,116.3313,87.7587,154.42809999999997,5.666666667,7.58929074,2.2866077962
Nottingham 018,E02002885,0.0,0.2,8591.94,180.9308,143.6536,98.1936,75.4636,8.0,8.3710044,2.3882305720000003
Nottingham 019,E02002886,0.2,0.4,8283.726,391.941,308.16,251.34300000000002,394.8299999999999,11.333333334,13.047687,2.99619931
Nottingham 020,E02002887,0.0,0.2,5208.8676,355.577,401.8691,299.8923,442.1231,13.666666667,14.31727436,3.1612456668
Nottingham 021,E02002888,0.0,0.2,6668.064,289.7856,206.6688,134.784,189.44639999999998,10.000000001,9.6999552,2.5609941760000003
Nottingham 022,E02002889,0.0,0.2,11920.5075,129.797,77.1435,45.3065,71.021,8.333333334,9.3564045,2.516332585
Nottingham 023,E02002890,0.0,0.2,12706.653300000002,223.7514,199.4892,142.8774,203.53289999999998,10.000000001,13.182731580000002,3.0137551054000005
Nottingham 024,E02002891,0.2,0.4,6966.0869999999995,397.92,334.916,206.421,384.65599999999995,10.666666667,12.0772865,2.8700472450000003
Nottingham 025,E02002892,0.0,0.2,5087.896000000001,283.6076,245.87439999999998,158.8446,310.99460000000005,10.0,10.543995,2.67071935
Nottingham 026,E02002893,0.0,0.2,15026.2197,245.97189999999998,162.9368,98.7021,130.0361,9.666666667,13.311623220000001,3.0305110186000004
Nottingham 027,E02002894,0.6,0.8,5698.8471,394.8573,348.7788,230.3925,415.4154,10.333333334,9.616015829999998,2.5500820579
Nottingham 028,E02002895,0.4,0.6,7959.327999999999,173.84,164.512,84.8,98.368,2.666666666,5.0827424,1.9607565120000001
Nottingham 029,E02002896,0.0,0.2,9759.5238,296.0022,261.807,142.1238,228.68040000000002,8.0,12.383791680000002,2.9098929184000006
Nottingham 030,E02002897,0.6,0.8,6178.455499999999,455.607,500.5145,353.54449999999997,678.5115,15.000000001,13.99815765,3.1197604945000004
Nottingham 031,E02002898,0.4,0.6,10654.876,147.9226,91.2004,77.854,151.2592,4.333333333,6.139344,2.09811472
Nottingham 032,E02002899,0.2,0.4,10342.5949,204.9245,188.30900000000003,147.3241,193.84750000000003,6.999999999,9.89674565,2.5865769345
Nottingham 034,E02002901,0.4,0.6,4923.7519999999995,366.358,316.598,228.896,385.64,8.666666667,9.477289599999999,2.532047648
Nottingham 035,E02002902,0.0,0.2,8065.8928,460.4768,296.2904,177.3968,434.99960000000004,13.999999999,15.08514448,3.2610687824
Nottingham 036,E02002903,0.0,0.2,4909.7986,380.7265,318.4258,198.2295,485.81960000000004,10.666666666,13.659082360000003,3.0756807068000005
Nottingham 037,E02002904,0.0,0.2,5105.7307,279.1866,206.06629999999998,137.17610000000002,315.4446,11.000000001,10.23527082,2.6305852066
Nottingham 038,E02006834,0.0,0.2,6209.3288999999995,361.6936,343.3024,257.47679999999997,489.6657,16.0,14.92890334,3.2407574342
Nottingham 039,E02006904,0.2,0.4,11006.621,124.19,72.256,55.321,31.612000000000005,3.666666666,6.9314955,2.201094415
Nottingham 040,E02006905,0.0,0.2,7015.3496,234.20809999999997,192.9688,152.5076,185.96589999999998,9.000000001,9.64423826,2.5537509738
Nuneaton and Bedworth 001,E02006475,0.8,1.0,6221.1135,470.3165,463.13,352.937,477.503,17.000000001,10.75044505,2.6975578565
Nuneaton and Bedworth 002,E02006476,0.0,0.2,7552.2138,347.0574,324.3282,228.1662,289.3602,14.0,12.95774208,2.9845064704
Nuneaton and Bedworth 003,E02006477,0.8,1.0,5757.034300000001,409.06980000000004,451.5896,311.5675,401.7388,9.333333333,9.42539339,2.5253011407
Nuneaton and Bedworth 004,E02006478,0.4,0.6,6681.1899,413.51930000000004,329.8774,232.9466,159.4668,10.666666667,7.46218637,2.2700842281
Nuneaton and Bedworth 005,E02006479,0.0,0.2,7808.1739,408.4022,351.62879999999996,285.6984,304.0124,12.0,14.133096940000001,3.1373026022
Nuneaton and Bedworth 006,E02006480,0.2,0.4,6238.778,405.5961,373.1182,280.2163,255.29139999999998,13.666666667,10.853660999999999,2.71097593
Nuneaton and Bedworth 007,E02006481,0.0,0.2,5728.1056,315.952,345.8112,293.0368,261.7888,12.999999999,11.93840256,2.8519923328
Nuneaton and Bedworth 008,E02006482,0.4,0.6,5880.3752,352.0244,420.43399999999997,205.9414,267.225,12.333333333,8.59224576,2.4169919488000002
Nuneaton and Bedworth 009,E02006483,0.0,0.2,6772.9574,344.4152,372.03340000000003,259.1237,374.4703,17.333333334,13.953526940000001,3.1139585022
Nuneaton and Bedworth 010,E02006484,0.2,0.4,6217.4434,334.31199999999995,366.9834,272.76820000000004,405.7332,14.0,12.3577671,2.906509723
Nuneaton and Bedworth 011,E02006485,0.8,1.0,4574.53,526.3931,523.8158999999999,394.3116,424.5937,10.999999999,10.1148657,2.614932541
Nuneaton and Bedworth 012,E02006486,0.4,0.6,5377.2446,412.26,395.76959999999997,317.4402,368.2856,11.0,10.344840180000002,2.6448292234000004
Nuneaton and Bedworth 013,E02006487,0.2,0.4,5215.2055,407.2775,425.0745,364.8385,433.97300000000007,11.999999999,13.291278750000002,3.0278662375000005
Nuneaton and Bedworth 014,E02006488,0.6,0.8,4001.13,450.051,531.657,488.41799999999995,618.135,19.333333334,13.468644000000001,3.05092372
Nuneaton and Bedworth 015,E02006489,0.2,0.4,6879.0855,370.04400000000004,397.635,241.827,226.4085,10.999999999,10.54990575,2.6714877475
Nuneaton and Bedworth 016,E02006490,0.4,0.6,6204.0111,389.2323,386.17350000000005,262.2921,404.5263,11.666666667,10.61243013,2.6796159169
Nuneaton and Bedworth 018,E02006806,0.2,0.4,6924.398,423.1955,389.1355,311.649,465.77049999999997,18.000000001,14.059116499999998,3.127685145
Oadby and Wigston 003,E02005412,0.6,0.8,6551.399399999999,469.3178,454.59749999999997,378.3983,804.4211000000001,17.666666666,15.46306902,3.3101989726000003
Oadby and Wigston 005,E02005414,0.2,0.4,6288.2609999999995,425.6918,415.17089999999996,301.0596,662.8167,18.0,16.143107099999998,3.3986039229999996
Oadby and Wigston 006,E02005415,0.2,0.4,6546.428,389.12899999999996,333.308,338.162,482.97299999999996,12.666666667,13.936643,3.11176359
Oadby and Wigston 007,E02005416,0.8,1.0,6077.6635,539.087,687.628,481.5065,559.115,8.0,12.83452655,2.9684884515
Oadby and Wigston 008,E02006818,0.6,0.8,6357.636,402.486,406.593,362.2374,685.0476,12.0,13.6853454,3.079094902
Oadby and Wigston 009,E02006911,0.8,1.0,12935.7265,716.999,677.8615,493.1325,831.2805,18.0,18.28018695,3.6764243035
Oldham 001,E02001098,0.4,0.6,4218.9565,360.7505,524.942,413.7155,367.224,15.0,10.975936950000001,2.7268718035000004
Oldham 002,E02001099,0.2,0.4,4710.2016,307.3148,346.0964,232.6896,279.11,10.0,9.639578,2.55314514
Oldham 003,E02001100,0.2,0.4,4429.6191,348.7185,428.59590000000003,295.0695,458.99700000000007,14.0,12.548799150000002,2.9313438895000004
Oldham 004,E02001101,0.4,0.6,4128.7488,382.5376,459.488,280.6752,285.6576,12.333333334,8.953594240000001,2.4639672512
Oldham 005,E02001102,0.4,0.6,4929.5632000000005,317.1772,332.915,231.8299,243.3306,9.999999999,7.755829960000001,2.3082578948
Oldham 006,E02001103,0.6,0.8,4042.4607999999994,381.41600000000005,418.73440000000005,274.9488,369.3424,6.666666666,9.08801824,2.4814423712
Oldham 007,E02001104,0.2,0.4,6085.8643999999995,304.61199999999997,327.2808,180.642,184.89239999999998,8.000000001,8.749094199999998,2.437382246
Oldham 008,E02001105,0.2,0.4,4541.342,344.5156,425.8261,316.8098,396.3134,11.333333334,11.980951600000001,2.8575237080000004
Oldham 009,E02001106,0.2,0.4,4515.7365,321.4296,341.2278,262.6173,383.1534,15.333333333,11.02323015,2.7330199195000002
Oldham 010,E02001107,0.2,0.4,5396.715,275.415,285.09000000000003,230.26500000000001,263.16,8.666666667,9.4347375,2.5265158750000003
Oldham 011,E02001108,0.0,0.2,5131.174099999999,176.2595,175.1037,132.917,162.9678,6.333333333,7.72155306,2.3038018978
Oldham 012,E02001109,0.0,0.2,6474.9800000000005,367.582,332.977,220.703,292.989,10.0,12.448572,2.91831436
Oldham 013,E02001110,0.8,1.0,4826.036599999999,405.279,490.83790000000005,333.8727,376.3305,8.000000001,9.04904378,2.4763756914000004
Oldham 014,E02001111,0.0,0.2,6698.5380000000005,231.55440000000002,187.95000000000002,157.12619999999998,243.58319999999998,12.333333334,10.1395266,2.618138458
Oldham 015,E02001112,0.8,1.0,4418.275000000001,407.62149999999997,401.92049999999995,222.339,250.844,8.333333333,6.815545499999999,2.186020915
Oldham 016,E02001113,0.0,0.2,8949.4542,245.3355,130.8456,112.5657,180.8748,8.0,10.20903552,2.6271746176
Oldham 017,E02001114,0.2,0.4,7452.4328000000005,342.06719999999996,409.768,301.0904,402.64160000000004,12.0,13.330822000000001,3.0330068600000004
Oldham 018,E02001115,0.2,0.4,4692.7452,330.6732,323.0513,263.835,253.8679,10.666666667,9.5238572,2.538101436
Oldham 019,E02001116,0.0,0.2,6781.14,224.546,187.246,93.996,173.818,9.0,8.871432,2.45328616
Oldham 020,E02001117,0.8,1.0,4626.7389,411.78780000000006,437.1381,303.58529999999996,403.13160000000005,11.0,9.038247570000001,2.4749721841000003
Oldham 021,E02001118,0.6,0.8,4616.076800000001,338.0992,353.1392,301.4016,406.68159999999995,9.0,9.45408384,2.5290308992
Oldham 022,E02001119,0.0,0.2,10925.431999999999,310.732,175.52800000000002,160.10999999999999,288.19800000000004,15.333333333,13.5657052,3.063541676
Oldham 024,E02001121,0.0,0.2,7988.7458,195.28810000000001,152.2731,104.95660000000001,161.73639999999997,7.333333333,9.20658648,2.4968562424
Oldham 026,E02001123,0.0,0.2,5912.0934,271.9932,278.8272,173.5836,198.186,6.666666666,9.89467524,2.5863077812000004
Oldham 027,E02001124,0.0,0.2,5489.574299999999,255.24,218.2302,171.01080000000002,246.94469999999998,5.333333333,9.821507579999999,2.5767959854
Oldham 028,E02001125,0.2,0.4,6781.073600000001,390.4304,408.40000000000003,215.6352,371.644,14.666666667,12.1646024,2.881398312
Oldham 029,E02001126,0.0,0.2,8023.2646,277.4616,232.9966,164.5205,197.42459999999997,12.333333334,10.886988460000001,2.7153084998000003
Oldham 030,E02001127,0.0,0.2,6632.485500000001,309.7944,269.5515,182.9913,197.418,12.999999999,10.5261759,2.668402867
Oldham 031,E02001128,0.0,0.2,6365.6162,389.6524,344.63280000000003,293.4036,367.14259999999996,11.666666667,13.950332120000002,3.1135431756000003
Oldham 032,E02001129,0.0,0.2,5103.225,283.819,277.07599999999996,189.417,277.076,10.333333333,10.517241,2.6672413300000004
Oldham 033,E02001130,0.2,0.4,4226.352,335.296,281.7568,253.6352,310.96000000000004,14.666666666,9.753057600000002,2.5678974880000003
Oldham 034,E02001131,0.4,0.6,4125.1501,252.00189999999998,256.2107,275.1503,352.487,9.666666666,8.64713743,2.4241278659
Oldham 035,E02006860,0.0,0.2,14131.7631,442.91519999999997,256.8293,187.62380000000002,358.33070000000004,15.666666666,17.591115360000003,3.586844996800001
Oxford 001,E02005940,0.8,1.0,4352.3366,330.716,344.4008,241.19459999999998,433.3520000000001,9.0,8.628779580000002,2.4217413454
Oxford 002,E02005941,0.8,1.0,5655.827499999999,337.2,358.275,259.2225,415.1775,8.333333333,8.950763250000001,2.4635992225
Oxford 003,E02005942,0.8,1.0,5535.9574,253.99179999999998,297.21029999999996,251.99710000000002,311.8381,5.333333334,7.45339602,2.2689414826
Oxford 004,E02005943,0.8,1.0,5008.926299999999,289.42130000000003,293.1719,224.4109,435.0696,5.333333333,8.57568439,2.4148389707
Oxford 005,E02005944,0.2,0.4,6063.548400000001,250.992,239.8368,185.4552,230.77319999999997,7.666666667,8.8115622,2.445503086
Oxford 006,E02005945,0.8,1.0,12943.6968,362.9209,331.1111,293.5177,524.8616999999999,12.333333333,12.51224024,2.9265912312
Oxford 007,E02005946,0.8,1.0,6310.22,347.5416,356.748,277.7264,379.764,7.999999999,8.8676812,2.4527985560000003
Oxford 008,E02005947,0.4,0.6,17169.0904,205.436,158.9896,144.6984,185.7856,6.333333333,9.29517512,2.5083727656
Oxford 009,E02005948,0.6,0.8,6330.6334,261.6796,227.8913,180.4439,189.07070000000002,4.0,6.31611162,2.1210945106
Oxford 010,E02005949,0.4,0.6,6607.9546,247.18590000000003,188.5442,138.8101,240.50519999999997,7.000000001,6.949857979999999,2.2034815374
Oxford 011,E02005950,0.4,0.6,9800.6088,306.6064,317.4024,174.8952,196.4872,5.666666666,8.23022264,2.3699289431999997
Oxford 012,E02005951,0.6,0.8,4866.1946,220.8761,257.2082,151.0954,272.2024,5.666666666,6.680146779999999,2.1684190813999997
Oxford 013,E02005952,0.4,0.6,12312.4731,423.0996,359.9094,247.266,392.8782,14.333333334,12.17771313,2.8831027069
Oxford 014,E02005953,0.6,0.8,4557.2493,203.7224,176.1783,108.61729999999999,151.2327,4.333333333,4.68597899,1.9091772687000002
Oxford 015,E02005954,0.4,0.6,7727.3875,417.13800000000003,388.953,289.366,570.2765,13.999999999,13.28781825,3.0274163725000003
Oxford 016,E02005955,0.2,0.4,8628.348,367.524,346.608,224.1,390.43199999999996,10.666666666,13.057062,2.99741806
Oxford 017,E02005956,0.0,0.2,5049.1224,212.7373,210.38010000000003,166.1826,253.9883,10.666666667,9.356198240000001,2.5163057712000003
Oxford 018,E02005957,0.0,0.2,5756.252799999999,202.1192,135.1712,103.9288,177.25279999999998,7.0,7.994738879999999,2.3393160544000002
Pendle 001,E02005240,0.4,0.6,4239.654,301.45799999999997,312.6825,218.07600000000002,273.1295,11.000000001,7.711552200000001,2.302501786
Pendle 002,E02005241,0.4,0.6,4184.8028,351.68240000000003,396.86760000000004,220.482,289.0764,11.666666667,8.33808484,2.3839510292000003
Pendle 003,E02005242,0.4,0.6,4704.880999999999,377.2955,413.37399999999997,281.29,338.15950000000004,9.666666666,9.5652053,2.5434766890000002
Pendle 004,E02005243,0.0,0.2,3835.3240000000005,296.6248,324.356,186.1952,309.9952,9.333333334,10.4294072,2.655822936
Pendle 005,E02005244,0.2,0.4,4925.778899999999,293.3511,304.7492,185.969,289.75169999999997,6.333333333,9.34074295,2.5142965835
Pendle 006,E02005245,0.6,0.8,5212.8384,468.384,470.4504,363.6864,371.952,8.666666666,10.29232512,2.6380022656
Pendle 007,E02005246,0.0,0.2,4241.2489000000005,299.5774,259.6683,168.44750000000002,213.5396,8.666666666,9.08258554,2.4807361202
Pendle 008,E02005247,0.6,0.8,7038.5625,702.405,782.7075,511.8075,640.4849999999999,13.0,16.251581249999997,3.4127055624999993
Pendle 009,E02005248,0.0,0.2,6014.757799999999,251.69490000000002,214.1794,158.2472,181.43859999999998,12.0,9.22321978,2.4990185714
Pendle 010,E02005249,0.0,0.2,8866.5388,391.5279,326.7791,251.9133,280.2409,18.333333333,14.03774218,3.1249064834
Pendle 011,E02005250,0.0,0.2,7537.2067,265.0095,227.9923,132.08409999999998,249.0248,10.666666668,10.900219320000001,2.7170285116000006
Pendle 012,E02005251,0.2,0.4,5639.911800000001,382.4514,410.2272,276.3336,413.7882,13.666666666,12.5080125,2.926041625
Pendle 013,E02005252,0.0,0.2,7644.8883,489.8775,446.02180000000004,348.9794,401.23299999999995,12.333333333,16.52408128,3.4481305664000006
Peterborough 001,E02003237,0.6,0.8,4292.288,424.51199999999994,436.304,299.5168,444.55839999999995,7.666666666,10.2696528,2.6350548639999998
Peterborough 002,E02003238,0.4,0.6,4803.3291,318.8226,229.1892,130.47899999999998,190.61280000000002,4.333333333,6.065628330000001,2.0885316829000002
Peterborough 003,E02003239,0.6,0.8,5519.620999999999,505.0102,530.8892000000001,329.7724,507.22839999999997,10.0,12.0178379,2.862318927
Peterborough 004,E02003240,0.6,0.8,5772.9362,337.3122,337.3122,193.8338,257.2954,3.333333333,7.55517246,2.2821724198
Peterborough 005,E02003241,0.2,0.4,5217.587199999999,342.3392,385.2128,287.7728,263.088,13.0,10.348128,2.6452566400000004
Peterborough 006,E02003242,0.4,0.6,5897.662700000001,497.5378,527.1341,427.9465,649.5187999999999,14.666666665,15.23481541,3.2805260033000003
Peterborough 007,E02003243,0.0,0.2,9289.9816,423.61639999999994,317.97639999999996,184.87,347.55559999999997,9.0,14.74671016,3.2170723208
Peterborough 008,E02003244,0.0,0.2,7855.0274,352.868,352.868,240.5074,483.80060000000003,16.0,15.730855440000001,3.3450112072000007
Peterborough 009,E02003245,0.0,0.2,6945.2315,297.6415,269.2195,166.5845,215.53349999999998,7.0,10.7539374,2.698011862
Peterborough 010,E02003246,0.0,0.2,9173.176500000001,291.595,238.30349999999999,142.781,208.13850000000002,9.333333334,11.650527400000003,2.8145685620000007
Peterborough 011,E02003247,0.0,0.2,7023.250800000001,388.926,414.8544,241.71959999999999,296.0856,10.0,13.477916880000002,3.0521291944000004
Peterborough 012,E02003248,0.2,0.4,10026.552800000001,342.9424,292.17789999999997,198.5456,421.9094,11.666666667,13.6635472,3.0762611360000003
Peterborough 013,E02003249,0.0,0.2,10505.856,425.2944,398.7888,302.4048,414.45120000000003,14.333333334,17.5141776,3.5768430880000004
Peterborough 014,E02003250,0.0,0.2,11091.834599999998,393.2313,258.867,178.7415,404.32559999999995,14.666666667,16.01868996,3.3824296948
Peterborough 015,E02003251,0.6,0.8,5211.702,514.2504,538.2876,391.8792,627.1524,13.000000001,13.6032342,3.068420446
Peterborough 016,E02003252,0.2,0.4,11327.009999999998,324.945,295.065,185.505,318.71999999999997,15.333333333,12.941774999999996,2.98243075
Peterborough 017,E02003253,0.2,0.4,8423.478700000001,374.8745,327.16319999999996,235.6354,375.84819999999996,13.666666666,12.804641850000003,2.9646034405000004
Peterborough 018,E02003254,0.6,0.8,6504.4310000000005,587.703,598.059,362.46000000000004,576.484,15.333333334,13.672595300000001,3.077437389
Peterborough 019,E02003255,0.2,0.4,9495.5139,522.7623,509.03549999999996,346.6017,563.9427,17.333333334,17.545710149999998,3.5809423195
Peterborough 021,E02003257,0.0,0.2,7746.6714,402.9234,326.9844,215.3094,243.00480000000002,9.333333334,12.72076524,2.9536994812
Peterborough 022,E02006877,0.4,0.6,8190.3824,337.6304,316.7656,281.6748,356.5984,7.000000001,10.36866752,2.6479267776000004
Peterborough 023,E02006878,0.4,0.6,10285.301,187.6004,138.5189,97.0723,197.41670000000002,6.0,6.966300900000002,2.2056191170000004
Plymouth 001,E02003122,0.6,0.8,5011.204499999999,490.8356,550.4168,460.3357,580.2074000000001,9.666666667,13.37065965,3.0381857545
Plymouth 002,E02003123,0.2,0.4,6966.6844,381.2315,411.216,336.6831,472.8984,12.0,14.3034632,3.1594502159999998
Plymouth 003,E02003124,0.0,0.2,6659.757599999999,342.6881,322.81059999999997,252.0467,373.697,11.333333333,13.57203896,3.0643650648000005
Plymouth 004,E02003125,0.0,0.2,4756.292799999999,372.4588,366.9904,242.4324,337.21799999999996,7.666666667,12.294664480000002,2.8983063824000004
Plymouth 005,E02003126,0.4,0.6,5886.650000000001,606.2484999999999,530.563,275.21999999999997,345.55400000000003,5.666666667,10.898712000000002,2.7168325600000003
Plymouth 006,E02003127,0.0,0.2,6194.408800000001,346.8204,374.7776,294.684,345.3092,8.000000001,13.531133680000002,3.0590473784000003
Plymouth 007,E02003128,0.0,0.2,7164.628500000001,424.401,471.94800000000004,324.024,419.9985,12.333333334,16.088672100000004,3.3915273730000006
Plymouth 008,E02003129,0.4,0.6,4755.0797999999995,332.9118,422.8542,290.439,445.3398,11.0,10.87047594,2.7131618722
Plymouth 009,E02003130,0.0,0.2,8642.6808,561.5688,515.2103999999999,348.74159999999995,469.9056,12.0,18.64956288,3.7244431744
Plymouth 010,E02003131,0.2,0.4,5762.1442,402.973,479.1312,368.22119999999995,380.791,8.666666667,13.1535563,3.009962319
Plymouth 011,E02003132,0.4,0.6,7310.7537,448.5511,458.43899999999996,305.62600000000003,466.5291,8.333333333,12.35618951,2.9063046363
Plymouth 012,E02003133,0.4,0.6,5595.101600000001,391.824,490.50559999999996,359.172,419.3968,9.0,11.61199448,2.8095592824000004
Plymouth 013,E02003134,0.0,0.2,5777.172,308.8512,310.9194,186.138,312.9876,11.333333334,11.6239734,2.811116542
Plymouth 014,E02003135,0.0,0.2,7008.3150000000005,281.9164,257.3675,172.6342,198.7669,6.333333334,10.4950507,2.664356591
Plymouth 015,E02003136,0.6,0.8,5390.4186,491.8151,631.7751999999999,495.7246,810.0484,18.0,16.51701198,3.4472115574
Plymouth 016,E02003137,0.8,1.0,5822.345,423.9,494.55,359.53000000000003,751.245,17.666666666,13.644948500000002,3.0738433050000005
Plymouth 017,E02003138,0.6,0.8,6533.2579,310.9627,272.18739999999997,208.3222,280.5507,9.333333333,7.79832107,2.3137817391000004
Plymouth 018,E02003139,0.8,1.0,5483.2844,272.4854,327.36990000000003,194.35569999999998,179.50459999999998,2.666666667,5.79102502,2.0528332526
Plymouth 019,E02003140,0.8,1.0,5944.8027999999995,353.3838,439.8175,346.4997,564.4962,9.666666668,11.31180014,2.7705340182000002
Plymouth 020,E02003141,0.0,0.2,6886.9256000000005,330.9783,323.7306,221.4575,289.908,9.0,12.43479836,2.9165237868
Plymouth 021,E02003142,0.0,0.2,7545.8988,475.0578,416.3634,312.73109999999997,421.866,13.000000001,16.23615498,3.4107001474
Plymouth 022,E02003143,0.6,0.8,5800.768,447.35999999999996,445.86879999999996,334.7744,427.2288,8.000000001,10.7918144,2.7029358720000003
Plymouth 023,E02003144,0.2,0.4,8083.106999999999,187.0515,195.03,132.975,266.8365,9.666666667,9.515691,2.5370398300000003
Plymouth 024,E02003145,0.2,0.4,5638.623,316.249,354.2265,212.674,383.91799999999995,11.666666667,11.2806985,2.766490805
Plymouth 025,E02003146,0.2,0.4,8072.048399999999,239.1519,241.839,170.183,234.67340000000002,6.333333333,9.728197699999999,2.564665701
Plymouth 026,E02003147,0.0,0.2,8227.921,364.9594,339.7576,197.8808,203.4812,10.333333333,12.287277600000001,2.897346088
Plymouth 027,E02003148,0.0,0.2,9474.912,387.9744,299.264,225.51680000000002,299.26399999999995,9.0,14.2909248,3.157820224
Plymouth 028,E02003149,0.0,0.2,8682.8994,324.8112,261.009,198.17350000000002,199.1402,13.0,11.91573754,2.8490458802000003
Plymouth 029,E02003150,0.0,0.2,10380.356000000002,557.1447,505.48889999999994,329.6132,527.6271,17.333333332,20.1801992,3.9234258960000004
Plymouth 030,E02003151,0.8,1.0,5112.870000000001,458.577,643.815,466.10699999999997,847.878,18.000000001,15.395838000000001,3.30145894
Plymouth 031,E02003152,0.6,0.8,7899.7269,588.0690000000001,679.8903,486.9624,664.4148,17.333333333,16.00899207,3.3811689691
Plymouth 032,E02003153,0.6,0.8,5659.4629,390.49010000000004,481.12610000000006,394.26660000000004,628.4096,11.666666667,13.28716207,3.0273310691
Poole 001,E02003194,0.8,1.0,4202.5464,465.10880000000003,541.1952,417.24800000000005,511.1287999999999,13.333333334,10.982028719999999,2.7276637336
Poole 002,E02003195,0.4,0.6,4413.4296,336.3456,282.6852,197.4924,302.04720000000003,10.666666666,7.936981680000001,2.3318076184
Poole 003,E02003196,0.8,1.0,6971.7919999999995,719.328,733.552,572.008,1163.32,29.0,20.6538576,3.985001488
Poole 004,E02003197,0.4,0.6,5434.520600000001,405.6018,466.06839999999994,201.7818,286.7068,8.666666666,8.95700578,2.4644107514
Poole 005,E02003198,0.4,0.6,6074.7456,310.464,395.472,291.2448,320.8128,15.666666667,9.62246208,2.5509200704
Poole 006,E02003199,0.4,0.6,7019.732099999999,568.2771,580.1734,377.0212,607.6264,14.666666666,15.11681143,3.2651854859
Poole 007,E02003200,0.2,0.4,8185.7682,521.9286,564.9954,422.4648,559.8684,23.333333333,17.594325899999998,3.587262367
Poole 008,E02003201,0.2,0.4,9098.94,492.041,499.678,363.30300000000005,457.129,23.666666667,16.052974000000003,3.3868866200000003
Poole 009,E02003202,0.6,0.8,5064.079000000001,350.982,325.822,237.13299999999998,311.984,12.333333333,8.1419647,2.3584554110000004
Poole 010,E02003203,0.4,0.6,6251.0788999999995,391.1147,326.55449999999996,246.9803,290.5209,9.0,8.93190367,2.4611474771
Poole 011,E02003204,0.4,0.6,7073.695,483.10380000000004,483.10380000000004,425.7864,633.2207999999999,20.0,15.174099299999998,3.272632909
Poole 012,E02003205,0.6,0.8,6348.1113000000005,470.5061,555.6768,351.4325,544.9271,16.333333334,12.819513390000001,2.9665367407000005
Poole 013,E02003206,0.6,0.8,8086.597500000001,451.4145,540.103,358.73999999999995,528.145,22.999999999,13.09251525,3.0020269825000003
Poole 014,E02003207,0.2,0.4,5920.2472,300.40680000000003,360.9204,300.40680000000003,322.0188,12.999999999,11.2720988,2.765372844
Poole 015,E02003208,0.2,0.4,9212.3648,562.8928000000001,639.4368000000001,467.5072,892.6208,27.666666667,22.836608,4.26875904
Poole 016,E02003209,0.4,0.6,5051.396,388.32,412.9136,277.6488,342.3688,13.666666667,9.7180316,2.563344108
Poole 017,E02003210,0.8,1.0,7036.715999999999,556.5927,640.2258,497.9534,880.5508,23.0,16.6804776,3.468462088
Poole 018,E02003211,0.8,1.0,5130.0594,651.3516000000001,935.3195999999999,706.3704,1450.899,36.666666666,24.20410122,4.4465331586
Portsmouth 001,E02003524,0.0,0.2,6877.840399999999,356.801,335.9542,184.414,263.7922,13.333333334,12.04688464,2.8660950032
Portsmouth 002,E02003525,0.0,0.2,5563.4194,239.1356,239.1356,147.06199999999998,206.52620000000002,8.666666666,9.237156040000002,2.5008302852
Portsmouth 003,E02003526,0.8,1.0,4807.1058,402.339,501.06419999999997,361.767,691.7526,16.333333333,12.66705174,2.9467167262
Portsmouth 004,E02003527,0.2,0.4,5100.6966,256.7172,340.8357,234.90869999999998,298.4649,6.333333333,9.9097824,2.588271712
Portsmouth 006,E02003529,0.6,0.8,6940.1072,344.60880000000003,377.66479999999996,231.392,372.70640000000003,11.0,9.53863936,2.5400231168
Portsmouth 007,E02003530,0.2,0.4,6468.5588,369.38439999999997,410.3396,245.7312,381.986,13.000000001,12.287741400000002,2.8974063820000002
Portsmouth 008,E02003531,0.4,0.6,6317.8164,376.4502,413.082,293.0544,393.59700000000004,11.333333333,10.78206372,2.7016682836
Portsmouth 009,E02003532,0.2,0.4,6624.336399999999,322.1492,295.3672,198.952,210.43,10.333333332,9.3779086,2.5191281180000002
Portsmouth 010,E02003533,0.0,0.2,5005.3584,195.43200000000002,185.0856,154.0464,207.5028,9.000000001,8.47416144,2.4016409872
Portsmouth 011,E02003534,0.2,0.4,7882.432,321.842,341.62,200.477,244.52800000000002,4.666666667,10.610897,2.67941661
Portsmouth 012,E02003535,0.2,0.4,8863.6904,268.0314,281.7766,173.7786,229.74120000000002,10.666666666,10.336390399999999,2.6437307519999997
Portsmouth 013,E02003536,0.0,0.2,7102.4268,329.18089999999995,310.3002,210.9713,256.94169999999997,13.000000001,12.01896108,2.8624649404
Portsmouth 014,E02003537,0.4,0.6,8702.3618,485.4322,450.0144,309.3849,470.8484,9.333333333,12.888120740000002,2.9754556962
Portsmouth 015,E02003538,0.0,0.2,9479.538,292.113,277.455,188.45999999999998,231.38700000000003,14.666666667,12.631426800000002,2.9420854840000006
Portsmouth 016,E02003539,0.0,0.2,14450.039999999997,358.7056,321.112,249.0576,283.5184,19.000000001,17.214736,3.5379156800000002
Portsmouth 017,E02003540,0.2,0.4,7963.230799999999,413.5446,519.428,446.50829999999996,647.2872,15.333333333,18.1929657,3.665085541
Portsmouth 018,E02003541,0.0,0.2,11716.0304,314.0192,320.5072,246.54399999999998,378.8992,15.333333333,16.47484864,3.4417303232
Portsmouth 019,E02003542,0.4,0.6,8557.8948,254.94840000000002,271.1205,156.0132,273.9744,6.0,8.38551924,2.3901175012
Portsmouth 020,E02003543,0.4,0.6,8176.5545999999995,258.5009,216.168,142.31060000000002,213.46589999999998,7.666666667,7.250094580000001,2.2425122954
Portsmouth 021,E02003544,0.4,0.6,5671.211,196.833,191.737,128.674,181.54500000000002,6.333333333,5.8125613000000005,2.0556329690000004
Portsmouth 022,E02003545,0.2,0.4,6248.0316,311.7736,300.6916,184.70000000000002,342.0644,9.333333334,10.6597758,2.6857708540000003
Portsmouth 023,E02003546,0.4,0.6,7119.118999999999,397.7694,427.2338,291.1776,430.70019999999994,12.333333334,11.5556777,2.8022381010000004
Portsmouth 024,E02003547,0.4,0.6,7696.345,397.28,492.78,357.17,607.38,12.999999999,14.5061635,3.1858012550000003
Portsmouth 025,E02003548,0.4,0.6,5768.0103,248.2896,253.0125,150.4581,326.5548,12.000000001,8.06043849,2.3478570036999997
Portsmouth 026,E02006821,0.8,1.0,5266.209999999999,282.67400000000004,354.832,289.956,426.3279999999999,10.333333334,8.994263,2.46925419
Preston 001,E02005253,0.6,0.8,4829.508199999999,357.37239999999997,410.2934,289.509,339.31700000000006,11.333333333,8.98480286,2.4680243718000003
Preston 002,E02005254,0.8,1.0,5379.3525,371.553,406.2585,290.5735,357.943,7.666666666,8.55966925,2.4127570025000002
Preston 003,E02005255,0.8,1.0,6804.0531,462.93260000000004,513.9784,393.4047,626.6312,11.999999999,12.85500463,2.9711506019
Preston 004,E02005256,0.6,0.8,5425.874400000001,320.6408,278.5032,210.0296,349.61039999999997,13.000000001,8.278919120000001,2.3762594856000003
Preston 005,E02005257,0.0,0.2,4811.3931,344.82750000000004,304.0479,213.4932,322.6386,8.333333333,11.497328460000002,2.7946526998000003
Preston 006,E02005258,0.6,0.8,6047.5488000000005,430.5088,484.7152,356.66240000000005,536.5648,17.333333334,12.29966784,2.8989568192000004
Preston 007,E02005259,0.0,0.2,8491.629200000001,429.59680000000003,425.54400000000004,282.6828,502.54720000000003,16.0,17.380027520000002,3.5594035776000004
Preston 008,E02005260,0.4,0.6,4927.0539,374.37059999999997,381.4953,297.2943,497.43360000000007,12.333333332,11.505807570000002,2.7957549841000002
Preston 009,E02005261,0.0,0.2,9051.642100000001,414.2745,302.77840000000003,180.03040000000001,281.2975,12.666666666,13.65203256,3.0747642328
Preston 010,E02005262,0.6,0.8,5449.5485,261.9065,237.92469999999997,168.5037,193.1166,7.333333333,6.077177450000001,2.0900330685000004
Preston 011,E02005263,0.0,0.2,6410.434800000001,191.6904,144.81719999999999,116.83319999999999,130.8252,10.000000001,7.916533680000001,2.3291493784000004
Preston 012,E02005264,0.2,0.4,11754.089999999998,353.265,282.61199999999997,211.959,245.3586,7.666666667,12.4953042,2.924389546
Preston 013,E02005265,0.2,0.4,8836.719000000001,531.5,429.452,314.648,518.7439999999999,15.999999999,16.1581315,3.400557095
Preston 014,E02005266,0.0,0.2,7712.611199999999,249.039,185.724,124.94160000000001,170.52840000000003,5.999999999,9.72231372,2.5639007836000003
Preston 015,E02005267,0.0,0.2,6829.1576000000005,171.2412,130.2604,77.5708,109.77,5.666666667,7.465238160000001,2.2704809608
Preston 016,E02005268,0.0,0.2,8097.8096000000005,341.2204,245.1664,180.2156,284.5028,15.333333334,12.46616256,2.9206011328
Preston 017,E02005269,0.0,0.2,10092.116,329.498,256.766,133.34199999999998,209.38000000000002,7.333333334,12.4325436,2.916230668
Purbeck 001,E02004263,0.6,0.8,4326.504,428.65200000000004,426.29999999999995,328.10400000000004,370.44,10.333333334,9.575815200000001,2.544855976
Purbeck 002,E02004264,0.6,0.8,6464.390399999999,521.184,610.896,396.4416,550.2336,21.333333332,13.46004672,3.0498060736
Purbeck 003,E02004265,0.4,0.6,6156.945,693.84,686.76,529.23,782.34,21.0,18.5452635,3.710884255
Purbeck 004,E02004266,0.4,0.6,7047.5031,519.9347,562.2864,428.9236,451.45110000000005,13.0,13.39422073,3.0412486949
Purbeck 005,E02004267,0.4,0.6,3256.1477999999997,474.54170000000005,496.089,337.2403,446.9812,10.666666667,11.297499940000002,2.7686749922000002
Purbeck 006,E02004268,0.6,0.8,6373.704199999999,760.5546999999999,985.8678,726.1182,992.7551000000001,27.333333334,21.92758896,4.1505865648
Reading 001,E02003389,0.8,1.0,5850.46,420.1694,468.7966,353.307,504.5072,8.333333333,10.8491842,2.710393946
Reading 002,E02003390,0.8,1.0,5725.116,429.6755,399.766,310.767,429.67549999999994,8.333333333,9.656683300000001,2.5553688290000003
Reading 003,E02003391,0.8,1.0,6495.171899999999,392.112,401.0979,316.9572,562.0272,10.666666666,11.30205657,2.7692673541
Reading 004,E02003392,0.4,0.6,7016.3675,293.93,253.55499999999998,204.29749999999999,306.0425,7.000000001,8.60528525,2.4186870825
Reading 005,E02003393,0.8,1.0,6037.115399999999,380.0642,414.1337,289.2122,448.9603,10.999999999,9.78415472,2.5719401136
Reading 006,E02003394,0.2,0.4,7147.829699999999,278.82469999999995,256.0635,159.3284,287.7666,15.666666667,10.003140949999999,2.6004083235
Reading 007,E02003395,0.4,0.6,9626.8912,209.41479999999999,191.87759999999997,119.6656,166.0876,6.666666667,6.78545216,2.1821087808
Reading 008,E02003396,0.4,0.6,8229.945099999999,269.72790000000003,249.33610000000002,210.40630000000002,311.4384,11.666666666,9.00548233,2.4707127029000002
Reading 009,E02003397,0.2,0.4,5997.324,338.1192,394.0992,281.39279999999997,453.8112,14.333333332,13.0049004,2.9906370520000003
Reading 010,E02003398,0.4,0.6,9786.2388,287.4534,260.7384,167.7702,182.7306,8.000000001,7.75312044,2.3079056572
Reading 011,E02003399,0.2,0.4,13456.830399999999,245.36589999999998,216.9999,138.9934,127.64700000000002,10.666666667,10.837230300000002,2.708839939
Reading 012,E02003400,0.6,0.8,7499.431600000001,224.05010000000001,191.567,140.7601,273.19120000000004,8.666666667,7.17310138,2.2325031794
Reading 013,E02003401,0.4,0.6,7520.3223,309.7774,222.3821,191.2313,411.0175,12.666666667,9.84477769,2.5798210997
Reading 014,E02003402,0.4,0.6,9731.3457,265.5831,223.25910000000002,159.7731,202.09709999999998,8.333333334,7.727410110000001,2.3045633143
Reading 015,E02003403,0.2,0.4,7041.4024,401.94599999999997,391.5732,329.3364,478.01320000000004,17.333333334,14.334345200000001,3.1634648760000004
Reading 016,E02003404,0.2,0.4,9012.384,216.4158,222.345,172.935,258.90840000000003,9.666666667,10.362265200000001,2.6470944760000004
Reading 017,E02003405,0.0,0.2,10140.109,335.58,272.9384,196.8736,239.38039999999998,12.999999999,13.3773374,3.0390538620000003
Reading 018,E02003406,0.2,0.4,6071.9445000000005,383.7555,276.87780000000004,187.2153,253.2069,8.333333334,9.643739850000001,2.5536861805
Redbridge 001,E02000751,0.8,1.0,8168.51,591.395,647.9725,497.45500000000004,769.6675,12.666666666,15.8829055,3.364777715
Redbridge 002,E02000752,0.2,0.4,6676.336799999999,266.84000000000003,295.04879999999997,163.916,224.1456,10.333333333,9.1560428,2.490285564
Redbridge 003,E02000753,0.2,0.4,5660.151,229.991,199.677,164.75,335.431,7.333333333,9.4971785,2.5346332050000004
Redbridge 004,E02000754,0.6,0.8,5758.112499999999,278.001,263.228,180.6335,237.03949999999998,5.333333333,6.84694975,2.1901034675
Redbridge 005,E02000755,0.4,0.6,4714.2381000000005,224.1954,242.0418,174.5601,221.4069,6.333333333,6.535072830000001,2.1495594679
Redbridge 006,E02000756,0.4,0.6,11754.7785,533.1245,509.82599999999996,380.99899999999997,526.272,14.0,15.23324455,3.2803217915000005
Redbridge 007,E02000757,0.8,1.0,10993.715199999999,481.4208,477.59999999999997,278.9184,504.34559999999993,5.666666667,12.15854976,2.8806114687999997
Redbridge 008,E02000758,0.4,0.6,5224.2856,253.01919999999998,258.628,175.1192,319.7016,6.666666668,7.994970479999999,2.3393461624
Redbridge 009,E02000759,0.4,0.6,11760.0417,520.533,369.71189999999996,284.2911,412.42229999999995,9.0,12.70274031,2.9513562403
Redbridge 010,E02000760,0.2,0.4,6073.7495,268.91409999999996,271.054,194.73090000000002,325.9781,9.666666667,10.20268655,2.6263492514999998
Redbridge 012,E02000762,0.8,1.0,5517.4702,312.7472,276.3042,184.8654,335.27559999999994,7.0,7.445702459999999,2.2679413198
Redbridge 013,E02000763,0.4,0.6,6583.7824,314.3088,223.2048,197.392,272.5528,8.333333333,7.95155712,2.3337024256000003
Redbridge 014,E02000764,0.6,0.8,10241.7923,572.654,506.6743,395.87820000000005,729.5114,14.333333334,16.24855929,3.4123127077
Redbridge 015,E02000765,0.6,0.8,5908.518,285.376,192.08,148.17600000000002,324.478,8.666666667,7.4217654,2.264829502
Redbridge 017,E02000767,0.4,0.6,7249.0178,341.1696,240.82559999999998,227.44639999999998,302.7044,10.666666667,8.817478139999999,2.4462721582
Redbridge 018,E02000768,0.8,1.0,4785.2616,267.9793,284.837,179.0404,295.8817,4.666666666,6.69111178,2.1698445314
Redbridge 019,E02000769,0.4,0.6,14262.3912,498.519,311.7722,253.216,498.519,16.999999999,14.024368160000002,3.1231678608000006
Redbridge 020,E02000770,0.4,0.6,7080.9675,324.615,236.5975,163.92249999999999,268.09,8.0,7.920525250000001,2.3296682825
Redbridge 022,E02000772,0.4,0.6,8107.698799999999,311.1468,182.3964,110.8684,229.7837,8.666666666,7.20680364,2.2368844732
Redbridge 023,E02000773,0.4,0.6,9143.568,300.384,226.79999999999998,182.448,226.79999999999998,6.333333333,8.0673264,2.3487524320000004
Redbridge 024,E02000774,0.2,0.4,6726.6213,275.1903,219.84900000000002,150.1038,208.47750000000002,8.666666667,8.62073415,2.4206954395
Redbridge 026,E02000776,0.4,0.6,6310.4157,271.14239999999995,195.5897,113.68209999999999,169.464,5.666666667,5.93342891,2.0713457583
Redbridge 027,E02000777,0.4,0.6,5039.4624,358.3048,283.836,164.1976,256.97839999999997,5.333333334,7.4327187200000004,2.2662534336
Redbridge 029,E02000779,0.2,0.4,8141.284,287.224,198.024,90.092,203.376,10.333333334,8.795566,2.44342358
Redbridge 030,E02000780,0.2,0.4,15981.508800000001,427.8432,394.7984,240.0096,351.3184,13.666666666,16.7493656,3.477417528
Redbridge 031,E02000781,0.4,0.6,13240.946,572.2142,496.7242,309.509,477.09680000000003,18.666666668,14.6858246,3.209157198
Redbridge 032,E02000782,0.2,0.4,9777.988800000001,235.2312,170.5956,156.82080000000002,256.4232,10.666666667,10.4518944,2.658746272
Redbridge 033,E02000783,0.2,0.4,7126.644,205.905,135.19799999999998,118.881,183.37199999999999,4.666666667,7.75446,2.3080798
Redbridge 034,E02006800,0.4,0.6,13146.4256,526.4952,336.4928,211.7584,284.2784,11.000000001,11.02478048,2.7332214624000004
Redbridge 035,E02006924,0.4,0.6,11707.515,599.7533999999999,495.68660000000006,324.5241,565.5209000000001,15.999999999,15.427903100000002,3.305627403
Redbridge 036,E02006925,0.6,0.8,11855.316,683.5242,587.0934,426.8481,629.6364,12.666666666,16.3322577,3.423193501
Redcar and Cleveland 001,E02002515,0.0,0.2,5715.479,311.33549999999997,293.923,231.9345,413.02450000000005,16.333333334,13.035415400000002,2.994604002
Redcar and Cleveland 002,E02002516,0.0,0.2,4757.7972,313.77840000000003,289.6868,207.4228,307.9024,13.333333333,11.01879272,2.7324430536
Redcar and Cleveland 003,E02002517,0.0,0.2,4336.4478,263.1261,281.4963,212.33790000000002,308.5113,9.333333333,10.51348158,2.6667526054
Redcar and Cleveland 004,E02002518,0.6,0.8,8281.7487,621.1047,627.4533,454.98299999999995,593.5941,19.000000001,15.040997309999998,3.2553296502999998
Redcar and Cleveland 005,E02002519,0.0,0.2,5606.671200000001,470.36080000000004,477.00640000000004,335.2336,494.728,20.999999999,16.384209920000004,3.4299472896000003
Redcar and Cleveland 006,E02002520,0.4,0.6,9295.0452,775.859,957.7407000000001,749.1491,942.4779,25.000000001,23.97582376,4.4168570888000005
Redcar and Cleveland 007,E02002521,0.2,0.4,4234.806,442.497,472.97200000000004,391.299,552.8165,16.0,14.709673,3.2122574900000003
Redcar and Cleveland 009,E02002523,0.0,0.2,5887.144899999999,267.9885,193.8781,133.6634,133.6634,10.999999999,8.38122454,2.3895591902
Redcar and Cleveland 010,E02002524,0.2,0.4,4251.4875,325.97499999999997,406.0875,241.995,298.9025,9.666666667,10.008813750000002,2.6011457875
Redcar and Cleveland 011,E02002525,0.0,0.2,6346.272999999999,495.47999999999996,477.31239999999997,407.9452,531.8152,20.333333335,17.9091246,3.628186198
Redcar and Cleveland 012,E02002526,0.2,0.4,6155.842,526.394,501.40199999999993,263.197,363.946,12.333333333,12.872442,2.9734174600000003
Redcar and Cleveland 013,E02002527,0.0,0.2,4077.7596000000003,271.6146,294.3756,192.204,223.05780000000001,8.333333334,9.298728360000002,2.5088346868
Redcar and Cleveland 015,E02002529,0.2,0.4,4620.2471000000005,342.1311,395.3121,249.3598,301.9499,9.0,10.286682650000001,2.6372687445
Redcar and Cleveland 016,E02002530,0.0,0.2,4734.303,388.76460000000003,492.77340000000004,336.126,390.66720000000004,11.666666666,14.289160200000001,3.1575908260000003
Redcar and Cleveland 018,E02002532,0.0,0.2,5069.123100000001,390.2373,409.386,282.60839999999996,452.30550000000005,12.000000001,14.445515160000001,3.1779169708
Redcar and Cleveland 019,E02002533,0.8,1.0,4538.322,469.908,440.84790000000004,298.63890000000004,435.28319999999997,10.666666666,9.4643181,2.530361353
Redcar and Cleveland 020,E02002534,0.8,1.0,3763.3024000000005,404.8264,582.362,404.26099999999997,499.24819999999994,14.333333333,10.61640272,2.6801323536000004
Redcar and Cleveland 021,E02006812,0.2,0.4,5728.1849999999995,486.21999999999997,461.305,355.605,517.1750000000001,13.666666667,14.863307500000001,3.232229975
Redcar and Cleveland 022,E02006910,0.0,0.2,8164.079,584.6764,499.11400000000003,400.3098,539.8580000000001,21.000000001,19.597864,3.84772232
Redditch 001,E02006721,0.6,0.8,4574.8521,420.35580000000004,463.9662,286.4961,310.72409999999996,9.0,8.919477630000001,2.4595320919000003
Redditch 002,E02006722,0.0,0.2,4657.824,290.0358,240.4386,98.6553,103.50720000000001,3.999999999,7.379739900000001,2.2593661870000004
Redditch 003,E02006723,0.0,0.2,7528.9305,339.651,293.49330000000003,204.6615,340.5219,11.666666667,13.201973100000002,3.016256503
Redditch 004,E02006724,0.0,0.2,6369.621,257.402,186.94,147.395,227.20399999999998,5.0,9.8016956,2.5742204280000003
Redditch 005,E02006725,0.2,0.4,4576.7926,405.90659999999997,285.14099999999996,169.9664,153.1934,6.333333334,7.674765699999999,2.297719541
Redditch 006,E02006726,0.4,0.6,5368.896000000001,305.87219999999996,296.838,216.8208,265.2183,8.333333334,7.8933096,2.326130248
Redditch 007,E02006727,0.6,0.8,4605.625599999999,387.8168,410.7004,278.21639999999996,340.8452,10.666666666,8.94050208,2.4622652704
Redditch 008,E02006728,0.8,1.0,5368.8331,485.71479999999997,384.6412,308.83599999999996,470.97489999999993,13.333333333,10.07626583,2.6099145579000003
Redditch 009,E02006729,0.4,0.6,5660.656,459.43199999999996,493.46399999999994,246.73199999999997,229.00699999999998,9.666666666,8.8193928,2.4465210639999997
Redditch 010,E02006730,0.0,0.2,5856.981199999999,251.2808,265.3151,151.7041,157.7188,5.333333334,9.05172252,2.4767239276
Redditch 011,E02006731,0.2,0.4,4392.0826,345.2292,349.17789999999997,279.22950000000003,275.2808,10.666666666,9.8864166,2.5852341580000004
Redditch 012,E02006732,0.6,0.8,5507.7626,463.0793,431.4578,290.9178,333.7825,9.666666666,9.430515080000001,2.5259669604
Redditch 013,E02006733,0.6,0.8,4625.5307999999995,398.7632,460.5348,292.9564,338.2148,8.0,9.21246964,2.4976210532
Reigate and Banstead 001,E02006375,0.8,1.0,5140.7981,383.1857,401.78049999999996,301.50140000000005,413.73429999999996,8.666666666,9.170756130000001,2.4921982969000003
Reigate and Banstead 002,E02006376,0.8,1.0,6885.2011,480.8594,563.4780999999999,423.3048,930.1566,16.666666667,16.502481930000002,3.4453226509000006
Reigate and Banstead 003,E02006377,0.8,1.0,4543.8225,376.671,418.11699999999996,294.3885,461.39149999999995,8.0,9.49997175,2.5349963275
Reigate and Banstead 004,E02006378,0.6,0.8,7455.8896,445.83680000000004,433.0464,308.79679999999996,494.2576,9.333333332,11.841443680000001,2.8393876784000005
Reigate and Banstead 005,E02006379,0.2,0.4,5691.7296,277.452,249.70680000000002,157.2228,229.22819999999996,5.999999999,8.528345999999999,2.40868498
Reigate and Banstead 006,E02006380,0.8,1.0,5155.2774,471.3072,472.01700000000005,373.3548,625.3338000000001,15.666666666,12.178677420000001,2.8832280646000004
Reigate and Banstead 007,E02006381,0.8,1.0,5520.64,382.8128,467.0752,358.84159999999997,534.6304,14.666666667,11.0311104,2.7340443519999997
Reigate and Banstead 008,E02006382,0.4,0.6,5689.4496,265.0282,304.31629999999996,150.49339999999998,249.0466,7.333333334,7.34567608,2.2549378904
Reigate and Banstead 009,E02006383,0.8,1.0,8141.889,428.7885,447.1215,376.84499999999997,789.3375,16.0,14.7613242,3.2189721460000005
Reigate and Banstead 010,E02006384,0.6,0.8,9348.5196,419.82390000000004,446.2695,296.4111,505.77209999999997,13.666666668,12.474830279999999,2.9217279364
Reigate and Banstead 011,E02006385,0.8,1.0,10369.9712,290.9824,272.6528,209.6448,315.04,9.999999999,8.75192576,2.4377503488
Reigate and Banstead 012,E02006386,0.8,1.0,7095.475200000001,341.2992,348.0576,268.6464,394.5216,7.999999999,9.19032576,2.4947423488
Reigate and Banstead 013,E02006387,0.6,0.8,5425.382599999999,263.56,361.0772,218.09589999999997,320.88430000000005,8.666666667,8.21925038,2.3685025494
Reigate and Banstead 014,E02006388,0.6,0.8,7675.075799999999,399.2814,403.8084,255.3228,319.6062,12.666666667,9.50860134,2.5361181742000003
Reigate and Banstead 015,E02006389,0.4,0.6,5563.5804,380.2197,375.354,247.4556,385.08540000000005,10.666666667,10.03668792,2.6047694296
Reigate and Banstead 016,E02006390,0.6,0.8,6889.9712,410.81600000000003,394.048,279.1872,409.9776,12.333333333,10.37050496,2.6481656448
Reigate and Banstead 017,E02006391,0.8,1.0,6622.6995,365.1165,334.755,210.195,251.45550000000003,10.333333334,7.2035383500000005,2.2364599855000002
Reigate and Banstead 018,E02006392,0.4,0.6,7424.312,442.45439999999996,446.096,297.7008,494.3472,8.333333334,12.6149576,2.939944488
Ribble Valley 001,E02005270,0.6,0.8,5406.927,511.407,552.9314999999999,380.27700000000004,432.00049999999993,9.333333333,11.510008599999999,2.7963011179999997
Ribble Valley 002,E02005271,0.8,1.0,5956.72,427.0272,451.7824,349.6672,550.8032,11.666666667,11.3518064,2.775734832
Ribble Valley 003,E02005272,0.4,0.6,6795.956500000001,439.9645,480.97090000000003,312.6738,514.2886,10.333333333,12.890105550000001,2.9757137215
Ribble Valley 004,E02005273,0.8,1.0,4418.092799999999,385.7904,400.4704,266.0016,401.0576,10.333333333,8.639591039999999,2.4231468352
Ribble Valley 005,E02005274,0.8,1.0,5558.7246,424.4526,533.8476,357.357,417.1596,5.0,9.95975838,2.5947685894
Ribble Valley 006,E02005275,0.6,0.8,4504.687199999999,340.7004,341.8632,238.9554,387.79380000000003,11.666666667,8.86076856,2.4518999128
Ribble Valley 007,E02005276,0.8,1.0,7086.897599999999,557.4978,526.8264,367.1547,480.8193,10.333333333,11.41950348,2.7845354524
Ribble Valley 008,E02005277,0.8,1.0,6068.248500000001,552.0450000000001,686.2343999999999,518.9223000000001,668.3991,12.666666667,14.24403495,3.1517245435000003
Richmond upon Thames 001,E02000784,0.8,1.0,8190.612,485.70480000000003,476.65439999999995,384.13919999999996,517.884,15.999999999,11.999322,2.85991186
Richmond upon Thames 002,E02000785,0.8,1.0,8145.7038,445.77,445.77,367.5126,502.23419999999993,9.666666666,11.58893034,2.8065609442
Richmond upon Thames 003,E02000786,0.8,1.0,9771.181999999999,493.72599999999994,475.3548,330.6816,409.90740000000005,11.333333334,11.0319056,2.734147728
Richmond upon Thames 004,E02000787,0.6,0.8,10423.476,444.087,450.072,271.719,381.84299999999996,10.0,11.3743728,2.778668464
Richmond upon Thames 005,E02000788,0.8,1.0,7716.8238,397.3704,349.9776,285.26820000000004,362.73720000000003,8.666666666,9.226193340000002,2.4994051342000003
Richmond upon Thames 006,E02000789,0.8,1.0,5462.9980000000005,269.689,281.443,212.225,302.99199999999996,9.0,7.1352004,2.227576052
Richmond upon Thames 007,E02000790,0.8,1.0,5867.729199999999,230.1592,256.102,119.73599999999999,178.93880000000001,3.0,5.29984796,1.9889802348
Richmond upon Thames 008,E02000791,0.8,1.0,6031.5824,246.24479999999997,326.2036,183.26839999999999,288.7008,3.666666667,7.04642232,2.2160349016
Richmond upon Thames 009,E02000792,0.8,1.0,6009.1764,328.3782,292.2132,253.8783,348.6306000000001,5.666666666,8.14826382,2.3592742966
Richmond upon Thames 010,E02000793,0.6,0.8,6905.5844,397.2826,354.98319999999995,269.555,368.25359999999995,10.0,9.68473792,2.5590159296
Richmond upon Thames 011,E02000794,0.8,1.0,5962.315899999999,283.7534,274.6677,181.0151,286.54900000000004,5.999999999,6.96265147,2.2051446911
Richmond upon Thames 012,E02000795,0.8,1.0,5752.6203,299.4593,365.2117,305.1769,424.5318,10.333333333,9.25086239,2.5026121107000003
Richmond upon Thames 013,E02000796,0.4,0.6,9068.5504,490.6896,447.3616,336.8752,488.52320000000003,13.0,13.374920320000001,3.0387396416000003
Richmond upon Thames 014,E02000797,0.8,1.0,6832.79,299.6975,286.395,168.23749999999998,238.6625,4.666666666,6.688497,2.16950461
Richmond upon Thames 015,E02000798,0.8,1.0,9626.91,424.815,421.47,270.945,404.745,10.0,10.387563,2.6503831900000003
Richmond upon Thames 016,E02000799,0.8,1.0,5322.1048,335.0338,316.4564,194.1018,235.7408,5.666666668,6.46326964,2.1402250532
Richmond upon Thames 017,E02000800,0.4,0.6,4524.795,242.30249999999998,227.60099999999997,178.0515,271.7055,6.666666667,7.081222499999999,2.2205589249999997
Richmond upon Thames 018,E02000801,0.8,1.0,6171.4944000000005,318.88960000000003,323.248,188.1376,261.50399999999996,6.666666667,6.95295552,2.2038842176
Richmond upon Thames 019,E02000802,0.8,1.0,5698.6176,324.6048,337.7832,228.888,345.4128,5.333333334,7.97834208,2.3371844704
Richmond upon Thames 020,E02000803,0.4,0.6,7649.866000000001,535.0550000000001,485.811,293.57,507.59200000000004,13.333333334,13.160837800000001,3.0109089140000003
Richmond upon Thames 021,E02000804,0.8,1.0,6033.674,336.26,377.196,228.803,334.067,9.666666666,8.0557662,2.347249606
Richmond upon Thames 022,E02000805,0.8,1.0,9671.853000000001,499.534,514.497,287.75,538.668,12.0,12.293715899999999,2.8981830669999997
Richmond upon Thames 023,E02000806,0.8,1.0,8253.845599999999,592.6525,564.8236,353.53009999999995,543.1789,8.666666668,12.53372428,2.9293841564000003
Richmondshire 001,E02005782,0.6,0.8,5391.8028,618.9064,612.8088,432.1674,564.7902,12.000000001,13.68011804,3.0784153452
Richmondshire 002,E02005783,0.6,0.8,5992.204,634.3702000000001,574.9503,504.6507,662.8248,18.000000001,15.1805291,3.273468783
Richmondshire 003,E02005784,0.8,1.0,4819.866599999999,340.5374,407.04380000000003,225.3828,366.401,8.666666667,8.09844738,2.3527981594
Richmondshire 004,E02005785,0.6,0.8,15317.2547,359.9398,308.75570000000005,239.4095,288.94250000000005,14.0,10.92549381,2.7203141953000003
Richmondshire 005,E02005786,0.6,0.8,4074.4790999999996,517.6224000000001,600.2982,364.2528,434.9466,13.333333334,11.264457929999999,2.7643795309
Richmondshire 006,E02005787,0.6,0.8,5997.914,708.9225,731.2642999999999,490.6603,663.3795999999999,13.0,15.892753499999998,3.3660579549999996
Rochdale 001,E02001132,0.2,0.4,5141.3868,374.0478,365.0346,244.644,313.5306,10.000000001,10.6278504,2.681620552
Rochdale 002,E02001133,0.4,0.6,5134.8024,391.7578,413.70140000000004,264.61400000000003,249.12439999999998,7.666666667,8.55593872,2.4122720336
Rochdale 003,E02001134,0.4,0.6,4856.7344,368.9456,433.1648,305.9856,330.53999999999996,10.666666666,9.72996432,2.5648953616
Rochdale 004,E02001135,0.0,0.2,7048.692,272.5656,304.9176,224.8464,236.9784,12.666666666,11.5342968,2.799458584
Rochdale 005,E02001136,0.2,0.4,7454.0592,509.56919999999997,472.7772,317.331,444.26339999999993,17.0,14.699323799999998,3.210912094
Rochdale 006,E02001137,0.6,0.8,4800.6747000000005,425.2914,364.9707,230.3154,271.7478,6.666666666,7.891470810000001,2.3258912053000005
Rochdale 007,E02001138,0.6,0.8,6417.313499999999,546.191,558.252,478.99399999999997,614.2495,15.999999999,14.402298550000001,3.1722988115
Rochdale 008,E02001139,0.0,0.2,9068.830699999999,337.69579999999996,205.8146,160.8551,218.8029,12.666666666,11.91047092,2.8483612196
Rochdale 009,E02001140,0.0,0.2,7095.6267,327.2754,283.69350000000003,190.7736,323.98620000000005,13.333333334,12.535470120000001,2.9296111156
Rochdale 010,E02001141,0.0,0.2,11327.9378,403.264,338.9938,215.4942,320.09080000000006,15.0,15.857600680000001,3.3614880884
Rochdale 011,E02001142,0.6,0.8,4267.1704,362.6688,389.404,310.942,480.6524,12.666666667,10.40499112,2.6526488456
Rochdale 012,E02001143,0.0,0.2,10293.611,391.918,331.9776,209.7914,298.5493,16.333333334,14.846776000000002,3.23008088
Rochdale 013,E02001144,0.2,0.4,5201.5728,349.3689,346.17539999999997,240.7899,249.73169999999996,7.666666666,9.7159044,2.563067572
Rochdale 014,E02001145,0.4,0.6,5665.3506,394.6761,460.3365,320.4513,296.1855,11.0,9.80723718,2.5749408334000004
Rochdale 015,E02001146,0.0,0.2,8883.9634,301.3182,196.94,137.858,323.9663,12.333333334,12.674270640000003,2.9476551832
Rochdale 016,E02001147,0.0,0.2,8522.629500000001,410.4105,335.96849999999995,221.367,304.6245,10.333333334,14.050535700000001,3.1265696410000006
Rochdale 017,E02001148,0.0,0.2,8493.1065,543.6854999999999,595.4148,417.0015,508.8474,19.333333333,19.8165447,3.8761508110000005
Rochdale 018,E02001149,0.0,0.2,8604.7546,514.7,474.5534,290.2908,410.7306,18.333333333,17.069922560000002,3.5190899328
Rochdale 019,E02001150,0.0,0.2,7449.5960000000005,450.00550000000004,444.6589,237.03259999999997,329.707,11.666666666,14.5587918,3.192642934
Rochdale 020,E02001151,0.4,0.6,8235.238000000001,493.7096,546.318,370.2822,471.4522,11.333333333,13.522382200000001,3.0579096860000003
Rochdale 021,E02001152,0.0,0.2,7774.0863,475.39709999999997,409.6014,268.743,341.95230000000004,16.0,15.07407288,3.2596294744
Rochdale 022,E02001153,0.0,0.2,9689.526399999999,455.5958,438.8048,254.1038,355.9692,14.666666666,16.33607584,3.4236898592000005
Rochdale 023,E02001154,0.2,0.4,8670.4925,459.1155,403.37300000000005,243.24,360.806,16.333333335,13.35843675,3.0365967775
Rochdale 024,E02001155,0.0,0.2,6004.6845,409.49399999999997,324.7965,264.4035,360.885,13.333333334,13.4557077,3.049242001
Rochdale 025,E02001156,0.4,0.6,7493.6422,572.7194,528.2926,367.004,696.3417999999999,17.999999999,16.064827459999997,3.3884275697999993
Rochford 001,E02004563,0.6,0.8,4417.2807999999995,500.92199999999997,612.2379999999999,466.2176,550.6868000000001,16.666666666,13.164623039999999,3.0114009952
Rochford 002,E02004564,0.8,1.0,6232.049999999999,536.25,552.75,374.55,555.225,13.0,12.027840000000001,2.8636192000000005
Rochford 003,E02004565,0.8,1.0,12131.1752,886.5212,1032.9484,813.3076,1056.8223999999998,28.666666666,23.169876159999994,4.312083900799999
Rochford 004,E02004566,0.2,0.4,4953.509400000001,279.6045,278.4019,177.9848,322.8981,16.666666666,9.5498466,2.5414800580000003
Rochford 005,E02004567,0.8,1.0,6169.075999999999,495.0136,588.3968,375.1856,637.9807999999999,19.0,12.9112604,2.978463852
Rochford 006,E02004568,0.8,1.0,7753.284,390.852,435.204,313.236,347.42400000000004,10.666666667,9.365941200000002,2.5175723560000005
Rochford 007,E02004569,0.4,0.6,6253.3784,348.615,416.78860000000003,306.0065,423.7609,19.0,11.16156772,2.7510038036
Rochford 008,E02004570,0.8,1.0,6684.8912,504.4192,618.4928,413.5168,689.7887999999999,19.666666667,13.906552159999999,3.1078517808
Rochford 009,E02004571,0.8,1.0,6020.712399999999,463.8856,601.9079,418.15040000000005,662.3437,16.000000001,13.31433342,3.0308633446
Rochford 010,E02004572,0.6,0.8,6117.328,534.87,544.3788,332.0156,393.03040000000004,13.333333334,11.065866000000002,2.73856258
Rossendale 001,E02005278,0.6,0.8,6417.427200000001,544.2144,501.18719999999996,233.4624,272.5056,9.999999999,9.18327936,2.4938263168
Rossendale 002,E02005279,0.2,0.4,8749.65,459.9,481.95000000000005,311.85,496.6499999999999,13.333333333,15.825075,3.35725975
Rossendale 003,E02005280,0.0,0.2,9038.05,578.305,515.375,325.5,393.85499999999996,13.333333334,17.89599,3.6264787
Rossendale 004,E02005281,0.2,0.4,7412.0238,451.571,388.0828,290.615,398.8132,14.333333333,13.4331195,3.046305535
Rossendale 007,E02005284,0.6,0.8,4615.7435,385.8135,450.42049999999995,284.6365,358.38599999999997,15.0,9.32346055,2.5120498715000004
Rossendale 008,E02005285,0.6,0.8,4885.6428000000005,367.8392,451.2076,259.6512,399.0228,10.0,9.693708440000002,2.5601820972000002
Rossendale 009,E02005286,0.2,0.4,6254.3065,453.9353,459.4044,298.4566,346.89719999999994,9.333333333,12.57853935,2.9352101155000003
Rossendale 010,E02006884,0.0,0.2,10072.1361,679.965,692.328,448.7769,471.03029999999995,18.333333333,21.69854856,4.1208113128
Rother 001,E02004392,0.6,0.8,7157.553900000001,578.9406,674.1735,467.6784,550.6536,10.333333333,14.39742297,3.1716649860999997
Rother 002,E02004393,0.2,0.4,4258.5867,570.9186,638.8851,434.33830000000006,569.624,12.0,16.27344565,3.4155479345
Rother 003,E02004394,0.4,0.6,5805.7354000000005,599.8335,713.2714000000001,438.2457,604.7301,13.333333334,15.68070862,3.3384921206
Rother 004,E02004395,0.2,0.4,5716.9232999999995,655.6599,730.2609,522.207,663.9489000000001,11.333333333,19.36932075,3.8180116975000002
Rother 005,E02004396,0.4,0.6,5779.487999999999,847.4752,1004.8896,704.704,814.5279999999999,13.333333333,21.450915199999997,4.088618975999999
Rother 006,E02004397,0.4,0.6,6434.2194,572.1632000000001,587.8628,448.31080000000003,680.316,9.666666667,16.279700220000002,3.416361028600001
Rother 007,E02004398,0.0,0.2,7598.719999999999,466.3025,553.435,374.38250000000005,581.2025,14.000000001,19.253027000000003,3.8028935100000005
Rother 008,E02004399,0.4,0.6,5322.711,638.205,734.139,556.092,877.227,16.333333332,19.6730553,3.857497189
Rother 009,E02004400,0.6,0.8,5380.542,990.7800000000001,1339.575,937.197,1462.917,21.333333332,29.732094600000003,5.165172298000001
Rother 010,E02004401,0.6,0.8,4590.9297,656.6538,886.5633,700.2156,1231.8309,17.666666667,23.288057609999996,4.3274474893
Rother 011,E02004402,0.2,0.4,6727.5208,630.168,711.326,559.5128,919.4724,19.666666666,23.0498268,4.296477484
Rotherham 001,E02001578,0.2,0.4,9984.9009,534.014,412.11949999999996,293.7077,385.4188,18.0,14.92394995,3.2401134935
Rotherham 002,E02001579,0.2,0.4,7817.404799999999,536.6617,505.26649999999995,388.5156,562.1703,14.666666667,17.0054063,3.5107028190000005
Rotherham 003,E02001580,0.2,0.4,6294.8984,486.0765,574.1519,413.78819999999996,540.9159000000001,15.333333333,16.289794500000003,3.4176732850000002
Rotherham 004,E02001581,0.0,0.2,4651.620599999999,377.1108,329.53139999999996,223.212,290.76300000000003,10.0,11.375823360000002,2.7788570368000003
Rotherham 005,E02001582,0.2,0.4,6188.7532,418.5444,372.2964,330.6732,396.96200000000005,12.666666666,12.917451800000002,2.9792687340000006
Rotherham 006,E02001583,0.2,0.4,4718.772000000001,286.6597,278.1112,177.2389,238.2182,6.333333333,8.4311006,2.396043078
Rotherham 007,E02001584,0.6,0.8,5198.208199999999,516.6436,491.0877,341.2058,361.2361,8.333333334,10.236726560000001,2.6307744528000003
Rotherham 008,E02001585,0.0,0.2,5293.575199999999,325.2004,273.0156,196.6476,274.2884,11.333333333,10.83521912,2.7085784856000004
Rotherham 009,E02001586,0.0,0.2,6039.91,435.252,477.831,407.65450000000004,522.7755,13.999999999,17.3162485,3.551112305
Rotherham 010,E02001587,0.0,0.2,4563.3395,312.5575,312.5575,256.3545,289.044,11.666666666,11.1265882,2.746456466
Rotherham 011,E02001588,0.0,0.2,5943.1411,362.4478,290.8178,178.3587,387.5183,12.0,12.730943159999999,2.9550226108
Rotherham 012,E02001589,0.6,0.8,6272.5031,463.0974,485.377,339.76390000000004,396.2586,6.666666666,10.80711783,2.7049253179
Rotherham 013,E02001590,0.0,0.2,6635.1687,296.30129999999997,264.3099,204.8973,215.56109999999998,10.0,10.80517152,2.7046722976
Rotherham 014,E02001591,0.0,0.2,7494.4474,353.0428,259.6407,192.80249999999998,269.9235,23.0,12.148785440000001,2.8793421072000003
Rotherham 015,E02001592,0.2,0.4,6752.5307999999995,516.222,549.1908,414.7128,442.47600000000006,14.666666667,15.3343962,3.2934715060000004
Rotherham 016,E02001593,0.0,0.2,6778.4544,260.4768,217.3164,118.8804,196.1148,8.0,9.64157904,2.5534052752000003
Rotherham 017,E02001594,0.0,0.2,7162.7562,258.66179999999997,193.392,159.54840000000002,283.6416,12.666666666,11.07846072,2.7401998936000003
Rotherham 018,E02001595,0.4,0.6,6540.1503,506.56649999999996,452.9793,367.5747,504.8919000000001,16.666666668,13.051246290000002,2.9966620177000003
Rotherham 019,E02001596,0.4,0.6,6131.566000000001,543.6564999999999,594.3865,498.84499999999997,687.3915000000001,18.0,16.5460968,3.4509925840000006
Rotherham 020,E02001597,0.0,0.2,7764.552000000001,498.47670000000005,447.59250000000003,301.536,409.90049999999997,20.0,16.4186352,3.4344225760000002
Rotherham 021,E02001598,0.2,0.4,7392.474,527.2152,546.3172,431.7052,652.3333,14.0,18.3130874,3.6807013620000006
Rotherham 022,E02001599,0.6,0.8,4857.1095000000005,385.74,415.3134,336.87960000000004,433.95750000000004,13.999999999,10.347796950000001,2.6452136035000002
Rotherham 023,E02001600,0.4,0.6,8877.393,576.8622,584.7183,451.1646,732.8619,19.999999999,17.657145900000003,3.595428967
Rotherham 024,E02001601,0.4,0.6,3711.08,323.2546,290.0502,252.9394,305.67580000000004,8.0,8.105780000000001,2.3537514
Rotherham 025,E02001602,0.4,0.6,7053.111,414.414,561.522,447.603,492.45300000000003,13.0,13.785903300000001,3.0921674290000003
Rotherham 026,E02001603,0.0,0.2,5808.6212,367.8698,403.65479999999997,241.90659999999997,334.2319,10.666666666,13.04692472,2.9961002136
Rotherham 027,E02001604,0.4,0.6,8876.361,365.612,397.44899999999996,271.128,358.423,14.666666666,10.9117723,2.7185303990000005
Rotherham 028,E02001605,0.2,0.4,6177.5157,425.31690000000003,399.8442,304.1286,412.9665,12.0,13.04858355,2.9963158615000003
Rotherham 029,E02001606,0.2,0.4,6454.272899999999,458.3931,500.8823,348.9017,408.55,12.0,13.950756850000001,3.1135983905
Rotherham 030,E02001607,0.2,0.4,6927.4686,516.8154,581.0826000000001,404.3478,498.0708,12.0,16.1457951,3.3989533630000004
Rotherham 031,E02001608,0.4,0.6,5495.7696,351.7128,414.1024,323.6032,269.4408,11.333333333,9.18347488,2.4938517344
Rotherham 032,E02001609,0.4,0.6,5984.2314,585.0576,680.886,582.5358,573.2891999999999,12.0,16.06361382,3.3882697966000004
Rotherham 033,E02001610,0.6,0.8,6357.982800000001,463.20300000000003,585.0545999999999,454.85699999999997,486.57180000000005,14.666666666,12.80059404,2.9640772252
Rugby 001,E02006492,0.6,0.8,10390.918399999999,594.3424,561.6032,450.79359999999997,591.824,17.0,15.316405119999999,3.2911326656
Rugby 002,E02006493,0.6,0.8,9036.4176,459.42659999999995,340.2018,229.1994,212.7546,8.666666666,8.47688328,2.4019948264
Rugby 003,E02006494,0.2,0.4,6375.119999999999,327.9975,278.00250000000005,237.855,357.53999999999996,12.333333333,11.239027499999999,2.761073575
Rugby 004,E02006495,0.6,0.8,5634.4196,476.92319999999995,527.3670000000001,505.96659999999997,498.32360000000006,10.333333332,12.765032880000001,2.9594542744000005
Rugby 005,E02006496,0.4,0.6,6378.5448,215.5968,214.8876,134.0388,148.932,3.333333333,5.79572424,2.0534441512
Rugby 006,E02006497,0.4,0.6,7405.137699999999,277.4524,228.9818,191.3753,254.0528,12.0,7.88925871,2.3256036323
Rugby 007,E02006498,0.6,0.8,11356.339199999999,536.301,566.7576,338.9952,442.2828,14.000000001,13.30662096,3.0298607248
Rugby 008,E02006499,0.8,1.0,4719.3426,255.3222,317.682,242.3796,347.6853,8.333333333,7.5982474799999995,2.2877721724
Rugby 009,E02006500,0.6,0.8,4557.3804,315.5292,334.5084,280.5363,443.63880000000006,7.333333333,9.61901442,2.5504718746
Rugby 010,E02006501,0.6,0.8,7670.0340000000015,486.3924,492.3,534.6378,662.6358,11.666666666,15.205177800000001,3.2766731140000003
Rugby 011,E02006502,0.6,0.8,7506.118600000001,597.7946,780.6619999999999,686.5547999999999,1121.8006,24.0,22.342653379999998,4.2045449394
Rugby 012,E02006503,0.8,1.0,5942.569200000001,448.1916,583.6164,470.7624,616.6665,12.666666666,12.983530260000002,2.9878589338
Runnymede 001,E02006393,0.6,0.8,5750.1311,180.8674,192.7492,176.2467,301.0056,5.666666667,7.05006603,2.2165085839
Runnymede 002,E02006394,0.6,0.8,11416.7629,348.5937,339.6554,255.38,407.3311,16.0,11.23837997,2.7609893961000003
Runnymede 003,E02006395,0.6,0.8,8354.570399999999,421.00079999999997,365.32320000000004,205.12800000000001,421.00079999999997,9.666666666,10.466314319999999,2.6606208616
Runnymede 004,E02006396,0.6,0.8,4621.5405,383.24969999999996,428.9472,279.0594,380.2032,10.000000001,9.44628255,2.5280167315
Runnymede 005,E02006397,0.8,1.0,5203.801200000001,300.3936,301.6884,215.5842,453.82739999999995,9.0,8.835326760000001,2.4485924788
Runnymede 006,E02006398,0.6,0.8,6977.6091,306.4908,327.0883,247.9939,380.6418,9.666666667,9.44164683,2.5274140879
Runnymede 007,E02006399,0.6,0.8,9803.1639,516.2676,487.8492,415.6191,616.9161,10.666666668,14.78905377,3.2225769901000003
Runnymede 008,E02006400,0.6,0.8,4568.2665,292.0647,348.2535,247.5819,397.4187,8.999999999,8.95713855,2.4644280115
Runnymede 009,E02006401,0.6,0.8,8490.3552,434.4192,470.70720000000006,362.88000000000005,608.6016000000001,14.000000001,13.807791360000001,3.0950128768000003
Runnymede 010,E02006402,0.8,1.0,7886.265399999999,476.7138,584.649,421.7468,625.6244,12.0,13.47920762,3.0522969906000004
Rushcliffe 001,E02005906,0.8,1.0,5520.6928,485.562,490.71189999999996,359.7573,500.276,6.666666666,10.91057814,2.7183751582
Rushcliffe 002,E02005907,0.8,1.0,8147.657999999999,523.668,573.9812,441.52399999999994,579.1152,13.0,13.217483,3.01827279
Rushcliffe 003,E02005908,0.8,1.0,6841.1739,581.6459,669.3169999999999,511.8861,822.9771000000001,14.666666665,16.16645657,3.4016393541000003
Rushcliffe 004,E02005909,0.8,1.0,7340.8023,347.4936,308.3154,195.891,324.49769999999995,7.0,8.06278839,2.3481624907
Rushcliffe 005,E02005910,0.8,1.0,8494.192799999999,311.09000000000003,266.10159999999996,139.7512,361.8216,7.333333333,8.38143464,2.3895865032000003
Rushcliffe 006,E02005911,0.8,1.0,7270.965,453.6675,424.71,250.965,372.9375,13.333333334,9.295182,2.50837366
Rushcliffe 007,E02005912,0.8,1.0,7368.9868,482.8628,444.86400000000003,333.64799999999997,633.9312,14.000000001,12.707632839999999,2.9519922692
Rushcliffe 008,E02005913,0.8,1.0,5940.0960000000005,401.196,366.765,290.418,487.2735,10.666666668,10.1300493,2.6169064090000003
Rushcliffe 009,E02005914,0.6,0.8,6464.7,351.0528,369.0756,282.8796,367.5084,11.0,9.574808399999998,2.544725092
Rushcliffe 010,E02005915,0.8,1.0,4198.2314,441.7384,446.88820000000004,299.8328,334.1648,8.666666666,8.21169942,2.3675209246
Rushcliffe 011,E02005916,0.8,1.0,6225.578100000001,390.6062,410.0587,302.68089999999995,454.41040000000004,10.333333333,9.98092213,2.5975198769
Rushcliffe 012,E02005917,0.8,1.0,4015.8440000000005,360.021,540.3241999999999,354.7524,583.0584,8.0,11.192848000000001,2.7550702400000002
Rushcliffe 013,E02005918,0.8,1.0,3647.6104000000005,350.3064,379.6272,334.36,432.09599999999995,8.666666666,8.97900632,2.4672708216
Rushcliffe 014,E02005919,0.8,1.0,5409.4425,303.4647,394.5711,268.62989999999996,323.5617,13.333333333,7.921232549999999,2.3297602315
Rushcliffe 015,E02005920,0.8,1.0,5964.9408,491.50219999999996,586.2976,418.215,504.2478,11.0,11.582882640000001,2.8057747432
Rushmoor 001,E02004802,0.4,0.6,5484.7562,331.0813,333.7785,236.00500000000002,356.7047,8.333333333,9.339189860000001,2.5140946818000005
Rushmoor 002,E02004803,0.2,0.4,6345.57,292.589,291.85200000000003,209.30800000000002,228.47,5.666666666,9.424756,2.52521828
Rushmoor 003,E02004804,0.8,1.0,5659.434899999999,363.63599999999997,424.4751,268.53119999999996,276.9228,5.666666667,7.662859469999999,2.2961717311
Rushmoor 004,E02004805,0.8,1.0,6742.4572,425.38640000000004,394.7652,304.5568,410.4896,9.0,9.70120996,2.5611572948
Rushmoor 005,E02004806,0.8,1.0,6780.4398,388.178,289.9452,208.3486,255.88060000000002,5.333333334,7.246807940000001,2.2420850322000003
Rushmoor 006,E02004807,0.6,0.8,7612.8057,393.2406,411.7026,327.7005,486.47369999999995,11.333333332,11.70684651,2.8218900463
Rushmoor 007,E02004808,0.6,0.8,10060.804,371.02059999999994,326.6347,226.48190000000002,397.1969,10.333333333,10.568396600000002,2.6738915580000002
Rushmoor 008,E02004809,0.2,0.4,8707.057200000001,192.9255,189.1611,143.98829999999998,178.809,7.333333334,8.8425756,2.449534828
Rushmoor 009,E02004810,0.6,0.8,6760.510499999999,229.8255,241.96149999999997,165.353,186.591,4.666666667,6.33491615,2.1235390995000003
Rushmoor 010,E02004811,0.4,0.6,6070.992000000001,360.9984,388.30080000000004,296.5344,466.416,14.333333334,11.472696000000001,2.79145048
Rushmoor 011,E02004812,0.8,1.0,5430.434400000001,335.57399999999996,288.6588,224.80200000000002,237.1824,6.333333333,6.6106123199999995,2.1593796016
Rushmoor 012,E02004813,0.2,0.4,5084.222,259.299,294.24,185.739,305.274,9.333333334,9.460429,2.52985577
Rutland 001,E02002863,0.6,0.8,6183.4626,432.63,504.99719999999996,353.96999999999997,390.9402,10.0,10.810479780000001,2.7053623714000006
Rutland 002,E02002864,0.8,1.0,5991.652,481.053,468.5378,387.189,494.35040000000004,9.0,11.0704766,2.739161958
Rutland 003,E02002865,0.8,1.0,5583.852,503.84159999999997,591.7392,497.5632,670.2192,8.333333333,13.726544399999998,3.084450772
Rutland 004,E02002866,0.8,1.0,5514.4782000000005,515.3148,646.4304,362.8548,582.3972,16.999999999,12.198477059999998,2.8858020177999997
Rutland 005,E02002867,0.8,1.0,6266.892,554.1162,583.1454,455.0754,677.0634000000001,12.0,13.877665200000001,3.1040964760000005
Ryedale 001,E02005788,0.4,0.6,4455.195000000001,547.9825000000001,592.7289999999999,391.694,498.04800000000006,15.333333333,13.1301795,3.006923335
Ryedale 002,E02005789,0.6,0.8,7145.329499999999,889.824,978.5925,671.646,1008.5385,26.333333333,22.289770349999998,4.1976701455
Ryedale 003,E02005790,0.4,0.6,4883.669099999999,482.00849999999997,463.5486,412.95480000000003,596.1864,15.333333333,13.91527773,3.1089861049
Ryedale 004,E02005791,0.4,0.6,5303.727,539.7876,474.232,333.35720000000003,322.8962,10.666666666,10.4425189,2.657527457
Ryedale 007,E02005794,0.6,0.8,6962.076999999999,740.7495,762.0521000000001,560.6457,658.4440000000001,14.666666667,16.664443000000002,3.4663775900000005
Ryedale 008,E02006870,0.4,0.6,11114.7292,767.8594,799.2006,586.9352,978.7002,24.0,23.33295356,4.3332839628
Salford 001,E02001157,0.0,0.2,7206.0703,287.4828,270.9608,200.7423,294.9177,20.666666667,12.06006868,2.8678089284
Salford 002,E02001158,0.0,0.2,5175.1629,282.2365,303.3267,155.6953,285.9583,10.666666667,10.554280440000001,2.6720564572
Salford 003,E02001159,0.0,0.2,5906.8609,210.06959999999998,274.70640000000003,153.5124,188.524,9.0,9.30487134,2.5096332742
Salford 004,E02001160,0.0,0.2,5995.430700000001,269.0034,294.09180000000003,172.8312,239.03669999999997,13.0,10.49099322,2.6638291186
Salford 005,E02001161,0.2,0.4,4781.702,276.47700000000003,256.519,222.473,332.829,8.666666666,9.797617,2.57369021
Salford 006,E02001162,0.2,0.4,4772.799999999999,266.91200000000003,372.704,272.992,395.80799999999994,10.666666666,11.338591999999998,2.77401696
Salford 007,E02001163,0.2,0.4,7288.002599999999,495.4442,509.2577,404.2751,512.0204,17.333333333,16.1415352,3.398399576
Salford 008,E02001164,0.0,0.2,6723.772999999999,239.68,235.18599999999998,154.294,137.067,11.0,9.1334558,2.487349254
Salford 009,E02001165,0.2,0.4,5062.0648,250.8012,279.2738,192.0386,273.2158,11.666666666,9.023391,2.4730408300000004
Salford 010,E02001166,0.2,0.4,6180.3126,315.76649999999995,254.06500000000003,178.5714,329.5586,10.666666667,10.258418800000001,2.6335944440000003
Salford 011,E02001167,0.0,0.2,6141.6004,266.43760000000003,294.2212,161.0024,260.7384,8.666666667,10.744131840000001,2.6967371392000006
Salford 012,E02001168,0.0,0.2,7979.444,470.79200000000003,453.4976,278.632,424.6736,14.0,16.4556216,3.4392308080000005
Salford 013,E02001169,0.8,1.0,8198.6593,606.1185,620.6239,426.8732,507.689,18.666666667,12.63202759,2.9421635867
Salford 014,E02001170,0.8,1.0,7489.224,468.3184,591.2036,438.3228,688.9312000000001,18.0,14.135668400000002,3.1376368920000006
Salford 015,E02001171,0.6,0.8,4696.7474999999995,303.9525,353.13,242.33249999999998,328.8375,13.0,8.25832425,2.3735821525
Salford 016,E02001172,0.0,0.2,13923.2472,416.3504,348.9996,241.85060000000001,379.6136,24.333333333,18.429015720000002,3.695772043600001
Salford 017,E02001173,0.0,0.2,7052.721,220.1292,213.8844,140.50799999999998,178.75740000000002,12.0,9.530345400000002,2.5389449020000003
Salford 018,E02001174,0.4,0.6,4620.7941,276.2279,272.3058,163.6076,271.1852,15.000000001,7.26378523,2.2442920799
Salford 019,E02001175,0.0,0.2,6272.1,290.88,268.33680000000004,179.6184,262.5192,13.333333334,10.9669032,2.725697416
Salford 020,E02001176,0.2,0.4,9245.0085,559.335,568.467,377.83649999999994,662.0699999999999,23.0,19.164072750000003,3.7913294575000007
Salford 021,E02001177,0.0,0.2,11079.7737,506.9598,445.1982,310.0947,523.6869,24.999999999,19.86355992,3.8822627896000004
Salford 022,E02001178,0.0,0.2,13654.607399999999,188.40779999999998,143.07659999999998,96.3288,82.1628,11.666666667,11.510441639999998,2.7963574132
Salford 023,E02001179,0.0,0.2,5757.8616,259.26210000000003,224.9577,151.731,204.507,10.333333333,9.39201696,2.5209622048
Salford 024,E02001180,0.0,0.2,5953.406,204.29,176.612,116.643,137.73100000000002,11.0,7.945826600000001,2.332957458
Salford 025,E02001181,0.0,0.2,5336.5605000000005,222.586,235.4275,130.861,190.1765,11.0,8.690148800000001,2.4297193440000004
Salford 026,E02001182,0.0,0.2,5529.447,246.2481,229.06799999999998,141.2586,216.97830000000005,11.0,9.286798500000002,2.507283805
Salford 027,E02001183,0.0,0.2,5913.4796,240.98399999999998,209.5222,131.20239999999998,198.8118,9.666666667,9.104777160000001,2.4836210308
Salford 028,E02001184,0.0,0.2,13519.7045,250.23250000000002,233.07369999999997,144.41989999999998,151.5694,7.0,13.3581258,3.036556354
Salford 029,E02001185,0.2,0.4,8105.6323999999995,479.33840000000004,509.4224,468.3076,465.2992,15.666666667,16.390264600000002,3.4307343980000002
Salford 030,E02001186,0.2,0.4,8900.414,347.272,436.182,364.008,411.07800000000003,14.666666666,14.717743000000002,3.21330659
Sandwell 001,E02002043,0.0,0.2,7522.3694000000005,436.05379999999997,300.118,225.08849999999998,342.4876,14.666666667,13.87975134,3.1043676742
Sandwell 002,E02002044,0.2,0.4,6773.3168,280.16339999999997,276.3044,182.9166,205.29880000000003,8.0,9.076367999999999,2.47992784
Sandwell 003,E02002045,0.2,0.4,6533.6512,360.03659999999996,296.134,248.59669999999997,353.0229,11.333333333,11.507923100000001,2.7960300030000003
Sandwell 004,E02002046,0.0,0.2,4963.7253,258.4152,164.34300000000002,137.1414,142.2417,6.0,7.7589163800000005,2.3086591294
Sandwell 005,E02002047,0.0,0.2,5263.7056,366.336,370.4064,345.3056,438.24640000000005,13.333333334,14.518031360000002,3.1873440768000005
Sandwell 006,E02002048,0.4,0.6,5015.9655999999995,361.7158,326.6482,326.6482,463.0222,10.666666668,11.050969680000001,2.7366260584000006
Sandwell 007,E02002049,0.2,0.4,5153.2806,255.723,301.3218,214.43759999999997,236.62080000000003,9.0,8.8896093,2.455649209
Sandwell 009,E02002051,0.0,0.2,4909.285,223.175,218.09,137.295,160.46,9.666666667,8.038481,2.3450025300000004
Sandwell 010,E02002052,0.0,0.2,9873.4944,437.8208,426.2688,300.352,512.9088,16.666666667,18.50191424,3.7052488512000004
Sandwell 011,E02002053,0.2,0.4,5629.336,366.4642,302.3678,277.2866,391.5454,6.666666667,11.7630828,2.8292007640000003
Sandwell 012,E02002054,0.2,0.4,4513.7807999999995,234.0984,283.5318,293.7594,356.26140000000004,10.0,10.4247654,2.655219502
Sandwell 013,E02002055,0.0,0.2,8423.313,459.885,371.86400000000003,268.019,367.90799999999996,11.666666666,15.5037618,3.3154890339999996
Sandwell 014,E02002056,0.0,0.2,8135.107999999999,351.748,319.94100000000003,229.19750000000002,319.00550000000004,19.666666667,13.6719583,3.077354579
Sandwell 015,E02002057,0.0,0.2,8324.374800000001,431.3862,364.41299999999995,315.168,414.6429,18.999999999,16.155511680000004,3.4002165184000006
Sandwell 016,E02002058,0.0,0.2,11087.6604,476.3643,348.8337,270.0648,318.82649999999995,19.333333333,16.494957840000005,3.4443445192000004
Sandwell 017,E02002059,0.0,0.2,9416.8922,472.345,426.77759999999995,322.30600000000004,476.7905999999999,13.0,18.12337752,3.6560390776
Sandwell 018,E02002060,0.0,0.2,5941.808000000001,248.02960000000002,177.8454,163.536,282.78099999999995,7.0,10.2325838,2.630235894
Sandwell 019,E02002061,0.0,0.2,5224.1168,247.12,205.1096,187.1934,312.60679999999996,10.0,10.457253479999999,2.6594429524
Sandwell 020,E02002062,0.0,0.2,7507.941600000001,329.5404,305.13000000000005,218.8218,359.1816,13.0,13.520048760000002,3.0576063388000003
Sandwell 021,E02002063,0.2,0.4,9000.9965,336.963,337.98409999999996,214.431,321.6465,11.333333333,12.224098649999998,2.8891328245
Sandwell 022,E02002064,0.2,0.4,10633.0816,451.8624,471.77920000000006,384.6432,509.1232,15.666666667,17.361225600000004,3.5569593280000005
Sandwell 023,E02002065,0.0,0.2,11811.746699999998,402.3594,257.7204,287.9631,389.2104,14.666666667,17.07371352,3.5195827576000003
Sandwell 024,E02002066,0.0,0.2,7026.4651,312.4837,260.2692,191.98870000000002,241.79330000000002,10.333333333,11.325084060000002,2.7722609278000006
Sandwell 025,E02002067,0.2,0.4,4330.150000000001,241.45000000000002,287.1,284.35,356.95,9.333333333,10.311675000000001,2.6405177500000003
Sandwell 026,E02002068,0.0,0.2,13067.8166,320.6136,253.11599999999999,163.11919999999998,257.33459999999997,11.666666667,14.93918756,3.2420943828000004
Sandwell 027,E02002069,0.0,0.2,5673.7792,308.8996,328.2924,265.2658,349.763,7.0,12.64424412,2.9437517356000003
Sandwell 028,E02002070,0.0,0.2,8521.661399999999,318.1108,276.15139999999997,253.708,388.3684,14.333333334,14.520684639999999,3.1876890032
Sandwell 029,E02002071,0.0,0.2,5560.5444,286.4604,308.5473,277.0902,261.6963,9.666666668,11.391352140000002,2.7808757782000004
Sandwell 030,E02002072,0.2,0.4,7273.556,384.452,356.00600000000003,237.05,369.798,10.0,12.311084000000001,2.9004409200000003
Sandwell 031,E02002073,0.0,0.2,6638.144,322.5136,331.9072,239.5368,295.1156,8.333333334,12.473135200000002,2.921507576
Sandwell 032,E02002074,0.0,0.2,6814.9872000000005,343.0308,345.47520000000003,291.6984,350.364,14.666666667,13.777779120000002,3.0911112856000003
Sandwell 033,E02002075,0.0,0.2,7318.5391,406.53630000000004,402.9935,319.7377,409.19340000000005,16.666666668,15.58725716,3.3263434307999997
Sandwell 034,E02002076,0.2,0.4,10006.091,336.9695,284.353,213.8245,352.6425,10.333333334,12.8798475,2.9743801750000003
Sandwell 035,E02002077,0.2,0.4,8587.8912,476.4116,448.3262,380.71320000000003,506.57740000000007,13.666666666,16.2604064,3.413852832
Sandwell 036,E02002078,0.4,0.6,4961.24,272.18,343.47999999999996,276.52,346.58,9.666666666,9.224732,2.4992151600000003
Sandwell 037,E02002079,0.2,0.4,6846.3081,425.22090000000003,397.5438,296.0611,421.0274,13.666666667,13.41374845,3.0437872985
Sandwell 038,E02002080,0.0,0.2,5663.2316,304.291,309.7614,220.8674,340.5324,13.000000001,12.10066156,2.8730860028
Sandwell 039,E02006810,0.2,0.4,8282.135400000001,531.7466,573.3706000000001,426.646,591.0608000000001,18.0,18.109041500000004,3.654175395
Scarborough 001,E02005795,0.2,0.4,4730.4768,545.8768,567.056,350.4816,638.792,20.0,16.389968000000003,3.4306958400000003
Scarborough 002,E02005796,0.2,0.4,4544.7734,632.783,623.5066,341.239,483.0353999999999,15.666666667,14.849859899999998,3.230481787
Scarborough 003,E02005797,0.2,0.4,4674.8284,457.46799999999996,472.3048,278.19,299.2088,12.333333333,11.136873000000001,2.7477934900000003
Scarborough 004,E02005798,0.4,0.6,5498.6128,750.6096,819.2272,591.6176,707.9328,17.666666668,18.47261104,3.7014394352
Scarborough 005,E02005799,0.6,0.8,6167.532800000001,676.3327999999999,803.5456,595.7952,910.624,19.0,19.41294784,3.8236832192000003
Scarborough 006,E02005800,0.0,0.2,6255.1056,511.81,436.21959999999996,279.527,391.33779999999996,14.666666667,15.14595396,3.2689740148000004
Scarborough 007,E02005801,0.0,0.2,4397.4224,266.3416,344.3496,231.7952,332.64840000000004,13.0,11.30625664,2.7698133632
Scarborough 008,E02005802,0.2,0.4,6839.0397,386.3175,348.9057,245.6166,313.12050000000005,8.666666666,11.45085735,2.7886114555
Scarborough 009,E02005803,0.2,0.4,6710.391999999999,612.1120000000001,594.7536,438.528,781.1279999999999,27.333333333,20.0137784,3.901791192
Scarborough 010,E02005804,0.0,0.2,5739.7516,621.0328000000001,566.6124,393.7476,681.0553000000001,22.0,20.310973760000003,3.9404265888000003
Scarborough 011,E02005805,0.4,0.6,5068.8672,534.0732,658.8636,545.2152000000001,620.9808,14.333333333,15.947321760000001,3.3731518288
Scarborough 012,E02005806,0.0,0.2,6118.011199999999,350.4368,398.4624,291.15520000000004,345.93440000000004,9.666666666,13.60460192,3.0685982496
Scarborough 013,E02005807,0.6,0.8,4358.2781,513.9984000000001,582.0276,371.64099999999996,472.42499999999995,9.666666668,11.718470629999999,2.8234011819
Scarborough 014,E02005808,0.2,0.4,7418.026000000002,1059.2197,1139.4460000000001,955.7393999999999,1054.5689,29.0,30.789458700000004,5.302629631
Sedgemoor 001,E02006061,0.8,1.0,6800.4875,603.9755,648.2363,481.3362,686.9644999999999,19.0,14.50786035,3.1860218455
Sedgemoor 002,E02006062,0.6,0.8,7711.546600000001,896.6394,939.1766,699.625,947.0124000000001,21.666666666,21.778710580000002,4.131232375400001
Sedgemoor 003,E02006063,0.6,0.8,4898.946,565.61,579.49,421.952,474.002,9.333333333,12.2426458,2.8915439540000003
Sedgemoor 004,E02006064,0.4,0.6,4857.0048,622.7712,683.064,563.2416000000001,904.3919999999999,28.333333333,19.66705344,3.8567169472
Sedgemoor 005,E02006065,0.2,0.4,6831.496999999999,541.3131,623.9015,457.827,525.1545,19.999999999,17.0419368,3.5154517839999997
Sedgemoor 006,E02006066,0.4,0.6,5884.5244,676.335,608.2916,491.0602,536.1492,18.666666666,14.93134532,3.2410748916000003
Sedgemoor 007,E02006067,0.4,0.6,4910.7164,522.4314,575.1602,387.8342,540.4702,18.333333334,13.631366120000001,3.0720775956
Sedgemoor 008,E02006068,0.0,0.2,6742.592699999999,319.1478,358.0489,206.414,313.5905,14.666666668,12.63952312,2.9431380056
Sedgemoor 009,E02006069,0.2,0.4,8765.0316,434.322,449.83349999999996,233.70659999999998,458.1063000000001,15.666666667,14.618037600000001,3.200344888
Sedgemoor 010,E02006070,0.4,0.6,6588.400799999999,438.5268,376.3416,277.0068,395.724,12.333333334,10.76966904,2.7000569752
Sedgemoor 011,E02006071,0.6,0.8,7453.2192000000005,499.2768,514.4064,394.3152,592.8912,20.666666666,13.78552416,3.0921181408000002
Sedgemoor 012,E02006072,0.4,0.6,6668.657999999999,746.3085,805.749,538.7384999999999,677.433,15.666666667,18.0778374,3.6501188620000002
Sedgemoor 013,E02006073,0.0,0.2,6219.3378,373.4458,341.887,250.21620000000001,328.3618,13.999999999,13.00012168,2.9900158184
Sedgemoor 014,E02006074,0.4,0.6,8823.789,589.1270000000001,565.081,403.317,548.686,14.333333333,15.089848700000001,3.261680331
Sefton 001,E02001429,0.4,0.6,4615.164,516.192,593.6208,410.916,656.1072,11.666666666,15.1301988,3.266925844
Sefton 002,E02001430,0.6,0.8,4963.8314,505.9978,501.08520000000004,381.7792,666.0082,12.666666667,13.74047202,3.0862613626
Sefton 003,E02001431,0.2,0.4,4331.631,620.8225,705.5815,602.235,1173.9865,29.0,25.154092,4.57003196
Sefton 004,E02001432,0.0,0.2,6676.102400000001,516.6458,554.2525999999999,390.3944,817.5002,24.0,21.90291664,4.1473791632
Sefton 005,E02001433,0.2,0.4,6472.2411,365.049,339.41790000000003,260.9712,327.7674,9.0,11.44894635,2.7883630255
Sefton 006,E02001434,0.4,0.6,6213.5068,421.3304,338.702,224.80880000000002,246.39640000000003,11.0,8.36713044,2.3877269572
Sefton 007,E02001435,0.2,0.4,7151.817599999999,399.0358,410.16769999999997,239.764,362.21490000000006,11.666666667,12.438613799999999,2.9170197939999998
Sefton 008,E02001436,0.4,0.6,7174.7919999999995,481.40999999999997,459.1225,297.76099999999997,501.91450000000003,13.666666667,12.7612876,2.958967388
Sefton 009,E02001437,0.6,0.8,6092.143400000001,710.5245,851.6627,671.8565000000001,1342.7463000000002,28.666666668,24.78483462,4.5220285006
Sefton 010,E02001438,0.6,0.8,5779.0824,439.91999999999996,429.6552,294.7464,388.59600000000006,10.666666668,10.080473520000002,2.6104615576000003
Sefton 011,E02001439,0.2,0.4,4997.4084,416.4507,414.477,298.6866,452.6352,11.333333334,12.9283929,2.9806910770000004
Sefton 012,E02001440,0.8,1.0,3535.7670000000003,484.747,619.039,546.592,702.6769999999999,8.0,13.730709099999999,3.0849921829999998
Sefton 013,E02001441,0.8,1.0,4210.7020999999995,503.6725,580.3607000000001,538.1172,665.4975999999999,11.0,13.44233663,3.0475037619
Sefton 014,E02001442,0.6,0.8,4005.6588000000006,413.70120000000003,491.65380000000005,443.7774,782.595,15.333333334,14.82314724,3.2270091412
Sefton 015,E02001443,0.8,1.0,3767.771,398.4182,430.6024,391.20449999999994,560.4490000000001,8.666666667,10.909334000000001,2.7182134200000005
Sefton 016,E02001444,0.6,0.8,4099.8483,350.50079999999997,378.0241,318.4839,469.5812,11.999999999,10.200865189999998,2.6261124746999998
Sefton 017,E02001445,0.6,0.8,4721.6736,500.9984,492.89599999999996,386.2144,651.568,10.666666667,13.48840288,3.0534923744
Sefton 018,E02001446,0.6,0.8,4830.188000000001,435.182,417.9076,396.64680000000004,563.4112,12.0,12.171808,2.88233504
Sefton 019,E02001447,0.4,0.6,3899.0276,412.25460000000004,410.544,347.822,632.3518,12.333333333,13.31154708,3.0305011204000003
Sefton 020,E02001448,0.6,0.8,4980.705,462.27899999999994,419.463,294.35999999999996,533.193,13.333333333,11.4335445,2.7863607850000003
Sefton 021,E02001449,0.2,0.4,6638.806299999999,763.9645,596.706,461.9951,580.4322000000001,17.333333333,18.19727275,3.6656454575
Sefton 022,E02001450,0.8,1.0,5895.5603,608.7762,631.0485,457.8195,655.7955,12.666666666,13.751165489999998,3.0876515137
Sefton 023,E02001451,0.0,0.2,4781.708,303.96,303.96,184.76,386.20799999999997,14.0,11.836440799999998,2.838737304
Sefton 024,E02001452,0.0,0.2,5539.7888,296.192,282.2144,169.72799999999998,368.0768,10.333333334,11.820922880000001,2.8367199744000002
Sefton 025,E02001453,0.6,0.8,6834.2695,560.634,494.52149999999995,375.519,549.1745,12.333333333,13.068149349999999,2.9988594155
Sefton 026,E02001454,0.4,0.6,5339.353499999999,418.691,380.4385,290.719,527.1890000000001,13.0,12.031524050000002,2.8640981265
Sefton 027,E02001455,0.4,0.6,5570.926199999999,391.5352,380.97220000000004,261.9624,437.30819999999994,11.666666667,10.797709859999998,2.7037022818
Sefton 028,E02001456,0.4,0.6,5806.0248,504.05520000000007,441.7056,280.1976,479.26559999999995,9.0,11.94911304,2.8533846952
Sefton 029,E02001457,0.0,0.2,5679.6163,379.4062,245.0613,153.2477,292.9934,9.333333333,11.118761980000002,2.7454390574000005
Sefton 030,E02001458,0.2,0.4,6414.2294,400.6504,339.48240000000004,222.4986,269.13919999999996,10.000000001,10.5541561,2.6720402930000002
Sefton 031,E02001459,0.0,0.2,5952.0428,375.0956,305.5272,212.2912,326.32599999999996,7.666666667,12.37629008,2.9089177104
Sefton 032,E02001460,0.0,0.2,5987.4681,430.95329999999996,383.57099999999997,294.0711,425.6886,15.666666666,14.831863260000002,3.2281422238000004
Sefton 033,E02001461,0.2,0.4,5167.7158,364.98659999999995,376.04679999999996,262.1918,335.7096,8.333333333,11.046862699999998,2.736092151
Sefton 034,E02001462,0.0,0.2,6863.620800000001,359.65880000000004,313.7112,187.7514,196.46560000000002,11.333333333,11.156869480000001,2.7503930324000003
Sefton 035,E02001463,0.0,0.2,5790.8736,295.1424,320.0256,207.35999999999999,297.9072,10.666666666,11.57677056,2.8049801728
Sefton 036,E02001464,0.0,0.2,5981.4529999999995,302.1916,259.2194,187.8301,199.6128,11.333333333,10.1060911,2.6137918430000004
Sefton 037,E02001465,0.0,0.2,6057.102400000001,385.4912,308.5368,207.84879999999998,233.02079999999998,9.333333333,11.355592640000001,2.7762270432000005
Sefton 038,E02001466,0.0,0.2,7191.0468,428.96700000000004,430.7002,266.9128,349.2398,15.333333333,14.672231280000002,3.2073900664000004
Selby 001,E02005809,0.6,0.8,5747.7315,415.4175,492.513,357.0345,473.052,10.333333333,11.513950950000002,2.7968136235000003
Selby 002,E02005810,0.8,1.0,7552.249199999999,533.7708,514.14,357.0936,391.68120000000005,13.0,10.45545756,2.6592094827999997
Selby 003,E02005811,0.8,1.0,7340.4621,662.3832,616.7016,422.5548,475.85,11.666666666,12.10743223,2.8739661899
Selby 004,E02005812,0.8,1.0,8499.767399999999,510.543,549.7362,297.0432,455.8788,17.666666667,11.17037142,2.7521482846
Selby 005,E02005813,0.2,0.4,11355.904799999998,486.2697,423.3561,308.0145,533.4549,15.333333333,17.3877462,3.560407006
Selby 006,E02005814,0.6,0.8,4757.872,394.128,451.44399999999996,343.252,494.59200000000004,14.000000001,11.1781656,2.753161528
Selby 007,E02005815,0.8,1.0,6352.3967999999995,565.5552,616.0512,398.91839999999996,483.92,12.666666667,11.58664384,2.8062636992000005
Selby 008,E02005816,0.6,0.8,6806.279500000001,561.2271000000001,558.6408,359.4957,335.35690000000005,10.333333333,10.885305650000001,2.7150897345000002
Selby 009,E02005817,0.8,1.0,5611.668,494.29200000000003,474.66569999999996,316.9284,372.1728,13.0,9.2999586,2.508994618
Selby 010,E02005818,0.6,0.8,6738.0705,513.6222,530.8002,370.1859,436.3212,9.999999999,11.82232905,2.8369027765
Sevenoaks 001,E02005087,0.6,0.8,5476.2188,430.2896,492.2684,302.0576,424.5904,9.666666667,10.65330084,2.6849291092
Sevenoaks 002,E02005088,0.2,0.4,7914.189,470.18800000000005,433.575,286.1595,532.8155,13.0,15.498861,3.3148519299999997
Sevenoaks 003,E02005089,0.6,0.8,5092.3967999999995,309.2182,364.8516,289.8112,414.016,9.0,9.60879384,2.5491431992000004
Sevenoaks 004,E02005090,0.8,1.0,4128.9439999999995,377.5,527.292,431.85999999999996,575.008,9.666666667,11.5326552,2.7992451760000003
Sevenoaks 005,E02005091,0.6,0.8,5348.191200000001,424.3704,457.3926,314.7648,482.6862,9.333333333,11.166140760000001,2.7515982988000003
Sevenoaks 007,E02005093,0.6,0.8,4180.1449999999995,456.69500000000005,507.305,408.495,472.35999999999996,14.333333333,11.435088499999999,2.786561505
Sevenoaks 008,E02005094,0.6,0.8,7552.194800000001,481.2216,456.0414,354.388,482.1542,9.333333333,12.12790344,2.8766274472
Sevenoaks 009,E02005095,0.8,1.0,5758.268,399.461,463.52549999999997,357.25379999999996,557.738,15.333333335,11.3748404,2.778729252
Sevenoaks 010,E02005096,0.6,0.8,8260.3488,431.376,475.5168,290.928,573.8304,10.333333334,13.009698240000002,2.9912607712000003
Sevenoaks 011,E02005097,0.8,1.0,8140.5648,449.1072,475.9344,316.9584,553.4352,8.666666667,11.96483184,2.8554281392
Sevenoaks 012,E02005098,0.8,1.0,8247.478200000001,476.3395,489.9492,405.15029999999996,852.1766,13.333333333,15.80651496,3.3548469448000002
Sevenoaks 013,E02005099,0.6,0.8,6192.222400000001,493.024,502.56640000000004,331.5984,431.7936,11.0,11.26170192,2.7640212496
Sevenoaks 014,E02005100,0.4,0.6,7747.444799999999,479.853,519.5984,382.913,565.1602,10.0,14.44173344,3.1774253472
Sevenoaks 015,E02005101,0.6,0.8,5450.636399999999,427.5282,444.9357,292.446,347.4537,9.333333333,9.55421082,2.5420474066
Sevenoaks 016,E02006832,0.6,0.8,4718.57,415.45250000000004,457.301,255.943,218.33999999999997,11.000000001,7.757135,2.30842755
Sheffield 001,E02001611,0.2,0.4,5734.2156,422.688,502.69680000000005,364.5684,523.0764,15.333333333,14.9748546,3.246731098
Sheffield 002,E02001612,0.6,0.8,4494.030299999999,322.04019999999997,377.2637,305.1825,315.6459,3.666666667,8.499361689999999,2.4049170197
Sheffield 003,E02001613,0.2,0.4,7882.4556,654.0344,711.8040000000001,467.3148,601.4228,17.333333334,19.238824200000003,3.801047146
Sheffield 004,E02001614,0.4,0.6,8198.08,707.2,746.3679999999999,549.44,680.0,23.666666667,18.315936,3.6810716800000005
Sheffield 005,E02001615,0.6,0.8,4997.467799999999,519.2642,578.3206,484.6946,622.973,14.333333333,14.127227139999999,3.1365395282
Sheffield 006,E02001616,0.2,0.4,5725.3356,332.1045,448.15860000000004,336.4839,456.1875,11.666666667,13.481253000000002,3.0525628900000004
Sheffield 007,E02001617,0.0,0.2,5193.189,220.58520000000001,145.0908,138.0132,201.12179999999998,9.333333333,8.3238474,2.3821001620000004
Sheffield 008,E02001618,0.6,0.8,7934.651100000001,526.131,562.8609,449.6931,453.66389999999996,20.999999999,12.922869330000001,2.9799730129000004
Sheffield 009,E02001619,0.0,0.2,8016.4746,436.7026,429.9693,299.1509,437.6645,24.0,16.48927456,3.4436056928000003
Sheffield 010,E02001620,0.0,0.2,5910.7065,246.3657,277.4202,210.4805,255.33700000000005,11.999999999,10.702760900000001,2.6913589170000005
Sheffield 011,E02001621,0.0,0.2,5158.976,207.408,215.752,154.364,224.09599999999998,7.666666667,8.9808856,2.467515128
Sheffield 012,E02001622,0.0,0.2,7416.448,398.45579999999995,312.8814,283.46520000000004,501.8582,13.333333333,16.0131096,3.381704248
Sheffield 013,E02001623,0.0,0.2,7309.33,332.436,315.388,202.87120000000002,363.12239999999997,17.666666666,13.402285200000001,3.0422970760000005
Sheffield 014,E02001624,0.2,0.4,8387.2217,409.5692,380.7403,362.8465,400.62230000000005,10.0,14.29267275,3.1580474575
Sheffield 015,E02001625,0.0,0.2,6762.4,301.78,321.53,218.04,296.25,11.0,12.25527,2.8931851
Sheffield 016,E02001626,0.6,0.8,4825.968,291.4576,307.4848,211.91520000000003,298.5808,7.666666667,7.6046096,2.288599248
Sheffield 017,E02001627,0.2,0.4,5303.058,257.706,236.69400000000002,156.35399999999998,225.57000000000002,9.333333333,8.172741,2.36245633
Sheffield 018,E02001628,0.0,0.2,6181.3938,230.4974,168.84459999999999,149.2278,275.3358,10.666666667,10.05417048,2.6070421624
Sheffield 019,E02001629,0.0,0.2,5999.228,263.764,209.047,221.67400000000004,321.287,12.666666666,11.370753800000001,2.778197994
Sheffield 020,E02001630,0.0,0.2,8811.176,303.1908,212.9204,144.2364,342.4388,14.000000001,12.986182000000001,2.98820366
Sheffield 021,E02001631,0.4,0.6,6402.4812,328.63259999999997,340.34159999999997,296.628,437.91659999999996,16.666666666,10.97414316,2.7266386108000003
Sheffield 022,E02001632,0.0,0.2,13696.956000000002,298.207,213.00500000000002,151.307,329.05600000000004,13.0,15.782054600000002,3.351667098
Sheffield 023,E02001633,0.8,1.0,5422.275,481.6476,545.967,427.7988,602.8074,15.333333333,12.4517871,2.9187323230000004
Sheffield 024,E02001634,0.6,0.8,7868.1113,450.1679,376.2318,269.5392,394.94980000000004,10.999999999,10.45784019,2.6595192247000004
Sheffield 025,E02001635,0.2,0.4,4763.3375,286.7373,340.4615,369.1977,487.266,11.333333333,13.03530255,2.9945893315000003
Sheffield 026,E02001636,0.0,0.2,9753.759000000002,315.987,341.31,222.402,377.643,15.666666667,15.2272704,3.279545152
Sheffield 027,E02001637,0.0,0.2,7769.592,220.0464,157.176,146.1312,204.75359999999998,10.0,10.0278288,2.603617744
Sheffield 028,E02001638,0.8,1.0,5815.2624000000005,150.32909999999998,166.1866,82.459,127.4943,5.333333333,4.19234242,1.8450045146
Sheffield 029,E02001639,0.8,1.0,5256.030200000001,215.52339999999998,232.96460000000002,188.1158,336.98889999999994,8.333333334,7.121241959999999,2.2257614547999998
Sheffield 030,E02001640,0.6,0.8,7523.6775,259.005,165.429,147.8835,259.8405,6.666666666,7.03449225,2.2144839925
Sheffield 032,E02001642,0.2,0.4,8684.6744,411.74679999999995,384.02320000000003,347.05839999999995,442.5508,16.333333333,14.8536888,3.230979544
Sheffield 033,E02001643,0.8,1.0,4683.75,407.174,412.17,304.1315,437.15000000000003,11.0,9.3731205,2.518505665
Sheffield 036,E02001646,0.8,1.0,8347.255200000001,220.608,228.8808,139.7184,254.6184,3.999999999,6.90254856,2.1973313128000003
Sheffield 037,E02001647,0.2,0.4,4857.6514,328.5947,351.9306,324.1798,445.27419999999995,12.666666666,12.4348812,2.9165345560000002
Sheffield 038,E02001648,0.8,1.0,8928.6192,350.68319999999994,377.2656,221.8608,348.63840000000005,8.0,9.07880976,2.4802452688
Sheffield 039,E02001649,0.0,0.2,8688.4782,397.2843,324.59819999999996,271.8261,273.81749999999994,19.666666667,14.011092119999999,3.1214419756
Sheffield 040,E02001650,0.2,0.4,8973.7713,146.7695,105.1059,91.8493,152.4509,5.0,7.8199736500000006,2.3165965745
Sheffield 041,E02001651,0.8,1.0,5784.2055,521.7282,560.5803,444.8169,618.462,16.666666667,12.92704515,2.9805158695
Sheffield 042,E02001652,0.2,0.4,12687.136000000002,199.3024,157.83679999999998,125.73440000000001,210.0032,8.666666667,10.9730016,2.726490208
Sheffield 043,E02001653,0.0,0.2,6600.406199999999,205.865,247.7866,203.61919999999998,228.323,10.333333334,10.39371212,2.6511825756
Sheffield 044,E02001654,0.2,0.4,4869.8895,267.0045,309.1305,281.8725,467.7225000000001,12.666666667,12.058257750000003,2.8675735075000004
Sheffield 045,E02001655,0.0,0.2,6431.8628,380.14300000000003,429.5224,261.0054,333.8988,15.0,13.741268080000001,3.0863648504000003
Sheffield 046,E02001656,0.8,1.0,7058.278499999999,320.72040000000004,260.7878,189.5166,269.69669999999996,9.0,7.194746649999999,2.2353170645
Sheffield 047,E02001657,0.8,1.0,7634.436000000001,429.32259999999997,423.8302,256.312,411.0146,9.999999999,9.799357,2.5739164100000003
Sheffield 048,E02001658,0.0,0.2,4759.281,222.89399999999998,168.543,160.308,179.523,10.666666667,8.0891856,2.3515941280000003
Sheffield 049,E02001659,0.0,0.2,4890.8511,315.6174,302.2128,202.89690000000002,380.8125,11.333333333,12.01368996,2.8617796948
Sheffield 050,E02001660,0.4,0.6,8830.480000000001,446.65799999999996,376.83560000000006,228.9764,386.0768,11.333333333,11.0565824,2.7373557120000003
Sheffield 051,E02001661,0.0,0.2,6907.2183,309.2418,328.8762,256.8834,377.1441,13.666666668,13.65883398,3.0756484174
Sheffield 052,E02001662,0.2,0.4,5814.8496,398.4624,430.7296,324.1728,535.7855999999999,23.000000001,14.5243672,3.1881677360000005
Sheffield 053,E02001663,0.4,0.6,6856.9398,267.3542,230.2646,152.22189999999998,220.2195,3.666666667,7.068814140000001,2.2189458382000002
Sheffield 054,E02001664,0.4,0.6,4882.703600000001,350.4911,379.7517,295.1504,452.26709999999997,11.0,10.882907679999999,2.7147779984
Sheffield 055,E02001665,0.8,1.0,7101.1824,629.6472,655.7616,454.584,828.8904,14.0,16.091886719999998,3.3919452736
Sheffield 056,E02001666,0.2,0.4,5043.2724,286.3152,268.1172,216.55620000000002,252.3456,10.333333333,8.9970912,2.469621856
Sheffield 059,E02001669,0.6,0.8,6480.2754,294.66179999999997,297.7074,196.4412,345.6756,10.666666667,8.50887342,2.4061535446000004
Sheffield 060,E02001670,0.0,0.2,5342.611999999999,244.992,253.286,188.20999999999998,350.262,11.666666666,11.2175712,2.758284256
Sheffield 061,E02001671,0.4,0.6,4173.525,401.895,443.11499999999995,317.7375,389.87249999999995,8.0,10.413202499999999,2.653716325
Sheffield 062,E02001672,0.4,0.6,4686.1536,325.0154,344.1703,288.5593,535.1014,12.333333334,11.58513068,2.8060669884000005
Sheffield 063,E02001673,0.6,0.8,4393.8336,285.3552,245.04479999999998,162.3024,217.99439999999998,5.666666667,6.07849008,2.0902037104
Sheffield 064,E02001674,0.6,0.8,6286.033600000001,583.3564,592.8912,487.1416,717.7103999999999,21.666666667,15.754610079999999,3.3480993104000003
Sheffield 065,E02001675,0.0,0.2,6578.9226,577.7000999999999,645.4062,458.1153,533.7351,14.333333333,19.67451336,3.8576867368
Sheffield 066,E02001676,0.8,1.0,4312.1808,385.4952,355.16880000000003,295.68240000000003,482.8896,9.333333334,9.565179839999999,2.5434733792
Sheffield 068,E02001678,0.8,1.0,7466.364,661.0039999999999,718.572,548.952,887.164,21.333333334,17.502625199999997,3.5753412759999996
Sheffield 069,E02001679,0.0,0.2,5442.9552,277.5072,308.4144,209.77439999999999,339.32160000000005,8.333333333,11.73566112,2.8256359456
Sheffield 070,E02001680,0.0,0.2,5357.0685,247.689,241.97310000000002,183.54389999999998,320.7255,12.0,10.796064900000001,2.7034884370000003
Sheffield 071,E02001681,0.6,0.8,5617.888,489.2753,530.4935,422.8682,573.2383,12.333333334,13.205853300000001,3.016760929
Sheffield 072,E02006803,0.6,0.8,7082.0625,518.91,468.6075,341.5275,414.775,13.333333333,11.307031249999998,2.7699140625
Sheffield 073,E02006843,0.4,0.6,18653.679,20.611800000000002,24.359399999999997,11.242799999999999,26.233200000000004,0.999999999,6.117020100000001,2.095212613
Sheffield 074,E02006844,0.2,0.4,10805.157,79.596,55.275,30.954,84.018,3.999999999,7.0873605,2.221356865
Sheffield 075,E02006868,0.0,0.2,12226.199999999999,429.8112,382.97279999999995,332.0016,407.7696,19.666666667,18.6168864,3.720195232
Sheffield 076,E02006869,0.2,0.4,9007.365600000001,479.3743,546.9073999999999,411.84119999999996,623.2973000000001,21.000000001,18.4918913,3.703945869
Shepway 001,E02005102,0.6,0.8,4333.4669,536.6283999999999,663.7246,349.8355,536.6284,14.333333333,12.680285170000001,2.9484370721
Shepway 002,E02005103,0.4,0.6,8500.6657,402.54990000000004,584.8752999999999,343.14050000000003,409.72,12.333333334,12.670283710000001,2.9471368823000006
Shepway 003,E02005104,0.0,0.2,6548.472,461.9835,511.3935,300.5775,412.57349999999997,9.666666667,15.850892700000001,3.360616051
Shepway 004,E02005105,0.0,0.2,6925.576,330.43080000000003,273.37800000000004,171.1584,221.872,7.0,11.034962400000001,2.734545112
Shepway 005,E02005106,0.4,0.6,7923.445,503.564,490.10999999999996,313.28599999999994,379.5949999999999,13.333333333,11.7794575,2.831329475
Shepway 006,E02005107,0.6,0.8,9802.699999999999,771.36,924.3464,570.8064,788.0727999999999,22.000000001,19.7037484,3.8614872919999996
Shepway 008,E02005109,0.8,1.0,4209.625499999999,559.5115000000001,718.9825,505.673,820.5260000000001,18.0,15.374026650000001,3.2986234645000003
Shepway 009,E02005110,0.4,0.6,4914.4758,502.6564,584.808,431.644,527.7196,12.666666667,13.741386740000001,3.0863802762000003
Shepway 010,E02005111,0.2,0.4,4742.6611,623.5818,717.792,524.8854,868.8274,17.0,21.21337055,4.0577381715000005
Shepway 011,E02005112,0.2,0.4,4805.459999999999,645.0966,741.2058000000001,490.0113,598.4982,17.333333334,17.9149005,3.6289370650000006
Shepway 012,E02005113,0.4,0.6,4947.639999999999,596.44,677.84,500.97999999999996,677.1,14.333333334,16.519612000000002,3.4475495600000006
Shepway 013,E02005114,0.2,0.4,4950.3993,462.8176,533.4511,367.29420000000005,412.3651,12.333333333,13.51689745,3.0571966685
Shepway 014,E02006879,0.0,0.2,6364.544900000001,313.0349,295.8516,181.5453,315.2762,11.333333333,11.91729094,2.8492478222
Shepway 015,E02006880,0.2,0.4,5438.6484,407.29019999999997,401.56379999999996,312.8046,598.4088,21.333333334,14.9179878,3.239338414
Shropshire 001,E02006015,0.4,0.6,7922.6376,608.0836,662.8008,463.54760000000005,665.898,20.0,17.016223280000002,3.5121090264
Shropshire 002,E02006016,0.4,0.6,5838.6504,626.5552,673.628,480.46720000000005,497.5108,19.666666665,14.55215032,3.1917795416000003
Shropshire 003,E02006023,0.4,0.6,7617.9592,673.4775999999999,692.6333999999999,464.78020000000004,632.1414000000001,5.333333333,16.77725456,3.4810430928000002
Shropshire 004,E02006017,0.4,0.6,6070.512000000001,578.956,533.4839999999999,384.888,552.972,9.666666666,14.0579936,3.127539168
Shropshire 005,E02006018,0.4,0.6,9392.701200000001,677.7105,735.1021999999999,612.9922,790.0517000000001,30.999999999,20.27221376,3.9353877888
Shropshire 006,E02006024,0.4,0.6,8093.6,579.7040999999999,524.0606,354.095,564.5286,17.999999999,14.5826438,3.195743694
Shropshire 007,E02006025,0.4,0.6,7406.8558,514.8263,585.1631,506.0342,755.1437,11.0,17.69029134,3.5997378742000006
Shropshire 008,E02006019,0.4,0.6,4643.8428,379.4113,435.59700000000004,289.1354,564.3822,18.666666668,12.40176224,2.9122290912000004
Shropshire 009,E02006020,0.4,0.6,6381.9786,414.4645,391.2235,236.2835,320.7258,12.666666666,9.57482718,2.5447275334
Shropshire 010,E02006021,0.4,0.6,6561.9219,576.3678,521.1113,411.4484,431.8508,16.666666667,12.85665737,2.9713654581
Shropshire 011,E02006026,0.4,0.6,5387.2506,510.7245,502.1529,363.5787,380.00759999999997,14.666666668,11.387799180000002,2.7804138934000004
Shropshire 012,E02006027,0.4,0.6,3798.1965,416.80280000000005,436.2392,312.06219999999996,436.2392,8.666666667,10.82526495,2.7072844435
Shropshire 013,E02006022,0.6,0.8,4837.4886,390.7155,341.49150000000003,252.27300000000002,329.80080000000004,16.666666666,8.487817380000001,2.4034162594
Shropshire 014,E02006028,0.4,0.6,6928.130800000001,589.1330999999999,626.3611,508.16220000000004,655.2127999999999,23.000000001,16.67367664,3.4675779632
Shropshire 015,E02006029,0.2,0.4,6637.224,395.76800000000003,361.706,305.74699999999996,409.55499999999995,14.0,13.007629,2.99099177
Shropshire 016,E02006030,0.4,0.6,6827.96,374.567,330.881,243.509,313.08299999999997,13.0,9.339096,2.51408248
Shropshire 017,E02006031,0.4,0.6,6815.083,410.267,354.62350000000004,299.8105,425.216,14.0,11.1850079,2.754051027
Shropshire 018,E02006032,0.2,0.4,7333.758,478.11240000000004,475.4112,365.56239999999997,350.2556,20.0,13.764865,3.0894324500000003
Shropshire 019,E02006033,0.6,0.8,6548.511600000001,492.2591,516.3979,412.0838,653.4718,18.333333333,14.26327208,3.1542253704
Shropshire 020,E02006034,0.6,0.8,7865.924299999999,551.0400999999999,561.9224,366.041,549.0614999999999,15.333333333,13.57942859,3.0653257167000003
Shropshire 021,E02006035,0.6,0.8,3717.4899,397.9617,545.5835999999999,381.1227,570.2808,16.333333333,12.27220707,2.8953869191
Shropshire 022,E02006036,0.6,0.8,4910.831999999999,420.6528,398.784,262.42560000000003,439.9488,10.999999999,10.061256,2.60796328
Shropshire 023,E02006037,0.6,0.8,7991.1363999999985,601.4064,546.1752,430.5988,659.706,22.333333333,15.194614519999998,3.2752998876
Shropshire 024,E02006038,0.6,0.8,5911.7357999999995,593.2579999999999,563.5951,441.73670000000004,506.67440000000005,19.333333334,12.99651904,2.9895474752
Shropshire 025,E02006008,0.6,0.8,7062.808499999999,479.0925,518.4945,397.60200000000003,497.0025,12.666666667,12.60604305,2.9387855965
Shropshire 026,E02006039,0.6,0.8,5949.0155,560.9835,602.2679999999999,424.178,559.3644999999999,18.000000001,13.589643149999999,3.0666536095
Shropshire 027,E02006009,0.6,0.8,5362.7994,346.62600000000003,407.4624,353.70000000000005,605.5344000000001,20.333333333,12.361319820000002,2.9069715766
Shropshire 028,E02006040,0.4,0.6,5967.72,491.04,562.3199999999999,434.808,464.904,6.0,13.209372,3.01721836
Shropshire 029,E02006010,0.4,0.6,8605.996000000001,875.484,927.052,580.14,731.3280000000001,29.0,20.297750800000003,3.938707604
Shropshire 030,E02006041,0.2,0.4,4179.2062,501.67,489.86600000000004,321.659,409.59880000000004,10.666666666,12.7208757,2.953713841
Shropshire 031,E02006011,0.6,0.8,4262.781,407.427,476.75039999999996,352.0899,582.5598,13.0,12.169297199999999,2.882008636
Shropshire 032,E02006042,0.6,0.8,3693.7859000000003,523.7323,612.1234000000001,449.1711,734.7886,20.666666666,14.93262407,3.2412411291
Shropshire 033,E02006012,0.4,0.6,4407.5369,496.7941,513.3326999999999,414.7372,528.5991,16.333333333,13.20079247,3.0161030211
Shropshire 034,E02006013,0.4,0.6,5403.144,597.493,674.6139999999999,528.941,587.366,17.333333333,15.736423199999999,3.345735016
Shropshire 035,E02006014,0.4,0.6,6758.567999999999,776.0898,796.1364,587.079,627.1722000000001,24.666666667,17.812836,3.6156686800000006
Shropshire 036,E02006043,0.2,0.4,4887.6822,557.3851999999999,499.4662,408.84,461.30780000000004,13.333333333,14.5114351,3.186486563
Shropshire 037,E02006044,0.4,0.6,4322.4529,579.5682,603.2370999999999,399.1728,493.8484,14.0,13.190038269999999,3.0147049751
Shropshire 038,E02006045,0.4,0.6,7528.276000000001,758.086,867.6360000000001,668.255,1134.9379999999999,23.666666667,24.8739848,4.533618024
Shropshire 039,E02006046,0.4,0.6,6429.1140000000005,701.1936000000001,683.1216000000001,581.0147999999999,639.7488,19.0,17.2266822,3.539468686
Slough 001,E02003407,0.2,0.4,9160.405499999999,312.573,202.6683,118.9794,287.3655,11.333333334,10.60983675,2.6792787775
Slough 002,E02003408,0.2,0.4,9780.3706,418.9394,280.7552,180.9555,303.7859,10.000000001,12.1821436,2.883678668
Slough 003,E02003409,0.4,0.6,8852.026,366.66970000000003,305.7246,202.8173,264.7615,9.0,9.0058874,2.470765362
Slough 004,E02003410,0.2,0.4,10442.431999999999,389.0432,284.2112,199.1808,334.2976,11.333333334,12.931027199999999,2.981033536
Slough 005,E02003411,0.2,0.4,9940.537999999999,369.204,283.0564,212.572,381.51079999999996,12.999999999,13.2762402,3.025911226
Slough 006,E02003412,0.6,0.8,8591.835,396.774,344.463,238.85399999999998,296.09999999999997,12.333333333,9.2003205,2.496041665
Slough 007,E02003413,0.2,0.4,12034.2368,458.3456,321.1084,191.8656,318.4436,18.333333334,13.840971200000002,3.0993262560000003
Slough 008,E02003414,0.4,0.6,12108.667200000002,421.4832,335.0592,218.05440000000002,215.3952,10.666666667,9.70887216,2.5621533808
Slough 009,E02003415,0.2,0.4,11758.8768,368.1062,235.9984,173.151,289.86760000000004,16.666666667,12.6182188,2.9403684439999997
Slough 010,E02003416,0.6,0.8,8003.295,345.99,265.866,203.952,287.718,12.333333332,8.3410905,2.3843417650000003
Slough 011,E02003417,0.4,0.6,9957.9285,386.80199999999996,268.983,193.40099999999998,306.774,13.333333333,9.67860855,2.5582191115
Slough 012,E02003418,0.2,0.4,9057.9122,402.89040000000006,259.43699999999995,161.7666,291.9938,9.333333333,11.4116671,2.783516723
Slough 013,E02003419,0.2,0.4,7904.3796999999995,284.3173,278.039,212.56529999999998,291.4925,8.333333334,10.90316485,2.7174114305000003
Slough 014,E02003420,0.2,0.4,5998.74,168.4892,151.4436,98.34,139.6428,7.666666666,6.4747056,2.141711728
Solihull 001,E02002081,0.4,0.6,3993.4764999999998,408.86240000000004,421.9112,263.1508,349.59909999999996,6.333333334,9.477506550000001,2.5320758515
Solihull 002,E02002082,0.0,0.2,4967.5557,239.809,264.9597,235.1298,142.7156,5.666666666,8.86287272,2.4521734536000004
Solihull 003,E02002083,0.6,0.8,4465.040800000001,358.4768,359.656,284.1872,428.6392,8.000000001,9.631057040000002,2.5520374152
Solihull 004,E02002084,0.0,0.2,5486.1312,285.27360000000004,295.7184,224.5632,237.6192,6.333333333,10.62001152,2.6806014976
Solihull 005,E02002085,0.0,0.2,5561.2228000000005,260.8662,253.0206,190.9096,271.327,7.666666667,10.498458880000001,2.6647996544000003
Solihull 006,E02002086,0.0,0.2,4976.882,266.66110000000003,292.1988,206.0833,195.98700000000002,5.666666667,9.574855800000002,2.544731254
Solihull 007,E02002087,0.0,0.2,5223.771000000001,204.5286,267.17699999999996,214.97000000000003,232.1676,6.666666666,9.7835918,2.571866934
Solihull 008,E02002088,0.0,0.2,8187.2824,322.069,390.3284,360.525,354.75660000000005,10.333333333,15.255110640000002,3.2831643832000004
Solihull 009,E02002089,0.2,0.4,6216.3423999999995,341.8054,500.6398,351.1486,377.62100000000004,7.333333333,13.1256388,3.0063330440000002
Solihull 010,E02002090,0.4,0.6,4916.9515,254.1938,243.6512,186.83829999999998,255.3652,6.333333333,7.1434900500000005,2.2286537065000003
Solihull 011,E02002091,0.6,0.8,5837.036400000001,323.2866,365.7459,316.58250000000004,607.0935000000001,14.666666667,12.121608720000001,2.8758091336000002
Solihull 012,E02002092,0.2,0.4,5789.3976,366.13079999999997,374.9004,327.3984,450.90360000000004,13.0,13.195324800000002,3.015392224
Solihull 013,E02002093,0.4,0.6,5462.825900000001,327.53560000000004,320.6546,304.8283,466.5318,13.0,11.00388877,2.7305055401000002
Solihull 014,E02002094,0.8,1.0,4627.557900000001,370.6524,375.0057,292.91490000000005,553.491,8.666666667,10.43255907,2.6562326791000004
Solihull 015,E02002095,0.6,0.8,7161.929999999999,505.548,525.48,384.144,482.898,11.0,12.494193,2.9242450900000003
Solihull 016,E02002096,0.8,1.0,7743.408399999999,528.7828,593.9752,524.6436,957.1899999999999,18.666666667,17.72084652,3.6037100476
Solihull 017,E02002097,0.6,0.8,5542.8183,420.4697,482.7079,340.139,452.3125,12.333333333,11.11074899,2.7443973687
Solihull 018,E02002098,0.6,0.8,7765.525199999999,425.68170000000003,459.7752,371.13210000000004,718.8858,12.333333333,14.78352606,3.2218583878000002
Solihull 019,E02002099,0.8,1.0,5141.0556,420.0276,386.45279999999997,343.2852,561.1788,9.333333333,11.04467028,2.7358071364
Solihull 021,E02002101,0.4,0.6,4800.1779,321.00530000000003,366.9519,275.0587,447.04799999999994,10.333333334,10.56479977,2.6734239701
Solihull 022,E02002102,0.6,0.8,7091.4645,437.004,436.1085,318.798,673.416,14.000000001,13.74744735,3.0871681555
Solihull 023,E02002103,0.8,1.0,4526.2196,375.8412,476.93379999999996,300.1768,522.8285999999999,13.000000001,10.31541448,2.6410038823999997
Solihull 024,E02002104,0.8,1.0,4791.7145,402.9051,378.5971,246.1185,258.2725,4.666666667,7.07210875,2.2193741375
Solihull 025,E02002105,0.8,1.0,6262.307000000001,461.91240000000005,517.375,426.31699999999995,608.4330000000001,11.666666666,12.661614900000002,2.9460099370000004
Solihull 026,E02002106,0.8,1.0,6890.076,641.866,771.408,599.984,836.666,13.999999999,17.0968168,3.5225861839999997
Solihull 027,E02002107,0.8,1.0,4401.3952,391.7952,381.48480000000006,223.96480000000003,329.36,5.0,7.60976256,2.2892691328000003
Solihull 028,E02002108,0.8,1.0,7595.729299999999,531.8106,617.458,470.0648,744.9332,16.0,15.12184519,3.2658398747
Solihull 029,E02002109,0.8,1.0,8919.8655,456.015,531.3104999999999,331.9365,366.933,9.999999999,10.34655615,2.6450522995
Solihull 030,E02006808,0.6,0.8,5409.8625,280.3675,260.295,222.09249999999997,303.03,3.000000001,7.668666249999999,2.2969266125
South Bucks 001,E02003688,0.8,1.0,10050.6136,572.9053,591.9598000000001,492.8764,995.9151999999999,20.333333333,18.76436348,3.7393672524
South Bucks 002,E02003689,0.8,1.0,6993.4371,452.35220000000004,519.9347,333.407,711.869,9.666666667,13.54019893,3.0602258609
South Bucks 003,E02003690,0.6,0.8,5115.136,341.9136,367.0144,307.3152,651.264,14.666666667,12.3869056,2.910297728
South Bucks 004,E02003691,0.8,1.0,5314.946000000001,345.18899999999996,418.22299999999996,295.581,516.0609999999999,10.666666666,10.275883799999999,2.635864894
South Bucks 005,E02003692,0.8,1.0,6990.9983999999995,484.5952,499.73879999999997,360.774,571.0028000000001,15.999999999,12.15086832,2.8796128816
South Bucks 006,E02003693,0.8,1.0,5019.639999999999,443.53999999999996,389.94,324.95,520.5899999999999,8.666666666,10.524092,2.66813196
South Bucks 007,E02003694,0.6,0.8,6694.1155,405.95000000000005,358.8598,245.1938,416.5047,13.0,10.063094549999999,2.6082022915
South Bucks 008,E02003695,0.6,0.8,8951.1248,591.2048,491.76,364.9952,528.9152,15.0,13.47783024,3.0521179311999997
South Cambridgeshire 001,E02003775,0.8,1.0,5533.571,379.0878,422.8287,296.46610000000004,308.9635,6.0,8.1448333,2.358828329
South Cambridgeshire 002,E02003776,0.8,1.0,5102.8728,384.772,397.3766,281.945,467.03360000000004,10.666666667,9.64225364,2.5534929732
South Cambridgeshire 003,E02003777,0.8,1.0,6697.2105,344.1348,335.45250000000004,233.6328,284.148,9.666666666,7.66212975,2.2960768675
South Cambridgeshire 004,E02003778,0.8,1.0,5041.3911,267.1381,282.4206,206.0081,316.04209999999995,4.666666666,7.118038329999999,2.2253449829
South Cambridgeshire 005,E02003779,0.8,1.0,3955.1775000000002,336.1725,310.545,203.01,220.09500000000003,4.333333333,5.916083250000001,2.0690908225
South Cambridgeshire 006,E02003780,0.8,1.0,9980.206,484.406,521.668,328.146,707.9780000000001,12.666666666,14.4346978,3.176510714
South Cambridgeshire 007,E02003781,0.6,0.8,5241.7644,343.1274,274.3746,187.16039999999998,319.5732,7.0,7.80738972,2.3149606636
South Cambridgeshire 009,E02003783,0.8,1.0,5733.8448,384.39599999999996,415.7448,325.4304,603.8376,11.0,11.58980064,2.8066740832
South Cambridgeshire 010,E02003784,0.8,1.0,6811.6711,441.6802,539.6404,347.1572,452.8511,10.999999999,10.72329063,2.6940277819
South Cambridgeshire 011,E02003785,0.8,1.0,7294.762800000001,417.4632,418.3668,344.27160000000003,561.1356000000001,11.0,11.753938440000002,2.8280119972000004
South Cambridgeshire 012,E02003786,0.8,1.0,4892.212800000001,365.5476,375.9732,301.6908,580.5756,7.666666666,10.84549104,2.7099138352
South Cambridgeshire 013,E02003787,0.8,1.0,5416.7483999999995,495.15779999999995,561.7152,350.3406,488.5752,7.333333333,10.86480072,2.7124240936
South Cambridgeshire 014,E02003788,0.8,1.0,5619.686099999999,328.762,405.2349,362.35290000000003,431.67879999999997,6.999999999,9.71413093,2.5628370209
South Cambridgeshire 015,E02003789,0.8,1.0,5560.499699999999,435.4038,446.3253,356.769,482.0022000000001,10.0,10.51747731,2.6672720503000003
South Cambridgeshire 016,E02003790,0.8,1.0,7090.3217,636.0310000000001,674.9522999999999,407.2497,682.5466999999999,13.999999999,14.293325309999998,3.1581322903
South Cambridgeshire 017,E02003791,0.8,1.0,6327.209,435.1456,451.1436,355.1556,430.3462,9.333333333,10.180327299999998,2.623442549
South Cambridgeshire 018,E02003792,0.8,1.0,7371.9072,561.9537,639.0657,492.5529,572.5566,13.999999999,13.37449806,3.0386847478
South Cambridgeshire 019,E02003793,0.6,0.8,5536.968,356.167,465.596,303.195,308.074,6.666666667,9.1405974,2.4882776620000002
South Cambridgeshire 020,E02006873,0.8,1.0,8911.1391,120.2304,127.7448,78.90119999999999,155.9238,3.666666666,5.27895993,1.9862647909
South Cambridgeshire 021,E02006874,0.8,1.0,8222.192000000001,438.504,392.04,269.104,357.192,11.0,9.402377600000001,2.522309088
South Derbyshire 001,E02004118,0.6,0.8,5815.719,367.8318,368.5419,222.9714,325.93589999999995,10.333333333,8.654698799999998,2.4251108439999998
South Derbyshire 002,E02004119,0.8,1.0,9952.3393,459.77070000000003,471.46970000000005,367.3486,449.24160000000006,15.666666667,11.626583190000002,2.8114558147000004
South Derbyshire 003,E02004120,0.6,0.8,7628.0124,528.2992,454.4112,272.462,351.89160000000004,11.0,10.39576452,2.6514493876
South Derbyshire 004,E02004121,0.8,1.0,6220.7262,380.18129999999996,413.4762,295.7826,432.05940000000004,11.0,9.685099260000001,2.5590629038
South Derbyshire 005,E02004122,0.8,1.0,5420.9484,447.4278,478.9368,311.589,342.3978,10.333333333,8.80333452,2.4444334876
South Derbyshire 006,E02004123,0.8,1.0,5227.184,450.384,402.616,293.43199999999996,449.7016,10.666666667,9.688032799999998,2.5594442639999997
South Derbyshire 007,E02004124,0.4,0.6,6228.4416,432.5632,440.3712,333.40160000000003,372.4416,10.666666667,10.964852480000001,2.7254308224000003
South Derbyshire 008,E02004125,0.2,0.4,7452.6332999999995,554.4588,536.7831,329.32620000000003,429.7986,11.333333334,14.99969205,3.2499599665
South Derbyshire 009,E02004126,0.4,0.6,5734.3272,465.024,414.8886,294.273,356.7606,8.666666666,10.35666576,2.6463665488
South Derbyshire 011,E02004128,0.4,0.6,8658.1164,667.7268,728.0232,561.6498,549.3672,23.333333334,16.80728652,3.4849472476
South Derbyshire 012,E02006919,0.4,0.6,9439.1014,415.87640000000005,376.0126,252.1116,291.9754,8.333333333,10.18390802,2.6239080426
South Derbyshire 013,E02006920,0.4,0.6,7545.9084,325.698,336.8403,179.13389999999998,183.41940000000002,8.000000001,7.53836592,2.2799875696000003
South Gloucestershire 001,E02003090,0.8,1.0,5908.1862,418.5636,447.69440000000003,403.9982,486.791,9.666666666,10.87966386,2.7143563018
South Gloucestershire 002,E02003091,0.8,1.0,4975.492499999999,384.6374,457.0082,374.5859,510.61619999999994,6.999999999,10.66564665,2.6865340645
South Gloucestershire 003,E02003092,0.8,1.0,6577.209099999999,458.8562,423.9961,307.25530000000003,339.6833,9.666666667,9.01166013,2.4715158169
South Gloucestershire 004,E02003093,0.8,1.0,4413.441599999999,418.4712,500.346,502.2954,663.4458,7.333333333,12.971047679999998,2.9862361984
South Gloucestershire 005,E02003094,0.6,0.8,7152.9783,461.33910000000003,466.67249999999996,376.00469999999996,432.8943,13.0,11.57712249,2.8050259237
South Gloucestershire 006,E02003095,0.8,1.0,6023.9853,402.0474,428.2029,285.4686,333.2958,12.0,8.56129299,2.4129680887
South Gloucestershire 007,E02003096,0.6,0.8,5225.7079,314.531,340.8489,272.1656,264.4628,9.0,7.83008877,2.3179115401
South Gloucestershire 008,E02003097,0.8,1.0,4487.392000000001,389.62,501.032,468.188,593.768,13.666666667,11.9999096,2.859988248
South Gloucestershire 009,E02003098,0.8,1.0,9326.0013,355.89959999999996,244.42530000000002,154.42770000000002,147.2688,3.999999999,6.39054549,2.1307709137
South Gloucestershire 010,E02003099,0.6,0.8,5843.2336,383.1752,429.096,377.1528,494.5896000000001,7.999999999,11.561954080000001,2.8030540304000002
South Gloucestershire 011,E02003100,0.4,0.6,11503.7921,495.5605,533.5761,429.0332,612.3227,17.333333334,16.49863463,3.4448225019
South Gloucestershire 012,E02003101,0.8,1.0,10208.283900000002,343.6074,236.9319,184.15560000000002,256.0212,7.000000001,7.9605749700000015,2.3348747461000006
South Gloucestershire 013,E02003102,0.8,1.0,5428.1,357.20399999999995,395.726,350.20000000000005,471.3692,7.333333333,10.070351200000001,2.609145656
South Gloucestershire 014,E02003103,0.6,0.8,6302.284799999999,299.136,339.264,210.1248,145.92000000000002,5.666666666,6.50175744,2.1452284672
South Gloucestershire 015,E02003104,0.6,0.8,6174.272800000001,459.7049,387.0394,292.9567,336.556,7.666666667,9.48674874,2.5332773362000003
South Gloucestershire 016,E02003105,0.8,1.0,4677.3012,332.904,394.3632,398.20439999999996,598.587,10.666666666,11.43320376,2.7863164888
South Gloucestershire 017,E02003106,0.8,1.0,13695.147200000001,315.903,327.9374,251.2181,454.2986,9.333333334,11.649600060000001,2.8144480078000003
South Gloucestershire 018,E02003107,0.6,0.8,9437.175000000001,401.39,467.9125,384.47749999999996,581.79,14.333333334,13.82766,3.0975958
South Gloucestershire 019,E02003108,0.6,0.8,8654.828399999999,530.8524,530.8524,424.467,603.9252,15.0,14.547075119999999,3.1911197656
South Gloucestershire 020,E02003109,0.8,1.0,4719.8457,302.0553,356.41290000000004,313.1739,484.8945,7.666666667,9.632599110000001,2.5522378843
South Gloucestershire 021,E02003110,0.8,1.0,10623.3674,395.10880000000003,421.61,283.081,325.242,7.0,9.81351482,2.5757569266
South Gloucestershire 022,E02003111,0.8,1.0,5003.5692,359.29179999999997,394.4255,289.6873,582.0261999999999,10.333333333,10.859230059999998,2.7116999078
South Gloucestershire 023,E02003112,0.4,0.6,5369.490000000001,293.6647,307.5856,261.8455,396.4142,6.666666667,9.756562200000001,2.568353086
South Gloucestershire 024,E02003113,0.6,0.8,8215.3958,691.0146,684.5261999999999,536.3744,687.7703999999999,14.333333333,16.83209914,3.4881728882000003
South Gloucestershire 025,E02003114,0.4,0.6,5467.8274,334.86760000000004,434.753,324.80719999999997,623.7448,9.0,13.482876220000001,3.0527739086000003
South Gloucestershire 026,E02003115,0.4,0.6,8205.1536,449.0136,402.42719999999997,347.9112,508.4856,13.333333333,13.15857648,3.0106149424
South Gloucestershire 027,E02003116,0.2,0.4,6195.6852,360.8682,363.2115,324.1565,567.0785999999999,10.333333334,14.7073319,3.211953147
South Gloucestershire 028,E02003117,0.4,0.6,7760.192,405.5296,422.3488,315.82719999999995,439.168,11.000000001,11.9934912,2.859153856
South Gloucestershire 029,E02003118,0.6,0.8,8542.9896,508.6572,412.6456,365.6612,384.04639999999995,11.0,11.283610079999999,2.7668693103999997
South Gloucestershire 030,E02003119,0.4,0.6,8535.8603,558.037,559.0899000000001,347.457,528.5558,12.000000001,14.34060329,3.1642784277000002
South Gloucestershire 031,E02003120,0.8,1.0,7035.0612,507.98,544.924,445.1752,702.8596,13.666666667,14.17365796,3.1425755348
South Gloucestershire 032,E02003121,0.8,1.0,7256.0712,697.3548,672.4848,540.1764000000001,780.9180000000001,21.000000001,16.20748056,3.4069724728000006
South Hams 001,E02004189,0.6,0.8,4834.379199999999,395.8688,351.7472,240.8304,305.1744,5.666666667,8.21011056,2.3673143728
South Hams 002,E02004190,0.4,0.6,5924.834400000001,596.4544,628.06,418.9768,534.864,9.666666667,14.41482792,3.1739276296
South Hams 003,E02004191,0.4,0.6,6363.2856,663.024,618.5316,471.096,608.0628000000002,19.666666667,15.832489680000002,3.3582236584
South Hams 004,E02004192,0.6,0.8,4952.7091,699.1886000000001,708.7968999999999,467.11120000000005,563.1942,13.333333333,14.25006973,3.1525090649000003
South Hams 005,E02004193,0.8,1.0,9275.774,673.876,691.486,477.818,623.394,18.666666667,14.7598802,3.218784426
South Hams 006,E02004194,0.4,0.6,5269.7157,527.0426,522.0704999999999,323.8968,460.9847,11.666666667,12.19847911,2.8858022843
South Hams 007,E02004195,0.4,0.6,3727.9152,430.6656,480.5664,337.3728,445.8528,11.0,11.27644176,2.7659374288
South Hams 008,E02004196,0.6,0.8,5381.9184,587.6981999999999,708.4268999999999,396.3546,517.8426,13.333333334,13.30172112,3.0292237456000004
South Hams 009,E02004197,0.8,1.0,4409.524799999999,543.768,603.1487999999999,505.0704,609.8208000000001,13.000000001,12.850071840000002,2.9705093392000004
South Hams 010,E02004198,0.4,0.6,4654.5037999999995,425.62539999999996,488.1982,368.9188,580.7538,17.333333334,13.38295314,3.0397839082
South Hams 011,E02004199,0.4,0.6,3491.9060000000004,510.4165,651.475,437.9045,573.298,14.0,14.1813078,3.1435700140000002
South Hams 012,E02004200,0.6,0.8,3315.6893000000005,481.8506,508.6774,379.18649999999997,473.59619999999995,13.666666666,11.098608289999998,2.7428190777
South Holland 001,E02005465,0.4,0.6,6167.115,661.77,654.9300000000001,465.975,601.92,12.0,15.812284499999999,3.355596985
South Holland 002,E02005466,0.2,0.4,4698.6408,518.8806000000001,586.9962,361.2798,512.2026,12.0,14.929336799999998,3.2408137839999998
South Holland 003,E02005467,0.4,0.6,5541.861599999999,468.3582,470.6208,364.27860000000004,696.8808,18.666666666,15.02999928,3.2538999064
South Holland 004,E02005468,0.4,0.6,5463.5014,506.2414,639.1861,396.5808,504.7392000000001,16.000000001,13.644632820000002,3.0738022666000004
South Holland 005,E02005469,0.4,0.6,6134.3789,493.26030000000003,523.4437,346.3148,445.60229999999996,14.333333333,12.34572547,2.9049443111
South Holland 006,E02005470,0.6,0.8,10495.0564,514.9384,578.6684,430.81479999999993,726.522,13.666666667,16.638883319999998,3.4630548316
South Holland 007,E02005471,0.4,0.6,7673.3117999999995,556.8948,513.2358,383.229,576.2987999999999,15.333333333,14.68368594,3.2088791722
South Holland 008,E02005472,0.2,0.4,7034.123799999999,651.948,781.3498000000001,608.4848000000001,802.0936,26.333333334,22.4828219,4.222766847
South Holland 009,E02005473,0.6,0.8,7992.929999999999,502.70000000000005,541.9106,428.30039999999997,589.1644,15.333333333,14.1932318,3.145120134
South Holland 010,E02005474,0.4,0.6,4761.0096,529.2995999999999,552.1374,412.4238,460.78619999999995,15.000000001,12.69942888,2.9509257544
South Holland 011,E02005475,0.4,0.6,5145.409299999999,394.2128,458.1392,296.9914,364.2473,5.666666667,10.31752119,2.6412777547
South Kesteven 001,E02005476,0.6,0.8,5322.08,483.3024,509.1936,417.85519999999997,460.288,13.0,11.752447199999999,2.827818136
South Kesteven 002,E02005477,0.8,1.0,6138.615,762.01,848.89,593.6800000000001,704.995,16.666666667,15.7867295,3.3522748350000002
South Kesteven 003,E02005478,0.4,0.6,7536.4926000000005,626.5468999999999,653.4416000000001,461.1943,683.3245999999999,14.666666667,17.09486898,3.5223329674000006
South Kesteven 004,E02005479,0.6,0.8,7053.5764,538.9716000000001,522.7212,415.288,498.3456,12.666666667,12.84314252,2.9696085276
South Kesteven 005,E02005480,0.0,0.2,6513.113399999999,311.1263,368.9395,204.6283,209.1925,5.666666667,11.25090514,2.7626176682
South Kesteven 006,E02005481,0.4,0.6,10584.366800000002,515.452,489.0508,413.61879999999996,569.5115999999999,15.000000001,15.47826924,3.3121750012
South Kesteven 007,E02005482,0.8,1.0,7402.323599999999,764.946,715.911,455.04479999999995,467.7939,13.333333333,12.603367979999998,2.9384378373999995
South Kesteven 008,E02005483,0.6,0.8,5937.539999999999,556.3679999999999,553.152,449.436,542.7,11.333333333,13.323485999999999,3.03205318
South Kesteven 009,E02005484,0.4,0.6,5452.296,463.7635,562.1595000000001,348.0035,408.7775,9.333333333,11.805204800000002,2.834676624
South Kesteven 010,E02005485,0.8,1.0,5520.4695,418.2282,453.1995,310.4595,433.9296,8.333333333,9.72451935,2.5641875155
South Kesteven 011,E02005486,0.6,0.8,7604.9133999999995,488.16319999999996,563.9466,428.12699999999995,754.8814000000001,16.666666667,15.95791722,3.3745292386
South Kesteven 012,E02005487,0.8,1.0,7055.991,680.4337,763.6731,539.1203,637.8461,14.666666668,14.7169195,3.213199535
South Kesteven 013,E02005488,0.6,0.8,5143.990200000001,497.3586,490.4316,342.1938,451.64040000000006,9.666666667,11.178654060000001,2.7532250278
South Kesteven 014,E02005489,0.8,1.0,5545.065799999999,534.7594,490.79669999999993,302.694,333.6841,14.333333333,8.898627040000001,2.4568215152
South Kesteven 015,E02005490,0.6,0.8,7368.495199999999,492.2408,556.4872,415.712,613.1752,14.999999999,14.244466160000002,3.1517806008000004
South Kesteven 016,E02005491,0.8,1.0,8407.476,594.9735,768.4611,553.8258,797.3757,15.999999999,16.7893737,3.4826185809999997
South Lakeland 001,E02004015,0.6,0.8,4465.624400000001,443.63039999999995,428.9702,407.93600000000004,629.1138000000001,12.666666666,12.902760720000002,2.9773588936000004
South Lakeland 002,E02004016,0.6,0.8,6135.732,498.84,643.5036,437.3164,597.7765999999999,10.999999999,14.174538599999998,3.1426900179999997
South Lakeland 003,E02004017,0.6,0.8,6772.590300000001,529.6998,528.8199,364.2786,602.7315000000001,12.0,13.657895790000001,3.0755264527
South Lakeland 004,E02004018,0.4,0.6,6832.7519999999995,489.873,480.534,243.663,444.027,14.666666666,11.742009600000001,2.826461248
South Lakeland 005,E02004019,0.8,1.0,5567.4696,587.4624,690.1104,453.2304,597.7272,16.333333333,13.06653768,2.9986498984
South Lakeland 006,E02004020,0.8,1.0,6420.599999999999,509.82,602.04,422.82,744.72,17.333333332,14.45592,3.1792696000000005
South Lakeland 007,E02004021,0.4,0.6,3578.8104000000003,402.6096,504.05039999999997,359.5104,411.01919999999996,7.333333333,10.984356720000001,2.7279663736
South Lakeland 008,E02004022,0.6,0.8,3755.1939,478.0527,506.943,335.2365,375.57390000000004,9.333333334,9.91793097,2.5893310261
South Lakeland 009,E02004023,0.6,0.8,4301.957400000001,493.9009,514.9707,344.5532,541.6178,13.0,12.01883362,2.8624483706
South Lakeland 010,E02004024,0.8,1.0,4928.268000000001,560.376,640.74,463.36,647.2560000000001,11.333333333,13.317328400000001,3.0312526920000002
South Lakeland 011,E02004025,0.8,1.0,5383.1547,646.3314,729.7289999999999,561.33,698.4549000000001,19.666666666,14.85672111,3.2313737443
South Lakeland 012,E02004026,0.4,0.6,6198.6828,475.953,526.7751,336.39390000000003,529.1952,17.333333332,13.28731704,3.0273512152
South Lakeland 013,E02004027,0.8,1.0,4889.992,709.7336,837.0184,653.3416000000001,964.3032000000001,20.0,18.4345448,3.6964908240000005
South Lakeland 014,E02004028,0.6,0.8,5330.4331,558.5944000000001,702.8468,470.3549,611.5381,15.0,14.606399529999997,3.1988319388999997
South Norfolk 001,E02005597,0.6,0.8,13260.553800000002,706.3071,772.272,547.0260000000001,802.8411,27.000000001,20.04625044,3.9060125572000004
South Norfolk 002,E02005598,0.6,0.8,7715.0448,470.2392,519.0192,443.89799999999997,607.7987999999999,14.333333333,14.23634544,3.1507249072
South Norfolk 003,E02005599,0.8,1.0,4768.082899999999,383.2577,431.0852,330.9663,463.60790000000003,11.333333333,9.813629070000001,2.5757717791
South Norfolk 004,E02005600,0.4,0.6,5041.493600000001,408.7876,446.43039999999996,320.95439999999996,384.3528,8.0,10.65370488,2.6849816343999997
South Norfolk 005,E02005601,0.6,0.8,3973.1838999999995,333.31510000000003,482.1468,352.5557,517.7985,13.666666666,11.24573457,2.7619454941
South Norfolk 006,E02005602,0.8,1.0,8824.812,702.1080000000001,800.2139999999999,606.366,884.1360000000001,23.666666667,18.4094136,3.693223768
South Norfolk 007,E02005603,0.6,0.8,9034.545,478.46500000000003,495.785,366.9675,450.32,16.0,12.438790999999998,2.9170428299999998
South Norfolk 008,E02005604,0.6,0.8,6160.5124,579.3956,593.7538,454.39480000000003,658.7880000000001,18.999999999,14.900602120000002,3.2370782756
South Norfolk 009,E02005605,0.6,0.8,8188.463900000001,698.1322,698.1322,552.2377,668.9533,19.0,16.76500717,3.4794509321
South Norfolk 010,E02005606,0.4,0.6,4240.8767,439.7606,411.6297,292.2169,356.5161,12.333333334,9.82979761,2.5778736893
South Norfolk 011,E02005607,0.4,0.6,8670.4586,704.3964,833.1938,531.1468,657.6646000000001,20.333333333,18.421561580000002,3.6948030054000007
South Norfolk 012,E02005608,0.4,0.6,5465.5648,590.3679999999999,666.4944,455.2048,589.5912,14.999999999,15.29270624,3.2880518112
South Norfolk 013,E02005609,0.6,0.8,5390.641799999999,483.65909999999997,607.0337999999999,443.5434,644.8788,15.0,14.324029739999999,3.1621238662
South Norfolk 014,E02005610,0.4,0.6,5721.794,607.7239999999999,705.25,427.986,598.052,19.666666667,15.497526200000001,3.3146784060000005
South Norfolk 015,E02005611,0.4,0.6,8228.057200000001,660.331,672.5388,590.4136,946.6594,20.333333332,21.38162876,4.079611738800001
South Northamptonshire 001,E02005681,0.8,1.0,6312.385000000001,564.3018000000001,588.0262,512.6165,494.82320000000004,12.0,12.2045092,2.886586196
South Northamptonshire 002,E02005682,0.8,1.0,5082.0528,379.6936,493.20340000000004,313.3136,370.4004,8.333333334,8.911382240000002,2.4584796912
South Northamptonshire 003,E02005683,0.8,1.0,12133.4666,656.415,729.35,485.74710000000005,580.5626,20.666666667,15.226494080000002,3.2794442304
South Northamptonshire 004,E02005684,0.8,1.0,6858.5535,589.1493,622.1274,410.8893,433.1718,9.333333333,11.29945575,2.7689292475
South Northamptonshire 005,E02005685,0.6,0.8,6894.4692000000005,479.5634,483.8224,246.1702,413.9748,16.0,10.74733096,2.6971530248
South Northamptonshire 006,E02005686,0.8,1.0,6033.3299,459.8113,595.2843,380.1213,498.85940000000005,12.333333333,11.30825007,2.7700725091000002
South Northamptonshire 007,E02005687,0.8,1.0,5113.605,378.231,431.613,238.266,347.634,8.333333333,8.1690735,2.361979555
South Northamptonshire 008,E02005688,0.8,1.0,7679.696599999999,522.17,570.5894,341.784,379.76,9.666666667,10.375707779999999,2.6488420114
South Northamptonshire 009,E02005689,0.8,1.0,7625.318,382.974,370.388,253.518,356.903,5.666666667,8.9878424,2.468419512
South Northamptonshire 010,E02005690,0.8,1.0,4561.0677,277.9551,313.05330000000004,206.6265,302.29740000000004,9.333333333,6.90874101,2.1981363313
South Northamptonshire 011,E02005691,0.8,1.0,5135.7390000000005,374.6148,536.9028,345.5382,367.8528,7.666666666,9.1378287,2.487917731
South Oxfordshire 001,E02005958,0.8,1.0,4250.0960000000005,377.077,289.435,213.695,280.238,3.666666667,6.759145800000001,2.178688954
South Oxfordshire 002,E02005959,0.6,0.8,4261.2235,389.1195,376.20500000000004,268.397,320.055,7.0,8.42401605,2.3951220865000002
South Oxfordshire 003,E02005960,0.8,1.0,5345.9376,313.131,390.2094,311.0664,521.6556,10.0,10.30400568,2.6395207384
South Oxfordshire 004,E02005961,0.8,1.0,5007.832199999999,430.731,430.731,313.1982,495.5076,9.333333334,10.24184826,2.6314402738
South Oxfordshire 005,E02005962,0.8,1.0,6828.886399999999,558.3088,586.6224,406.12320000000005,467.1744,8.333333333,11.50806272,2.7960481536
South Oxfordshire 006,E02005963,0.4,0.6,6258.084,519.6800000000001,469.33599999999996,392.196,482.328,13.333333333,12.9352412,2.9815813560000004
South Oxfordshire 007,E02005964,0.8,1.0,5318.531400000001,430.1388,463.4994,376.9038,508.2168,9.000000001,10.85773962,2.7115061506
South Oxfordshire 008,E02005965,0.6,0.8,4159.1704,300.949,375.49600000000004,303.1578,382.6746,6.666666666,9.07684272,2.4799895536000003
South Oxfordshire 009,E02005966,0.8,1.0,7344.7276,218.46020000000001,219.2575,76.54079999999999,114.8112,3.333333333,4.72448088,1.9141825144000002
South Oxfordshire 010,E02005967,0.6,0.8,7485.6815,285.2101,306.0157,252.2679,339.8248,9.666666667,9.03959975,2.4751479675
South Oxfordshire 011,E02005968,0.8,1.0,6301.642500000001,273.4575,371.9325,268.15500000000003,361.3275,9.333333333,8.49665025,2.4045645325000002
South Oxfordshire 012,E02005969,0.8,1.0,7266.6759,487.49580000000003,508.04159999999996,416.5194,661.2012,17.666666667,13.52688777,3.0584954101
South Oxfordshire 013,E02005970,0.4,0.6,4797.607300000001,229.64669999999998,162.87,104.7797,133.0105,6.666666667,4.774859790000001,1.9207317727000002
South Oxfordshire 014,E02005971,0.6,0.8,5025.3732,286.488,272.16360000000003,247.2516,396.72360000000003,11.666666667,8.76945996,2.4400297948
South Oxfordshire 015,E02005972,0.8,1.0,7403.9282,452.3448,455.103,377.8734,504.7506,13.333333333,11.47769766,2.7921006958000003
South Oxfordshire 016,E02005973,0.8,1.0,4044.5562,282.6357,376.473,346.6923,566.9571,10.0,10.50157386,2.6652046018
South Oxfordshire 017,E02005974,0.8,1.0,4749.9592,276.84,356.81600000000003,309.44559999999996,458.93919999999997,11.666666667,9.28785896,2.5074216648
South Oxfordshire 018,E02005975,0.8,1.0,6050.5515000000005,510.37559999999996,570.5154,442.9215,552.6360000000001,8.0,12.27055095,2.8951716235000005
South Oxfordshire 019,E02005976,0.8,1.0,4624.7058,352.8369,442.75140000000005,332.9937,448.95239999999995,9.333333334,9.58203324,2.5456643212000003
South Oxfordshire 020,E02005977,0.8,1.0,4205.65,340.18,385.61499999999995,314.55,579.0049999999999,11.0,10.655089999999998,2.6851617
South Ribble 001,E02005287,0.8,1.0,4076.0832000000005,334.5,351.0912,225.3192,363.93600000000004,10.333333333,7.72389936,2.3041069168000003
South Ribble 002,E02005288,0.6,0.8,4437.0057,406.55890000000005,433.82439999999997,349.6043,432.0067,10.333333334,10.37961231,2.6493496003
South Ribble 003,E02005289,0.8,1.0,4392.6012,401.99610000000007,469.09529999999995,316.3248,410.9826,8.666666667,9.162395759999999,2.4911114488
South Ribble 004,E02005290,0.6,0.8,6038.9972,359.7421,360.4718,237.1525,300.6364,9.000000001,8.465833459999999,2.4005583498
South Ribble 005,E02005291,0.4,0.6,4578.9785999999995,310.72860000000003,322.1106,212.8434,267.477,7.666666666,7.770377579999999,2.3101490854
South Ribble 006,E02005292,0.2,0.4,4645.666499999999,326.094,338.99699999999996,204.10199999999998,350.14050000000003,9.000000001,10.28750325,2.6373754225
South Ribble 007,E02005293,0.4,0.6,4110.1956,304.6393,350.6328,248.3649,397.1674,12.0,9.501066680000001,2.5351386684
South Ribble 008,E02005294,0.4,0.6,5666.046,282.048,290.862,212.892,328.152,9.333333333,8.642533799999999,2.423529394
South Ribble 009,E02005295,0.4,0.6,5843.9532,400.62,380.2248,293.5452,366.3852,13.333333333,10.23321876,2.6303184388
South Ribble 010,E02005296,0.8,1.0,4219.004400000001,377.48359999999997,520.975,345.332,491.2049999999999,15.0,10.192533519999998,2.6250293576
South Ribble 011,E02005297,0.8,1.0,5971.855500000001,524.7618,649.7445,479.2383,650.5722000000001,10.333333333,13.69305495,3.0800971435
South Ribble 012,E02005298,0.6,0.8,5923.240000000001,452.076,450.584,266.322,367.77799999999996,9.333333332,9.860628,2.58188164
South Ribble 013,E02005299,0.4,0.6,6555.306599999999,290.4346,289.6743,223.5282,245.57690000000002,9.333333333,7.9942503799999995,2.3392525494000003
South Ribble 014,E02005300,0.6,0.8,4078.032,334.7904,344.9664,182.1504,147.552,7.666666667,5.806679999999999,2.0548684
South Ribble 015,E02005301,0.2,0.4,4954.153600000001,348.4184,349.69,303.2766,401.82560000000007,12.333333333,11.865935400000001,2.8425716020000005
South Ribble 016,E02005302,0.8,1.0,6060.1736,409.054,494.72380000000004,344.2228,408.28220000000005,7.333333334,9.83782588,2.5789173644
South Ribble 017,E02005303,0.0,0.2,5116.8408,362.5908,337.2348,229.47180000000003,292.86179999999996,6.0,11.689876680000001,2.8196839684000006
South Somerset 001,E02006075,0.6,0.8,4286.9036,359.2876,324.1399,272.8131,335.8558,8.666666667,8.35968518,2.3867590734
South Somerset 002,E02006076,0.6,0.8,5901.6672,692.139,700.7370000000001,535.6554,767.8014,17.999999999,17.08181856,3.5206364128
South Somerset 003,E02006077,0.6,0.8,3785.1547,409.13190000000003,447.4709,347.78950000000003,486.35760000000005,12.333333333,10.83257491,2.7082347383
South Somerset 004,E02006078,0.4,0.6,4234.9635,489.0045,563.4316,371.5204,490.8498000000001,12.666666667,12.621544450000002,2.9408007785000003
South Somerset 005,E02006079,0.6,0.8,5859.6552,542.4304000000001,527.58,389.23679999999996,497.09759999999994,12.666666667,12.367334959999999,2.9077535448000003
South Somerset 006,E02006080,0.6,0.8,5876.6688,373.8096,414.93600000000004,271.728,406.1232,12.333333334,9.996359040000002,2.5995266752000004
South Somerset 007,E02006081,0.4,0.6,3764.3576000000003,459.068,455.33140000000003,321.3476,338.4292,12.333333334,9.85800488,2.5815406344
South Somerset 008,E02006082,0.6,0.8,4776.914999999999,522.444,545.649,397.8,387.85499999999996,10.666666666,10.9159635,2.719075255
South Somerset 009,E02006083,0.6,0.8,3967.176,433.71599999999995,498.576,321.48,419.616,14.0,10.275064799999999,2.635758424
South Somerset 010,E02006084,0.4,0.6,5049.742499999999,631.8675,651.9150000000001,445.5,645.2325000000001,15.0,15.802107750000001,3.3542740075
South Somerset 011,E02006085,0.6,0.8,5629.8056,417.6906,496.3232,302.988,367.1926,11.333333333,10.06367428,2.6082776564000003
South Somerset 012,E02006086,0.4,0.6,5791.832399999999,331.8768,403.2012,312.2262,438.86340000000007,8.0,11.153826120000002,2.7499973956000003
South Somerset 013,E02006087,0.2,0.4,5164.0316,266.2772,256.2996,208.906,341.1092,10.0,9.9616982,2.595020766
South Somerset 014,E02006088,0.2,0.4,6581.042700000001,380.8529,356.9999,242.50549999999998,391.1892,12.666666667,12.252888550000002,2.8928755115
South Somerset 015,E02006089,0.2,0.4,5849.921200000001,306.3186,270.894,169.4824,348.6892,12.0,10.2981396,2.638758148
South Somerset 016,E02006090,0.4,0.6,5553.495,363.3975,350.8425,274.815,432.45,10.333333333,10.634503500000001,2.682485455
South Somerset 017,E02006091,0.6,0.8,6743.807699999999,809.7594,801.0627000000001,593.3082,716.9946,20.333333333,17.700393509999998,3.6010511562999996
South Somerset 018,E02006092,0.8,1.0,4757.1634,466.8664,489.9532,309.7479,388.6278,11.666666667,9.16443352,2.4913763576
South Somerset 019,E02006093,0.6,0.8,6188.8488,568.1306999999999,684.918,549.6906,790.29,18.333333334,17.17423104,3.5326500351999996
South Somerset 020,E02006094,0.4,0.6,3636.5968,360.732,462.15520000000004,302.70120000000003,466.3376,9.333333333,11.07332224,2.7395318912
South Somerset 021,E02006095,0.4,0.6,5646.587399999999,592.8996999999999,601.725,517.4835,665.9089999999999,14.0,16.38248462,3.4297230006
South Somerset 022,E02006096,0.4,0.6,5304.5504,412.2816,505.76,327.1744,427.6288,16.333333334,11.53356032,2.7993628416
South Somerset 023,E02006097,0.2,0.4,5185.5408,383.88439999999997,403.182,345.9784,574.7928,16.333333333,14.676514000000001,3.20794682
South Somerset 024,E02006098,0.4,0.6,4781.7294,714.8547000000001,703.9242,498.43080000000003,588.0609,15.0,15.72724062,3.3445412805999997
South Staffordshire 001,E02006174,0.6,0.8,7566.829199999999,719.9567999999999,809.4312,620.0784,686.664,20.0,17.601383159999997,3.5881798108
South Staffordshire 002,E02006175,0.4,0.6,6128.1305999999995,311.6246,315.27360000000004,285.3518,257.6194,7.333333333,8.52632638,2.4084224294
South Staffordshire 003,E02006176,0.6,0.8,5488.978300000001,511.27700000000004,583.7715,489.9102,557.8261,15.0,13.58997159,3.0666963067
South Staffordshire 004,E02006177,0.6,0.8,7394.700599999999,626.5187999999999,705.5748000000001,548.451,606.7547999999999,19.0,15.710304779999998,3.3423396214
South Staffordshire 005,E02006178,0.4,0.6,6022.08,447.12960000000004,558.1248,431.3856,412.4928,17.000000001,12.4716096,2.921309248
South Staffordshire 006,E02006179,0.6,0.8,7463.3802000000005,450.81440000000003,491.4616,394.4626,437.8812,14.666666666,11.89549546,2.8464144098
South Staffordshire 007,E02006180,0.4,0.6,5361.4166000000005,392.7042,360.152,284.6586,526.376,13.333333334,11.85890498,2.8416576474
South Staffordshire 008,E02006181,0.4,0.6,4315.851000000001,344.8068,365.5644,276.1914,463.0098,11.333333333,10.659892500000002,2.6857860250000005
South Staffordshire 009,E02006182,0.8,1.0,5012.823,385.12649999999996,478.4905,417.392,570.4815000000001,15.333333334,11.5933374,2.8071338619999997
South Staffordshire 010,E02006183,0.8,1.0,5721.4095,588.5569999999999,487.9425,341.1815,424.3965,11.0,10.24369085,2.6316798105
South Staffordshire 011,E02006184,0.6,0.8,4194.441599999999,387.6104,319.3952,182.436,204.6456,5.0,6.47441568,2.1416740384
South Staffordshire 012,E02006185,0.4,0.6,5425.305600000001,423.8976,455.2704,388.8768,602.6496000000001,17.666666667,13.861524480000003,3.1019981824000005
South Staffordshire 013,E02006186,0.8,1.0,9342.0408,825.3548,892.1020000000001,667.472,1109.0304,23.0,21.77422024,4.1306486312
South Staffordshire 014,E02006187,0.6,0.8,4945.5567,534.9883,612.6596000000001,548.7804,614.8373,15.666666667,14.51139431,3.1864812603
South Tyneside 001,E02001768,0.0,0.2,7043.652000000001,448.06300000000005,393.008,280.35699999999997,305.767,12.333333333,14.063249200000001,3.128222396
South Tyneside 002,E02001769,0.0,0.2,6821.639999999999,450.7155,359.7603,216.0186,272.86560000000003,15.000000001,12.9318804,2.981144452
South Tyneside 003,E02001770,0.4,0.6,5179.492,364.062,351.152,211.72400000000002,349.21549999999996,16.333333333,9.1475096,2.4891762479999997
South Tyneside 004,E02001771,0.2,0.4,4947.0918,391.0952,366.1596,267.0734,591.2362,13.0,14.075818100000001,3.129856353
South Tyneside 005,E02001772,0.2,0.4,4121.6069,323.6836,301.1758,229.3652,382.6326,11.333333334,10.43370505,2.6563816565000002
South Tyneside 006,E02001773,0.6,0.8,3847.7780000000002,417.397,390.0355,285.9545,424.90799999999996,11.0,9.6530299,2.554893887
South Tyneside 007,E02001774,0.0,0.2,4470.7494,310.1769,333.9516,199.5969,214.5252,10.333333333,9.87457284,2.5836944692
South Tyneside 008,E02001775,0.0,0.2,4430.132,340.6936,309.468,190.69920000000002,305.0072,12.666666666,10.903868000000001,2.7175028400000003
South Tyneside 009,E02001776,0.0,0.2,7265.978999999999,481.896,391.97700000000003,222.61499999999998,367.533,15.333333334,14.697653400000002,3.2106949420000004
South Tyneside 010,E02001777,0.2,0.4,5110.416,316.00640000000004,322.1784,175.90200000000002,248.73160000000001,11.0,9.008034,2.47104442
South Tyneside 011,E02001778,0.0,0.2,4789.1039,312.2687,314.0396,199.52139999999997,289.247,11.0,10.872617640000001,2.7134402932000006
South Tyneside 012,E02001779,0.0,0.2,4464.174,334.841,334.841,184.47,272.23300000000006,6.666666666,10.585000400000002,2.6760500520000003
South Tyneside 013,E02001780,0.2,0.4,4667.7554,348.7162,382.3274,249.08300000000003,353.51779999999997,6.333333333,10.8951305,2.716366965
South Tyneside 014,E02001781,0.0,0.2,4477.1777999999995,289.9165,267.1567,133.8493,250.3578,10.333333334,9.412911379999999,2.5236784794
South Tyneside 015,E02001782,0.0,0.2,7618.3101,516.8931,440.907,283.3062,521.5835999999999,18.666666667,17.602133159999998,3.5882773107999997
South Tyneside 016,E02001783,0.0,0.2,6150.6564,339.7794,272.6892,181.0714,269.8036,8.666666667,11.257879840000001,2.7635243792
South Tyneside 017,E02001784,0.0,0.2,5210.3514000000005,407.007,353.4012,269.3526,379.2114,12.0,13.364256840000003,3.0373533892000006
South Tyneside 018,E02001785,0.2,0.4,5826.533599999999,507.13,556.2826,401.0228,509.4706,15.0,15.580593999999998,3.32547722
South Tyneside 019,E02001786,0.0,0.2,5430.083,395.2254,337.2044,227.30580000000003,435.49879999999996,11.666666667,13.737325,3.0858522500000003
South Tyneside 020,E02001787,0.2,0.4,4178.53,340.9375,443.4915,248.2025,242.7475,8.666666667,9.536430999999999,2.53973603
South Tyneside 021,E02001788,0.2,0.4,4735.8423999999995,365.5141,303.9106,203.5849,258.14799999999997,9.666666666,9.2029762,2.496386906
South Tyneside 022,E02001789,0.8,1.0,4126.2026,371.76619999999997,465.426,321.776,461.4038,10.666666666,9.596566979999999,2.5475537073999996
South Tyneside 023,E02001790,0.6,0.8,4679.170099999999,350.9225,372.8933,250.223,449.1808,8.0,9.78927303,2.5726054939000003
Southampton 001,E02003549,0.6,0.8,7611.602999999999,302.8884,302.01300000000003,217.97459999999998,321.2718,8.0,8.7211725,2.4337524249999998
Southampton 002,E02003550,0.2,0.4,6292.8568,470.74080000000004,484.72319999999996,247.0224,273.43359999999996,8.000000001,11.507903599999999,2.796027468
Southampton 003,E02003551,0.2,0.4,6091.3692,249.0248,244.1556,182.24720000000002,188.5076,7.333333334,8.307203000000001,2.37993639
Southampton 004,E02003552,0.0,0.2,4861.5961,344.10900000000004,388.7828,219.1431,222.76530000000002,13.666666667,10.78860196,2.7025182548
Southampton 005,E02003553,0.2,0.4,7211.964199999999,208.71390000000002,167.28379999999999,96.1491,131.3256,6.333333334,7.1502099,2.2295272870000002
Southampton 006,E02003554,0.4,0.6,4903.797,289.1184,343.9512,254.22480000000002,440.5317,12.0,10.2369099,2.630798287
Southampton 007,E02003555,0.0,0.2,6971.2896,401.8724,327.6044,236.8324,315.22639999999996,13.999999999,13.27070136,3.0251911768
Southampton 008,E02003556,0.4,0.6,4890.2268,284.6514,258.17220000000003,235.9056,350.8494,6.333333332,8.69468604,2.4303091852
Southampton 009,E02003557,0.8,1.0,6165.1415,245.58239999999998,304.0544,217.8082,374.22079999999994,10.666666667,8.154285849999999,2.3600571605000003
Southampton 010,E02003558,0.0,0.2,6103.2807,215.7903,260.073,173.6163,276.2397,6.999999999,10.571475420000002,2.6742918046
Southampton 011,E02003559,0.6,0.8,6429.7618,405.1674,374.36519999999996,251.15640000000002,436.7594,11.333333332,10.29685954,2.6385917402
Southampton 012,E02003560,0.0,0.2,6458.5944,319.6296,198.0072,166.1184,273.6504,12.333333333,10.90997424,2.7182966512
Southampton 013,E02003561,0.2,0.4,7670.656000000001,228.57870000000003,226.0104,184.0615,249.9812,9.000000001,9.7133106,2.5627303780000004
Southampton 014,E02003562,0.4,0.6,7208.8584,332.0763,320.18609999999995,255.6393,376.2399,11.333333333,10.156269120000001,2.6203149856000003
Southampton 015,E02003563,0.2,0.4,6626.535999999999,293.0288,282.0304,246.67839999999998,406.1552,10.0,11.921087199999999,2.849741336
Southampton 016,E02003564,0.2,0.4,6262.8,339.235,365.33000000000004,260.1825,445.9175,13.0,12.782712500000002,2.9617526250000004
Southampton 017,E02003565,0.4,0.6,7115.8014,129.489,135.58259999999999,74.64659999999999,161.48039999999997,2.666666666,5.32169322,1.9918201186000002
Southampton 018,E02003566,0.2,0.4,4914.8407,340.835,328.441,238.5845,374.9185,10.666666667,10.96280285,2.7251643705
Southampton 019,E02003567,0.0,0.2,6878.118100000001,309.9598,270.6248,184.8745,222.6361,10.333333332,10.995548560000001,2.7294213128000004
Southampton 020,E02003568,0.4,0.6,8199.134399999999,255.9976,187.4912,146.02679999999998,225.35000000000002,12.333333333,7.302061119999999,2.2492679455999998
Southampton 021,E02003569,0.2,0.4,7190.259999999999,288.69500000000005,220.9075,122.0175,155.51250000000002,8.333333333,8.0651175,2.3484652749999997
Southampton 022,E02003570,0.0,0.2,11618.073999999999,177.5319,118.35459999999999,74.8774,88.1621,6.666666665,10.032363900000002,2.6042073070000002
Southampton 023,E02003571,0.4,0.6,10292.198400000001,147.312,112.3936,102.5728,256.432,8.666666667,7.524478720000001,2.2781822336000004
Southampton 024,E02003572,0.4,0.6,5072.0218,296.9321,294.4525,224.40380000000002,310.5699,11.333333334,8.36654234,2.3876505042000002
Southampton 025,E02003573,0.0,0.2,6222.558300000001,357.3017,355.7715,269.3152,444.5231,15.333333333,14.51838458,3.1873899954000002
Southampton 026,E02003574,0.4,0.6,5805.785000000001,394.105,474.56500000000005,343.445,431.355,12.333333334,11.665135500000002,2.8164676150000005
Southampton 027,E02003575,0.0,0.2,5724.1776,253.992,256.6656,207.204,241.29240000000001,12.333333334,10.33373136,2.6433850768
Southampton 028,E02003576,0.2,0.4,7020.8125,320.125,300.625,242.9375,242.93750000000003,11.0,10.289093750000001,2.6375821875000005
Southampton 029,E02003577,0.2,0.4,12891.9648,284.1696,221.0208,146.8896,182.58239999999998,5.999999999,11.4017904,2.782232752
Southampton 030,E02003578,0.2,0.4,5094.1659,301.4043,274.7916,233.32529999999997,283.4562,9.333333334,9.585213750000001,2.5460777875000002
Southampton 031,E02003579,0.2,0.4,7570.2016,362.232,329.1392,261.1648,421.2624,18.666666667,13.071656,2.9993152800000003
Southampton 032,E02003580,0.0,0.2,5233.6648000000005,262.171,252.4158,162.18019999999999,186.56820000000002,7.666666667,9.08721268,2.4813376484000003
Southend-on-Sea 001,E02003279,0.6,0.8,6843.799999999999,621.3,700.15,521.55,813.2,24.0,17.64929,3.5944077000000005
Southend-on-Sea 002,E02003280,0.2,0.4,8011.174900000001,600.3473,621.0133,450.5188,649.9457000000001,18.333333335,19.243662550000003,3.8016761315000007
Southend-on-Sea 003,E02003281,0.6,0.8,6815.8355,575.7956,812.4901,598.0159,860.7950999999999,24.666666666,18.90512785,3.7576666205
Southend-on-Sea 004,E02003282,0.4,0.6,8298.905999999999,616.308,585.4926,453.7302,671.5632,14.666666666,16.8453978,3.489901714
Southend-on-Sea 005,E02003283,0.4,0.6,8819.679,575.9655,588.126,416.77349999999996,653.3505,21.666666667,16.491185700000003,3.443854141
Southend-on-Sea 006,E02003284,0.2,0.4,9747.091199999999,510.7146,459.1851,309.177,424.8320999999999,16.333333334,15.504653999999999,3.3156050199999996
Southend-on-Sea 007,E02003285,0.2,0.4,10102.2321,385.6584,303.8181,195.07139999999998,224.22,13.333333334,11.47950345,2.7923354485000003
Southend-on-Sea 008,E02003286,0.8,1.0,7349.086,513.2096,571.7004000000001,404.7186,593.3986000000001,19.0,12.925523400000001,2.9803180420000004
Southend-on-Sea 009,E02003287,0.2,0.4,7604.5470000000005,558.4747,668.5537999999999,461.5243,803.8804,23.666666667,21.029147700000003,4.033789201
Southend-on-Sea 010,E02003288,0.0,0.2,10940.7259,423.7038,382.8201,244.0633,395.2091,20.000000001,17.04800734,3.5162409542000006
Southend-on-Sea 011,E02003289,0.8,1.0,8663.045399999999,461.9034,472.3774,336.2154,539.4110000000001,11.0,12.082073220000002,2.8706695186000006
Southend-on-Sea 012,E02003290,0.4,0.6,8405.748599999999,510.20279999999997,464.01160000000004,329.63719999999995,789.4496,26.666666667,16.84939498,3.4904213474
Southend-on-Sea 013,E02003291,0.2,0.4,9750.0,621.6,720.0,451.20000000000005,458.4,16.000000001,18.279,3.6762699999999997
Southend-on-Sea 014,E02003292,0.0,0.2,10794.012,499.88160000000005,384.71279999999996,252.3912,318.552,13.333333334,16.4887416,3.443536408
Southend-on-Sea 015,E02003293,0.0,0.2,9900.6726,429.6474,474.25559999999996,349.8222,588.1239,22.0,19.96616076,3.8956008988000006
Southend-on-Sea 016,E02003294,0.8,1.0,6528.4017,596.7069,698.175,585.5361,901.1111999999999,15.0,17.38818801,3.5604644412999997
Southend-on-Sea 017,E02003295,0.4,0.6,8247.5392,551.8528,613.4016,403.7184,616.5312,21.333333332,15.852258560000003,3.3607936128
Southwark 001,E02000807,0.4,0.6,8686.7816,277.41839999999996,203.8176,140.5964,127.386,3.333333334,6.348352080000001,2.1252857704
Southwark 002,E02000808,0.4,0.6,10497.76,246.39999999999998,161.28,108.64,184.8,6.999999999,7.156688000000001,2.23036944
Southwark 003,E02000809,0.6,0.8,13360.228,285.3368,192.5672,101.2032,113.8536,6.333333334,7.1074164,2.223964132
Southwark 004,E02000810,0.2,0.4,12459.852,328.6675,257.568,152.931,215.98150000000004,14.0,11.9084955,2.848104415
Southwark 006,E02000812,0.2,0.4,9757.098,265.43399999999997,217.46400000000003,158.834,263.302,14.999999999,10.816169000000002,2.7061019700000006
Southwark 007,E02000813,0.2,0.4,9900.992,260.496,225.12,149.00799999999998,182.24,10.666666666,9.862400000000001,2.5821120000000004
Southwark 008,E02000814,0.4,0.6,9141.8955,256.49,176.5835,152.9075,136.137,6.666666667,6.512971650000001,2.1466863145
Southwark 009,E02000815,0.0,0.2,6667.062,93.666,53.823,44.037,132.111,5.333333334,6.6312732,2.162065516
Southwark 010,E02000816,0.2,0.4,9602.9414,286.6862,227.0471,139.15789999999998,206.12109999999998,10.333333333,10.017276200000001,2.6022459060000003
Southwark 011,E02000817,0.0,0.2,6426.2664,246.5208,195.6168,133.0776,271.2456,11.333333333,10.25293824,2.6328819712000002
Southwark 012,E02000818,0.0,0.2,7501.3177,247.2506,219.0408,148.5163,182.534,8.333333333,10.06226972,2.6080950636
Southwark 013,E02000819,0.2,0.4,8126.8375,259.15,168.625,131.35,189.925,8.000000001,8.713918750000001,2.4328094375000004
Southwark 014,E02000820,0.2,0.4,9451.4764,283.15160000000003,218.0474,150.8764,231.4816,10.0,10.2812966,2.636568558
Southwark 015,E02000821,0.0,0.2,7504.7559,241.6884,206.925,120.8442,201.9588,10.333333334,10.01533554,2.6019936202
Southwark 016,E02000822,0.0,0.2,6659.279399999999,170.4741,133.78979999999999,88.4739,141.70210000000003,13.333333333,7.836629640000001,2.3187618532000003
Southwark 017,E02000823,0.2,0.4,8010.1476,276.45799999999997,236.327,172.1174,221.16639999999998,11.666666666,9.6385744,2.5530146719999998
Southwark 018,E02000824,0.0,0.2,8900.2004,320.8166,227.3271,159.42419999999998,234.21580000000003,13.0,12.007397740000002,2.8609617062000003
Southwark 019,E02000825,0.0,0.2,8784.8772,222.9084,185.757,164.7998,165.7524,9.666666667,10.456880720000001,2.6593944936000002
Southwark 020,E02000826,0.2,0.4,8376.3426,266.5158,205.6506,168.7626,206.5728,8.333333333,9.4705329,2.531169277
Southwark 021,E02000827,0.2,0.4,10034.783000000001,312.1444,270.3786,149.4776,226.4146,12.000000001,10.798657500000001,2.7038254750000004
Southwark 022,E02000828,0.0,0.2,7879.3848,255.06320000000002,172.34,138.7337,170.61659999999998,10.666666667,9.88318198,2.5848136574
Southwark 023,E02000829,0.0,0.2,10648.2992,339.416,238.76160000000002,198.96800000000002,276.2144,18.0,13.987216320000002,3.1183381216000003
Southwark 024,E02000830,0.4,0.6,8496.1738,277.6835,251.3271,132.7233,255.0923,11.333333334,7.96697494,2.3357067422
Southwark 025,E02000831,0.2,0.4,9095.2482,280.532,250.47500000000002,170.323,221.4199,8.666666666,10.240419900000001,2.631254587
Southwark 026,E02000832,0.2,0.4,9605.011199999999,353.0619,288.2799,204.0633,347.66339999999997,9.333333334,12.6152148,2.939977924
Southwark 027,E02000833,0.4,0.6,8173.8414,204.9894,168.606,105.60060000000001,222.73739999999998,6.333333334,6.84300762,2.1895909906
Southwark 028,E02000834,0.4,0.6,8989.5662,277.2772,260.32140000000004,184.51899999999998,264.311,6.666666667,8.57155586,2.4143022618
Southwark 029,E02000835,0.4,0.6,7147.776,258.98879999999997,164.5248,109.4208,190.5024,8.999999999,6.262963200000001,2.114185216
Southwark 030,E02000836,0.6,0.8,7756.820500000001,280.6375,209.8305,167.519,216.7385,9.333333333,6.94936165,2.2034170145000003
Southwark 031,E02000837,0.8,1.0,8284.780999999999,370.946,335.389,221.03,398.815,7.666666667,9.3902193,2.520728509
Southwark 032,E02000838,0.4,0.6,8684.3232,333.2672,255.7632,163.72719999999998,249.9504,5.666666666,8.276652160000001,2.3759647808000004
Southwark 033,E02000839,0.4,0.6,7373.736000000001,314.712,291.024,203.886,275.79600000000005,8.666666666,8.5385088,2.4100061440000005
Southwark 034,E02006802,0.0,0.2,7469.4096,195.42059999999998,140.735,90.8746,144.75600000000003,7.666666667,8.53561796,2.4096303348
Spelthorne 001,E02006403,0.2,0.4,5463.465,281.82,250.43550000000002,168.4515,240.1875,10.0,8.640345,2.42324485
Spelthorne 002,E02006404,0.2,0.4,6705.8268,250.49839999999998,222.836,202.0892,301.9812,10.333333334,10.034151399999999,2.6044396819999998
Spelthorne 003,E02006405,0.8,1.0,8980.0994,503.332,581.0202,357.8034,523.0275999999999,13.333333333,12.40505482,2.9126571266
Spelthorne 004,E02006406,0.6,0.8,7609.9242,290.8806,264.7536,202.9197,341.39279999999997,9.666666667,8.69367216,2.4301773808
Spelthorne 005,E02006407,0.6,0.8,7002.845,436.746,420.96000000000004,385.88,521.8149999999999,13.333333334,12.3275505,2.902581565
Spelthorne 006,E02006408,0.6,0.8,6974.336,361.4128,345.3312,296.24,487.52639999999997,12.666666667,11.040441600000001,2.7352574080000003
Spelthorne 007,E02006409,0.4,0.6,5614.26,315.546,334.67,221.975,344.915,9.333333333,9.124880000000001,2.4862344000000003
Spelthorne 008,E02006410,0.2,0.4,7090.945199999999,346.56870000000004,321.6357,212.76160000000002,339.9199,11.666666666,11.440091500000001,2.7872118950000004
Spelthorne 009,E02006411,0.8,1.0,5506.912499999999,386.175,387.59999999999997,343.425,500.175,11.666666667,10.41867375,2.6544275875
Spelthorne 010,E02006412,0.8,1.0,5745.862499999999,406.3625,414.475,345.15000000000003,462.4125,10.666666667,10.177721250000001,2.6231037625000004
Spelthorne 011,E02006413,0.6,0.8,4577.8571,349.5423,390.59389999999996,245.10219999999998,474.50820000000004,6.999999999,10.07991853,2.6103894089
Spelthorne 012,E02006414,0.6,0.8,4817.0826,325.2117,355.4496,253.01100000000002,420.8622000000001,7.0,9.41188578,2.5235451514000005
Spelthorne 013,E02006415,0.8,1.0,4633.8787,386.7534,448.60790000000003,394.5666,645.8912,12.0,12.13852241,2.8780079133000003
St Albans 001,E02004924,0.8,1.0,6602.507600000001,308.9766,349.07280000000003,242.14960000000002,359.2934,7.333333332,8.45982648,2.3997774424
St Albans 002,E02004925,0.8,1.0,6766.267499999999,305.0595,277.18199999999996,199.9215,415.77299999999997,6.666666666,8.76747375,2.4397715875
St Albans 003,E02004926,0.8,1.0,6508.448399999999,294.774,408.6456,284.27520000000004,580.6644,6.333333334,11.16805812,2.7518475556
St Albans 004,E02004927,0.8,1.0,5122.3832,326.4296,406.5592,259.436,452.53520000000003,12.333333333,9.27775976,2.5061087688
St Albans 005,E02004928,0.8,1.0,5191.886,379.8292,369.186,282.0448,429.71920000000006,6.333333333,9.1927314,2.495055082
St Albans 006,E02004929,0.6,0.8,4911.9805,310.9495,395.87,324.9965,442.4805,8.666666668,10.17124115,2.6222613495
St Albans 007,E02004930,0.8,1.0,5602.1888,309.94599999999997,322.8888,232.2892,345.3684,7.666666666,7.90682464,2.3278872032
St Albans 008,E02004931,0.8,1.0,5493.441,329.7416,310.1463,195.2773,429.7452,8.0,8.6313918,2.4220809340000002
St Albans 009,E02004932,0.6,0.8,6715.6824,286.4178,279.43199999999996,203.36440000000002,275.551,7.666666667,7.753151320000001,2.3079096716
St Albans 010,E02004933,0.8,1.0,5893.5449,328.8636,276.86379999999997,193.9452,334.4852,5.333333333,7.62858147,2.2917155911
St Albans 011,E02004934,0.8,1.0,7178.4442,253.6695,198.9091,115.9632,305.2087,9.000000001,6.99580216,2.2094542808
St Albans 012,E02004935,0.8,1.0,8034.8218,269.803,171.6124,137.113,233.5344,8.333333333,6.547720740000001,2.1512036962
St Albans 013,E02004936,0.8,1.0,5675.119999999999,214.1068,225.71500000000003,147.0372,186.3761,3.666666667,5.3675027,1.997775351
St Albans 014,E02004937,0.8,1.0,5453.668,386.423,463.7076,368.9246,616.8186,9.333333333,11.9659892,2.855578596
St Albans 015,E02004938,0.6,0.8,5432.2228,231.7512,261.51160000000004,160.1996,246.31480000000002,6.333333333,6.64967644,2.1644579372
St Albans 016,E02004939,0.6,0.8,5728.2035000000005,266.60429999999997,274.1822,202.5366,416.7845,8.666666668,8.945710949999999,2.4629424235
St Albans 017,E02004940,0.6,0.8,6580.5016000000005,286.6708,224.31799999999998,194.66240000000002,317.84720000000004,10.0,7.914395280000001,2.3288713864000004
St Albans 018,E02004941,0.6,0.8,8334.314999999999,481.86600000000004,405.1608,239.9496,373.692,11.0,10.3950297,2.651353861
St Albans 019,E02004942,0.6,0.8,4952.7599,353.35630000000003,379.6496,308.46529999999996,417.48629999999997,11.333333333,9.84581477,2.5799559201
St Albans 020,E02004943,0.8,1.0,5861.8124,426.4412,541.822,381.2244,584.6999999999999,13.333333334,12.03289212,2.8642759756
St Edmundsbury 001,E02006273,0.6,0.8,4756.471500000001,534.4350000000001,568.9364999999999,416.0475,489.78599999999994,14.333333333,12.239440949999999,2.8911273235
St Edmundsbury 002,E02006274,0.4,0.6,5526.1904,352.8388,373.63480000000004,276.5868,402.7492,6.666666667,10.350585120000002,2.6455760656000002
St Edmundsbury 003,E02006275,0.2,0.4,5889.4953,284.1329,368.58549999999997,269.1032,347.1145,9.333333334,11.32058475,2.7716760175
St Edmundsbury 004,E02006276,0.6,0.8,4556.1582,476.2926,532.4436000000001,414.85679999999996,625.5882,14.666666667,13.40496126,3.0426449638
St Edmundsbury 005,E02006277,0.8,1.0,6994.7724,303.56039999999996,326.91119999999995,199.68959999999998,227.8716,4.666666666,6.86441052,2.1923733676
St Edmundsbury 006,E02006278,0.4,0.6,6811.2165,442.6632,500.63100000000003,381.1822,646.4288,12.333333334,14.975454150000001,3.2468090395000004
St Edmundsbury 007,E02006279,0.6,0.8,6455.7905,546.9799,685.2864,476.4882,757.5627000000001,19.666666666,16.48747325,3.4433715225000006
St Edmundsbury 008,E02006280,0.6,0.8,7214.1181,614.5982,730.2058999999999,563.217,758.8608,18.666666667,17.47780923,3.5721151999
St Edmundsbury 009,E02006281,0.6,0.8,5874.7671,555.471,661.275,599.556,1125.9309,16.333333333,20.90149203,4.0171939639000005
St Edmundsbury 010,E02006282,0.6,0.8,4272.8388,505.30080000000004,571.3199999999999,432.29879999999997,565.6068,17.333333333,12.96090204,2.9849172652
St Edmundsbury 011,E02006283,0.6,0.8,5971.41,473.701,508.4185,380.3495,381.89250000000004,9.666666666,10.875064,2.71375832
St Edmundsbury 012,E02006284,0.4,0.6,6369.1177,365.3958,425.5042,304.49649999999997,444.4858,12.0,11.50435231,2.7955658003000003
St Edmundsbury 013,E02006285,0.4,0.6,6743.015399999999,299.48159999999996,279.2042,211.3529,265.9459,8.333333334,8.19815282,2.3657598666000004
St Edmundsbury 014,E02006286,0.4,0.6,9763.901000000002,529.5955,583.8525000000001,385.6965,533.134,10.666666668,15.035558300000002,3.2546225790000003
St. Helens 001,E02001406,0.6,0.8,5263.9686,510.9078,717.4286,577.1794,634.9744000000001,15.333333333,15.34133598,3.2943736774000003
St. Helens 002,E02001407,0.6,0.8,3905.5035,487.96799999999996,574.1835,420.5205,477.411,9.333333334,11.79844455,2.8337977915000003
St. Helens 003,E02001408,0.4,0.6,4083.7912,424.23199999999997,454.933,329.33799999999997,289.1476,4.666666667,9.33913256,2.5140872328
St. Helens 004,E02001409,0.2,0.4,8007.8372,621.2712,749.4212,384.45,490.0456,13.666666666,17.4371142,3.5668248460000003
St. Helens 005,E02001410,0.2,0.4,4663.6624,324.54240000000004,378.63280000000003,256.1864,320.976,9.333333334,10.4650064,2.660450832
St. Helens 006,E02001411,0.2,0.4,4548.2106,308.8838,376.21220000000005,276.9914,395.702,12.333333333,11.3929693,2.781086009
St. Helens 007,E02001412,0.2,0.4,7205.0191,501.032,462.5599,314.0397,463.45459999999997,12.666666667,14.71557825,3.2130251725
St. Helens 008,E02001413,0.2,0.4,7093.449600000001,661.3807999999999,763.4920000000001,438.42240000000004,412.19199999999995,15.666666666,16.600096,3.45801248
St. Helens 009,E02001414,0.8,1.0,3876.3229999999994,348.5745,396.033,303.8435,529.135,12.333333333,9.991814399999999,2.598935872
St. Helens 010,E02001415,0.0,0.2,5869.5875,307.3405,275.169,195.0825,197.82049999999998,9.000000001,10.173723500000001,2.6225840550000004
St. Helens 011,E02001416,0.0,0.2,5292.1706,304.7159,284.6935,148.91660000000002,226.50339999999997,11.0,9.88280636,2.5847648268
St. Helens 012,E02001417,0.0,0.2,6255.3197,354.35269999999997,265.9487,196.6989,292.4699,11.666666667,11.74122992,2.8263598896
St. Helens 013,E02001418,0.0,0.2,4855.532,242.7766,220.91519999999997,169.13819999999998,264.638,10.666666666,9.591401600000001,2.5468822080000004
St. Helens 014,E02001419,0.0,0.2,6144.180699999999,328.28740000000005,271.8856,225.60719999999998,261.0391,18.333333333,11.39909302,2.7818820926
St. Helens 015,E02001420,0.2,0.4,9739.7775,514.015,466.7625,344.59749999999997,462.1525,17.333333333,16.23699625,3.4108095125
St. Helens 016,E02001421,0.2,0.4,8740.6536,551.4408000000001,481.71840000000003,347.55559999999997,442.6316,14.0,15.695991200000002,3.3404788560000007
St. Helens 017,E02001422,0.0,0.2,5964.028,291.3304,232.23979999999997,138.7942,243.92050000000003,11.0,10.0948732,2.612333516
St. Helens 018,E02001423,0.4,0.6,4958.122600000001,413.28569999999996,398.269,320.5739,439.4017,14.333333333,11.10334798,2.7434352374
St. Helens 019,E02001424,0.0,0.2,12073.651199999998,628.836,662.0848,462.592,628.836,25.333333335,24.48297072,4.4827861936
St. Helens 020,E02001425,0.0,0.2,7935.0672,715.8688,623.5648,446.13599999999997,536.3888,18.666666666,21.01782592,4.0323173696
St. Helens 021,E02001426,0.2,0.4,4034.2898999999998,273.6216,348.54179999999997,312.7104,460.3792,9.666666667,11.94570015,2.8529410195000002
St. Helens 022,E02001427,0.0,0.2,8527.8744,520.1576,623.3552,362.7552,387.7728,17.333333333,18.02684864,3.6434903232
St. Helens 023,E02001428,0.6,0.8,3785.7654,354.1914,392.8104,415.98179999999996,567.6993,10.333333333,11.73995532,2.8261941916
Stafford 001,E02006188,0.6,0.8,4302.564,419.40959999999995,441.1032,365.17560000000003,497.74760000000003,9.666666667,11.1951028,2.755363364
Stafford 002,E02006189,0.6,0.8,5185.1514,552.6609,579.8892,419.463,623.3072999999999,12.333333334,13.934119319999999,3.1114355116
Stafford 003,E02006190,0.4,0.6,8231.301,548.613,568.62,435.942,745.524,21.666666667,17.403036300000004,3.5623947190000003
Stafford 004,E02006191,0.8,1.0,5929.311000000001,608.5662,612.5752,449.8098,416.936,14.0,11.056421099999998,2.737334743
Stafford 005,E02006192,0.6,0.8,6603.057,609.4455,581.3847,470.01840000000004,505.0944,13.666666666,13.431477300000001,3.0460920490000003
Stafford 006,E02006193,0.8,1.0,5147.103999999999,382.937,388.321,393.70500000000004,418.60600000000005,12.333333333,9.6598382,2.555778966
Stafford 007,E02006194,0.4,0.6,6815.6452,329.85679999999996,377.5772,316.4616,530.7848,11.666666666,12.48290316,2.9227774108
Stafford 008,E02006195,0.8,1.0,6203.652,668.61,756.884,523.5260000000001,587.328,15.666666667,13.790321600000002,3.0927418080000004
Stafford 009,E02006196,0.4,0.6,6630.2612,305.04069999999996,257.11659999999995,182.568,231.25279999999998,10.0,7.49806776,2.2747488088
Stafford 010,E02006197,0.2,0.4,8401.6746,281.6902,298.034,246.1184,387.4442,13.0,12.6102031,2.939326403
Stafford 011,E02006198,0.8,1.0,7365.136,463.3936,453.37919999999997,337.7584,483.4223999999999,13.0,11.0495248,2.7364382240000005
Stafford 012,E02006199,0.8,1.0,5951.939,495.327,545.0200000000001,430.40549999999996,592.3085,15.333333332,12.5336967,2.9293805710000003
Stafford 013,E02006200,0.2,0.4,6602.276800000001,360.542,341.5244,280.50960000000003,339.14720000000005,13.0,11.782195600000001,2.831685428
Stafford 014,E02006201,0.8,1.0,8803.194000000001,733.4988,911.1335999999999,705.7056,932.8847999999999,16.666666665,19.7204838,3.863662894
Stafford 015,E02006202,0.6,0.8,6596.255899999999,655.3594,736.1447000000001,515.5736,575.4818000000001,10.666666667,15.142342170000003,3.2685044821000004
Stafford 016,E02006203,0.2,0.4,6422.1498,431.9406,420.86519999999996,296.66249999999997,338.5908,7.0,12.3300846,2.9029109980000003
Staffordshire Moorlands 001,E02006204,0.2,0.4,5952.883,483.10350000000005,515.4645,316.6755,436.103,11.666666667,13.9375745,3.111884685
Staffordshire Moorlands 002,E02006205,0.8,1.0,5138.9142,606.9408000000001,679.0894000000001,491.65180000000004,520.6600000000001,11.333333333,12.299253660000002,2.8989029758000004
Staffordshire Moorlands 003,E02006206,0.2,0.4,7220.7234,366.9534,311.6124,201.7818,412.07759999999996,14.333333334,12.3150753,2.900959789
Staffordshire Moorlands 004,E02006207,0.6,0.8,4222.4493,478.0485,624.9000000000001,449.30310000000003,474.29909999999995,13.0,12.186237389999999,2.8842108606999997
Staffordshire Moorlands 005,E02006208,0.2,0.4,6635.516,445.392,459.4136,286.2056,422.2976,11.666666667,13.5625988,3.063137844
Staffordshire Moorlands 006,E02006209,0.8,1.0,8094.267000000001,682.3719,821.475,581.6043,773.2818,18.0,16.8500952,3.490512376
Staffordshire Moorlands 007,E02006210,0.4,0.6,3981.4770999999996,428.2163,400.73130000000003,332.0188,354.0068,10.333333333,9.89399533,2.5862193929
Staffordshire Moorlands 008,E02006211,0.8,1.0,4571.970700000001,425.95189999999997,481.3974,448.13009999999997,597.5068,10.999999999,11.99951511,2.8599369643
Staffordshire Moorlands 009,E02006212,0.8,1.0,5580.941599999999,548.38,627.5034,435.57039999999995,640.8212000000001,18.000000001,13.25293448,3.0228814824
Staffordshire Moorlands 010,E02006213,0.4,0.6,4995.792600000001,396.33549999999997,456.6047,351.1336,350.4785,10.333333334,10.43037118,2.6559482534
Staffordshire Moorlands 011,E02006214,0.4,0.6,4658.7724,388.48920000000004,434.33959999999996,350.074,364.94440000000003,13.333333334,10.39174532,2.6509268916
Staffordshire Moorlands 012,E02006215,0.6,0.8,5825.988,537.2325000000001,623.9856,437.745,534.8448,9.333333334,13.3902216,3.040728808
Staffordshire Moorlands 013,E02006216,0.8,1.0,6476.787,574.434,723.717,470.547,483.64200000000005,16.333333334,12.212135100000001,2.8875775630000002
Stevenage 001,E02004944,0.4,0.6,6779.9232,250.602,258.196,141.24839999999998,164.03040000000001,9.999999999,6.383820160000001,2.1298966208000003
Stevenage 002,E02004945,0.4,0.6,10317.3939,519.7401,519.7401,364.9239,566.4307,12.000000001,15.20037057,3.2760481741000005
Stevenage 003,E02004946,0.2,0.4,5267.454299999999,281.8368,278.6913,165.4533,297.56429999999995,6.666666667,9.32294745,2.5119831685
Stevenage 004,E02004947,0.8,1.0,5086.7586,332.77860000000004,293.265,194.481,267.3342,5.333333334,6.69119598,2.1698554774
Stevenage 005,E02004948,0.4,0.6,4904.884000000001,342.8855,306.8555,166.939,282.8355,4.0,7.780318200000001,2.3114413660000004
Stevenage 006,E02004949,0.2,0.4,7207.0776,328.3146,355.6008,333.59580000000005,577.4112,11.333333334,15.274990800000001,3.2857488040000002
Stevenage 007,E02004950,0.4,0.6,5933.466,243.243,235.62,208.593,309.771,8.666666667,8.177815800000001,2.3631160540000002
Stevenage 008,E02004951,0.2,0.4,6669.9794,248.7996,229.6021,178.9207,350.93030000000005,6.999999999,10.463405400000001,2.660242702
Stevenage 009,E02004952,0.4,0.6,5656.683800000001,316.5704,219.98960000000002,185.1132,327.9723,7.333333334,8.256451140000001,2.3733386482000003
Stevenage 010,E02004953,0.2,0.4,5548.386099999999,226.66129999999998,206.7562,179.788,258.7663,6.0,8.64491335,2.4238387355
Stevenage 011,E02004954,0.4,0.6,5820.7956,262.8924,262.8924,185.814,350.29380000000003,13.333333333,8.642002680000001,2.4234603484
Stevenage 012,E02004955,0.4,0.6,4921.9896,332.001,263.20799999999997,145.3626,318.8406,7.333333333,7.8916936799999995,2.3259201784
Stockport 001,E02001187,0.2,0.4,5816.9506,351.35,352.7554,243.1342,262.8098,7.000000001,10.2292039,2.629796507
Stockport 002,E02001188,0.0,0.2,7450.993199999999,277.7504,325.1712,197.30440000000002,215.934,10.333333334,11.457542720000001,2.7894805536000002
Stockport 003,E02001189,0.4,0.6,6853.9137,418.2162,418.2162,285.75329999999997,354.0675,7.666666667,10.52880111,2.6687441443
Stockport 004,E02001190,0.0,0.2,6426.8036999999995,261.6622,203.19019999999998,134.4856,283.5892,10.333333334,10.52481382,2.6682257966
Stockport 005,E02001191,0.2,0.4,4239.783200000001,394.7168,423.2368,286.3408,359.352,12.666666667,11.313598800000001,2.7707678440000003
Stockport 006,E02001192,0.6,0.8,5622.8946000000005,290.29380000000003,275.8479,226.3191,462.9567,10.0,9.59496678,2.5473456814000004
Stockport 007,E02001193,0.0,0.2,5401.9266,256.63259999999997,249.6795,172.5633,240.19800000000004,10.666666666,9.863035560000002,2.5821946228000003
Stockport 008,E02001194,0.6,0.8,5108.67,335.79,325.08,223.64999999999998,306.18,9.666666666,7.990731,2.33879503
Stockport 009,E02001195,0.2,0.4,5818.176,398.944,377.104,299.936,386.568,11.0,12.352704,2.9058515199999997
Stockport 010,E02001196,0.4,0.6,5729.570500000001,446.62059999999997,520.7998,402.5767,627.4323999999999,14.333333333,14.63996055,3.2031948715
Stockport 011,E02001197,0.4,0.6,5300.5756,348.7472,283.198,169.2824,261.56039999999996,8.333333334,7.57487828,2.2847341764
Stockport 012,E02001198,0.2,0.4,5731.9017,358.1025,471.94140000000004,416.1528,560.1477,17.0,15.462865950000001,3.3101725735
Stockport 013,E02001199,0.6,0.8,6505.599999999999,432.8,427.20000000000005,236.0,398.4,9.000000001,10.08848,2.6115024
Stockport 014,E02001200,0.0,0.2,6269.9824,292.96959999999996,288.64,156.5872,208.54240000000001,15.000000001,10.26865664,2.6349253632
Stockport 015,E02001201,0.4,0.6,4813.8488,258.26480000000004,257.1144,153.0032,269.1936,9.333333334,7.13748424,2.2278729512
Stockport 016,E02001202,0.0,0.2,5540.911999999999,218.1264,196.1884,141.6568,171.1164,10.333333334,8.4411156,2.397345028
Stockport 017,E02001203,0.8,1.0,4286.88,407.2536,473.343,353.6676,432.2604,8.666666666,9.5704596,2.544159748
Stockport 018,E02001204,0.2,0.4,7907.04,442.05440000000004,348.64959999999996,197.9072,354.1984,13.333333334,12.310012799999999,2.9003016639999997
Stockport 019,E02001205,0.2,0.4,6891.87,346.68,320.1975,203.83499999999998,263.21999999999997,11.666666667,10.35225,2.6457924999999998
Stockport 020,E02001206,0.4,0.6,5448.2899,429.34299999999996,448.9909,333.2866,617.8173,16.666666667,13.702663770000001,3.0813462901
Stockport 021,E02001207,0.6,0.8,5375.4352,451.70559999999995,443.392,270.192,386.5824,7.999999999,9.89297616,2.5860869008
Stockport 022,E02001208,0.4,0.6,6305.112000000001,352.21139999999997,300.1716,236.81879999999998,348.4404,11.666666665,9.398840400000001,2.521849252
Stockport 023,E02001209,0.2,0.4,6813.456,343.36899999999997,297.375,199.836,275.17099999999994,8.999999999,10.327239,2.64254107
Stockport 024,E02001210,0.0,0.2,5938.550000000001,338.71999999999997,319.01000000000005,281.78000000000003,422.67,14.333333333,13.89628,3.1065164000000003
Stockport 025,E02001211,0.6,0.8,5002.8748,332.4316,306.5688,216.9952,449.1296,13.333333333,9.41740244,2.5242623172
Stockport 026,E02001212,0.0,0.2,6233.5,232.4,198.8,135.8,199.50000000000003,9.666666667,9.2407,2.501291
Stockport 027,E02001213,0.6,0.8,8257.836,490.032,461.148,316.728,435.252,14.666666666,11.6734188,2.817544444
Stockport 028,E02001214,0.4,0.6,5771.0928,428.15840000000003,428.15840000000003,344.4866,566.8575999999999,18.999999999,13.16948904,3.0120335752000003
Stockport 029,E02001215,0.6,0.8,4260.414000000001,383.8532,490.21500000000003,326.2158,481.302,11.0,10.9320916,2.721171908
Stockport 030,E02001216,0.8,1.0,5702.9336,457.3072,463.2656,351.5456,472.948,12.666666667,10.51218168,2.6665836184
Stockport 031,E02001217,0.2,0.4,5526.9875999999995,294.65250000000003,362.5959,274.5468,473.52389999999997,13.333333333,12.7019493,2.9512534090000004
Stockport 032,E02001218,0.8,1.0,4589.0542,383.1262,380.709,269.5178,419.98850000000004,6.0,8.87184916,2.4533403908
Stockport 033,E02001219,0.8,1.0,3959.7996,341.6234,391.4322,304.8082,416.878,10.333333334,8.763750080000001,2.4392875104000002
Stockport 034,E02001220,0.6,0.8,4509.1416,327.865,332.9968,244.04559999999998,289.0914,7.0,7.74069308,2.3062901004
Stockport 035,E02001221,0.8,1.0,4382.4159,337.4739,417.54240000000004,333.3222,461.43180000000007,10.333333334,9.56711817,2.5437253621
Stockport 036,E02001222,0.6,0.8,4864.408399999999,399.36510000000004,399.36510000000004,306.7587,458.5303,12.666666666,10.43313992,2.6563081896
Stockport 037,E02001223,0.8,1.0,5026.725,407.7,421.2,328.725,565.65,14.333333334,11.031592499999999,2.734107025
Stockport 038,E02001224,0.8,1.0,3823.1580000000004,399.25199999999995,508.668,456.288,631.47,10.666666667,12.190397399999998,2.884751662
Stockport 039,E02001225,0.8,1.0,5688.9436,377.8334,465.822,316.4632,542.7195999999999,13.000000001,10.946225479999999,2.7230093124
Stockport 040,E02001226,0.6,0.8,5775.584,371.69599999999997,360.2592,258.0428,380.9884,9.000000001,9.3981904,2.521764752
Stockport 041,E02001227,0.8,1.0,4202.9832,315.69230000000005,429.90380000000005,352.59139999999996,556.415,10.333333333,10.63560916,2.6826291908
Stockport 042,E02001228,0.8,1.0,4014.4181,335.1271,325.8332,294.67130000000003,496.95029999999997,11.666666667,9.46605583,2.5305872579
Stockton-on-Tees 001,E02002535,0.6,0.8,7357.9944000000005,615.5904,553.656,364.0992,494.53679999999997,16.666666666,12.91360392,2.9787685096
Stockton-on-Tees 002,E02002536,0.2,0.4,7778.6939999999995,517.2684,490.71659999999997,401.22720000000004,646.0938000000001,17.666666667,17.9657346,3.635545498
Stockton-on-Tees 003,E02002537,0.0,0.2,7402.6704,376.8664,294.6728,239.5856,430.2047999999999,16.0,14.63885504,3.2030511552
Stockton-on-Tees 004,E02002538,0.2,0.4,4625.064600000001,321.789,347.88,215.6856,287.5808,14.999999999,9.6301881,2.551924453
Stockton-on-Tees 005,E02002539,0.8,1.0,7100.139,614.2402999999999,605.9522,422.6931,467.81719999999996,12.333333333,11.829881399999998,2.837884582
Stockton-on-Tees 006,E02002540,0.6,0.8,4184.4544000000005,454.36039999999997,538.1218,353.1236,495.3372,12.333333334,11.53087152,2.7990132976
Stockton-on-Tees 007,E02002541,0.2,0.4,4888.134900000001,362.2905,357.9554,226.0445,358.5747,13.666666667,10.84796845,2.7102358985
Stockton-on-Tees 008,E02002542,0.0,0.2,7028.062199999999,398.3652,372.52979999999997,225.85139999999998,309.1914,20.666666666,13.36256892,3.0371339596
Stockton-on-Tees 009,E02002543,0.0,0.2,7833.7156,361.93289999999996,324.7418,177.7916,371.00390000000004,12.666666667,13.830190860000002,3.0979248118000005
Stockton-on-Tees 010,E02002544,0.0,0.2,7400.7384,383.1256,334.58480000000003,199.364,349.32039999999995,20.666666666,13.616387840000002,3.0701304192000003
Stockton-on-Tees 011,E02002545,0.6,0.8,3765.2607,390.6804,407.91630000000004,273.1629,387.5466,11.333333333,9.17143131,2.4922860703
Stockton-on-Tees 012,E02002546,0.0,0.2,6489.073,322.745,302.2412,183.7748,296.166,11.333333333,11.8587904,2.8416427520000003
Stockton-on-Tees 013,E02002547,0.4,0.6,4329.905,427.11,512.532,372.638,547.8149999999999,8.333333333,13.0129275,2.991680575
Stockton-on-Tees 014,E02002548,0.0,0.2,12329.7993,504.29470000000003,384.748,230.84879999999998,292.6833,21.999999999,16.97123428,3.5062604564000006
Stockton-on-Tees 015,E02002549,0.6,0.8,5190.5088,523.9559999999999,571.5208,480.8504,663.6776,20.0,14.595853439999999,3.1974609471999997
Stockton-on-Tees 016,E02002550,0.2,0.4,4878.993600000001,339.208,334.2288,257.0512,413.896,12.666666667,11.5601464,2.8028190320000004
Stockton-on-Tees 017,E02002551,0.0,0.2,6339.2945,275.62149999999997,176.8273,135.3051,231.23569999999998,9.333333334,9.7877848,2.572412024
Stockton-on-Tees 018,E02002552,0.2,0.4,6120.0216,397.33759999999995,341.8272,166.5312,278.28239999999994,14.000000001,10.124439599999999,2.6161771480000002
Stockton-on-Tees 019,E02002553,0.2,0.4,4798.86,336.38,353.925,206.91,354.53,12.666666667,10.527000000000001,2.6685100000000004
Stockton-on-Tees 020,E02002554,0.0,0.2,4093.4408,325.212,329.4424,230.028,310.4056,10.0,11.064399680000001,2.7383719584
Stockton-on-Tees 021,E02002555,0.8,1.0,7727.317499999999,606.1818000000001,602.1805999999999,440.13199999999995,629.1886999999999,16.666666667,13.856655749999998,3.1013652474999995
Stockton-on-Tees 022,E02002556,0.8,1.0,5671.245800000001,489.15459999999996,393.008,238.61200000000002,227.3832,8.0,7.15997414,2.2307966382
Stockton-on-Tees 023,E02002557,0.8,1.0,15129.282299999999,452.0604,350.51059999999995,199.8238,248.96079999999998,7.333333334,9.88161449,2.5846098837
Stockton-on-Tees 024,E02002558,0.8,1.0,7827.505499999999,693.249,697.3878,484.2396,644.6181,17.666666668,14.64152235,3.2033979055
Stoke-on-Trent 001,E02002951,0.2,0.4,5860.2390000000005,521.1675,535.0653,329.68670000000003,474.8415,11.666666666,14.639788099999999,3.2031724529999996
Stoke-on-Trent 002,E02002952,0.0,0.2,6261.2103,298.22369999999995,304.91700000000003,226.0848,346.5642,13.333333333,12.513793680000003,2.9267931784000005
Stoke-on-Trent 003,E02002953,0.0,0.2,5700.2428,421.2838,523.1002000000001,354.8818,378.4914,12.0,15.168135079999999,3.2718575604
Stoke-on-Trent 004,E02002954,0.0,0.2,6618.339,451.269,410.319,322.686,386.56800000000004,14.666666667,15.1765614,3.2729529820000005
Stoke-on-Trent 005,E02002955,0.0,0.2,6815.8092,258.65279999999996,217.0836,176.2842,230.17019999999997,8.000000001,10.464199319999999,2.6603459116
Stoke-on-Trent 006,E02002956,0.0,0.2,7756.740699999999,421.7722,379.4108,282.7163,367.43910000000005,16.0,15.048242720000001,3.2562715536000004
Stoke-on-Trent 007,E02002957,0.6,0.8,7223.294,536.2604,617.3674,490.4588,672.711,17.999999999,15.5610936,3.322942168
Stoke-on-Trent 008,E02002958,0.2,0.4,6854.0241,389.3292,393.4887,284.5098,397.6482,14.666666667,12.93230145,2.9811991885
Stoke-on-Trent 009,E02002959,0.0,0.2,8205.3972,348.2622,335.049,228.3996,319.9482,14.0,13.77796992,3.0911360896
Stoke-on-Trent 010,E02002960,0.2,0.4,4576.467,388.93649999999997,306.2085,235.54500000000002,237.26850000000002,9.666666667,9.175913999999999,2.49286882
Stoke-on-Trent 011,E02002961,0.0,0.2,6093.877,242.09500000000003,216.5021,172.925,190.21750000000003,5.333333334,9.442396700000002,2.5275115710000002
Stoke-on-Trent 012,E02002962,0.0,0.2,5918.187,352.3245,343.6785,242.088,348.00149999999996,12.0,12.9015612,2.977202956
Stoke-on-Trent 013,E02002963,0.0,0.2,6316.9601999999995,303.033,238.7754,202.9956,240.23579999999998,7.333333334,10.803016920000001,2.7043921996
Stoke-on-Trent 014,E02002964,0.2,0.4,6370.9085000000005,556.9305,638.203,430.31649999999996,561.208,13.999999999,17.15576925,3.5302500025
Stoke-on-Trent 015,E02002965,0.0,0.2,7615.237500000001,240.22050000000002,139.50949999999997,113.919,146.939,7.333333333,9.0284935,2.473704155
Stoke-on-Trent 016,E02002966,0.0,0.2,9097.359699999999,290.4161,266.2985,172.8428,222.08290000000002,6.999999999,12.11688322,2.8751948186
Stoke-on-Trent 017,E02002967,0.0,0.2,8932.859,380.2735,343.5715,183.51,353.7665,16.0,14.508708400000002,3.1861320920000002
Stoke-on-Trent 018,E02002968,0.2,0.4,7728.629999999999,376.74,371.28000000000003,237.51000000000002,384.02000000000004,15.666666668,12.750465,2.95756045
Stoke-on-Trent 019,E02002969,0.0,0.2,8145.2274,335.4137,350.3625,220.4948,289.633,10.0,13.335077039999998,3.0335600152
Stoke-on-Trent 020,E02002970,0.0,0.2,6879.9,352.8984,369.8958,265.4832,224.2038,11.666666667,12.290739,2.89779607
Stoke-on-Trent 021,E02002971,0.0,0.2,4096.2204,339.728,286.2708,147.382,126.8984,5.333333333,8.14218104,2.3584835352000004
Stoke-on-Trent 022,E02002972,0.0,0.2,5224.6949,295.28409999999997,357.8818,232.05410000000003,213.71739999999997,8.333333333,10.58963394,2.6766524122
Stoke-on-Trent 023,E02002973,0.2,0.4,7176.921400000001,344.1848,307.42719999999997,236.41819999999998,289.0484,8.666666668,10.974232100000002,2.7266501730000003
Stoke-on-Trent 024,E02002974,0.2,0.4,4336.0884,384.93,443.5578,291.95459999999997,466.06139999999994,12.000000001,12.733484399999998,2.955352972
Stoke-on-Trent 025,E02002975,0.6,0.8,5660.8125,454.575,423.9375,317.0625,269.325,9.333333333,8.85103125,2.4506340625
Stoke-on-Trent 026,E02002976,0.2,0.4,4844.1456,292.2264,348.4008,219.9168,270.1152,9.0,9.4731552,2.5315101760000003
Stoke-on-Trent 027,E02002977,0.0,0.2,4015.4289,419.53099999999995,437.9214,368.95739999999995,504.5865999999999,10.0,15.33426034,3.2934538442
Stoke-on-Trent 028,E02002978,0.0,0.2,5808.831,304.647,278.6322,186.8958,266.30940000000004,8.999999999,10.905678000000002,2.7177381400000002
Stoke-on-Trent 029,E02002979,0.0,0.2,5126.2894,243.1418,203.71339999999998,170.8564,229.40159999999997,6.666666668,9.25886364,2.5036522732
Stoke-on-Trent 030,E02002980,0.6,0.8,4250.8518,391.5417,472.9872,392.74830000000003,525.4743000000001,13.666666666,11.694246540000002,2.8202520502000006
Stoke-on-Trent 031,E02002981,0.0,0.2,7332.6392000000005,339.16,323.04990000000004,229.7809,254.37,10.333333333,12.371539320000002,2.9083001116
Stoke-on-Trent 032,E02002982,0.0,0.2,6769.857599999999,347.2524,297.9801,165.0231,241.6689,8.0,11.343265559999999,2.7746245228
Stoke-on-Trent 033,E02002983,0.6,0.8,3861.0458999999996,353.7702,372.3354,309.9357,259.39709999999997,8.333333333,7.75824237,2.3085715081
Stoke-on-Trent 034,E02002984,0.8,1.0,3891.7524,428.88480000000004,428.88480000000004,289.3356,349.6812,9.0,8.17623612,2.3629106956
Stratford-on-Avon 001,E02006504,0.6,0.8,4089.5903,430.1507,406.6044,391.6726,424.98199999999997,9.666666666,10.346761090000001,2.6450789417000005
Stratford-on-Avon 002,E02006505,0.6,0.8,4478.28,474.36,585.58,505.84999999999997,655.93,13.666666667,14.379003999999998,3.16927052
Stratford-on-Avon 003,E02006506,0.6,0.8,4393.6641,326.9322,372.0465,315.80010000000004,449.97120000000007,8.0,9.988833330000002,2.5985483329
Stratford-on-Avon 004,E02006507,0.8,1.0,7538.4155,482.854,508.5175,427.72499999999997,547.4879999999999,11.666666666,12.405260649999999,2.9126838845
Stratford-on-Avon 005,E02006508,0.6,0.8,7697.088000000001,600.768,641.0880000000001,546.336,595.7280000000001,13.333333334,15.359702400000002,3.296761312
Stratford-on-Avon 006,E02006509,0.6,0.8,4320.7398,400.16940000000005,428.01779999999997,349.3158,556.3626,13.999999999,11.675199540000001,2.8177759402
Stratford-on-Avon 007,E02006510,0.6,0.8,4877.048,476.65200000000004,536.0608,464.21759999999995,554.7124000000001,13.0,12.983586,2.98786618
Stratford-on-Avon 008,E02006511,0.6,0.8,7285.2732,600.408,679.8168,453.2112,664.3223999999999,12.666666667,15.67926756,3.3383047828
Stratford-on-Avon 009,E02006512,0.6,0.8,9663.224999999999,608.9655,664.8785,474.045,742.6705000000001,13.666666667,17.316012999999998,3.55108169
Stratford-on-Avon 010,E02006513,0.8,1.0,6151.3044,436.6869,517.7976000000001,421.1202,664.4522999999999,9.0,13.168936619999998,3.0119617606
Stratford-on-Avon 011,E02006514,0.8,1.0,6520.995,603.642,651.6379999999999,534.417,919.308,15.0,17.2513315,3.5426730949999996
Stratford-on-Avon 012,E02006515,0.6,0.8,7708.269599999999,645.6655999999999,718.9903999999999,487.8136,623.2608,12.333333333,15.77471048,3.3507123624000004
Stratford-on-Avon 013,E02006516,0.6,0.8,7142.0756,601.8394,656.7212,385.1028,515.3308000000001,10.000000001,13.56733908,3.0637540804
Stratford-on-Avon 014,E02006517,0.8,1.0,6613.9934,490.3346,536.2238,366.2638,490.3346,15.666666667,11.262314420000001,2.7641008746000004
Stratford-on-Avon 015,E02006518,0.6,0.8,6630.9635,681.023,717.066,607.04,850.8045,16.999999999,18.61364855,3.7197743115
Stroud 001,E02004651,0.6,0.8,8204.396200000001,452.77049999999997,462.5075,289.1889,328.1368999999999,9.333333334,10.272340259999998,2.6354042338
Stroud 002,E02004652,0.8,1.0,4535.7648,525.8088,553.6926,472.0329,552.3648,11.0,11.955909539999999,2.8542682401999997
Stroud 003,E02004653,0.6,0.8,5198.4574999999995,442.40749999999997,449.1825,290.6475,393.6275,7.666666668,10.02422225,2.6031488925
Stroud 004,E02004654,0.6,0.8,9277.549500000001,689.412,723.6465000000001,461.57550000000003,655.1775,15.0,16.57150485,3.4542956305
Stroud 005,E02004655,0.4,0.6,6421.8267000000005,488.69640000000004,443.3868,297.7488,439.3413,9.333333334,11.73607641,2.8256899333000005
Stroud 006,E02004656,0.4,0.6,9495.2826,634.4105999999999,561.3432,344.4606,564.8226,12.333333334,15.20741358,3.2769637654
Stroud 007,E02004657,0.8,1.0,5354.1539999999995,397.2878,412.3314,315.9156,358.31120000000004,4.666666666,8.7464858,2.4370431540000004
Stroud 008,E02004658,0.8,1.0,4910.814,369.039,416.514,282.95099999999996,351.315,6.0,8.3235702,2.3820641260000004
Stroud 009,E02004659,0.8,1.0,4989.245000000001,465.3495,489.52350000000007,360.59549999999996,410.2865,14.333333334,9.7226485,2.563944305
Stroud 010,E02004660,0.8,1.0,4488.3258,491.2662,578.9445,428.35200000000003,706.7808,13.999999999,13.40326794,3.0424248322
Stroud 011,E02004661,0.6,0.8,6374.151000000001,538.4323,629.7354,436.88960000000003,553.7917,14.000000001,13.7842082,3.0919470660000004
Stroud 012,E02004662,0.6,0.8,4970.264999999999,440.72900000000004,381.5362,286.313,354.51340000000005,9.333333334,9.2298947,2.499886311
Stroud 013,E02004663,0.8,1.0,4953.764999999999,463.085,452.60499999999996,292.78499999999997,388.41499999999996,9.666666667,9.0539995,2.477019935
Stroud 014,E02004664,0.4,0.6,6128.516799999999,329.42560000000003,349.6864,268.6432,428.47839999999997,7.666666667,10.64975184,2.6844677392
Stroud 015,E02004665,0.8,1.0,6612.591800000001,566.9942000000001,597.7136999999999,462.54789999999997,536.2747,13.333333333,12.524954540000001,2.9282440902
Suffolk Coastal 001,E02006287,0.4,0.6,3890.5247999999997,637.3471999999999,639.1928,414.0296,571.5208,11.333333333,14.341050240000001,3.1643365312
Suffolk Coastal 002,E02006288,0.6,0.8,6551.7843,672.4029999999999,754.3809,506.605,727.669,11.999999999,16.86524889,3.4924823557
Suffolk Coastal 003,E02006289,0.4,0.6,6589.0727,681.9499,735.1252,561.6057999999999,759.3806,16.999999999,18.76332441,3.7392321733000005
Suffolk Coastal 004,E02006290,0.4,0.6,5502.647999999999,607.8883999999999,695.5412,519.424,790.4984000000001,18.333333333,18.251260799999997,3.672663904
Suffolk Coastal 005,E02006291,0.8,1.0,5245.3798,585.8844,630.6084,438.29519999999997,555.3230000000001,12.0,12.30662854,2.8998617102
Suffolk Coastal 006,E02006292,0.6,0.8,5000.794800000001,528.5337,537.4686,352.5849,454.30529999999993,7.666666667,11.467463040000002,2.7907701952000004
Suffolk Coastal 007,E02006293,0.6,0.8,8884.873500000002,742.3956999999999,733.3005,433.1589,575.2714000000001,17.999999999,15.577235350000002,3.3250405955
Suffolk Coastal 008,E02006294,0.6,0.8,5388.6975999999995,523.4688,684.032,543.9488,1052.672,19.333333333,19.698810880000003,3.860845414400001
Suffolk Coastal 009,E02006295,0.8,1.0,7236.0228,508.2514,665.6830000000001,506.3078,803.6786,14.000000001,15.890679239999999,3.3657883012000003
Suffolk Coastal 010,E02006296,0.8,1.0,10559.580399999999,763.2784,845.2502,521.3944,749.8404,15.999999999,17.240147720000003,3.5412192036000008
Suffolk Coastal 011,E02006297,0.8,1.0,6011.8825,530.3879999999999,554.943,409.25,677.718,13.0,13.47537475,3.0517987175
Suffolk Coastal 012,E02006298,0.6,0.8,6966.772800000001,654.6888,678.6296,430.93440000000004,476.9744,15.333333332,13.51531824,3.0569913712
Suffolk Coastal 013,E02006299,0.8,1.0,5005.2925,762.4625,885.4675,706.015,1064.0775,25.0,20.03237525,3.9042087825000005
Suffolk Coastal 014,E02006300,0.0,0.2,6094.4174,428.5558,453.1766,323.148,394.7022,14.666666667,15.06377484,3.2582907292000005
Suffolk Coastal 015,E02006301,0.4,0.6,4642.5588,451.6338,512.1146,323.4408,642.9372,13.999999999,14.000384839999999,3.1200500291999997
Sunderland 001,E02001791,0.8,1.0,4192.2576,276.8472,351.0027,276.8472,394.3974,8.0,8.235984479999999,2.3706779824
Sunderland 002,E02001792,0.6,0.8,4887.6462,488.4921,445.5702,367.2207,624.7521,12.000000001,12.93393546,2.9814116098000003
Sunderland 003,E02001793,0.0,0.2,7148.5729,347.7047,304.7678,197.0046,421.7919,17.333333333,13.992041239999999,3.1189653612
Sunderland 004,E02001794,0.0,0.2,7084.127600000001,437.8226,368.50800000000004,349.2052,535.2139999999999,17.333333334,17.14913396,3.5293874148000004
Sunderland 005,E02001795,0.0,0.2,6006.8514,461.373,396.85580000000004,264.0704,374.3498,19.333333333,14.235945240000003,3.1506728812
Sunderland 006,E02001796,0.4,0.6,7514.274199999999,581.6388000000001,550.9252,400.2366,549.0056,18.333333333,14.61074746,3.1993971698
Sunderland 007,E02001797,0.4,0.6,4429.8107,420.4151,415.75030000000004,250.1499,315.4571,7.666666666,9.119159210000001,2.4854906973000004
Sunderland 008,E02001798,0.0,0.2,6739.463,481.508,380.09450000000004,263.0155,380.09450000000004,18.333333335,14.753932800000003,3.2180112640000003
Sunderland 009,E02001799,0.0,0.2,8109.806400000001,517.0878,425.55060000000003,260.00460000000004,426.52440000000007,17.000000001,16.51740084,3.4472621092000004
Sunderland 010,E02001800,0.2,0.4,5447.3928,487.66080000000005,513.2907,251.4501,227.20559999999998,15.0,10.7264595,2.6944397350000004
Sunderland 011,E02001801,0.2,0.4,5998.96,264.52,226.44000000000003,105.4,205.35999999999999,8.333333333,7.90092,2.3271196
Sunderland 012,E02001802,0.0,0.2,5796.7053,303.1449,275.0886,214.1859,253.8753,11.333333333,10.91499558,2.7189494254
Sunderland 013,E02001803,0.0,0.2,8850.141,356.64300000000003,303.696,169.83,308.691,12.333333334,13.504881600000001,3.055634608
Sunderland 014,E02001804,0.0,0.2,5230.793699999999,320.9316,352.8943,258.31080000000003,360.7219,12.000000001,12.64444412,2.9437777356000003
Sunderland 015,E02001805,0.2,0.4,4412.056500000001,385.7247,335.2341,274.1757,464.39610000000005,15.666666667,12.19612185,2.8854958405
Sunderland 016,E02001806,0.0,0.2,6927.124,458.437,354.81199999999995,215.54,334.08700000000005,20.333333334,13.7403434,3.0862446420000005
Sunderland 017,E02001807,0.2,0.4,6605.990499999999,404.83950000000004,447.95849999999996,239.54999999999998,289.05699999999996,11.0,11.454881749999998,2.7891346275
Sunderland 018,E02001808,0.4,0.6,5074.5061,288.5373,251.0335,169.9769,263.7364,5.0,7.28825863,2.2474736219
Sunderland 019,E02001809,0.2,0.4,4677.7679,525.2592000000001,584.4796,321.85,327.6433,12.333333333,12.43724955,2.9168424415
Sunderland 020,E02001810,0.4,0.6,6715.3843,645.6614,555.4711,262.9848,249.4984,9.333333332,10.09971209,2.6129625717000002
Sunderland 021,E02001811,0.0,0.2,7282.780000000001,439.122,482.226,325.076,449.89799999999997,21.0,16.650716000000003,3.46459308
Sunderland 022,E02001812,0.6,0.8,7380.4118,710.4518,746.8334,490.141,778.162,20.000000001,17.632847740000003,3.5922702062000003
Sunderland 023,E02001813,0.0,0.2,8479.9548,369.7308,444.27329999999995,287.2371,357.80400000000003,15.333333333,15.46230108,3.3100991404
Sunderland 024,E02001814,0.2,0.4,5003.586899999999,349.1163,290.82689999999997,223.236,334.2339,8.333333334,10.28590875,2.6371681375000002
Sunderland 025,E02001815,0.4,0.6,7469.780400000001,845.3906999999999,776.5218,470.10510000000005,417.2058,13.0,14.864902919999999,3.2324373796
Sunderland 026,E02001816,0.0,0.2,5226.3981,431.03610000000003,388.6839,284.8527,499.3461,11.333333333,15.22056096,3.2786729248000004
Sunderland 027,E02001817,0.2,0.4,5188.6494,339.1146,314.2854,286.18919999999997,405.76140000000004,11.666666666,11.741271300000001,2.826365269
Sunderland 028,E02001818,0.2,0.4,7504.6323999999995,456.6549,371.9891,238.6855,435.9388,11.666666667,13.5123014,3.0565991820000002
Sunderland 029,E02001819,0.6,0.8,4688.9976,513.6264,536.1888,389.5332,508.3176,10.666666668,12.11786688,2.8753226944000003
Sunderland 030,E02001820,0.2,0.4,7381.1898,457.623,462.10949999999997,303.2874,368.7903,17.0,13.4603973,3.049851649
Sunderland 031,E02001821,0.4,0.6,4480.5617999999995,347.44710000000003,324.58140000000003,193.52190000000002,230.33010000000002,8.333333334,7.262480940000001,2.2441225222000005
Sunderland 032,E02001822,0.2,0.4,6141.405299999999,440.4465,374.1913,260.5034,313.9593,14.999999999,11.47984275,2.7923795575000003
Sunderland 033,E02001823,0.2,0.4,6322.415,414.359,372.3115,216.3535,320.3254999999999,13.666666667,11.251911,2.7627484300000003
Sunderland 034,E02001824,0.2,0.4,6673.8676,503.8364,561.4676,403.41839999999996,591.1564,16.333333333,17.012119,3.5115754699999995
Sunderland 035,E02001825,0.2,0.4,5253.3737,444.41330000000005,483.14979999999997,349.33279999999996,512.7304,16.0,14.49062035,3.1837806455
Sunderland 036,E02001826,0.0,0.2,5900.4522,375.16499999999996,405.8928,237.2472,227.24280000000002,7.666666666,11.833204319999998,2.8383165616
Surrey Heath 001,E02006416,0.8,1.0,6345.0869999999995,484.26300000000003,493.3688,403.1386,552.1426000000001,10.333333333,11.948051300000001,2.8532466690000002
Surrey Heath 002,E02006417,0.8,1.0,4906.496799999999,299.7264,353.336,197.3808,335.05999999999995,7.666666667,7.450637839999999,2.2685829192
Surrey Heath 003,E02006418,0.8,1.0,5066.1037,400.25649999999996,402.2746,332.98650000000004,526.0514000000001,11.333333333,10.57639121,2.6749308573
Surrey Heath 004,E02006419,0.4,0.6,6914.4134,335.60380000000004,264.9076,207.213,404.67479999999995,8.333333334,9.90453762,2.5875898906
Surrey Heath 005,E02006420,0.8,1.0,5925.804800000001,398.198,434.5384,358.7648,616.2403999999999,7.999999999,12.015682639999998,2.8620387432
Surrey Heath 006,E02006421,0.8,1.0,7197.886199999999,355.4619,399.786,322.4361,415.42979999999994,6.666666666,9.851769959999999,2.5807300948
Surrey Heath 007,E02006422,0.8,1.0,5047.077,298.5066,367.3446,245.31359999999998,299.7582,3.666666667,7.3697337,2.258065381
Surrey Heath 008,E02006423,0.6,0.8,9169.866,450.1368,479.10599999999994,372.14279999999997,670.7484000000001,17.0,14.8066038,3.2248584940000002
Surrey Heath 009,E02006424,0.8,1.0,4793.742,365.5071,386.8965,313.29179999999997,431.5626,5.333333333,9.2565774,2.503355062
Surrey Heath 010,E02006425,0.8,1.0,5333.360000000001,278.404,297.964,254.93200000000002,355.99199999999996,12.0,7.943315999999999,2.33263108
Surrey Heath 011,E02006426,0.8,1.0,4522.2300000000005,321.02250000000004,310.41479999999996,223.32,207.12929999999997,6.0,6.0145659,2.081893567
Surrey Heath 012,E02006427,0.8,1.0,5921.181,312.228,369.4698,297.36,533.0177999999999,8.333333333,10.489745699999999,2.663666941
Sutton 001,E02000840,0.0,0.2,7750.1674,262.849,211.14100000000002,150.81500000000003,242.1658,11.333333333,10.98174504,2.7276268552
Sutton 002,E02000841,0.2,0.4,8295.8976,322.43240000000003,222.0788,154.2472,297.344,6.666666667,10.6514196,2.684684548
Sutton 003,E02000842,0.8,1.0,6601.9966,401.6122,385.7382,233.3478,312.7178,15.0,8.16193458,2.3610514954
Sutton 004,E02000843,0.4,0.6,7429.336,263.6216,225.6072,128.9184,217.3432,8.666666666,7.0401016,2.215213208
Sutton 005,E02000844,0.4,0.6,7345.6329,283.00739999999996,272.1225,188.39249999999998,284.682,10.666666666,8.40473367,2.3926153771000003
Sutton 006,E02000845,0.8,1.0,8787.2728,341.5232,293.8688,211.4664,293.86879999999996,11.333333333,8.19685464,2.3655911032
Sutton 007,E02000846,0.6,0.8,6144.1178,341.17470000000003,322.5922,244.54569999999998,380.5696,9.333333334,9.22494764,2.4992431932
Sutton 008,E02000847,0.8,1.0,7470.3955000000005,464.2405,531.371,403.7285,582.428,10.666666666,12.657692149999999,2.9454999795
Sutton 009,E02000848,0.8,1.0,6846.9588,283.07840000000004,316.85479999999995,232.41379999999998,361.89,9.333333333,8.396813040000001,2.3915856952000003
Sutton 010,E02000849,0.6,0.8,6744.508,308.05199999999996,366.15999999999997,238.79999999999998,302.48,10.333333333,8.6253764,2.421298932
Sutton 011,E02000850,0.6,0.8,9219.5768,486.2738,429.5782,320.5482,445.9327,11.666666667,11.964734140000001,2.8554154382000005
Sutton 012,E02000851,0.4,0.6,8754.6213,295.8246,292.8465,213.4305,371.26980000000003,12.666666666,10.125242190000002,2.6162814847
Sutton 013,E02000852,0.8,1.0,6901.3476,287.0564,281.4592,194.3028,331.83399999999995,9.666666666,7.82912348,2.3177860524
Sutton 014,E02000853,0.6,0.8,7005.679499999999,280.779,309.1815,195.5715,322.97700000000003,6.0,8.43059235,2.3959770055
Sutton 015,E02000854,0.8,1.0,6346.1133,341.8476,316.1334,233.6967,325.9653,10.666666666,7.9738977900000005,2.3366067127
Sutton 016,E02000855,0.8,1.0,6390.3636,412.721,417.5294,282.8942,510.49179999999996,6.000000001,10.60749068,2.6789737884
Sutton 017,E02000856,0.6,0.8,7763.0886,370.1958,427.149,258.1266,368.35859999999997,8.999999999,10.120491779999998,2.6156639314
Sutton 018,E02000857,0.8,1.0,7381.677599999999,292.72319999999996,276.1704,236.0952,524.4624,17.000000001,10.301852879999998,2.6392408744
Sutton 019,E02000858,0.0,0.2,7515.7856,289.1339,252.6742,199.2565,222.9977,6.666666666,11.28927976,2.7676063688
Sutton 020,E02000859,0.6,0.8,6889.530000000001,436.74,419.34,332.34,622.0500000000001,14.333333333,13.121949,3.0058533700000005
Sutton 021,E02000860,0.4,0.6,7391.936299999999,338.2043,284.5346,173.78760000000003,331.3891,10.666666666,9.05152269,2.4766979497
Sutton 022,E02000861,0.8,1.0,6041.9045,456.787,509.01349999999996,350.775,435.74050000000005,7.333333333,10.291192850000002,2.6378550705000006
Sutton 024,E02000863,0.6,0.8,5489.2399,398.4954,396.4413,201.98649999999998,360.1522,8.999999999,9.001134669999999,2.4701475071
Sutton 025,E02006836,0.8,1.0,6521.2834,437.7439,509.7134,387.78860000000003,612.1641000000001,16.333333334,12.524047720000002,2.9281262036000006
Swale 001,E02005115,0.0,0.2,6053.2992,254.4768,201.0096,104.2272,156.3408,5.0,8.51509152,2.4069618976000005
Swale 002,E02005116,0.0,0.2,5602.0026,297.43379999999996,276.8064,218.2512,258.1752,6.0,10.858263359999999,2.7115742367999998
Swale 003,E02005117,0.2,0.4,4405.567800000001,474.4074,577.2684,400.84619999999995,376.5336,8.333333334,13.2594063,3.023722819
Swale 004,E02005118,0.2,0.4,9019.9283,468.8496,541.5647,370.08729999999997,452.5701,12.333333334,16.104224050000003,3.393549126500001
Swale 005,E02005119,0.0,0.2,4703.9421,381.843,395.17719999999997,274.5633,304.26219999999995,6.333333334,12.28055576,2.8964722488000003
Swale 006,E02005120,0.0,0.2,6523.763199999999,598.6048,666.3552000000001,379.05920000000003,407.36,13.666666667,17.780792320000003,3.611503001600001
Swale 007,E02005121,0.4,0.6,12449.253,522.0699999999999,499.494,309.009,332.996,9.333333333,12.6268979,2.941496727
Swale 008,E02005122,0.4,0.6,5520.866,431.16020000000003,459.9522,337.58619999999996,445.5562,10.0,11.7305806,2.824975478
Swale 009,E02005123,0.4,0.6,10434.672,526.212,584.68,401.812,492.62399999999997,18.0,14.8439056,3.229707728
Swale 010,E02005124,0.0,0.2,7463.3514,359.88300000000004,402.5358,253.251,406.9788,10.000000001,14.946607440000001,3.2430589672000005
Swale 011,E02005125,0.2,0.4,7081.2104,390.96639999999996,386.75340000000006,262.89119999999997,303.336,10.333333332,11.7407884,2.826302492
Swale 012,E02005126,0.4,0.6,6136.6128,418.6254,558.1672,394.4274,557.3606000000001,11.333333333,13.965795040000001,3.1155533552000003
Swale 013,E02005127,0.6,0.8,6923.307,496.06530000000004,574.3914,433.04429999999996,577.9926,12.333333332,13.889828399999999,3.105677692
Swale 014,E02005128,0.4,0.6,6728.794400000001,462.3033,549.2542,391.7095,476.93860000000006,13.0,13.213781920000002,3.0177916496000003
Swale 015,E02005129,0.2,0.4,8909.8208,683.2544,698.1576,500.9768,669.4976,20.666666667,20.8381128,4.008954664
Swale 016,E02005130,0.2,0.4,6889.0104,510.588,485.2768,376.1768,467.82079999999996,6.666666666,15.1644636,3.271380268
Swale 017,E02005131,0.4,0.6,5079.6612,359.5194,414.9292,288.64639999999997,299.5995,9.333333333,9.229726359999999,2.4998644268
Swindon 001,E02003212,0.6,0.8,5847.8696,577.2539999999999,686.1544,464.2596,612.4624,10.0,14.71187088,3.2125432144
Swindon 003,E02003214,0.0,0.2,5364.7825,273.1162,244.7977,148.5148,260.53020000000004,7.0,9.974405,2.5966726500000004
Swindon 004,E02003215,0.6,0.8,4831.807400000001,460.62639999999993,592.818,445.6356,482.4312,9.999999999,12.27698822,2.8960084686
Swindon 005,E02003216,0.4,0.6,7157.5072,514.1673999999999,593.984,441.77560000000005,573.5658,13.333333335,15.08496616,3.2610456008
Swindon 006,E02003217,0.2,0.4,5921.3823,366.53090000000003,331.96610000000004,264.2767,315.4038,6.999999999,11.02293075,2.7329809975000003
Swindon 007,E02003218,0.0,0.2,5326.1384,339.8296,274.9472,218.41600000000003,265.95359999999994,5.0,10.989922239999999,2.7286898912
Swindon 008,E02003219,0.8,1.0,6775.859900000001,413.0529,369.0591,247.6688,339.7299,9.666666667,8.572354870000002,2.4144061331
Swindon 009,E02003220,0.6,0.8,7815.748199999999,606.9492,478.2024,450.6138,865.4646,18.666666667,17.24461206,3.5417995678
Swindon 010,E02003221,0.2,0.4,6049.8438,320.2199,259.9597,153.45329999999998,221.42119999999997,7.333333334,8.756647899999999,2.438364227
Swindon 011,E02003222,0.8,1.0,5157.7098,307.11199999999997,211.4348,106.30799999999999,122.84479999999999,4.0,4.46723934,1.8807411142000001
Swindon 012,E02003223,0.4,0.6,9147.5188,403.5976,315.1806,219.4822,314.1404,11.333333334,9.89875124,2.5868376611999997
Swindon 013,E02003224,0.8,1.0,6242.810600000001,566.2162999999999,578.9498,440.57910000000004,659.5953,16.333333333,13.62161918,3.0708104934
Swindon 014,E02003225,0.6,0.8,5091.6253,334.3379,245.221,135.7687,174.6452,3.333333333,5.77698809,2.0510084517
Swindon 015,E02003226,0.2,0.4,9545.7285,299.376,235.96650000000002,137.214,175.67549999999997,12.666666667,9.68346225,2.5588500925
Swindon 016,E02003227,0.0,0.2,5902.524,261.8136,185.4792,143.964,202.2192,7.333333334,9.2123568,2.497606384
Swindon 017,E02003228,0.4,0.6,6476.3791,322.0299,269.5002,184.99589999999998,359.3336,8.999999999,9.086952929999999,2.4813038808999996
Swindon 018,E02003229,0.6,0.8,4788.174,274.21500000000003,222.63,78.735,65.703,3.666666667,3.9918102,1.818935326
Swindon 019,E02003230,0.4,0.6,7792.7512,271.3808,157.1604,165.7484,201.818,6.333333334,6.92553496,2.2003195448
Swindon 020,E02003231,0.0,0.2,7441.995,333.1845,328.812,265.848,376.03499999999997,10.666666666,14.148535500000001,3.139309615
Swindon 021,E02003232,0.6,0.8,7495.7243,374.917,328.7063,199.6651,319.98729999999995,4.666666667,8.831562289999999,2.4481030977
Swindon 022,E02003233,0.2,0.4,7065.6712,547.7332,465.0072,275.17280000000005,354.4156,12.0,13.2152608,3.0179839040000003
Swindon 023,E02003234,0.4,0.6,6439.710500000001,550.902,536.7121,342.22700000000003,476.6137,10.333333333,12.95329195,2.9839279535000003
Swindon 024,E02003235,0.8,1.0,7210.941,436.9438,491.67580000000004,342.98720000000003,639.4522,14.666666666,12.7694317,2.9600261210000003
Swindon 025,E02003236,0.6,0.8,8775.324,650.796,741.12,562.788,848.8140000000001,21.666666666,19.0495632,3.7764432160000005
Swindon 026,E02006847,0.8,1.0,9160.5,230.49,213.745,112.29,131.99,4.666666666,5.64996,2.0344948
Swindon 027,E02006848,0.8,1.0,7751.016,190.827,104.01299999999999,87.633,56.510999999999996,2.0,3.9747708,1.8167202040000001
Swindon 028,E02006849,0.8,1.0,8615.6054,319.81219999999996,281.1642,190.3414,254.11059999999998,3.666666668,7.533558019999999,2.2793625426
Tameside 001,E02001229,0.4,0.6,8337.728,531.168,547.264,334.99800000000005,308.842,14.999999999,11.4688024,2.7909443119999997
Tameside 002,E02001230,0.4,0.6,4531.5375,345.8826,423.7359,344.694,298.3386,8.0,9.39439725,2.5212716425000004
Tameside 003,E02001231,0.2,0.4,6104.893,353.7915,418.9065,183.0455,175.087,5.0,9.1718095,2.492335235
Tameside 004,E02001232,0.0,0.2,7059.3028,325.0664,388.7392,252.1778,351.876,12.666666666,13.792366280000001,3.0930076164000004
Tameside 005,E02001233,0.0,0.2,6373.976700000001,431.4765,448.89390000000003,304.8045,357.05670000000003,12.000000001,14.644549920000001,3.2037914896000004
Tameside 006,E02001234,0.0,0.2,6670.742399999999,323.9136,333.3024,219.8544,276.18719999999996,16.666666667,12.14175264,2.8784278432
Tameside 007,E02001235,0.2,0.4,5972.463,291.40799999999996,266.19,222.05849999999998,252.18000000000004,9.333333334,9.505785000000001,2.53575205
Tameside 008,E02001236,0.0,0.2,5025.0201,244.483,242.6941,170.5418,280.8573,14.0,10.01497776,2.6019471088
Tameside 009,E02001237,0.2,0.4,6012.722000000001,324.20140000000004,369.1897,171.38400000000001,265.6452,7.0,9.843154400000001,2.5796100720000004
Tameside 010,E02001238,0.2,0.4,6268.306,423.30199999999996,432.674,307.714,378.00399999999996,15.333333333,12.824801,2.96722413
Tameside 011,E02001239,0.0,0.2,7893.440100000001,401.061,364.68570000000005,313.3872,353.49330000000003,17.333333333,15.000427560000002,3.2500555828000004
Tameside 012,E02001240,0.2,0.4,4963.0692,285.14340000000004,297.2514,219.15480000000002,288.17040000000003,11.666666667,9.5180988,2.537352844
Tameside 013,E02001241,0.0,0.2,9530.6376,397.0212,328.8996,187.33440000000002,200.10719999999998,15.0,13.06061376,2.9978797888
Tameside 014,E02001242,0.4,0.6,5365.0896,335.4832,302.46320000000003,237.74399999999997,362.5596,13.000000001,9.267525280000001,2.5047782864
Tameside 015,E02001243,0.4,0.6,6160.4865,475.1586,524.0952,319.6665,413.5932,12.0,11.775961350000001,2.8308749755000004
Tameside 016,E02001244,0.4,0.6,4136.1428,352.38239999999996,389.9046,279.5132,279.5132,10.333333333,8.53646364,2.4097402731999997
Tameside 017,E02001245,0.0,0.2,6910.3552,398.9888,370.3728,225.6576,268.99039999999997,13.000000001,12.800509120000001,2.9640661856
Tameside 018,E02001246,0.0,0.2,5933.7021,379.8276,400.4384,240.7047,406.3272,15.666666666,14.02241056,3.1229133728000003
Tameside 019,E02001247,0.2,0.4,5779.0544,322.059,303.3588,227.17280000000002,292.96979999999996,10.333333333,10.1749866,2.622748258
Tameside 020,E02001248,0.0,0.2,9727.5025,453.7643,422.54710000000006,270.9207,274.2654,17.333333334,15.405688200000002,3.3027394660000002
Tameside 021,E02001249,0.2,0.4,5256.5415,288.9672,277.56059999999997,212.2895,302.90860000000004,11.0,9.726344450000001,2.5644247785000003
Tameside 022,E02001250,0.4,0.6,5224.0314,380.2176,420.48370000000006,299.6854,275.92179999999996,6.999999999,9.11875342,2.4854379446
Tameside 023,E02001251,0.4,0.6,4508.688,415.5555,425.662,268.714,326.38050000000004,11.333333333,9.415215400000001,2.523978002
Tameside 024,E02001252,0.4,0.6,5663.9185,369.3065,414.6471,321.0407,546.2811,16.333333334,12.57799435,2.9351392655
Tameside 025,E02001253,0.2,0.4,3977.3482000000004,244.1796,273.4613,199.5126,268.49830000000003,13.0,8.433625900000001,2.3963713670000004
Tameside 026,E02001254,0.2,0.4,4563.1893,284.95,316.8644,262.7239,271.2724,10.333333333,9.49823835,2.5347709855
Tameside 027,E02001255,0.0,0.2,5792.625300000001,267.96,265.95029999999997,150.7275,221.7369,14.333333333,9.86106198,2.5819380574000004
Tameside 028,E02001256,0.0,0.2,9213.4889,376.9684,335.6713,274.25509999999997,388.61629999999997,23.666666667,15.67447314,3.3376815082
Tameside 029,E02001257,0.0,0.2,6969.132,483.408,521.0064,438.648,542.4912,16.333333333,18.7839816,3.7419176080000005
Tameside 030,E02001258,0.4,0.6,5553.5409,457.53810000000004,431.43449999999996,361.8249,445.2114,16.666666667,11.820362670000002,2.8366471471000003
Tamworth 001,E02006217,0.6,0.8,6632.468499999999,545.1467,608.0137,540.6562,654.7149,17.333333334,15.41723365,3.3042403745
Tamworth 002,E02006218,0.2,0.4,6502.8062,393.5536,466.0942,387.717,586.1614,16.333333333,16.044396499999998,3.385771545
Tamworth 003,E02006219,0.4,0.6,6144.588,469.23679999999996,436.7976,266.3032,226.32,6.999999999,8.8426996,2.4495509479999997
Tamworth 004,E02006220,0.4,0.6,5621.7312,426.4914,444.9064,422.0718,449.32599999999996,11.333333334,12.24347056,2.8916511728
Tamworth 005,E02006221,0.6,0.8,5149.01,316.59000000000003,301.34,178.12,154.33,5.666666667,5.9714730000000005,2.07629149
Tamworth 006,E02006222,0.2,0.4,5669.2746,372.52049999999997,409.4244,256.2384,255.54209999999998,10.666666667,10.4500704,2.6585091519999997
Tamworth 007,E02006223,0.0,0.2,6102.2172,303.5964,306.414,169.056,163.4208,8.333333332,9.85582392,2.5812571096
Tamworth 008,E02006224,0.4,0.6,6316.9269,446.1381,316.8552,185.3304,209.9913,7.0,7.68665307,2.2992648991
Tamworth 009,E02006225,0.8,1.0,5572.208600000001,485.92319999999995,488.09250000000003,292.13239999999996,393.36640000000006,11.666666665,9.40738638,2.5229602294
Tamworth 010,E02006226,0.4,0.6,8202.9018,476.11719999999997,405.7598,242.8776,310.3436,10.666666667,10.21753294,2.6282792822000003
Tandridge 002,E02006429,0.8,1.0,6455.6505,345.9645,405.5865,254.178,383.6205,11.0,8.93051265,2.4609666445
Tandridge 003,E02006430,0.6,0.8,8177.9168,401.93919999999997,401.93919999999997,291.7924,388.4124,11.333333332,10.59650864,2.6775461232
Tandridge 004,E02006431,0.8,1.0,9270.2101,536.8804,539.1362,348.5211,584.2522,17.333333334,13.10247593,3.0033218709000002
Tandridge 005,E02006432,0.8,1.0,4465.3946,307.1374,363.4556,251.3998,418.03200000000004,10.333333333,8.53615538,2.4097001994
Tandridge 006,E02006433,0.8,1.0,7131.5118,489.94399999999996,537.9961999999999,445.66060000000004,815.9452000000001,17.666666667,15.399034140000001,3.3018744382000005
Tandridge 007,E02006434,0.6,0.8,5144.8295,305.52,322.069,215.77349999999998,378.7175,8.000000001,8.687524849999999,2.4293782305000002
Tandridge 008,E02006435,0.4,0.6,4962.447,384.7536,357.89579999999995,237.9726,303.55559999999997,5.333333334,8.7603273,2.4388425490000003
Tandridge 009,E02006436,0.4,0.6,4893.808,309.8592,311.0888,264.9788,368.2652,12.666666668,9.341271200000001,2.5143652560000005
Tandridge 010,E02006437,0.6,0.8,6551.4565999999995,483.9045,585.9168,453.388,643.4622,14.0,14.62193738,3.2008518594
Tandridge 011,E02006438,0.4,0.6,6197.4634,514.143,568.0056,399.0729,483.13120000000004,12.333333333,13.35155922,3.0357026986
Tandridge 012,E02006790,0.6,0.8,5940.288200000001,438.4237,490.1875,349.01349999999996,625.0871000000001,12.0,13.24070946,3.0212922298000002
Taunton Deane 001,E02006099,0.6,0.8,5383.6692,488.0799,469.06380000000007,309.1877,393.7037,10.0,10.34419496,2.6447453448
Taunton Deane 002,E02006100,0.6,0.8,5916.699,436.6818,420.84360000000004,326.5686,441.207,16.0,10.8178677,2.7063228010000002
Taunton Deane 003,E02006101,0.4,0.6,4081.6371,426.5844,407.76449999999994,329.6334,457.38059999999996,11.666666666,11.17508553,2.7527611189
Taunton Deane 004,E02006102,0.0,0.2,5373.38,438.03599999999994,373.68,284.412,449.108,12.333333332,14.662788,3.20616244
Taunton Deane 005,E02006103,0.6,0.8,5432.2112,615.9517000000001,646.321,498.368,595.7055000000001,16.0,14.491451260000002,3.1838886638000004
Taunton Deane 006,E02006104,0.4,0.6,8259.983600000001,473.15619999999996,466.2416,323.9984,355.60800000000006,12.666666667,11.500560280000002,2.7950728364
Taunton Deane 007,E02006105,0.4,0.6,9236.8602,504.21240000000006,464.2308,325.4058,577.5120000000001,15.333333334,14.518984860000002,3.1874680318000004
Taunton Deane 008,E02006106,0.6,0.8,7856.3664,495.9072,475.64639999999997,318.384,500.7312,15.666666666,12.351273119999998,2.9056655056
Taunton Deane 009,E02006107,0.0,0.2,6932.2095,482.57370000000003,438.31649999999996,254.47889999999998,402.5703,13.666666667,15.3759726,3.298876438
Taunton Deane 010,E02006108,0.4,0.6,6527.1328,455.8604,511.38759999999996,441.53079999999994,1020.984,25.666666666,19.81640384,3.8761324991999997
Taunton Deane 011,E02006109,0.8,1.0,5650.817900000001,502.047,560.2207,486.109,770.6023,21.666666666,14.72695107,3.2145036391
Taunton Deane 012,E02006110,0.4,0.6,7515.753,546.825,523.05,367.086,558.237,14.333333334,14.3419359,3.164451667
Taunton Deane 013,E02006111,0.6,0.8,7269.6858,816.4104,954.2598,693.5214,951.054,24.0,21.55996674,4.1027956762
Taunton Deane 014,E02006112,0.6,0.8,5462.6720000000005,597.528,574.3679999999999,414.56399999999996,670.868,18.333333334,14.5836976,3.195880688
Teignbridge 001,E02004201,0.4,0.6,3620.8473000000004,472.23749999999995,478.1742,386.42519999999996,439.8555,7.0,11.54024319,2.8002316147000004
Teignbridge 002,E02004202,0.6,0.8,6548.6336,542.0032000000001,561.7280000000001,401.3568,520.5631999999999,14.999999999,13.02848768,2.9937033984
Teignbridge 003,E02004203,0.6,0.8,4031.9159999999997,497.448,545.076,313.992,490.97999999999996,9.0,11.3555148,2.776216924
Teignbridge 004,E02004204,0.6,0.8,7166.7296,692.108,671.6372,514.6944,703.8056,22.000000001,16.53611728,3.4496952464
Teignbridge 005,E02004205,0.4,0.6,6002.420800000001,662.4662999999999,655.8991,386.64390000000003,500.74899999999997,13.333333334,14.078106639999998,3.1301538632
Teignbridge 006,E02004206,0.4,0.6,4301.2104,572.5527999999999,653.9616,479.70640000000003,720.5688,15.999999999,16.57637912,3.4549292855999996
Teignbridge 007,E02004207,0.6,0.8,4643.218800000001,429.7164,444.2938,369.5054,451.2656,18.0,10.841022240000001,2.7093328912000003
Teignbridge 008,E02004208,0.8,1.0,5837.487000000001,676.32,800.5938000000001,487.7958,650.958,18.666666667,14.304590699999999,3.1595967910000002
Teignbridge 009,E02004209,0.6,0.8,6797.2012,460.64840000000004,518.669,447.4619,567.0195,16.666666668,13.50965716,3.0562554308000003
Teignbridge 010,E02004210,0.2,0.4,4962.286499999999,444.9415,444.2622,321.3089,618.8422999999999,25.999999997,15.268286449999998,3.2848772385
Teignbridge 011,E02004211,0.8,1.0,4198.8888,637.6536,733.9032,447.1596,666.3948,21.333333334,13.56892104,3.0639597352
Teignbridge 012,E02004212,0.6,0.8,4825.1775,362.5785,391.41299999999995,250.92149999999998,304.296,12.333333333,8.340225749999998,2.3842293475
Teignbridge 013,E02004213,0.6,0.8,6477.5604,427.4212,384.83680000000004,249.9862,345.4068,9.666666667,9.38686352,2.5202922576000004
Teignbridge 014,E02004214,0.2,0.4,5036.960800000001,293.5956,331.9984,224.8422,307.22240000000005,9.666666667,9.987825,2.5984172500000002
Teignbridge 015,E02004215,0.2,0.4,4413.628,345.4646,360.4848,226.45839999999998,430.38650000000007,16.333333333,11.4349938,2.786549194
Teignbridge 016,E02004216,0.4,0.6,4032.669,409.9233,377.196,300.6474,426.00960000000003,11.666666667,10.454430900000002,2.6590760170000003
Teignbridge 017,E02004217,0.4,0.6,5986.6203000000005,557.5656,573.5876,402.95329999999996,492.6765,12.0,13.53530549,3.0595897137000003
Teignbridge 018,E02004218,0.6,0.8,4388.9202000000005,441.8253,490.1022,335.4939,454.0473,11.0,10.83272526,2.7082542838
Teignbridge 019,E02004219,0.8,1.0,3821.257,414.9655,457.4115,389.2745,502.65,12.0,10.3666536,2.647664968
Telford and Wrekin 001,E02002928,0.6,0.8,4576.8333,393.02939999999995,407.8719,272.5083,286.75710000000004,8.666666667,8.30746599,2.3799705787
Telford and Wrekin 002,E02002929,0.8,1.0,4781.07,416.43000000000006,431.55,300.51,370.44000000000005,14.666666666,8.707671000000001,2.4319972300000003
Telford and Wrekin 003,E02002930,0.6,0.8,4815.624000000001,336.515,397.528,310.726,428.97800000000007,13.333333334,9.980217200000002,2.5974282360000003
Telford and Wrekin 004,E02002931,0.8,1.0,5382.999,370.3275,392.0715,305.0955,345.8655,12.333333334,8.469695699999999,2.4010604410000003
Telford and Wrekin 005,E02002932,0.0,0.2,7816.475,380.5125,349.4875,276.4875,302.95,17.666666666,13.910697500000001,3.1083906750000003
Telford and Wrekin 006,E02002933,0.6,0.8,6153.189,423.976,463.526,373.352,495.95700000000005,13.333333333,11.8702997,2.843138961
Telford and Wrekin 007,E02002934,0.4,0.6,4901.6235,407.21549999999996,313.3815,177.4425,215.337,11.0,7.1871430499999995,2.2343285965
Telford and Wrekin 008,E02002935,0.2,0.4,5037.762199999999,395.64259999999996,402.8124,320.6856,361.749,11.666666667,11.9028457,2.847369941
Telford and Wrekin 009,E02002936,0.2,0.4,9241.6,326.65599999999995,286.72,163.84,220.15999999999997,13.333333332,10.536448,2.66973824
Telford and Wrekin 010,E02002937,0.4,0.6,7691.9337000000005,657.8165,639.7391000000001,507.17150000000004,545.3349000000001,22.0,15.769217310000002,3.3499982503000005
Telford and Wrekin 011,E02002938,0.2,0.4,6143.990400000001,320.7186,278.2917,194.157,253.12320000000003,15.333333333,9.543895200000001,2.540706376
Telford and Wrekin 012,E02002939,0.2,0.4,5297.4894,375.4611,411.0239,300.2321,453.4257,22.999999999,12.961956700000002,2.9850543710000004
Telford and Wrekin 013,E02002940,0.2,0.4,4724.1015,331.6935,331.6935,250.7055,316.21049999999997,15.0,10.23336975,2.6303380675000003
Telford and Wrekin 014,E02002941,0.2,0.4,8526.0123,574.9535999999999,541.1328,440.7273,485.11709999999994,27.000000001,17.058894449999997,3.5176562784999996
Telford and Wrekin 015,E02002942,0.8,1.0,5952.6948,379.9443,292.8591,155.2083,242.9958,10.0,6.580410540000001,2.1554533702
Telford and Wrekin 016,E02002943,0.4,0.6,12648.045,489.647,360.571,241.316,291.824,15.999999999,11.1657755,2.751550815
Telford and Wrekin 017,E02002944,0.0,0.2,6809.839400000002,381.33189999999996,303.3141,209.3743,257.1403,19.333333334,12.060437340000004,2.8678568542000002
Telford and Wrekin 018,E02002945,0.2,0.4,8189.2512,483.184,391.33119999999997,264.0768,240.1568,18.666666667,11.839921599999998,2.839189808
Telford and Wrekin 019,E02002946,0.2,0.4,6281.960999999999,404.494,405.263,255.308,341.436,15.000000001,11.859902499999999,2.841787325
Telford and Wrekin 020,E02002947,0.0,0.2,6091.7011999999995,318.3841,335.6329,229.984,210.5791,10.333333334,11.061942920000002,2.7380525796000006
Telford and Wrekin 021,E02002948,0.0,0.2,6736.6563,230.7228,230.7228,146.0745,146.0745,8.333333333,9.12463728,2.4862028464000003
Telford and Wrekin 022,E02002949,0.2,0.4,4062.122,369.2351,393.88649999999996,212.21640000000002,322.0759,10.666666667,10.0647379,2.6084159270000002
Telford and Wrekin 023,E02002950,0.0,0.2,4642.0965,315.8124,310.0494,233.4015,261.6402,12.333333333,10.6880598,2.689447774
Tendring 001,E02004573,0.0,0.2,5340.5004,386.5974,330.7038,236.21699999999998,359.98139999999995,12.999999999,12.76410204,2.9593332651999997
Tendring 002,E02004574,0.2,0.4,6041.1666000000005,431.6228,448.7014,371.8477,469.6615,12.999999999,14.3491292,3.165386796
Tendring 003,E02004575,0.4,0.6,8675.4222,756.8928000000001,776.5074,558.4392,770.7384,16.333333332,19.82193786,3.8768519218
Tendring 004,E02004576,0.4,0.6,6385.260700000001,680.925,725.4121,530.2136,757.1886000000001,17.333333334,18.446621410000002,3.6980607833000008
Tendring 005,E02004577,0.4,0.6,4334.7458,357.7761,333.1405,268.1921,304.5856,8.333333334,8.61271774,2.4196533062
Tendring 006,E02004578,0.2,0.4,4461.4185,616.6545,829.521,569.107,837.5675,21.666666666,21.43331575,4.0863310475
Tendring 007,E02004579,0.2,0.4,4832.4627,630.1971,674.4465,483.1749,518.1462,16.666666667,16.60458735,3.4585963555
Tendring 008,E02004580,0.4,0.6,7124.9472000000005,1072.8452,1410.7492,967.8535999999999,1490.398,34.0,33.61806896,5.6703489648000005
Tendring 009,E02004581,0.6,0.8,5548.6311,539.2233,670.7222,469.1943,553.2291,13.333333333,13.85741633,3.1014641229
Tendring 010,E02004582,0.2,0.4,4305.4848,611.0208,729.216,569.5488,695.3471999999999,20.666666667,19.233676799999998,3.800377984
Tendring 011,E02004583,0.2,0.4,6308.3287,575.3238,772.3766,516.3839,625.4667,17.666666666,19.08992985,3.7816908805000002
Tendring 012,E02004584,0.4,0.6,3526.0914,602.0482,962.208,677.5548,914.7658,22.333333333,21.15327422,4.0499256486
Tendring 013,E02004585,0.2,0.4,6395.773800000001,547.9110000000001,706.1963999999999,500.9472,546.1715999999999,14.333333334,17.7270951,3.604522363
Tendring 014,E02004586,0.0,0.2,5863.593600000001,571.4661,661.8297,488.63280000000003,780.6410999999999,21.333333333,22.472757960000003,4.221458534800001
Tendring 015,E02004587,0.0,0.2,6370.6658,523.0323999999999,496.7988,368.09020000000004,440.2326,11.000000001,16.780978079999997,3.4815271504
Tendring 016,E02004588,0.0,0.2,5592.4596,381.5964,363.7314,280.8378,526.6601999999999,23.333333333,15.36790176,3.2978272288
Tendring 017,E02004589,0.0,0.2,5706.164099999999,435.6261,553.1759999999999,376.46700000000004,611.5668000000001,19.333333334,18.341779560000003,3.684431342800001
Tendring 018,E02004590,0.0,0.2,5383.6153,737.2173,888.1832999999999,662.573,714.5724,22.333333334,24.57005198,4.4941067574
Test Valley 001,E02004814,0.8,1.0,5554.6348,397.9586,430.8304,285.3552,324.5216,6.666666667,8.32048204,2.3816626652000004
Test Valley 002,E02004815,0.2,0.4,6905.4816,254.26560000000003,262.01759999999996,178.296,152.71439999999998,7.666666666,8.3442528,2.384752864
Test Valley 003,E02004816,0.4,0.6,13778.391099999999,546.0226,547.6007000000001,388.2126,522.3511,16.666666667,16.01345413,3.3817490368999996
Test Valley 004,E02004817,0.6,0.8,6559.2777,392.8629,421.90409999999997,270.2445,421.0974,10.0,10.424419410000002,2.6551745233000004
Test Valley 005,E02004818,0.8,1.0,7721.075000000001,552.8796,655.1521999999999,512.3756,684.5175999999999,8.666666667,14.823957699999998,3.227114501
Test Valley 006,E02004819,0.8,1.0,6263.648700000001,416.0685,405.5658,344.9733,650.3595,17.666666666,12.40118421,2.9121539473
Test Valley 007,E02004820,0.6,0.8,5819.2199,419.4099,439.3818,321.7695,397.9586,6.333333333,10.328505069999999,2.6427056590999998
Test Valley 008,E02004821,0.6,0.8,3806.46,353.78000000000003,452.20000000000005,341.544,366.016,8.666666667,9.392194,2.52098522
Test Valley 009,E02004822,0.6,0.8,5695.027,526.9419999999999,598.656,405.34,568.2555,10.000000001,13.434526599999998,3.046488458
Test Valley 010,E02004823,0.8,1.0,6266.845,594.893,710.7360000000001,489.502,648.024,12.999999999,14.067085500000001,3.1287211150000003
Test Valley 011,E02004824,0.6,0.8,3844.252700000001,371.7927,506.50019999999995,406.51730000000003,857.9370999999999,15.0,15.392756609999998,3.3010583593
Test Valley 012,E02004825,0.8,1.0,7849.0368,691.7393999999999,822.987,629.3430000000001,764.8937999999999,19.666666667,16.944710639999997,3.5028123831999993
Test Valley 013,E02004826,0.6,0.8,6210.694,491.46999999999997,558.376,438.606,560.028,13.333333334,13.432990199999999,3.0462887260000002
Test Valley 014,E02004827,0.8,1.0,6443.4808,361.42289999999997,327.32640000000004,200.79049999999998,243.22169999999997,4.666666667,6.98993404,2.2086914252
Test Valley 015,E02004828,0.8,1.0,4835.202399999999,509.52160000000003,437.29560000000004,313.1982,470.7822,12.666666667,10.088790320000001,2.6115427416
Tewkesbury 001,E02004666,0.8,1.0,10221.257800000001,639.0586,551.97,371.6598,483.28040000000004,11.0,12.622817940000001,2.9409663322000004
Tewkesbury 002,E02004667,0.4,0.6,8372.17,722.0699999999999,792.13,592.12,820.38,18.666666669,20.521591,3.9678068300000007
Tewkesbury 003,E02004668,0.8,1.0,6281.527999999999,696.344,793.76,552.024,696.3439999999999,13.666666666,15.2845704,3.286994152
Tewkesbury 004,E02004669,0.6,0.8,5349.8004,554.0127,554.7504,389.5056,528.9309,15.666666667,12.69773502,2.9507055526
Tewkesbury 005,E02004670,0.8,1.0,11991.307499999999,701.563,724.1455,645.8595,992.1245,20.333333335,20.59147625,3.9768919125
Tewkesbury 006,E02004671,0.6,0.8,5117.092799999999,535.8888,502.60799999999995,309.036,327.37440000000004,8.333333334,9.763635840000001,2.5692726592
Tewkesbury 007,E02004672,0.8,1.0,10314.7026,643.8575999999999,695.7816,520.5381,804.822,16.000000001,17.22942168,3.5398248184000005
Tewkesbury 008,E02004673,0.4,0.6,4920.638400000001,369.2412,377.6184,335.08799999999997,442.05839999999995,7.0,11.04037632,2.7352489216
Tewkesbury 009,E02004674,0.4,0.6,9571.8972,502.28880000000004,495.4704,337.5108,457.9692,9.999999999,13.378723560000001,3.0392340628000003
Thanet 001,E02005132,0.0,0.2,9753.744,474.04560000000004,372.8704,306.936,461.5408,19.999999999,17.773868,3.6106028400000003
Thanet 002,E02005133,0.4,0.6,5518.8432,729.2268,852.4763999999999,635.0778,821.664,21.0,20.19444696,3.9252781048000003
Thanet 003,E02005134,0.0,0.2,6890.4212,309.3272,318.00730000000004,169.6565,202.7987,11.666666667,10.89210512,2.7159736656
Thanet 004,E02005135,0.0,0.2,6657.4578,392.2758,366.6054,252.693,353.7702,10.000000001,13.802974079999998,3.0943866304
Thanet 005,E02005136,0.2,0.4,5912.3298,533.9568,511.4499,377.1846,426.07890000000003,11.0,14.3570739,3.166419607
Thanet 006,E02005137,0.0,0.2,6608.4214,439.379,414.3868,281.3638,317.64279999999997,12.333333333,14.015142039999999,3.1219684652
Thanet 007,E02005138,0.2,0.4,6787.494,613.674,706.374,457.01099999999997,705.447,16.333333334,19.724706,3.8642117800000007
Thanet 008,E02005139,0.4,0.6,5145.938,835.4996,981.6460000000001,754.5028,1085.5332,28.0,24.694779800000003,4.510321374
Thanet 009,E02005140,0.6,0.8,5016.7607,560.0532000000001,763.5698,527.1539,784.2275000000001,17.0,16.941685810000003,3.5024191553
Thanet 010,E02005141,0.4,0.6,5231.666400000001,549.3768,644.1479999999999,394.6332,583.4352000000001,12.999999999,14.613867120000002,3.1998027256000006
Thanet 011,E02005142,0.2,0.4,5216.3946000000005,514.22,575.1918,438.55620000000005,602.3720000000001,18.333333333,16.7499819,3.4774976470000007
Thanet 012,E02005143,0.2,0.4,6662.0569,471.0122,459.2788,328.5352,459.2788,10.333333333,14.39227225,3.1709953925
Thanet 013,E02005144,0.0,0.2,7461.234,428.57099999999997,416.097,261.954,341.253,12.333333333,14.628794400000002,3.2017432720000003
Thanet 014,E02005145,0.4,0.6,5541.0074,540.3652,584.1378,425.6508,455.8388,13.666666666,13.10355422,3.0034620486000003
Thanet 015,E02005146,0.2,0.4,7106.044800000001,402.5428,353.4725,214.5786,238.6979,9.333333334,10.540965800000002,2.6703255540000006
Thanet 016,E02005147,0.0,0.2,6987.5088000000005,543.414,533.6944,343.7204,427.6624,14.666666666,17.116038879999998,3.5250850544
Thanet 017,E02005148,0.4,0.6,5173.063,650.574,704.404,522.1510000000001,638.27,16.333333333,16.4628289,3.440167757
Three Rivers 001,E02004956,0.8,1.0,7069.6934,480.4646,484.92159999999996,364.5826,514.3378,13.000000001,11.53230922,2.7992001986000004
Three Rivers 002,E02004957,0.6,0.8,8972.285399999999,444.5727,376.1769,270.4743,301.5633,11.333333334,9.75510642,2.5681638346
Three Rivers 003,E02004958,0.8,1.0,6305.8640000000005,367.11679999999996,460.4784,287.9968,490.544,10.666666667,10.382917599999999,2.649779288
Three Rivers 004,E02004959,0.8,1.0,4721.5005,297.902,324.984,235.12099999999998,574.2615,15.999999999,10.15470365,2.6201114745
Three Rivers 005,E02004960,0.8,1.0,4609.6128,312.012,294.516,272.3544,343.50480000000005,6.333333334,7.73626464,2.3057144032
Three Rivers 006,E02004961,0.8,1.0,8029.7595,459.9315,461.8845,324.198,488.25,10.999999999,11.24429985,2.7617589805000002
Three Rivers 007,E02004962,0.8,1.0,7412.39,366.055,374.10999999999996,300.71999999999997,496.725,13.333333335,10.671622,2.68731086
Three Rivers 008,E02004963,0.4,0.6,6301.791300000001,357.3066,325.4307,189.77280000000002,237.95730000000003,6.333333334,7.900997790000002,2.3271297127000006
Three Rivers 009,E02004964,0.4,0.6,4694.7582,250.36469999999997,229.64100000000002,174.75119999999998,252.6051,4.666666667,6.90748926,2.1979736038
Three Rivers 010,E02004965,0.6,0.8,5258.6697,372.91130000000004,407.3763,328.1068,526.6252,15.333333334,11.38633991,2.7802241883
Three Rivers 011,E02004966,0.8,1.0,5738.4751,446.0187,430.32959999999997,319.0117,537.1649,11.0,10.97811153,2.7271544989
Three Rivers 012,E02004967,0.2,0.4,6860.7648,310.26239999999996,194.4,146.18880000000001,264.384,10.0,9.3346992,2.513510896
Thurrock 001,E02003296,0.8,1.0,5218.5932,475.55859999999996,581.5482000000001,296.3525,400.9475,12.333333334,9.57197656,2.5443569528000003
Thurrock 002,E02003297,0.4,0.6,5509.2954,388.4622,457.1406,348.3998,451.41739999999993,18.333333333,11.76568302,2.8295387926
Thurrock 003,E02003298,0.4,0.6,5237.4144,367.3824,501.6576,271.9584,438.2688,15.666666666,11.20359552,2.7564674176
Thurrock 004,E02003299,0.6,0.8,4722.186,403.767,378.798,243.6,342.258,12.666666667,8.7222198,2.433888574
Thurrock 005,E02003300,0.6,0.8,7012.085100000001,403.7491,411.33520000000004,284.9002,318.6162,7.666666667,9.48574373,2.5331466849
Thurrock 006,E02003301,0.2,0.4,9966.222,470.94390000000004,416.2095,283.93469999999996,266.8302,14.666666667,13.250286,3.02253718
Thurrock 007,E02003302,0.2,0.4,9451.5196,411.16720000000004,348.3204,184.2796,255.648,15.333333333,11.710276200000001,2.822335906
Thurrock 008,E02003303,0.2,0.4,7794.866000000001,389.7433,351.93910000000005,209.72330000000002,254.7283,10.000000001,10.999222000000001,2.7298988600000005
Thurrock 009,E02003304,0.4,0.6,7836.5952,500.477,548.0952,305.1452,526.7156,17.666666667,13.69577176,3.0804503288
Thurrock 010,E02003305,0.4,0.6,5250.168000000001,371.224,379.1788,276.4293,351.33700000000005,11.999999999,9.708833400000001,2.5621483420000004
Thurrock 012,E02003307,0.2,0.4,8472.9678,448.97380000000004,447.9464,310.2748,594.8645999999999,24.666666667,16.685489699999998,3.4691136609999997
Thurrock 013,E02003308,0.4,0.6,6170.787,351.183,301.7307,171.2913,171.2913,10.333333333,6.843768300000001,2.1896898790000003
Thurrock 014,E02003309,0.6,0.8,6199.622,384.25530000000003,387.2869,272.844,333.476,10.666666666,9.2100008,2.497300104
Thurrock 015,E02003310,0.2,0.4,14182.72,326.368,237.63200000000003,138.368,151.90400000000002,7.999999999,11.812416,2.83561408
Thurrock 016,E02003311,0.4,0.6,8082.195,264.0825,263.175,193.29749999999999,271.3425,13.333333333,8.4214185,2.3947844050000002
Thurrock 017,E02003312,0.2,0.4,9194.9056,172.1856,158.5664,101.1712,102.144,5.666666667,7.6822016,2.2986862080000003
Thurrock 018,E02003313,0.0,0.2,12946.1115,443.982,397.854,275.3265,353.1675,17.333333333,18.1421424,3.6584785120000003
Thurrock 019,E02006859,0.8,1.0,7730.640599999999,113.2371,85.93169999999999,56.217,44.9736,0.999999999,3.49332438,1.7541321694
Thurrock 020,E02006926,0.8,1.0,7699.622,242.179,168.6902,116.07889999999999,124.4299,6.333333333,5.0807484,1.9604972920000001
Tonbridge and Malling 001,E02005149,0.6,0.8,8983.0867,520.1252000000001,558.3697,399.9282,466.5829,13.666666667,13.10070811,3.0030920542999997
Tonbridge and Malling 002,E02005150,0.4,0.6,9941.5656,526.9464,478.82880000000006,353.2536,436.57919999999996,11.666666666,13.310149679999999,3.0303194584
Tonbridge and Malling 003,E02005151,0.6,0.8,10256.3008,639.3472,724.6784,520.9024,593.4976,16.333333332,16.387283840000002,3.430346899200001
Tonbridge and Malling 005,E02005153,0.4,0.6,7411.469300000001,461.041,543.8402,394.2371,597.4715,10.0,14.855964190000002,3.2312753447
Tonbridge and Malling 006,E02005154,0.6,0.8,9182.0825,621.8430000000001,682.397,473.9515,687.055,18.333333333,16.655261250000002,3.4651839625000003
Tonbridge and Malling 007,E02005155,0.8,1.0,11051.6525,438.18249999999995,530.1625,385.805,366.6425,11.0,11.21427825,2.7578561725000004
Tonbridge and Malling 008,E02005156,0.6,0.8,5479.55,461.1,477.04999999999995,370.475,462.54999999999995,10.333333333,11.41469,2.7839097
Tonbridge and Malling 009,E02005157,0.4,0.6,5279.3125,369.875,396.6875,340.3125,488.12500000000006,9.333333333,11.80966875,2.8352569375
Tonbridge and Malling 010,E02005158,0.8,1.0,5257.4508,379.6632,415.044,298.0152,452.466,6.333333334,9.63385164,2.5524007132
Tonbridge and Malling 011,E02005159,0.6,0.8,5821.1062,423.59430000000003,476.6411,431.3953,647.483,10.000000001,13.779374359999998,3.0913186668
Tonbridge and Malling 012,E02005160,0.6,0.8,10514.9984,354.35519999999997,470.01279999999997,344.512,620.1216000000001,12.666666667,14.28715872,3.1573306336
Tonbridge and Malling 013,E02005161,0.8,1.0,7499.5551,308.5452,347.5467,189.8073,321.5457,7.333333334,8.04808953,2.3462516389
Tonbridge and Malling 014,E02006833,0.4,0.6,9028.1463,704.0032,673.8978000000001,500.2128,675.0557,15.333333334,17.91398669,3.6288182697
Torbay 001,E02003154,0.0,0.2,5484.3333999999995,403.3237,484.4229,377.2561,490.9398,11.333333333,16.26140334,3.4139824342000002
Torbay 002,E02003155,0.2,0.4,4108.24,374.473,425.826,306.964,553.92,16.666666667,13.676631,3.07796203
Torbay 003,E02003156,0.4,0.6,8573.3992,592.144,581.57,408.1564,418.7304,10.999999999,13.556290960000002,3.0623178248
Torbay 004,E02003157,0.0,0.2,5240.965099999999,375.6872,351.2418,225.15500000000003,239.30759999999998,12.333333334,11.22700026,2.7595100338000003
Torbay 005,E02003158,0.2,0.4,3890.5818,387.5806,442.7057,385.8757,576.2562,17.333333333,14.4950598,3.1843577740000004
Torbay 006,E02003159,0.0,0.2,4794.361599999999,254.3688,278.5944,171.30960000000002,269.94239999999996,11.0,9.97990896,2.5973881648
Torbay 008,E02003161,0.0,0.2,6077.8895999999995,441.4608,348.5608,212.5552,350.04720000000003,12.333333333,13.28529456,3.0270882928000002
Torbay 010,E02003163,0.2,0.4,4604.416,709.274,846.906,642.804,1015.8179999999999,24.666666668,24.507098,4.48592274
Torbay 011,E02003164,0.4,0.6,6112.596,650.8824,760.4016,538.692,842.3183999999999,21.666666666,19.5171228,3.837225964
Torbay 012,E02003165,0.4,0.6,5369.3588,435.98879999999997,505.0916,324.142,490.1312,13.333333335,12.329578040000001,2.9028451452000006
Torbay 013,E02003166,0.0,0.2,9435.998399999999,630.936,630.936,472.0336,514.096,14.333333334,21.44434624,4.0877650112
Torbay 014,E02003167,0.0,0.2,6690.492899999999,639.2736,607.8806999999999,560.3157,1015.9884000000001,24.666666667,26.36413794,4.7273379322
Torbay 015,E02003168,0.4,0.6,4860.7052,549.2604,604.1152,506.5164,603.4028,11.0,15.25312516,3.2829062708
Torbay 016,E02003169,0.6,0.8,3992.0265,650.793,771.21,559.4655,790.152,18.0,17.07303345,3.5194943485000003
Torbay 017,E02003170,0.2,0.4,6034.095899999999,807.6537000000001,1023.5988,746.7705,900.8811,27.666666666,25.57237095,4.6244082235
Torbay 018,E02003171,0.2,0.4,5140.6767,590.367,622.5009,478.272,639.6888,19.333333334,17.85561255,3.6212296315000003
Torbay 019,E02006840,0.4,0.6,8268.5655,695.8965000000001,764.9382,554.5254,672.8826,23.333333334,18.33385905,3.6834016765
Torridge 001,E02004220,0.2,0.4,4066.5219999999995,532.952,559.354,462.34200000000004,518.83,18.666666666,15.331887000000002,3.2931453100000003
Torridge 002,E02004221,0.4,0.6,3795.5115,576.3345,664.3245000000001,483.945,766.1415000000001,16.0,17.045988450000003,3.515978498500001
Torridge 003,E02004222,0.2,0.4,4647.276,394.3872,379.35720000000003,237.474,354.1068,17.0,10.935828,2.72165764
Torridge 004,E02004223,0.2,0.4,10297.318200000002,768.0179,713.0682,461.3219,541.8296,22.666666666,20.0361941,3.9047052330000005
Torridge 005,E02004224,0.4,0.6,4475.6249,568.1374999999999,580.4742,386.9828,481.7806,13.0,12.90412327,2.9775360251
Torridge 006,E02004225,0.4,0.6,4536.5736,353.76399999999995,411.32559999999995,284.2104,408.9272000000001,11.333333334,10.32619128,2.6424048664
Torridge 007,E02004226,0.2,0.4,4965.444399999999,662.1076,625.1224,468.47920000000005,530.1212,15.666666667,16.6103434,3.4593446420000005
Torridge 008,E02004227,0.2,0.4,7313.1608,775.852,812.1256000000001,508.838,666.0235999999999,17.666666665,20.786787999999998,4.00228244
Torridge 009,E02004228,0.2,0.4,4966.335,601.506,624.258,440.109,478.503,12.0,15.6075165,3.3289771449999996
Tower Hamlets 001,E02000864,0.0,0.2,9444.646400000001,307.0592,213.2928,112.3136,226.688,5.666666667,11.77499904,2.8307498752000004
Tower Hamlets 002,E02000865,0.0,0.2,7701.2732000000005,223.4932,192.4058,119.3084,167.1998,5.666666666,9.541815320000001,2.5404359916000003
Tower Hamlets 003,E02000866,0.2,0.4,9814.9044,400.14360000000005,293.87239999999997,151.816,183.26359999999997,7.000000001,10.545247799999999,2.6708822139999997
Tower Hamlets 004,E02000867,0.2,0.4,12000.286,261.4552,152.304,138.3428,137.0736,2.666666666,10.0070074,2.6009109620000004
Tower Hamlets 005,E02000868,0.2,0.4,6913.6621000000005,149.6719,113.5442,61.9332,134.1886,8.666666666,6.40381915,2.1324964895000003
Tower Hamlets 006,E02000869,0.0,0.2,5926.8054999999995,224.6849,166.0428,120.5787,150.2292,6.666666666,8.1565231,2.360348003
Tower Hamlets 007,E02000870,0.2,0.4,6361.078799999999,192.4872,147.4812,78.24119999999999,143.3268,6.666666668,6.6155358,2.160019654
Tower Hamlets 008,E02000871,0.0,0.2,10619.750399999999,268.464,194.20800000000003,115.38239999999999,225.05280000000002,5.333333334,12.19352064,2.8851576832
Tower Hamlets 009,E02000872,0.0,0.2,8555.6946,175.9386,117.89699999999999,68.0175,150.5454,5.0,8.88526206,2.4550840678
Tower Hamlets 010,E02000873,0.2,0.4,10236.473,151.06,129.48,103.58399999999999,168.324,6.0,8.8343125,2.448460625
Tower Hamlets 011,E02000874,0.0,0.2,7560.935,170.342,106.062,82.76050000000001,114.09700000000001,2.999999999,7.8670685,2.3227189050000003
Tower Hamlets 012,E02000875,0.0,0.2,12850.5247,285.53700000000003,193.0774,118.2939,148.2073,7.666666667,12.70993172,2.9522911236000002
Tower Hamlets 013,E02000876,0.0,0.2,7720.250400000001,170.0424,94.37759999999999,63.4608,87.0552,2.666666666,7.443138240000001,2.2676079712000003
Tower Hamlets 014,E02000877,0.2,0.4,12171.445,240.20039999999997,178.2132,134.3056,189.8358,5.0,10.737345300000001,2.6958548890000005
Tower Hamlets 015,E02000878,0.2,0.4,10911.6448,268.8002,192.50320000000002,123.24900000000001,240.62899999999996,5.999999999,10.7825268,2.701728484
Tower Hamlets 016,E02000879,0.2,0.4,8310.9066,214.7856,245.337,156.4602,330.51059999999995,10.333333333,10.8425067,2.7095258710000003
Tower Hamlets 017,E02000880,0.2,0.4,6105.816000000001,141.384,119.02560000000001,68.3904,142.04160000000002,3.333333334,6.1363944,2.097731272
Tower Hamlets 018,E02000881,0.0,0.2,8600.06,196.7035,129.91580000000002,94.2347,129.91580000000002,4.666666666,9.011765,2.4715294500000002
Tower Hamlets 019,E02000882,0.0,0.2,9740.82,234.6176,177.01059999999998,108.9296,213.6696,8.333333333,11.229175399999999,2.7597928019999998
Tower Hamlets 020,E02000883,0.0,0.2,8244.2598,236.7288,178.44330000000002,123.74459999999999,184.7202,6.666666667,10.10527098,2.6136852274000004
Tower Hamlets 021,E02000884,0.2,0.4,12553.8347,183.862,130.01670000000001,98.4975,168.10240000000002,3.0,10.05528145,2.6071865885000003
Tower Hamlets 022,E02000885,0.0,0.2,6937.117,226.7234,194.2238,141.6054,237.55659999999997,6.333333333,10.108923200000001,2.6141600160000005
Tower Hamlets 023,E02000886,0.2,0.4,8545.446,229.125,171.3855,81.5685,138.3915,2.666666666,7.8773175,2.3240512750000004
Tower Hamlets 024,E02000887,0.0,0.2,10499.5392,282.9552,153.2208,98.4192,148.7472,8.666666667,10.954504320000002,2.7240855616000004
Tower Hamlets 025,E02000888,0.2,0.4,9623.159599999999,214.347,115.33909999999999,84.7181,169.4362,3.666666668,8.5422383,2.410490979
Tower Hamlets 026,E02000889,0.4,0.6,7872.383,274.914,129.82049999999998,90.78949999999999,117.093,4.666666667,5.3806779,1.9994881270000002
Tower Hamlets 027,E02000890,0.8,1.0,5972.1459,263.2314,211.7877,110.9046,122.2623,5.333333333,4.64109027,1.9033417351000002
Tower Hamlets 028,E02000891,0.4,0.6,18684.2856,251.862,156.9294,122.0562,160.8042,6.333333333,9.39871488,2.5218329344
Tower Hamlets 030,E02000893,0.4,0.6,7429.149,237.5058,211.56660000000002,99.7038,129.696,4.0,5.7045975,2.0415976750000002
Tower Hamlets 031,E02000894,0.6,0.8,11075.0908,272.0487,184.8989,116.59230000000001,127.19159999999998,3.666666666,6.58828934,2.1564776142
Tower Hamlets 032,E02006853,0.2,0.4,10079.552,164.892,113.09899999999999,98.30099999999999,113.09900000000002,3.666666667,8.032143,2.3441785900000003
Tower Hamlets 033,E02006854,0.6,0.8,7699.967,141.328,76.285,73.876,39.347,1.333333333,3.6999831000000003,1.780997803
Trafford 001,E02001259,0.0,0.2,10033.0384,285.3774,179.31760000000003,126.83439999999999,309.43219999999997,14.999999999,12.94432524,2.9827622812000003
Trafford 002,E02001260,0.6,0.8,6187.32,348.075,452.115,299.115,361.84499999999997,14.333333333,9.836676,2.57876788
Trafford 003,E02001261,0.2,0.4,7674.347199999999,278.8656,208.0832,143.2704,224.28640000000001,12.333333333,9.2004328,2.496056264
Trafford 004,E02001262,0.2,0.4,7506.387199999999,307.2992,243.42239999999998,204.5784,370.3128,13.0,11.524583199999999,2.798195816
Trafford 005,E02001263,0.8,1.0,6404.4856,460.3172,510.26120000000003,375.4124,574.356,13.666666667,12.057480479999999,2.8674724624
Trafford 006,E02001264,0.4,0.6,7312.5702,322.22580000000005,290.7684,251.6592,325.6266,10.0,9.41877066,2.5244401858
Trafford 007,E02001265,0.4,0.6,6535.893,438.15590000000003,438.15590000000003,289.94419999999997,396.0411,20.666666666,11.081861700000001,2.740642021
Trafford 008,E02001266,0.2,0.4,5803.869999999999,320.382,333.644,205.91,316.194,10.0,10.433354999999999,2.65633615
Trafford 009,E02001267,0.4,0.6,6074.7192,360.2874,361.80760000000004,252.35320000000002,551.8326,16.666666666,12.126331359999998,2.8764230768
Trafford 010,E02001268,0.6,0.8,5322.0304,448.8968,438.3428,344.0604,484.0768,16.0,11.29292072,2.7680796936
Trafford 011,E02001269,0.2,0.4,7084.5693,407.5455,340.3215,202.5123,366.3708,16.666666666,11.94024285,2.8522315705
Trafford 012,E02001270,0.8,1.0,7202.022,333.5136,349.67879999999997,230.5668,393.9204,12.000000001,9.0129498,2.4716834739999998
Trafford 013,E02001271,0.4,0.6,5338.25,350.425,303.265,224.665,334.05,12.666666667,8.871975,2.45335675
Trafford 014,E02001272,0.8,1.0,6648.0992,408.50559999999996,379.6796,312.968,485.924,11.333333334,10.48080416,2.6625045408
Trafford 015,E02001273,0.8,1.0,8520.067200000001,418.06919999999997,401.794,289.902,541.1504,15.0,11.59791096,2.8077284248
Trafford 016,E02001274,0.8,1.0,5955.8326,479.3797,537.0013,400.95029999999997,628.2355,16.333333335,12.73485378,2.9555309914
Trafford 017,E02001275,0.0,0.2,7357.8603,385.2102,297.1128,216.7887,378.3006,15.666666667,13.88345928,3.1048497064000005
Trafford 018,E02001276,0.4,0.6,6782.3596,395.8956,375.5306,231.34640000000002,359.2386,13.666666667,10.02756308,2.6035832004
Trafford 019,E02001277,0.2,0.4,8525.6952,299.9568,323.9918,250.92540000000002,214.3922,9.666666666,10.7878694,2.702423022
Trafford 020,E02001278,0.8,1.0,7146.6382,404.9357,433.55,245.3893,439.6197,17.333333334,9.88372606,2.5848843878000003
Trafford 021,E02001279,0.8,1.0,6960.7316,420.5906,429.15659999999997,312.659,441.14900000000006,10.333333334,10.20364788,2.6264742244
Trafford 022,E02001280,0.2,0.4,6824.4726,399.0132,435.2106,299.6808,457.9392,15.333333333,13.943154300000002,3.1126100590000005
Trafford 023,E02001281,0.8,1.0,5826.2673,398.23380000000003,456.2142,381.45000000000005,566.8347,19.999999999,11.59920789,2.8078970257
Trafford 024,E02001282,0.8,1.0,8753.5056,417.0264,355.2822,254.06220000000002,341.11139999999995,15.0,9.193205279999999,2.4951166864000003
Trafford 025,E02001283,0.8,1.0,7754.5380000000005,433.1712,472.8141,380.9586,627.5181,20.0,12.9458241,2.982957133
Trafford 026,E02001284,0.8,1.0,7137.609599999999,355.15520000000004,360.2048,223.8656,340.0064,13.333333333,8.43140128,2.3960821664000003
Trafford 027,E02001285,0.8,1.0,6166.745199999999,446.71340000000004,458.83040000000005,393.3986,613.1202,18.666666667,12.372426359999999,2.9084154268
Trafford 028,E02001286,0.8,1.0,6224.905400000001,448.58239999999995,470.022,399.93100000000004,701.7346,21.0,13.423416020000001,3.0450440826000005
Tunbridge Wells 001,E02005162,0.6,0.8,8084.3454,613.8558,674.3033999999999,446.0616,603.4338,13.333333334,15.218308619999998,3.2783801205999996
Tunbridge Wells 002,E02005163,0.8,1.0,6890.3792,338.168,422.29760000000005,250.7392,344.76640000000003,9.666666667,8.634171360000002,2.4224422768
Tunbridge Wells 003,E02005164,0.6,0.8,6956.393999999999,333.6,365.292,276.054,408.66,9.0,10.090816199999999,2.611806106
Tunbridge Wells 004,E02005165,0.8,1.0,5792.9208,477.81480000000005,525.2850000000001,403.8858,582.8718,15.666666667,12.175094640000001,2.8827623032000003
Tunbridge Wells 005,E02005166,0.2,0.4,6202.2375,262.4715,268.22429999999997,181.9323,276.1344,5.666666667,9.548569350000001,2.5413140155000002
Tunbridge Wells 006,E02005167,0.8,1.0,5976.162300000001,471.2838,514.6293,363.3141,554.0343,11.999999999,11.67562269,2.8178309497000003
Tunbridge Wells 007,E02005168,0.8,1.0,6430.754,313.962,317.867,238.986,509.21200000000005,6.666666666,9.9891462,2.598589006
Tunbridge Wells 008,E02005169,0.8,1.0,8670.331799999998,322.65360000000004,306.9144,212.47920000000002,326.5884,7.0,8.51510394,2.4069635122
Tunbridge Wells 009,E02005170,0.8,1.0,8283.1392,403.4128,406.4536,325.3656,719.6560000000001,18.333333333,13.647718560000001,3.0742034128
Tunbridge Wells 010,E02005171,0.4,0.6,5364.9304,262.5142,284.6618,228.6414,372.6008,9.666666667,9.11621272,2.4851076536
Tunbridge Wells 011,E02005172,0.6,0.8,6977.736000000001,458.4618,510.1812,379.5678,439.1766,7.0,11.7797508,2.8313676040000004
Tunbridge Wells 012,E02005173,0.8,1.0,6791.8449,460.1237,475.8395,392.895,611.1700000000001,11.0,12.59682487,2.9375872331000004
Tunbridge Wells 013,E02005174,0.6,0.8,5724.2052,432.47520000000003,497.9556,351.7668,606.8358,10.333333334,13.00806216,2.9910480808
Tunbridge Wells 014,E02005175,0.6,0.8,6654.1214,501.4522,575.221,432.0744,620.0092,6.666666666,14.28049802,3.1564647426
Uttlesford 001,E02004591,0.8,1.0,5664.8412,392.2584,405.8586,317.0994,378.6582,7.666666667,9.046423560000001,2.4760350628000003
Uttlesford 002,E02004592,0.8,1.0,10756.865600000001,681.85,707.7603,530.4793,958.6811,16.999999999,19.204168879999997,3.7965419543999994
Uttlesford 003,E02004593,0.8,1.0,6524.973,536.5542,575.484,350.3682,474.77430000000004,12.0,11.1559266,2.750270458
Uttlesford 004,E02004594,0.8,1.0,6774.8658000000005,422.0464,489.26750000000004,359.9307,464.59139999999996,11.333333333,10.765246439999999,2.6994820372
Uttlesford 005,E02004595,0.8,1.0,11373.6528,671.4048,693.6,485.52000000000004,645.048,9.666666666,15.66523344,3.3364803472
Uttlesford 006,E02004596,0.6,0.8,8871.2644,429.65939999999995,452.65819999999997,316.7562,386.798,11.666666666,11.16988992,2.7520856896000003
Uttlesford 007,E02004597,0.6,0.8,6558.570199999999,426.7646,403.2804,281.81039999999996,427.5744,11.333333333,10.54659226,2.6710569938
Uttlesford 008,E02004598,0.8,1.0,8916.5229,609.3906000000001,577.0237000000001,419.65360000000004,638.4092,16.666666666,14.16855467,3.1419121071000005
Uttlesford 009,E02004599,0.8,1.0,6186.4608,395.2635,466.4892,333.4302,445.35630000000003,6.666666667,10.14551394,2.6189168122
Vale of White Horse 001,E02005978,0.8,1.0,5732.758199999999,419.0081,481.89720000000005,309.14160000000004,633.4372000000001,9.333333333,12.03515526,2.8645701838
Vale of White Horse 002,E02005979,0.8,1.0,7923.5739,498.15000000000003,473.2425,386.56440000000003,681.4691999999999,12.000000001,13.74884037,3.0873492480999998
Vale of White Horse 003,E02005980,0.8,1.0,9703.8738,572.3076,631.4702,495.03400000000005,673.7292,12.666666667,15.20490894,3.2766381622000003
Vale of White Horse 004,E02005981,0.8,1.0,7180.2432,558.1056,549.1616,321.0896,334.5056,11.666666667,9.65361696,2.5549702048
Vale of White Horse 005,E02005982,0.8,1.0,4769.5948,310.85179999999997,326.45439999999996,258.043,336.056,8.666666667,7.69232184,2.3000018392
Vale of White Horse 006,E02005983,0.6,0.8,9525.279400000001,449.5673,483.08259999999996,401.02790000000005,699.1985,15.0,15.38537182,3.3000983365999996
Vale of White Horse 007,E02005984,0.8,1.0,6366.349999999999,497.954,472.002,357.651,414.42100000000005,11.666666667,10.196703,2.62557139
Vale of White Horse 008,E02005985,0.4,0.6,6224.8964,436.23539999999997,462.4572,354.3916,468.01939999999996,11.333333333,12.33235092,2.9032056196
Vale of White Horse 009,E02005986,0.6,0.8,8011.6042,501.35069999999996,549.3842999999999,406.2842,537.3759,10.0,13.54627576,3.0610158488000003
Vale of White Horse 010,E02005987,0.6,0.8,7325.942999999999,439.7368,483.8907,300.0663,463.16540000000003,6.666666666,11.6079702,2.809036126
Vale of White Horse 011,E02005988,0.8,1.0,6178.214399999999,397.6764,396.9072,323.064,397.67639999999994,10.666666667,9.432391919999999,2.5262109496000003
Vale of White Horse 014,E02005991,0.8,1.0,7566.577200000001,535.626,586.7316000000001,429.4836,708.5988,15.333333334,14.45669316,3.1793701108
Vale of White Horse 015,E02005992,0.8,1.0,9822.473999999998,549.942,627.638,446.752,693.194,11.666666667,15.1607962,3.270903506
Vale of White Horse 016,E02006886,0.8,1.0,10321.058399999998,651.8292,675.0168,557.7905999999999,680.1696,15.0,16.020828119999997,3.3827076556
Wakefield 001,E02002438,0.0,0.2,7181.4894,397.1252,395.4208,237.7638,309.3486,12.333333334,13.648153440000002,3.0742599472000003
Wakefield 002,E02002439,0.0,0.2,6848.389399999999,360.09299999999996,410.5888,250.8234,408.1054,11.666666667,14.615471239999998,3.2000112612
Wakefield 003,E02002440,0.0,0.2,6460.7508,456.4574,418.0862,286.1852,374.11920000000003,8.0,14.741895280000001,3.2164463864000004
Wakefield 004,E02002441,0.0,0.2,7758.313499999999,390.9554,442.3969,347.93159999999995,414.3379,17.000000001,16.2293256,3.409812328
Wakefield 005,E02002442,0.4,0.6,6019.353000000001,385.641,337.527,245.673,301.077,10.666666667,9.0141579,2.4718405270000003
Wakefield 006,E02002443,0.6,0.8,5299.981,332.0854,325.07399999999996,223.09000000000003,193.1322,9.0,6.794365300000001,2.1832674890000003
Wakefield 007,E02002444,0.4,0.6,4997.184399999999,347.0607,313.3952,222.80440000000002,240.55530000000002,8.0,7.67034752,2.2971451776
Wakefield 008,E02002445,0.4,0.6,6006.3117,381.45000000000005,497.41079999999994,297.531,446.2965,13.333333334,11.69518071,2.8203734923
Wakefield 009,E02002446,0.6,0.8,4530.552500000001,352.9994,353.5897,327.61650000000003,338.83220000000006,7.666666666,8.844760050000001,2.4498188065
Wakefield 010,E02002447,0.2,0.4,5019.012,300.8655,362.79,223.929,347.77799999999996,11.666666667,10.6041015,2.678533195
Wakefield 011,E02002448,0.0,0.2,6528.647,418.7284,363.59049999999996,266.8994,413.1347,12.666666666,14.654694899999999,3.205110337
Wakefield 012,E02002449,0.4,0.6,7417.6287999999995,406.042,398.90279999999996,298.954,398.9028,13.333333334,11.21354144,2.7577603872000003
Wakefield 013,E02002450,0.4,0.6,5889.8427,375.9322,370.9293,240.8539,268.0125,8.0,8.663807810000002,2.4262950153
Wakefield 014,E02002451,0.6,0.8,5682.52,485.64,519.84,373.92,537.3199999999999,12.666666666,12.535516000000001,2.9296170800000003
Wakefield 015,E02002452,0.0,0.2,6960.2285,386.44599999999997,406.60839999999996,277.233,368.8039,13.333333333,14.5076869,3.185999297
Wakefield 016,E02002453,0.0,0.2,8109.540099999999,484.4432,483.4665,331.1013,361.3790000000001,15.0,16.359529660000003,3.426738855800001
Wakefield 017,E02002454,0.0,0.2,7550.8,326.8,229.62,172.0,320.78,13.666666667,12.365940000000002,2.9075722000000006
Wakefield 018,E02002455,0.0,0.2,5374.6832,282.9456,282.9456,196.9712,278.4544,10.333333333,10.77451712,2.7006872256000003
Wakefield 019,E02002456,0.2,0.4,6911.157,349.1367,303.0093,221.8887,168.6036,10.666666666,9.2914899,2.507893687
Wakefield 020,E02002457,0.0,0.2,6821.1376,367.4904,373.9376,204.6986,291.73580000000004,14.0,12.733542360000001,2.9553605068
Wakefield 021,E02002458,0.4,0.6,7170.190000000001,512.4173999999999,590.0564,371.7538,489.5824,17.333333334,13.641629000000002,3.0734117700000003
Wakefield 022,E02002459,0.2,0.4,8275.192,409.4144,401.6896,242.3656,326.3728,17.0,12.5856304,2.936131952
Wakefield 023,E02002460,0.6,0.8,5130.0288,514.1344,509.18399999999997,333.0912,587.6831999999999,12.333333333,12.73398464,2.9554180032
Wakefield 024,E02002461,0.2,0.4,9406.929,517.73,481.714,370.2895,478.33750000000003,17.333333334,16.515587,3.44702631
Wakefield 025,E02002462,0.4,0.6,5861.352,448.03499999999997,487.94399999999996,336.59099999999995,398.33700000000005,10.333333334,11.405841600000002,2.7827594080000004
Wakefield 026,E02002463,0.0,0.2,8726.6916,373.626,347.3712,267.597,382.7142,13.333333333,15.306750360000002,3.2898775468000006
Wakefield 027,E02002464,0.0,0.2,7052.08,412.4575,397.88,312.98749999999995,400.4525,10.000000001,15.279278000000001,3.28630614
Wakefield 028,E02002465,0.2,0.4,4588.3292,394.98159999999996,377.4134,290.1782,408.30920000000003,12.999999999,11.9197208,2.8495637040000004
Wakefield 029,E02002466,0.4,0.6,7160.358399999999,554.5184,607.5512,454.03520000000003,527.5368,18.666666665,14.74200192,3.2164602496
Wakefield 030,E02002467,0.0,0.2,8005.603400000001,319.10949999999997,303.8282,137.5317,222.92720000000003,12.0,11.55589884,2.8022668492
Wakefield 031,E02002468,0.4,0.6,4805.0197,362.1373,420.1042,258.0462,388.31590000000006,12.666666667,10.054265310000002,2.6070544903000004
Wakefield 032,E02002469,0.4,0.6,4923.1466,348.2794,425.74479999999994,317.4192,283.40999999999997,11.666666667,9.18191718,2.4936492334
Wakefield 033,E02002470,0.8,1.0,4131.4284,427.7489,564.604,423.45300000000003,589.7656999999999,10.666666668,11.82882202,2.8377468626000004
Wakefield 034,E02002471,0.6,0.8,8464.3874,705.1813999999999,680.8648000000001,542.7022999999999,658.7588,12.666666666,16.63299652,3.4622895476
Wakefield 035,E02002472,0.6,0.8,4500.5433,393.4062,418.8063,287.6709,305.9826,10.333333334,8.61636369,2.4201272797
Wakefield 036,E02002473,0.6,0.8,4947.0176,451.8784,464.3576,342.8496,361.24000000000007,8.333333334,9.93318048,2.5913134624000005
Wakefield 037,E02002474,0.2,0.4,5536.4099,322.7954,326.8136,203.5888,307.3923,10.333333334,10.15767475,2.6204977175
Wakefield 038,E02002475,0.6,0.8,4656.0401999999995,426.81940000000003,458.24940000000004,321.2146,424.93360000000007,9.666666667,10.36379106,2.6472928378000002
Wakefield 039,E02002476,0.0,0.2,5360.251200000001,277.4076,269.79,196.788,243.1284,11.333333333,10.247195520000002,2.6321354176000002
Wakefield 040,E02002477,0.2,0.4,5200.9643,404.7315,336.2891,259.9495,379.0656,10.0,11.52826675,2.7986746775
Wakefield 041,E02002478,0.2,0.4,5126.813999999999,281.124,280.5075,223.7895,253.3815,6.0,9.135913500000001,2.4876687550000005
Wakefield 042,E02002479,0.0,0.2,6415.128000000001,522.918,488.724,437.016,474.54600000000005,15.333333332,17.660950800000002,3.595923604
Wakefield 043,E02002480,0.0,0.2,4392.4391000000005,392.68440000000004,316.90319999999997,312.31039999999996,326.0888,10.333333333,12.28263986,2.8967431818
Wakefield 044,E02002481,0.0,0.2,6070.485599999999,331.42199999999997,292.8168,228.71759999999998,362.01480000000004,14.333333333,12.70868616,2.9521292008
Wakefield 045,E02002482,0.0,0.2,5956.900799999999,323.9856,323.9856,246.74400000000003,300.384,12.0,12.145812480000002,2.8789556224000004
Walsall 001,E02002110,0.2,0.4,6000.2796,284.6067,322.41159999999996,256.78799999999995,270.3407,7.666666667,10.1852107,2.624077391
Walsall 002,E02002111,0.0,0.2,4907.3,289.53999999999996,378.82,287.06,337.28000000000003,9.333333334,12.342960000000001,2.9045848000000003
Walsall 003,E02002112,0.4,0.6,4061.0502,296.3527,381.0249,292.6014,327.9708,8.666666666,9.02637806,2.4734291478
Walsall 004,E02002113,0.2,0.4,5194.8222,330.26939999999996,349.5834,233.6994,328.9818,10.333333333,10.5702303,2.674129939
Walsall 005,E02002114,0.4,0.6,4348.5208,297.8521,418.9107,355.3849,571.7322,13.666666666,12.568999040000001,2.9339698752000003
Walsall 006,E02002115,0.0,0.2,5373.6897,322.4622,359.1984,298.6517,448.99800000000005,10.333333333,14.111054720000002,3.1344371136000007
Walsall 007,E02002116,0.6,0.8,4899.51,413.292,475.9524,409.959,465.95339999999993,13.333333334,11.375528999999998,2.77881877
Walsall 008,E02002117,0.2,0.4,5195.3364,391.1308,380.718,209.5576,331.2572,6.666666667,10.735922200000001,2.695669886
Walsall 009,E02002118,0.0,0.2,6124.9583999999995,318.7128,294.828,270.9432,455.304,7.0,14.10292944,3.1333808272
Walsall 010,E02002119,0.2,0.4,4673.628,294.909,288.99899999999997,287.817,364.647,8.666666667,10.76802,2.6998426
Walsall 011,E02002120,0.4,0.6,4928.137599999999,392.8048,337.04,252.4736,216.93120000000002,6.0,7.73022688,2.3049294944
Walsall 012,E02002121,0.0,0.2,5614.5160000000005,276.5208,267.7744,191.74800000000002,379.4592,11.333333334,11.985932000000002,2.8581711600000004
Walsall 013,E02002122,0.0,0.2,5782.752,218.376,184.68,131.54399999999998,162.0,8.333333333,8.3497392,2.385466096
Walsall 014,E02002123,0.2,0.4,5231.7738,297.9504,320.166,296.6436,388.1196,13.333333333,11.5243425,2.798164525
Walsall 015,E02002124,0.2,0.4,5186.390399999999,350.8944,447.8896,372.29040000000003,773.822,9.333333333,17.329333600000002,3.5528133680000007
Walsall 016,E02002125,0.2,0.4,4971.072,283.278,304.6,205.90959999999998,326.5312,10.666666666,9.9135116,2.5887565080000003
Walsall 017,E02002126,0.0,0.2,5916.2774,319.52139999999997,226.47019999999998,158.7344,220.99659999999997,9.000000001,10.04282444,2.6055671772
Walsall 018,E02002127,0.0,0.2,8695.6275,347.8251,261.11240000000004,169.5282,269.8811,11.0,12.687334600000003,2.9493534980000007
Walsall 019,E02002128,0.2,0.4,4105.9212,352.1392,325.346,302.3804,383.30679999999995,8.0,11.127106600000001,2.746523858
Walsall 020,E02002129,0.2,0.4,4524.5866,402.19859999999994,364.4002,284.6692,330.1454,9.666666667,10.8809191,2.714519483
Walsall 021,E02002130,0.0,0.2,6206.2663999999995,293.8384,218.9524,191.8508,220.3788,7.666666667,10.27521504,2.6357779552
Walsall 022,E02002131,0.8,1.0,5737.312,494.704,537.0400000000001,473.536,596.624,13.999999999,12.7152256,2.952979328
Walsall 023,E02002132,0.0,0.2,5485.0797,374.4513,270.0306,210.8367,311.2668,8.666666667,11.72451582,2.8241870566000005
Walsall 024,E02002133,0.0,0.2,5612.0706,343.1349,325.3275,239.71500000000003,328.0671,7.666666666,12.324364560000001,2.9021673928
Walsall 025,E02002134,0.0,0.2,7742.554399999999,352.7482,299.9255,260.5323,297.2396,9.999999999,13.299502440000001,3.0289353172
Walsall 026,E02002135,0.0,0.2,7409.1486,258.67760000000004,198.91979999999998,153.8968,166.17579999999998,9.000000001,9.804863360000002,2.5746322368000003
Walsall 027,E02002136,0.0,0.2,6998.000499999999,345.9885,258.08,225.82,237.9175,6.666666666,11.6548928,2.8151360640000003
Walsall 028,E02002137,0.8,1.0,4411.8676000000005,319.4251,378.2827,389.31850000000003,632.1061,6.666666667,11.61873548,2.8104356124
Walsall 029,E02002138,0.4,0.6,5488.166399999999,272.3136,264.4584,191.1432,330.57300000000004,8.666666668,8.36264592,2.3871439696000003
Walsall 030,E02002139,0.0,0.2,9795.9039,333.3713,271.475,158.5414,302.96610000000004,10.666666666,13.647156840000001,3.0741303892000005
Walsall 031,E02002140,0.0,0.2,7663.901400000001,287.331,280.3654,190.6833,283.8482,10.999999999,12.17778434,2.8831119642000003
Walsall 032,E02002141,0.8,1.0,5000.3454,315.936,381.0978,393.6036,491.0172,10.000000001,10.26337842,2.6342391946
Walsall 033,E02002142,0.0,0.2,6496.2392,257.27680000000004,222.1936,136.6783,197.343,8.333333334,9.619959620000001,2.5505947506
Walsall 034,E02002143,0.0,0.2,9690.3768,281.5296,222.87759999999997,228.2096,242.07279999999997,11.333333333,12.838602880000002,2.9690183744
Walsall 035,E02002144,0.8,1.0,5034.8628,418.7304,408.63239999999996,344.6784,525.7692000000001,11.333333334,10.67203764,2.6873648932
Walsall 036,E02002145,0.0,0.2,6941.168000000001,285.0276,226.9228,169.60320000000002,229.2784,7.333333333,10.663016,2.68619208
Walsall 037,E02002146,0.2,0.4,5795.280400000001,300.3364,216.8348,169.6968,251.1782,12.0,8.8680046,2.452840598
Walsall 038,E02002147,0.0,0.2,7563.7613,297.82689999999997,300.4318,221.41649999999998,298.6952,13.666666667,12.66380818,2.9462950634
Walsall 039,E02002148,0.6,0.8,8959.7376,509.6448,514.1952,503.9568,889.6031999999999,15.666666666,18.06941088,3.6490234144
Waltham Forest 001,E02000895,0.2,0.4,6336.6247,407.0672,472.72319999999996,357.8252,633.5803999999999,12.666666666,16.38814795,3.4304592335000006
Waltham Forest 002,E02000896,0.6,0.8,7176.435400000001,490.0049,475.4593,357.2763,592.7331999999999,15.333333333,13.341224319999998,3.0343591616
Waltham Forest 003,E02000897,0.2,0.4,7048.825,348.799,370.22400000000005,268.241,534.768,15.0,14.346608500000002,3.165059105
Waltham Forest 004,E02000898,0.2,0.4,6513.464099999999,413.93379999999996,358.7959,237.33270000000002,465.07620000000003,7.666666666,13.17596035,3.0128748455
Waltham Forest 005,E02000899,0.4,0.6,7166.554,399.832,373.756,233.8148,518.0432,9.0,12.0640614,2.8683279820000003
Waltham Forest 006,E02000900,0.2,0.4,7563.4296,341.7504,315.3264,228.1272,360.24719999999996,11.000000001,11.9881284,2.8584566920000003
Waltham Forest 007,E02000901,0.6,0.8,8737.444800000001,426.3168,451.9368,270.5472,363.80400000000003,8.333333333,10.636194240000002,2.6827052512000003
Waltham Forest 008,E02000902,0.2,0.4,8617.3225,343.29249999999996,265.4925,200.335,299.53000000000003,8.333333333,11.39721375,2.7816377875000002
Waltham Forest 009,E02000903,0.0,0.2,8861.4599,313.58489999999995,224.68699999999998,155.3271,212.9642,7.333333333,11.65109554,2.8146424202
Waltham Forest 010,E02000904,0.4,0.6,8060.227499999999,286.6851,235.7784,142.0029,206.30610000000001,7.333333333,7.26224265,2.2440915445000003
Waltham Forest 011,E02000905,0.2,0.4,9495.217200000001,254.0148,202.5948,130.6068,201.5664,14.0,9.653076599999999,2.554899958
Waltham Forest 012,E02000906,0.2,0.4,8743.9405,234.9546,200.57100000000003,154.7262,217.7628,7.666666667,9.57535505,2.5447961565000004
Waltham Forest 013,E02000907,0.0,0.2,10176.1618,290.524,255.8846,141.9098,310.6372,9.666666667,13.558755080000001,3.0626381604
Waltham Forest 014,E02000908,0.2,0.4,11644.3185,307.2545,215.7052,158.0166,215.7052,6.666666667,11.30132215,2.7691718795
Waltham Forest 015,E02000909,0.4,0.6,8093.6705999999995,283.941,228.9556,164.9562,244.27939999999998,7.666666667,7.83289558,2.3182764254
Waltham Forest 016,E02000910,0.2,0.4,9883.8905,294.44149999999996,257.5005,152.11,277.0575,13.333333334,11.24473175,2.7618151275000002
Waltham Forest 017,E02000911,0.2,0.4,10712.3552,364.7408,248.6336,160.6736,241.5968,6.666666666,11.468811200000001,2.790945456
Waltham Forest 018,E02000912,0.2,0.4,8260.6383,281.8566,251.0577,201.5928,336.9213,12.333333333,11.43432495,2.7864622435
Waltham Forest 019,E02000913,0.2,0.4,8180.549,355.355,273.208,168.909,251.056,8.333333333,10.444206500000002,2.657746845
Waltham Forest 020,E02000914,0.0,0.2,10332.541799999999,334.44149999999996,202.9323,158.718,306.09900000000005,9.333333333,13.670608080000001,3.0771790504000003
Waltham Forest 021,E02000915,0.4,0.6,8361.4641,365.3562,196.5876,135.3858,215.13359999999997,6.999999999,7.4194200299999995,2.2645246039
Waltham Forest 022,E02000916,0.2,0.4,8938.6245,267.23220000000003,205.78830000000002,149.2209,189.2082,6.333333333,9.40920675,2.5231968775
Waltham Forest 023,E02000917,0.4,0.6,9703.5456,241.6512,163.53119999999998,135.408,171.864,7.333333334,6.92330688,2.2000298944
Waltham Forest 024,E02000918,0.2,0.4,8917.4336,293.2592,259.912,148.1008,189.29440000000002,7.333333333,9.686380799999998,2.559229504
Waltham Forest 025,E02000919,0.4,0.6,8866.434,291.891,205.69500000000002,158.679,273.2805,7.0,8.297932200000002,2.3787311860000004
Waltham Forest 026,E02000920,0.2,0.4,9453.3358,294.3195,257.1423,118.7605,204.47459999999998,6.333333333,9.9232143,2.590017859
Waltham Forest 027,E02000921,0.2,0.4,10301.907,341.481,247.94,170.177,208.49499999999998,7.333333334,10.8603355,2.7118436150000003
Waltham Forest 028,E02000922,0.2,0.4,10016.890800000001,314.8103,240.22109999999998,167.82569999999998,230.349,6.333333333,10.852728599999999,2.710854718
Wandsworth 001,E02000923,0.6,0.8,6822.5675,323.80749999999995,303.62,247.095,379.525,8.333333333,9.31911525,2.5114849825
Wandsworth 002,E02000924,0.2,0.4,12809.5442,331.4473,222.7986,155.4089,233.80100000000002,14.666666666,12.1837827,2.883891751
Wandsworth 003,E02000925,0.2,0.4,7199.423000000001,223.96439999999998,204.1094,113.5706,200.9326,6.000000001,8.2942277,2.3782496010000003
Wandsworth 004,E02000926,0.4,0.6,9893.9104,297.8976,305.536,189.8688,223.69599999999997,6.0,8.60967712,2.4192580256000005
Wandsworth 005,E02000927,0.2,0.4,6563.336,233.98440000000002,220.73999999999998,151.5748,187.62900000000002,9.0,8.1791528,2.3632898640000004
Wandsworth 006,E02000928,0.8,1.0,7409.474799999999,352.4248,296.8238,233.5242,262.6078,6.333333334,7.5776464400000005,2.2850940372000004
Wandsworth 007,E02000929,0.0,0.2,6781.301600000001,218.776,177.284,138.0552,228.5832,10.999999999,9.758465760000002,2.5686005488
Wandsworth 008,E02000930,0.6,0.8,10118.021999999999,177.22650000000002,162.1891,107.41,177.22650000000002,7.0,6.525157500000001,2.1482704750000003
Wandsworth 009,E02000931,0.8,1.0,8970.9375,151.1902,174.1558,104.3021,168.41439999999997,5.333333333,5.71604215,2.0430854795
Wandsworth 010,E02000932,0.6,0.8,10549.8673,338.1294,257.62239999999997,171.3649,181.71580000000003,4.333333334,7.72740689,2.3045628957
Wandsworth 011,E02000933,0.8,1.0,7684.867,374.608,362.9015,226.0255,355.6975,6.000000001,8.8232791,2.4470262830000005
Wandsworth 012,E02000934,0.6,0.8,9142.8486,218.7237,218.7237,131.6301,187.0533,6.333333333,6.7709335799999995,2.1802213654
Wandsworth 013,E02000935,0.2,0.4,6401.7056,190.5312,177.6864,132.72959999999998,234.77439999999999,12.666666667,8.229592,2.3698469600000003
Wandsworth 014,E02000936,0.6,0.8,8032.7104,283.712,316.6592,228.8,291.03360000000004,6.666666666,8.58924352,2.4166016576000002
Wandsworth 015,E02000937,0.8,1.0,7765.6856,199.53029999999998,177.64090000000002,95.1347,181.8504,3.999999999,5.560075980000001,2.0228098774000003
Wandsworth 016,E02000938,0.2,0.4,9701.0542,315.0922,342.9272,290.5974,484.32899999999995,12.333333334,15.013642299999999,3.251773499
Wandsworth 017,E02000939,0.8,1.0,7445.4666,255.3876,218.6652,164.4162,261.22979999999995,7.999999999,6.87735438,2.1940560694
Wandsworth 018,E02000940,0.4,0.6,7945.9968,214.56959999999998,174.7704,136.7016,178.2312,7.666666667,6.47100384,2.1412304992
Wandsworth 019,E02000941,0.6,0.8,9430.8789,275.1495,250.2303,174.43439999999998,254.3835,8.0,8.050874369999999,2.3466136681
Wandsworth 020,E02000942,0.8,1.0,8433.7626,341.6888,338.8094,218.83440000000002,263.945,5.333333333,7.88869218,2.3255299834
Wandsworth 021,E02000943,0.6,0.8,8074.1833,250.80040000000002,176.62,143.94529999999997,186.3341,6.666666666,6.39973739,2.1319658607000003
Wandsworth 022,E02000944,0.2,0.4,6499.2726,204.67880000000002,172.96800000000002,111.7085,218.37210000000002,6.0,7.957969400000001,2.334536022
Wandsworth 023,E02000945,0.2,0.4,7463.736,257.712,208.15200000000002,130.508,200.71800000000002,8.666666666,8.659784,2.42577192
Wandsworth 024,E02000946,0.4,0.6,7814.149200000001,231.58079999999998,214.5528,86.84280000000001,166.8744,7.0,6.18916716,2.1045917308
Wandsworth 025,E02000947,0.8,1.0,8221.856399999999,224.09279999999998,207.828,171.684,210.5388,4.666666666,6.50474532,2.1456168916
Wandsworth 026,E02000948,0.6,0.8,9101.6744,197.3881,237.06410000000002,140.84980000000002,241.0317,6.333333333,7.42913262,2.2657872406
Wandsworth 027,E02000949,0.6,0.8,9043.186099999999,309.05690000000004,292.9497,183.2194,237.5812,9.666666667,8.032358630000001,2.3442066219
Wandsworth 028,E02000950,0.6,0.8,6671.4890000000005,259.204,244.88750000000002,154.4675,203.445,8.0,6.5096372,2.146252836
Wandsworth 029,E02000951,0.4,0.6,5828.1531,182.476,176.61069999999998,83.41760000000001,246.99429999999998,6.333333333,6.28427793,2.1169561309000002
Wandsworth 030,E02000952,0.4,0.6,5486.4175,187.66910000000001,127.76169999999999,128.37300000000002,182.77870000000001,6.000000001,5.49589265,2.0144660445
Wandsworth 031,E02000953,0.6,0.8,7335.9744,135.0372,129.5415,109.914,139.7478,4.333333333,5.07582852,1.9598577076
Wandsworth 032,E02000954,0.4,0.6,5496.9882,203.1306,201.8844,131.4741,198.14579999999998,4.666666667,6.02948946,2.0838336298
Wandsworth 033,E02000955,0.2,0.4,5800.218400000001,201.6784,176.1412,149.2944,221.9772,8.666666666,7.9184964,2.329404532
Wandsworth 034,E02000956,0.2,0.4,7520.1126,181.7673,165.46529999999998,100.2573,182.5824,4.666666666,7.8600093,2.321801209
Wandsworth 035,E02000957,0.4,0.6,10065.360200000001,298.053,227.4034,158.9616,291.4296,8.999999999,8.976252460000001,2.4669128198
Wandsworth 036,E02000958,0.4,0.6,7556.6133,319.93899999999996,273.2452,183.3164,313.02139999999997,7.333333333,8.85599799,2.4512797387000003
Wandsworth 037,E02000959,0.4,0.6,7650.8649,196.7532,181.7466,125.8887,182.58030000000002,8.000000001,6.36204807,2.1270662491000003
Warrington 001,E02002590,0.8,1.0,5698.3955,365.1046,400.015,353.46779999999995,457.47170000000006,15.0,10.03928555,2.6051071215
Warrington 002,E02002591,0.6,0.8,4753.521,400.653,412.79400000000004,338.67,485.001,17.666666667,10.906899300000001,2.7178969090000002
Warrington 003,E02002592,0.2,0.4,4790.4800000000005,301.3325,411.84250000000003,392.5675,529.42,10.333333334,14.04762,3.1261906
Warrington 004,E02002593,0.4,0.6,3883.2275999999997,372.01259999999996,332.7474,238.61159999999998,207.9042,7.333333333,7.16650308,2.2316454004
Warrington 005,E02002594,0.2,0.4,4340.923,346.434,298.6681,128.0756,134.8993,10.333333333,6.919756700000001,2.1995683710000002
Warrington 006,E02002595,0.0,0.2,7409.6676,286.0488,240.0468,182.3352,244.22879999999998,11.0,11.28337056,2.7668381728
Warrington 007,E02002596,0.6,0.8,5975.007,640.611,637.3878000000001,400.4826,404.51159999999993,13.666666667,12.0753159,2.869791067
Warrington 008,E02002597,0.0,0.2,7933.744700000001,426.5354,389.2834,285.9091,277.5274,11.333333333,14.171033320000001,3.1422343316
Warrington 009,E02002598,0.8,1.0,8929.9625,334.7625,305.1375,137.2625,167.875,6.333333334,6.491726250000001,2.1439244125
Warrington 010,E02002599,0.6,0.8,9363.7368,588.2976,530.3592,314.2044,345.402,12.0,11.47759704,2.7920876152
Warrington 011,E02002600,0.0,0.2,7382.6613,423.71909999999997,326.0061,332.2242,418.38930000000005,19.0,15.524463780000001,3.3181802914
Warrington 012,E02002601,0.6,0.8,6930.5432,446.8191,485.59630000000004,390.41589999999997,558.7442,18.333333333,13.01345206,2.9917487678
Warrington 013,E02002602,0.0,0.2,7411.986,247.0662,216.79649999999998,175.0734,130.89600000000002,11.0,9.5627709,2.543160217
Warrington 014,E02002603,0.8,1.0,5073.0592,495.0168,602.0288,325.86879999999996,409.40720000000005,15.333333334,9.84883216,2.5803481808
Warrington 015,E02002604,0.8,1.0,5432.237800000001,476.9877,535.6037,411.0447,470.39340000000004,8.999999999,10.88440504,2.7149726552000004
Warrington 016,E02002605,0.4,0.6,7456.1017,519.5314,522.2850999999999,298.3175,380.92850000000004,11.0,11.726080710000002,2.8243904923
Warrington 017,E02002606,0.0,0.2,10433.5536,366.4824,352.34159999999997,228.6096,403.0128,14.666666667,16.290672960000002,3.4177874848000007
Warrington 018,E02002607,0.2,0.4,9652.5357,459.47880000000004,524.4556,416.5477,551.1425,18.333333334,17.83207055,3.6181691715
Warrington 019,E02002608,0.8,1.0,5772.857400000001,471.8082,579.6736000000001,579.6736000000001,828.3403999999999,19.333333333,15.844933220000001,3.3598413186
Warrington 020,E02002609,0.0,0.2,8460.690799999998,331.1912,281.41679999999997,213.4556,284.28839999999997,12.0,13.04510448,2.9958635824
Warrington 021,E02002610,0.8,1.0,9897.032799999999,679.7552000000001,765.9928,612.5406,726.6786000000001,20.333333333,16.91677344,3.4991805472
Warrington 022,E02002611,0.8,1.0,5999.4275,405.335,437.41749999999996,342.735,641.65,15.666666666,12.25715825,2.8934305725
Warrington 023,E02002612,0.8,1.0,7042.879800000001,494.47860000000003,523.8353999999999,416.49960000000004,697.2240000000002,16.666666667,13.901453940000003,3.1071890122000005
Warrington 024,E02002613,0.8,1.0,5115.532,367.5325,360.377,295.9775,366.23150000000004,9.333333334,8.4989126,2.4048586380000003
Warrington 025,E02002614,0.8,1.0,4159.0034,430.12260000000003,460.64,302.295,405.939,5.333333333,9.00603022,2.4707839286
Warwick 001,E02006519,0.8,1.0,5371.997399999999,476.5662,501.1776,457.9212,650.3376,13.666666667,13.010406419999999,2.9913528346
Warwick 002,E02006520,0.8,1.0,6141.878099999999,454.7142,525.1059,405.3591,563.9427,12.666666667,12.03236883,2.8642079478999998
Warwick 003,E02006521,0.8,1.0,5113.6792,403.4856,540.127,410.6396,685.3532,15.0,13.01341216,2.9917435808
Warwick 004,E02006522,0.6,0.8,3952.9456,344.2616,419.6512,275.7256,279.41600000000005,3.666666667,8.005215680000001,2.3406780384
Warwick 005,E02006523,0.8,1.0,10223.196,579.0285,591.6435,478.10850000000005,741.7620000000001,18.666666668,15.9582273,3.3745695490000003
Warwick 006,E02006524,0.2,0.4,4486.3308,267.9474,247.0398,190.3692,310.86299999999994,6.0,9.098107200000001,2.482753936
Warwick 007,E02006525,0.8,1.0,11109.483,543.2945,643.195,496.7655,892.262,20.333333333,18.0045334,3.640589342
Warwick 008,E02006526,0.6,0.8,6485.792299999999,531.3901999999999,486.41360000000003,355.6483,468.9227,12.000000001,11.89056369,2.8457732797000004
Warwick 009,E02006527,0.8,1.0,7802.862999999999,415.26779999999997,430.4374,330.8869,502.493,12.0,11.214126799999999,2.7578364840000003
Warwick 010,E02006528,0.4,0.6,9668.2107,439.4133,393.57120000000003,281.7612,398.0436000000001,11.0,11.820665010000003,2.8366864513000003
Warwick 011,E02006529,0.6,0.8,10555.7597,514.181,538.0089,346.1316,589.427,12.333333334,14.561480509999999,3.1929924662999998
Warwick 012,E02006530,0.8,1.0,9121.653799999998,470.64500000000004,518.2632,419.7046,542.626,12.999999999,12.78172154,2.9616238002
Warwick 013,E02006531,0.2,0.4,9888.1623,357.65459999999996,258.9156,178.82729999999998,288.53729999999996,10.333333334,11.766946049999998,2.8297029865
Warwick 014,E02006532,0.8,1.0,7586.2382,450.95300000000003,495.5834,342.1664,422.1292,11.666666666,10.52319746,2.6680156698
Warwick 015,E02006533,0.8,1.0,8162.526400000001,410.9776,397.21279999999996,360.8344,500.4488,16.666666666,11.37424752,2.7786521776
Watford 001,E02004968,0.4,0.6,6278.0532,297.37370000000004,300.3253,199.233,303.27689999999996,11.0,8.514185359999999,2.4068440968
Watford 002,E02004969,0.6,0.8,5888.3664,307.0403,272.2944,236.13030000000003,387.8777,7.0,8.917074320000001,2.4592196616
Watford 003,E02004970,0.4,0.6,6946.9624,331.36,324.7328,241.8928,437.3952,13.0,10.745839120000001,2.6969590856000005
Watford 004,E02004971,0.4,0.6,7019.934299999999,274.8216,213.30630000000002,191.736,288.4029,9.666666667,8.120099490000001,2.3556129337000002
Watford 005,E02004972,0.8,1.0,4858.2192000000005,298.1664,260.8956,207.06000000000003,292.2504,8.333333333,6.8256441599999995,2.1873337407999998
Watford 006,E02004973,0.4,0.6,7285.039199999999,214.84879999999998,195.8216,87.208,145.8752,4.666666667,5.672246159999999,2.0373920007999997
Watford 007,E02004974,0.8,1.0,7288.242,346.4295,374.63750000000005,284.72450000000003,520.0849999999999,14.666666666,10.773164099999999,2.7005113329999997
Watford 008,E02004975,0.8,1.0,6707.9485,360.2342,352.9649,259.27169999999995,397.3884,8.666666666,9.10641365,2.4838337745
Watford 009,E02004976,0.2,0.4,9521.3064,236.1168,193.65720000000002,161.5536,244.4016,10.333333334,10.307326800000002,2.639952484
Watford 010,E02004977,0.4,0.6,8109.378599999999,204.5274,214.2668,130.1538,193.9026,9.333333333,6.80668958,2.1848696454
Watford 011,E02004978,0.2,0.4,8330.977499999999,300.93059999999997,200.3127,158.7732,239.0829,10.0,9.84993855,2.5804920115
Watford 012,E02004979,0.6,0.8,5612.4859,352.6205,310.85380000000004,226.63569999999999,343.71939999999995,7.333333333,8.546493869999999,2.4110442031
Waveney 001,E02006302,0.4,0.6,4442.8618,533.8918,646.8176,465.06719999999996,592.6934,12.666666668,14.89063654,3.2357827502000003
Waveney 002,E02006303,0.0,0.2,6589.325400000001,383.4411,440.42810000000003,311.8003,418.4474,11.0,15.27691214,3.2859985782
Waveney 003,E02006304,0.4,0.6,5150.4903,581.4698999999999,688.7239,537.0360999999999,702.5137000000001,16.666666666,17.11536349,3.5249972537000005
Waveney 004,E02006305,0.0,0.2,8575.4288,385.154,428.1712,297.1188,319.1276,12.0,15.12124608,3.2657619904
Waveney 005,E02006306,0.2,0.4,5492.7026000000005,451.12760000000003,556.4404999999999,395.11010000000005,573.6192000000001,15.666666667,15.974697200000001,3.3767106360000003
Waveney 006,E02006307,0.8,1.0,4696.42,565.606,783.706,463.82599999999996,759.715,18.333333333,14.783544999999998,3.2218608499999997
Waveney 007,E02006308,0.0,0.2,6230.4312,446.5104,385.1344,240.1336,371.3248,11.666666666,14.03331552,3.1243310176000003
Waveney 008,E02006309,0.0,0.2,4935.7098000000005,492.9408,528.651,361.3032,683.3951999999999,17.666666667,18.799249680000003,3.743902458400001
Waveney 009,E02006310,0.4,0.6,6820.304999999999,401.4972,487.28720000000004,373.18649999999997,495.86620000000005,12.333333334,12.987748100000001,2.988407253
Waveney 010,E02006311,0.2,0.4,5933.457,551.4585,653.6429999999999,512.6115,795.519,20.0,20.3701845,3.9481239850000005
Waveney 011,E02006312,0.6,0.8,6389.2292,618.0558000000001,712.6652,503.1098,619.8241999999999,15.666666667,15.33715636,3.2938303268
Waveney 012,E02006313,0.4,0.6,6979.2536,755.1423,932.0498,634.8452,806.6981999999999,22.333333334,20.82170948,4.0068222324
Waveney 013,E02006314,0.4,0.6,5245.6698,578.4086,545.8222000000001,405.8488,629.51,13.666666666,14.903019740000001,3.2373925662000005
Waveney 014,E02006315,0.4,0.6,3717.925,533.3905,550.9555,441.467,611.8475000000001,13.333333334,14.376952500000002,3.1690038250000003
Waveney 015,E02006316,0.4,0.6,4695.383,530.1586,652.834,515.0932,779.8137999999999,21.333333333,17.5285929,3.5787170770000003
Waverley 001,E02006439,0.8,1.0,4552.1592,326.41679999999997,344.0928,294.6,373.5528,8.333333334,8.28874776,2.3775372087999997
Waverley 002,E02006440,0.8,1.0,5554.483200000001,393.0192,447.3504,294.2352,366.912,9.333333334,8.85429216,2.4510579808
Waverley 003,E02006441,0.8,1.0,6655.0631,333.0453,393.97839999999997,314.6819,649.3966,14.666666667,12.16733843,2.8817539959
Waverley 004,E02006442,0.8,1.0,4794.151999999999,322.164,392.5,266.272,504.28400000000005,6.666666667,9.7460576,2.566987488
Waverley 005,E02006443,0.6,0.8,5700.4902,384.8157,346.4066,317.41859999999997,497.8689,10.333333334,10.92905576,2.7207772488
Waverley 006,E02006444,0.8,1.0,5741.9375,315.89489999999995,355.4701,262.89239999999995,390.80510000000004,6.666666666,8.67862935,2.4282218154999997
Waverley 007,E02006445,0.8,1.0,6622.3068,344.34720000000004,337.1733,270.2169,398.55,9.333333334,9.084867540000001,2.4810327802000005
Waverley 008,E02006446,0.8,1.0,5325.1628,378.19579999999996,400.3206,313.2042,497.80800000000005,10.0,10.19649064,2.6255437832000004
Waverley 009,E02006447,0.8,1.0,4928.6835,333.64369999999997,340.6078,312.7514,416.5798,4.666666666,8.973242849999998,2.4665215705
Waverley 010,E02006448,0.8,1.0,6022.953,328.7946,401.53020000000004,272.3874,397.07700000000006,9.666666667,8.9973195,2.469651535
Waverley 011,E02006449,0.8,1.0,5253.147999999999,339.228,426.478,330.154,630.992,14.333333334,11.6990384,2.8208749920000002
Waverley 012,E02006450,0.8,1.0,5780.411999999999,370.986,358.644,330.33,418.176,6.333333333,9.4449696,2.5278460480000002
Waverley 013,E02006451,0.8,1.0,8182.6817,657.2076,811.4502,660.5607,863.9821000000001,16.666666666,18.198726710000003,3.6658344723000003
Waverley 015,E02006453,0.8,1.0,5872.7753999999995,448.96680000000003,549.5418,482.76,692.7606000000001,17.333333333,13.79301642,3.0930921346
Waverley 016,E02006454,0.8,1.0,5118.4442,352.02320000000003,361.4284,284.1714,601.9328,9.333333334,11.004554259999999,2.7305920537999997
Waverley 017,E02006455,0.8,1.0,4969.0916,302.2998,266.4442,202.1514,442.013,13.666666667,8.50111548,2.4051450124000002
Waverley 018,E02006839,0.8,1.0,6485.064,497.912,539.7679999999999,431.64000000000004,767.3599999999999,9.666666667,14.620039199999999,3.200605096
Wealden 001,E02004403,0.6,0.8,5238.5491,471.3383,467.1977,324.347,400.9481,7.000000001,10.41519623,2.6539755099
Wealden 002,E02004404,0.8,1.0,5032.17,419.67639999999994,435.4636,273.6448,417.70300000000003,7.666666667,9.182888,2.4937754400000003
Wealden 003,E02004405,0.8,1.0,4882.878,359.7165,444.01500000000004,321.75,426.6405,3.333333333,9.374121899999999,2.5186358469999997
Wealden 004,E02004406,0.8,1.0,5104.285200000001,504.2952,691.3236,468.7068,804.1464,15.0,15.11166756,3.2645167828000003
Wealden 005,E02004407,0.8,1.0,5830.7641,521.9067,563.5951,469.7962,630.1362,11.333333334,13.200712030000002,3.0160925639
Wealden 006,E02004408,0.6,0.8,6621.500000000001,463.3,487.08,273.06,355.06000000000006,7.666666667,10.132330000000001,2.6172029000000006
Wealden 007,E02004409,0.6,0.8,4012.4404,419.4974,377.16279999999995,324.9318,363.41779999999994,8.666666667,9.17363292,2.4925722796
Wealden 008,E02004410,0.6,0.8,6070.3583,619.3558999999999,677.1848,435.81199999999995,577.4509,11.666666666,14.29957839,3.1589451907
Wealden 009,E02004411,0.6,0.8,6646.319999999999,508.24800000000005,618.5856,406.5984,509.1168,13.666666667,13.1180112,3.005341456
Wealden 010,E02004412,0.8,1.0,6083.092,496.011,616.3305,414.161,575.4055,13.0,12.4498761,2.918483893
Wealden 011,E02004413,0.6,0.8,5024.412,467.63100000000003,507.474,405.42,585.063,9.666666667,12.9352746,2.981585698
Wealden 012,E02004414,0.8,1.0,5422.0788,303.1997,366.9966,217.041,268.99930000000006,6.0,7.011213540000002,2.2114577602
Wealden 013,E02004415,0.6,0.8,5261.022500000001,554.2725,474.18750000000006,318.935,415.1775,8.999999999,10.745229250000001,2.6968798025000003
Wealden 014,E02004416,0.4,0.6,4561.9927,522.3216,542.8048,344.3738,431.42740000000003,11.0,11.82783181,2.8376181353
Wealden 015,E02004417,0.6,0.8,4413.133000000001,369.112,412.1335,392.18149999999997,647.8164999999999,13.333333333,12.797586899999999,2.9636862969999997
Wealden 016,E02004418,0.4,0.6,4255.308,348.26640000000003,391.51140000000004,310.2108,461.28000000000003,8.666666666,10.935795600000002,2.7216534280000007
Wealden 017,E02004419,0.2,0.4,4708.711800000001,294.9759,374.3226,272.565,406.4247,13.333333333,11.521625400000001,2.7978113020000004
Wealden 018,E02004420,0.6,0.8,9611.257,884.098,982.037,734.5425,1021.7420000000001,22.0,23.4915956,4.353907428
Wealden 019,E02004421,0.4,0.6,6768.7571,561.8226,625.7925,493.2172,820.4834999999999,19.666666667,18.46254753,3.7001311788999995
Wealden 020,E02004422,0.6,0.8,7792.853000000001,681.383,777.053,582.524,797.25,13.333333334,18.491203900000002,3.7038565070000002
Wealden 021,E02004423,0.8,1.0,4843.719,558.9486,727.6878,598.1202,804.5244,13.999999999,15.8667579,3.362678527
Wellingborough 001,E02005692,0.4,0.6,4921.5898,462.10550000000006,550.5372,349.0725,364.3652,14.666666667,11.06965414,2.7390550382
Wellingborough 002,E02005693,0.2,0.4,7303.102600000001,389.64989999999995,404.4688,228.3854,392.265,11.666666666,12.744254000000002,2.9567530200000003
Wellingborough 003,E02005694,0.8,1.0,5765.2195,533.0010000000001,508.3665,356.0805,303.8255,8.666666666,8.934783849999999,2.4615219005
Wellingborough 004,E02005695,0.2,0.4,7911.7181,326.9305,212.2809,215.8637,288.4154,9.666666666,10.75780485,2.6985146305
Wellingborough 005,E02005696,0.0,0.2,5237.5592,222.8092,262.31,212.93400000000003,234.536,13.666666666,9.873101519999999,2.5835031976
Wellingborough 006,E02005697,0.0,0.2,5655.119600000001,376.25640000000004,336.7988,228.29039999999998,448.83020000000005,15.333333334,13.942342960000001,3.1125045848000004
Wellingborough 007,E02005698,0.2,0.4,4749.7805,304.46549999999996,350.7585,237.4,292.00199999999995,18.666666666,9.85714475,2.5814288175
Wellingborough 008,E02005699,0.2,0.4,7275.808,338.95599999999996,327.21,196.326,250.861,8.333333333,10.348226,2.6452693800000002
Wellingborough 009,E02005700,0.8,1.0,6717.556799999999,683.2809,703.4042999999999,488.44980000000004,556.1376,18.0,13.34840004,3.0352920052
Wellingborough 010,E02005701,0.6,0.8,8347.9,704.0,845.9,518.1,586.3,17.333333333,16.33577,3.4236500999999997
Welwyn Hatfield 001,E02004980,0.8,1.0,4524.2415,377.1765,413.45550000000003,322.1325,616.7429999999999,5.666666667,11.33337195,2.7733383535
Welwyn Hatfield 002,E02004981,0.8,1.0,6474.469999999999,356.9665,352.2175,278.608,453.52950000000004,10.333333334,9.742573499999999,2.566534555
Welwyn Hatfield 003,E02004982,0.8,1.0,4923.8272,272.5952,288.4864,234.08960000000002,393.00160000000005,8.000000001,8.09277696,2.3520610048000004
Welwyn Hatfield 004,E02004983,0.6,0.8,5048.7136,282.394,280.5523,198.2897,329.66429999999997,11.000000001,7.819367079999999,2.3165177204000003
Welwyn Hatfield 005,E02004984,0.6,0.8,5260.923,372.08250000000004,277.6059,196.0713,363.6702,6.333333334,8.4135942,2.3937672460000003
Welwyn Hatfield 006,E02004985,0.8,1.0,5288.9958,343.93039999999996,413.5692,363.1166,695.6774,13.0,12.569732340000002,2.9340652042000004
Welwyn Hatfield 007,E02004986,0.2,0.4,7409.9672,265.2264,195.6454,113.7854,199.73839999999998,6.333333333,8.476603,2.40195839
Welwyn Hatfield 008,E02004987,0.6,0.8,6227.3668,271.6976,256.52299999999997,164.0302,306.38239999999996,8.666666667,7.628054639999998,2.2916471032
Welwyn Hatfield 009,E02004988,0.4,0.6,7042.8852,291.4353,230.8878,193.752,312.4251,10.666666666,8.53090056,2.4090170728
Welwyn Hatfield 010,E02004989,0.4,0.6,13342.4874,315.0972,302.0886,198.0198,299.19780000000003,11.666666667,10.619787420000002,2.6805723646000006
Welwyn Hatfield 011,E02004990,0.4,0.6,6062.2272,296.4432,281.2224,191.3472,416.76,9.666666667,9.68564736,2.5591341568
Welwyn Hatfield 012,E02004991,0.2,0.4,8224.851999999999,203.9368,168.8992,121.28399999999999,262.33279999999996,11.666666666,9.396814799999998,2.521585924
Welwyn Hatfield 013,E02004992,0.4,0.6,10677.1392,197.2152,193.7754,137.592,262.57140000000004,8.999999999,8.349082560000001,2.3853807328000003
Welwyn Hatfield 014,E02004993,0.6,0.8,4639.156199999999,289.4778,312.012,225.342,312.5898,8.333333333,7.78394826,2.3119132738
Welwyn Hatfield 015,E02004994,0.8,1.0,4588.6230000000005,342.5058,350.8596,255.3876,429.02729999999997,4.0,8.759556,2.43874228
Welwyn Hatfield 016,E02004995,0.8,1.0,3936.4975999999997,342.3508,347.18019999999996,288.1542,452.3538,10.0,8.976674079999999,2.4669676304
West Berkshire 001,E02003367,0.6,0.8,5206.898099999999,358.38259999999997,351.9136,283.3422,268.4635,7.0,8.05629853,2.3473188089
West Berkshire 002,E02003368,0.6,0.8,4370.688,363.6549,381.297,274.3062,301.623,8.0,8.2530882,2.372901466
West Berkshire 003,E02003369,0.8,1.0,5064.4439999999995,358.974,341.5104,305.2896,397.1352,5.999999999,8.815237199999999,2.445980836
West Berkshire 004,E02003370,0.8,1.0,5120.5,385.035,453.53,307.22999999999996,383.705,10.666666667,8.970185,2.4661240500000003
West Berkshire 005,E02003371,0.8,1.0,4500.630800000001,346.38,287.49539999999996,267.2899,371.7812,8.333333334,8.04398274,2.3457177562
West Berkshire 006,E02003372,0.8,1.0,5942.7648,450.8672,437.92,334.3424,449.34400000000005,9.0,10.174899840000002,2.6227369792000004
West Berkshire 007,E02003373,0.8,1.0,7166.079900000001,415.91569999999996,432.41339999999997,312.58799999999997,356.00300000000004,10.999999999,9.32545517,2.5123091721
West Berkshire 008,E02003374,0.6,0.8,4604.571,351.2994,277.05,129.1053,178.4202,6.333333334,5.800318799999999,2.054041444
West Berkshire 009,E02003375,0.8,1.0,4816.2903,314.89079999999996,294.1743,207.16500000000002,287.0715,9.0,6.85662879,2.1913617427
West Berkshire 010,E02003376,0.6,0.8,4491.4446,345.9522,380.36940000000004,325.1832,390.4572,8.333333333,9.48176058,2.5326288754
West Berkshire 011,E02003377,0.6,0.8,8178.9071,662.0971,630.1764,353.1871,471.6026,10.333333334,13.252136029999999,3.0227776839000002
West Berkshire 012,E02003378,0.8,1.0,5935.847400000001,440.2146,480.1629,364.2345,611.7573,11.666666667,12.17201202,2.8823615626
West Berkshire 013,E02003379,0.6,0.8,5926.0162,276.9624,300.0426,184.6416,307.736,7.333333333,7.84020406,2.3192265277999997
West Berkshire 014,E02003380,0.8,1.0,6392.999199999999,462.3696,388.4216,256.0936,284.116,7.0,8.025226159999999,2.3432794008
West Berkshire 015,E02003381,0.8,1.0,4869.6276,308.70120000000003,320.59720000000004,192.12040000000002,256.9536,8.333333333,6.50657668,2.1458549684
West Berkshire 016,E02003382,0.6,0.8,6575.1075,324.1755,365.5935,296.298,403.029,11.333333333,9.99806625,2.5997486125
West Berkshire 017,E02003383,0.8,1.0,5877.9892,328.6898,286.1454,159.1984,209.9772,10.333333333,6.09880836,2.0928450868
West Berkshire 018,E02003384,0.6,0.8,4972.6328,429.5472,420.35200000000003,345.4768,399.9912,10.333333333,10.159579440000002,2.6207453272000003
West Berkshire 019,E02003385,0.4,0.6,8523.857,382.0355,366.1587,275.8594,376.0817,12.333333332,10.9539997,2.724019961
West Berkshire 020,E02003386,0.6,0.8,6823.5398000000005,366.8926,435.6332,307.2622,350.32860000000005,12.666666667,9.913305540000001,2.5887297202000004
West Berkshire 021,E02003387,0.8,1.0,7426.4574999999995,500.48900000000003,628.9415,408.19350000000003,549.967,11.666666667,12.577402750000001,2.9350623575000006
West Berkshire 022,E02003388,0.6,0.8,4567.069600000001,305.7112,334.19,269.0956,335.93359999999996,7.000000001,8.35905088,2.3866766144
West Devon 001,E02004229,0.4,0.6,7110.75,621.0055,662.7219,492.0639,596.3548999999999,18.0,16.1347658,3.3975195540000005
West Devon 002,E02004230,0.4,0.6,5673.0943,433.6075,501.47650000000004,374.0336,558.7881,11.666666667,13.52470809,3.0582120517
West Devon 003,E02004231,0.4,0.6,5011.3458,541.242,548.8749,396.9108,439.2387,13.333333333,12.433716539999999,2.9163831501999997
West Devon 004,E02004232,0.4,0.6,4806.194399999999,560.1204,541.3828,347.3148,436.31839999999994,10.333333333,12.047339919999999,2.8661541896
West Devon 005,E02004233,0.6,0.8,8868.128100000002,869.2287,993.9386999999999,703.3643999999999,1036.3401,23.0,23.29121373,4.3278577849
West Devon 006,E02004234,0.4,0.6,4037.9528,532.8022,563.5756,389.193,511.0798,12.666666667,12.999408240000001,2.9899230712000002
West Devon 007,E02004235,0.4,0.6,4270.448,510.237,615.9789999999999,433.79699999999997,539.539,13.0,13.8427744,3.099560672
West Dorset 001,E02004269,0.6,0.8,6766.804,597.3044,798.721,636.0002000000001,1122.1782,22.333333334,21.9434952,4.152654376
West Dorset 002,E02004270,0.6,0.8,4961.4259999999995,626.0404,684.848,532.246,639.4396,10.333333333,15.1749662,3.272745606
West Dorset 003,E02004271,0.4,0.6,6486.4536,819.5880000000001,932.7692000000001,663.476,852.7618000000001,17.333333332,21.530186480000005,4.098924242400001
West Dorset 004,E02004272,0.6,0.8,8469.954,857.0016,934.6967999999999,709.8516,800.4960000000001,26.333333334,20.3484906,3.9453037780000004
West Dorset 005,E02004273,0.6,0.8,4431.4776,622.2744,744.876,533.8872,795.4848000000001,13.666666667,16.973264880000002,3.5065244344
West Dorset 006,E02004274,0.4,0.6,4416.1395,567.8362,590.13,388.8301,594.0642,15.666666666,14.28278525,3.1567620825000002
West Dorset 007,E02004275,0.4,0.6,4818.534600000001,748.6996,756.9518,525.1400000000001,654.1744,19.0,16.97169958,3.5063209453999997
West Dorset 008,E02004276,0.4,0.6,3473.55,526.194,560.7900000000001,400.644,617.148,19.666666666,14.147253000000003,3.1391428900000005
West Dorset 009,E02004277,0.4,0.6,8697.374199999998,693.0227,821.6749,632.3377,1291.3768,23.333333334,26.57250506,4.754425657800001
West Dorset 010,E02004278,0.8,1.0,6588.887,569.7965,632.4115,491.975,661.9300000000001,15.666666667,14.122187100000001,3.135884323
West Dorset 011,E02004279,0.6,0.8,5554.158300000001,650.8593,683.4419999999999,491.91929999999996,568.2105,15.0,14.411646090000001,3.1735139917
West Dorset 012,E02004280,0.6,0.8,5785.2025,611.1754000000001,614.4006,458.7847,593.4368,14.333333333,14.237242250000001,3.1508414925000006
West Lancashire 001,E02005304,0.8,1.0,6449.1149000000005,552.9797000000001,666.7008,462.6973,547.7710999999999,7.333333333,12.713064069999998,2.9526983290999995
West Lancashire 002,E02005305,0.4,0.6,5402.1848,583.1558,660.0471,443.8379,524.5356999999999,16.0,14.38461124,3.1699994612
West Lancashire 003,E02005306,0.4,0.6,5199.6405,580.5600000000001,600.8796,378.0897,497.83019999999993,13.666666667,13.367031149999999,3.0377140495
West Lancashire 004,E02005307,0.6,0.8,7200.907200000001,495.62399999999997,590.1168,414.1008,563.2512,11.333333333,13.77825456,3.0911730928
West Lancashire 005,E02005308,0.8,1.0,4791.7492,438.719,511.7272,470.1996,484.93519999999995,11.666666667,11.02370236,2.7330813068
West Lancashire 006,E02005309,0.6,0.8,6256.5354,469.5088,519.1048,395.9414,624.0830000000001,13.666666666,13.73701742,3.0858122646000004
West Lancashire 007,E02005310,0.6,0.8,7805.4606,399.6916,422.64040000000006,349.9692,584.2382,12.666666667,13.00804918,2.9910463934000004
West Lancashire 008,E02005311,0.6,0.8,4819.1468,378.2948,394.7424,324.5238,408.65959999999995,12.666666667,9.89917784,2.5868931192
West Lancashire 009,E02005312,0.6,0.8,4595.7216,383.95079999999996,378.10679999999996,200.4492,286.356,7.333333334,7.81120728,2.3154569464000003
West Lancashire 010,E02005313,0.0,0.2,7644.746,357.346,314.324,223.89,239.694,6.333333333,12.3887556,2.910538228
West Lancashire 011,E02005314,0.2,0.4,5154.7232,336.8143,311.3463,255.31669999999997,308.7995,13.0,10.3260006,2.6423800780000004
West Lancashire 012,E02005315,0.8,1.0,5640.111,523.575,576.7379999999999,516.3255,799.8615,15.333333334,15.2727633,3.2854592289999998
West Lancashire 013,E02005316,0.0,0.2,5597.2722,254.65830000000003,256.6122,186.2718,218.18550000000002,5.333333333,9.83684442,2.5787897746
West Lancashire 014,E02005317,0.0,0.2,6276.4932,273.6759,283.7853,190.6344,197.1333,7.666666667,10.25324232,2.6329215016000003
West Lancashire 015,E02005318,0.6,0.8,5736.7794,476.377,431.365,339.8406,516.1376,9.333333333,11.775964420000001,2.8308753746
West Lindsey 001,E02005492,0.4,0.6,7074.4471,761.6241,738.2792999999999,555.4117,599.1832,23.0,17.12136813,3.5257778569000005
West Lindsey 002,E02005493,0.6,0.8,7592.0194999999985,616.0037,733.577,471.2981,637.1066,18.666666667,15.80858435,3.3551159655000005
West Lindsey 003,E02005494,0.4,0.6,7336.1013,705.6082,789.5129000000001,568.1258,707.6299999999999,18.666666667,18.670413189999998,3.7271537147
West Lindsey 004,E02005495,0.0,0.2,8706.386700000001,550.836,505.2861,386.6445,441.7281,14.666666667,18.51169122,3.7065198586
West Lindsey 005,E02005496,0.4,0.6,4929.3828,460.70820000000003,486.0504,321.651,300.8574,8.333333333,9.88462764,2.5850015932000003
West Lindsey 006,E02005497,0.0,0.2,6449.362700000001,380.9816,393.4728,223.2802,360.6834,14.999999999,13.633051820000002,3.0722967366000002
West Lindsey 007,E02005498,0.4,0.6,4876.6864,644.496,736.3552,555.6,595.6032,13.333333334,16.17825712,3.4031734256000004
West Lindsey 008,E02005499,0.6,0.8,6393.4056,536.3232,534.6575999999999,379.7568,484.68960000000004,15.666666667,12.35966808,2.9067568504
West Lindsey 009,E02005500,0.6,0.8,5518.7476,456.125,479.4786,413.7966,430.582,8.333333333,11.29117368,2.7678525784000003
West Lindsey 010,E02005501,0.8,1.0,5414.67,547.74,621.18,452.115,615.06,15.0,12.988475999999999,2.98850188
West Lindsey 011,E02005502,0.6,0.8,6685.762200000001,716.4324,764.3826,563.1798,674.1234,15.666666666,16.72738026,3.4745594338000005
West Oxfordshire 001,E02005993,0.6,0.8,5172.6792,403.1807,454.1732,346.0691,422.89779999999996,8.666666666,10.557079259999998,2.6724203038
West Oxfordshire 002,E02005994,0.6,0.8,4884.552,390.5064,390.5064,295.1352,482.65559999999994,7.666666667,10.593291599999999,2.677127908
West Oxfordshire 003,E02005995,0.8,1.0,4377.4879,449.2381,494.2227,304.5579,452.8855000000001,9.666666666,9.704697970000002,2.5616107361000005
West Oxfordshire 004,E02005996,0.8,1.0,6373.856500000001,521.9203,493.1597,431.409,637.8086,13.0,13.11525655,3.0049833515
West Oxfordshire 005,E02005997,0.8,1.0,4077.8044000000004,445.1164,438.9498,265.16380000000004,380.0868,12.0,8.49824752,2.4047721776
West Oxfordshire 006,E02005998,0.8,1.0,4512.121,373.902,469.537,349.839,463.9839999999999,11.0,9.893533299999998,2.586159329
West Oxfordshire 007,E02005999,0.8,1.0,4641.9085000000005,411.5455,424.66,342.226,423.411,10.333333333,9.43363455,2.5263724915
West Oxfordshire 008,E02006000,0.8,1.0,9769.542,573.8244,639.1968,466.081,658.5664,14.999999999,14.9315404,3.241100252
West Oxfordshire 009,E02006001,0.6,0.8,4924.39,247.99939999999998,237.32,161.9709,361.31969999999995,6.000000001,7.706967,2.3019057099999998
West Oxfordshire 010,E02006002,0.6,0.8,8391.8516,552.3668,603.3711999999999,461.21000000000004,843.2004000000001,13.000000001,17.61702828,3.5902136764000003
West Oxfordshire 011,E02006003,0.6,0.8,4157.3533,323.61310000000003,336.293,330.2287,364.9606,6.0,8.90531429,2.4576908577000003
West Oxfordshire 012,E02006004,0.6,0.8,4485.780000000001,420.9975,441.65250000000003,334.7325,393.05249999999995,6.0,9.951578999999999,2.59370527
West Oxfordshire 013,E02006005,0.8,1.0,8742.762,226.9848,245.259,177.933,225.06119999999999,4.333333334,6.9326544000000005,2.2012450720000003
West Oxfordshire 014,E02006006,0.8,1.0,5844.345,307.377,253.011,243.25300000000001,322.71099999999996,8.000000001,7.6401655,2.293221515
West Oxfordshire 015,E02006007,0.8,1.0,5244.6876999999995,420.7117,477.5459,314.66740000000004,472.00109999999995,11.333333333,10.13527061,2.6175851793
West Somerset 001,E02006113,0.4,0.6,4959.3736,507.6056,610.9104,508.34880000000004,845.7616,21.666666667,18.145896880000002,3.6589665944000007
West Somerset 002,E02006114,0.2,0.4,4176.570199999999,574.1306000000001,639.8206,493.9888,683.8329,16.999999999,18.033875700000003,3.644403841000001
West Somerset 003,E02006115,0.2,0.4,4878.8587,712.3119,699.8152,485.166,574.1131,20.666666667,17.661145050000002,3.5959488565000006
West Somerset 004,E02006116,0.2,0.4,5125.068799999999,751.5392,785.664,543.616,729.3184,21.666666668,20.5169408,3.9672023040000006
West Somerset 005,E02006117,0.2,0.4,3500.4948,550.9416,569.4183,433.9225,543.1030000000001,18.333333333,15.235438900000002,3.280607057
Westminster 001,E02000960,0.8,1.0,7002.072000000001,295.21799999999996,295.21799999999996,260.2908,463.2012,10.666666666,9.6781608,2.558160904
Westminster 002,E02000961,0.4,0.6,9927.9648,375.1488,294.27840000000003,248.2272,387.504,9.999999999,11.04521184,2.7358775392
Westminster 003,E02000962,0.4,0.6,8624.0608,430.7908,419.4542,294.7516,536.9426,8.333333334,13.33843744,3.0339968672
Westminster 004,E02000963,0.0,0.2,9697.8258,418.1814,347.3782,263.2994,337.4215,12.0,15.53864728,3.3200241463999998
Westminster 005,E02000964,0.2,0.4,12168.191700000001,515.7054,351.9894,252.3955,351.98939999999993,12.000000001,15.029810950000002,3.2538754235000003
Westminster 006,E02000965,0.4,0.6,8597.6046,298.6457,196.8989,134.7203,193.1305,3.666666666,7.09005618,2.2217073034
Westminster 007,E02000966,0.6,0.8,9805.6572,439.3276,366.29359999999997,244.9448,382.024,8.999999999,10.71251476,2.6926269188000003
Westminster 008,E02000967,0.8,1.0,8884.9782,340.3862,243.56080000000003,195.6472,316.4294,4.0,8.292346859999999,2.3780050918
Westminster 009,E02000968,0.0,0.2,13676.4916,722.4956000000001,485.377,342.15099999999995,687.4848000000001,19.666666668,24.89013256,4.535717232800001
Westminster 010,E02000969,0.0,0.2,9643.4168,344.3304,241.4644,192.73839999999998,406.05000000000007,13.666666667,14.936792880000002,3.2417830744000007
Westminster 011,E02000970,0.8,1.0,9582.7977,467.37269999999995,407.7081,237.55349999999999,355.7778,6.000000001,9.726324210000001,2.5644221473
Westminster 012,E02000971,0.4,0.6,8498.126,308.672,314.45959999999997,212.212,314.4596,8.000000001,9.4714074,2.531282962
Westminster 013,E02000972,0.4,0.6,9792.212400000002,276.0192,285.723,171.43380000000002,255.5334,6.666666667,8.727597720000002,2.4345877036
Westminster 014,E02000973,0.4,0.6,10112.8308,376.96819999999997,371.2392,296.7622,297.908,6.666666666,10.62821164,2.6816675132
Westminster 015,E02000974,0.4,0.6,8543.52,379.9296,330.96959999999996,204.65279999999998,332.928,5.333333332,9.8698464,2.583080032
Westminster 016,E02000975,0.6,0.8,9488.774499999998,232.624,294.934,165.1215,203.546,5.0,7.556229849999999,2.2823098804999997
Westminster 017,E02000976,0.4,0.6,10052.222399999999,301.2531,349.4088,235.179,263.1765,8.333333333,9.58500012,2.5460500156
Westminster 018,E02000977,0.4,0.6,6105.8616,403.76640000000003,344.8224,211.4616,304.2984,9.999999999,8.93893128,2.4620610664000004
Westminster 019,E02000978,0.8,1.0,9808.2921,448.0485,347.0958,284.7093,453.72,9.333333333,10.94724273,2.7231415548999998
Westminster 020,E02000979,0.4,0.6,8854.4001,466.9977,378.3403,240.1997,370.0931,10.999999999,10.985992030000002,2.7281789639000005
Westminster 021,E02000980,0.2,0.4,9097.4584,485.212,378.57199999999995,270.8656,434.0248,13.0,14.62301,3.2009913
Westminster 022,E02000981,0.6,0.8,9075.012700000001,387.6184,328.8571,224.7362,291.74469999999997,11.0,9.14604171,2.4889854223
Westminster 023,E02000982,0.2,0.4,7873.5475,419.22999999999996,370.0725,247.6425,364.5075,8.0,12.782341249999998,2.9617043625
Westminster 024,E02000983,0.4,0.6,8340.2628,400.00320000000005,364.7088,254.904,444.1212,11.666666667,11.619798840000001,2.8105738492000003
Weymouth and Portland 001,E02004281,0.2,0.4,6067.7792,436.1028,445.8944,261.3604,319.3568,10.333333332,11.78758,2.8323854
Weymouth and Portland 002,E02004282,0.8,1.0,5191.625599999999,836.1176,977.8027999999999,715.4227999999999,1025.9058,23.333333332,20.04740628,3.9061628164
Weymouth and Portland 003,E02004283,0.2,0.4,6358.4964,574.1523,660.6684,504.2403,638.8208999999999,19.0,18.7399116,3.7361885079999997
Weymouth and Portland 004,E02004284,0.0,0.2,7123.5827,710.5089999999999,694.9362000000001,460.3709,744.5745,26.0,23.45886592,4.3496525696
Weymouth and Portland 005,E02004285,0.2,0.4,5613.566400000001,479.7156,471.52169999999995,341.9091,540.7974,13.333333334,15.014949300000001,3.2519434090000003
Weymouth and Portland 006,E02004286,0.4,0.6,3994.9103999999993,326.7702,388.3356,204.1656,347.29200000000003,7.333333334,8.79785352,2.4437209576
Weymouth and Portland 007,E02004287,0.4,0.6,4130.1162,381.276,468.74519999999995,285.957,341.4663,12.666666666,9.68990526,2.5596876838
Weymouth and Portland 008,E02004288,0.0,0.2,4459.3435,346.4375,332.58,189.0163,215.0684,8.0,9.9746285,2.596701705
Weymouth and Portland 009,E02004289,0.4,0.6,5404.23,529.5419999999999,551.304,397.5192,371.40479999999997,15.0,11.7275418,2.824580434
Wigan 001,E02001287,0.8,1.0,4658.68,273.972,312.69800000000004,265.88,268.77,7.333333333,6.856814,2.19138582
Wigan 002,E02001288,0.6,0.8,5843.011100000001,460.9495,512.7587,346.6645,454.0924,11.0,11.45417603,2.7890428839
Wigan 003,E02001289,0.6,0.8,7428.8032,683.9664,784.8463999999999,544.752,644.6232,14.0,16.55057456,3.4515746928000004
Wigan 004,E02001290,0.4,0.6,4767.5037999999995,366.7784,396.933,291.0842,331.7006,11.666666667,9.47845234,2.5321988042
Wigan 005,E02001291,0.2,0.4,6268.98,393.0612,377.67719999999997,308.44919999999996,343.0632,11.333333333,12.100285199999998,2.873037076
Wigan 006,E02001292,0.6,0.8,6255.6365,478.15840000000003,487.8508,331.9647,523.3896,13.666666667,12.20152005,2.8861976064999997
Wigan 007,E02001293,0.4,0.6,4742.969999999999,325.66380000000004,420.5232,297.2664,255.5766,11.666666666,8.606829000000001,2.4188877700000004
Wigan 008,E02001294,0.2,0.4,6551.39,329.517,315.495,224.352,368.467,15.666666667,11.518294000000001,2.79737822
Wigan 009,E02001295,0.0,0.2,6417.294400000001,380.27279999999996,331.4024,235.18880000000001,272.60519999999997,13.333333333,12.32633664,2.9024237632
Wigan 010,E02001296,0.0,0.2,8625.2377,345.7518,335.9848,211.9439,249.0585,14.0,13.056134920000002,2.9972975396000003
Wigan 011,E02001297,0.2,0.4,5360.1988,386.74350000000004,360.2995,239.9793,265.1011,13.0,10.1425962,2.618537506
Wigan 012,E02001298,0.0,0.2,7506.786,349.6,353.096,244.72,285.798,13.666666666,13.160167600000001,3.0108217880000003
Wigan 013,E02001299,0.2,0.4,7400.5442,407.7906,426.6948,360.08,405.9902,9.0,14.0228655,3.122972515
Wigan 014,E02001300,0.2,0.4,6643.606,432.738,426.106,374.70799999999997,413.671,17.333333334,13.911449000000001,3.1084883700000003
Wigan 015,E02001301,0.0,0.2,7675.710400000001,386.3128,359.2348,238.2864,364.65040000000005,21.0,14.376973840000002,3.1690065992000003
Wigan 016,E02001302,0.0,0.2,6345.6931,424.58340000000004,440.48539999999997,337.1224,403.1157,12.333333333,15.33000506,3.2929006577999997
Wigan 017,E02001303,0.0,0.2,7626.7216,364.10080000000005,346.4688,225.6896,253.0192,12.666666667,12.744938560000001,2.9568420128
Wigan 018,E02001304,0.6,0.8,9927.639000000001,670.4046000000001,828.3735,615.1797,801.4032,21.333333334,19.5239286,3.8381107180000003
Wigan 019,E02001305,0.4,0.6,6318.883199999999,509.5608,577.0631999999999,451.9368,375.3792,16.999999999,12.43921056,2.9170973728
Wigan 020,E02001306,0.4,0.6,5515.614,449.064,593.406,384.183,347.733,12.0,11.4043302,2.782562926
Wigan 021,E02001307,0.8,1.0,9314.890000000001,683.878,846.5938,485.7892,458.66990000000004,13.666666667,13.329725500000002,3.0328643150000003
Wigan 022,E02001308,0.2,0.4,4746.5886,364.79040000000003,350.6178,329.667,370.95239999999995,16.000000001,11.629234499999999,2.811800485
Wigan 023,E02001309,0.2,0.4,6633.161999999999,412.7481,390.0429,300.03299999999996,372.2031,10.666666666,12.6816651,2.948616463
Wigan 024,E02001310,0.0,0.2,7928.9394,419.9532,405.0876,279.65909999999997,257.3607,11.666666666,13.92850974,3.1107062662000002
Wigan 025,E02001311,0.2,0.4,6802.6528,472.9792,507.4848,316.4416,318.1248,15.333333334,12.882791999999998,2.9747629599999996
Wigan 026,E02001312,0.2,0.4,7109.3946000000005,375.1418,405.0866,222.9224,207.95,14.0,10.3563259,2.646322367
Wigan 027,E02001313,0.0,0.2,6901.4214,373.8339,392.0697,289.2861,332.3889,19.333333334,13.98404034,3.1179252442000003
Wigan 028,E02001314,0.6,0.8,6992.643599999999,441.9636,436.1592,206.4708,214.7628,7.333333334,8.121101880000001,2.3557432444
Wigan 029,E02001315,0.6,0.8,6356.0376,396.0594,475.5894,362.65680000000003,363.45210000000003,13.666666666,10.412544780000001,2.6536308214
Wigan 030,E02001316,0.0,0.2,5773.6116999999995,238.71599999999998,267.8924,156.4916,192.29899999999998,9.0,9.40023822,2.5220309686
Wigan 031,E02001317,0.0,0.2,6947.9808,438.30719999999997,489.5712,322.96320000000003,345.17760000000004,16.333333334,15.21105408,3.2774370304000002
Wigan 032,E02001318,0.2,0.4,6060.7204,483.882,512.9935999999999,371.3696,439.8212,17.999999999,14.4114222,3.1734848860000002
Wigan 033,E02001319,0.0,0.2,6497.5326,367.5075,366.7338,260.7369,242.94179999999997,12.333333333,12.31018596,2.9003241748
Wigan 034,E02001320,0.2,0.4,6166.244000000001,377.416,399.572,333.868,362.136,7.333333333,12.496366,2.9245275800000003
Wigan 035,E02001321,0.4,0.6,6582.9509,458.9295,463.8909,370.4512,393.60440000000006,15.333333332,11.694267870000001,2.8202548231
Wigan 036,E02001322,0.4,0.6,5422.753500000001,473.71180000000004,515.5099,415.7811,505.24370000000005,15.0,13.193900250000002,3.0152070325
Wigan 037,E02001323,0.2,0.4,6333.764999999999,413.4,480.97499999999997,363.315,357.75,17.333333333,13.1671875,3.0117343750000005
Wigan 038,E02001324,0.2,0.4,7066.1866,415.91130000000004,464.99399999999997,300.5239,363.3842,17.000000001,13.1050809,3.003660517
Wigan 039,E02001325,0.6,0.8,6029.162499999999,456.136,490.038,368.29900000000004,361.36449999999996,15.333333333,10.497677249999999,2.6646980425
Wigan 040,E02001326,0.6,0.8,6000.808,397.4762,556.0027,371.9573,406.7558,11.999999999,11.1533059,2.7499297670000002
Wiltshire 001,E02006644,0.8,1.0,4820.4744,490.95,498.1506,344.3196,391.45079999999996,8.333333334,9.45190032,2.5287470416
Wiltshire 002,E02006645,0.8,1.0,6114.2991,442.5279,435.5772,340.5843,390.7838,5.333333333,9.59204323,2.5469656199
Wiltshire 003,E02006646,0.6,0.8,5962.371800000001,346.1689,363.1452,232.5015,479.0269,8.333333333,10.36543354,2.6475063602
Wiltshire 004,E02006647,0.6,0.8,4315.722000000001,440.1504,499.90200000000004,334.8456,325.9716,7.333333333,9.434541,2.52649033
Wiltshire 005,E02006648,0.8,1.0,4680.3258,343.00260000000003,386.6463,303.0471,432.74879999999996,10.333333333,9.13886784,2.4880528192
Wiltshire 006,E02006649,0.6,0.8,5942.5404,429.4812,447.5964,292.1076,437.02920000000006,10.999999999,10.699969320000001,2.6909960116000002
Wiltshire 007,E02006650,0.8,1.0,10316.773000000001,672.554,717.4765,518.534,610.946,13.666666666,15.1881689,3.274461957
Wiltshire 008,E02006651,0.6,0.8,5817.8640000000005,502.16400000000004,481.05199999999996,383.032,355.134,6.666666667,10.4955292,2.664418796
Wiltshire 009,E02006652,0.8,1.0,8006.372,423.3034,412.76869999999997,286.3523,450.119,8.666666666,10.4571263,2.659426419
Wiltshire 010,E02006653,0.6,0.8,7761.336599999999,476.5733,541.7785,379.7244,429.5872,7.999999999,12.072742779999999,2.8694565614
Wiltshire 011,E02006654,0.2,0.4,7455.942,467.20050000000003,508.62239999999997,408.4392,791.8326,16.333333333,19.5251277,3.838266601
Wiltshire 012,E02006634,0.8,1.0,6472.7808,594.032,616.5792,437.0688,549.8048,11.333333334,12.59625344,2.9375129472
Wiltshire 013,E02006655,0.6,0.8,5398.6543,483.25550000000004,510.1434,366.2568,507.2366,12.333333333,12.03756749,2.8648837737
Wiltshire 014,E02006656,0.8,1.0,5868.852,346.0,284.412,170.232,249.812,4.000000001,6.6205716,2.160674308
Wiltshire 015,E02006657,0.4,0.6,9156.3088,473.4524,462.5934,339.8867,424.58689999999996,11.666666666,12.67853404,2.9482094252
Wiltshire 016,E02006658,0.6,0.8,5596.1555,473.018,495.7875,332.7285,447.31050000000005,13.333333333,11.19209065,2.7549717845000004
Wiltshire 017,E02006659,0.8,1.0,6228.8476,420.0632,434.9535,338.5584,414.57730000000004,13.666666667,9.831829980000002,2.5781378974000004
Wiltshire 018,E02006660,0.6,0.8,10307.521700000001,804.0377,864.4412,582.5582,864.4412000000002,22.666666666,20.579740910000005,3.9753663183000008
Wiltshire 019,E02006635,0.8,1.0,6366.5196,492.8256,496.24800000000005,438.9228,762.3396,10.666666667,14.46845268,3.1808988484
Wiltshire 020,E02006678,0.4,0.6,6097.3899,396.07370000000003,438.97529999999995,353.1721,376.15510000000006,11.0,11.010159370000002,2.7313207181
Wiltshire 021,E02006679,0.6,0.8,8817.796400000001,719.6577,678.7293000000001,500.236,652.5806000000001,14.666666666,16.479138120000002,3.4422879556000003
Wiltshire 022,E02006680,0.4,0.6,5512.984100000001,459.8501,450.1612,356.2534,671.5153000000001,12.333333333,14.56994423,3.1940927499000002
Wiltshire 023,E02006681,0.8,1.0,4037.6079999999997,460.78850000000006,507.043,338.419,510.556,13.0,10.4551564,2.659170332
Wiltshire 024,E02006636,0.6,0.8,5118.0588,477.51719999999995,511.876,392.672,511.17479999999995,8.333333334,12.12423884,2.8761510492
Wiltshire 025,E02006637,0.6,0.8,8850.7932,559.1376,610.17,460.401,615.717,15.000000001,15.289085160000003,3.2875810708000004
Wiltshire 026,E02006638,0.4,0.6,4283.8224,431.25309999999996,476.1883,411.906,638.4543,12.0,14.18529372,3.1440881836
Wiltshire 027,E02006682,0.8,1.0,6908.902,758.2339999999999,738.5139999999999,557.09,898.246,18.0,17.7323226,3.6052019380000004
Wiltshire 028,E02006639,0.4,0.6,6235.631,589.5351,675.4558,485.74969999999996,520.6283999999999,9.999999999,14.9136217,3.238770821
Wiltshire 029,E02006640,0.6,0.8,5668.386399999999,538.0768,509.8352,300.2528,415.4488,10.333333333,10.88721112,2.7153374456000003
Wiltshire 030,E02006683,0.6,0.8,6842.5368,414.31719999999996,431.9656,336.16,379.0204,11.333333333,10.45928224,2.6597066912000003
Wiltshire 031,E02006684,0.2,0.4,5558.9057999999995,353.8332,334.5453,182.9025,222.14339999999999,13.666666667,9.125172,2.48627236
Wiltshire 032,E02006685,0.6,0.8,8118.379999999999,510.05,535.3,353.50000000000006,581.76,15.0,13.763674,3.08927762
Wiltshire 033,E02006686,0.2,0.4,4224.339,305.91,315.9216,242.5032,472.2138,8.666666667,11.6576739,2.815497607
Wiltshire 034,E02006641,0.8,1.0,6132.456,533.466,511.03799999999995,377.271,453.366,11.333333333,10.802125799999999,2.704276354
Wiltshire 035,E02006687,0.4,0.6,6537.624,408.21419999999995,357.86519999999996,215.3388,226.9578,10.666666666,8.2247028,2.369211364
Wiltshire 036,E02006688,0.4,0.6,4539.0714,275.45369999999997,302.4921,228.69979999999998,286.7197,7.333333334,7.93543242,2.3316062146
Wiltshire 037,E02006689,0.6,0.8,5141.8928,486.5641,492.11690000000004,394.2488,426.17740000000003,12.0,11.14335904,2.7486366752
Wiltshire 038,E02006642,0.6,0.8,4416.3268,399.08639999999997,376.15040000000005,272.365,269.498,6.666666666,7.953975440000001,2.3340168072000003
Wiltshire 039,E02006690,0.6,0.8,4578.8848,499.7622,574.9534,376.6042,451.14719999999994,8.666666667,11.51864364,2.7974236732
Wiltshire 040,E02006691,0.4,0.6,11830.818299999999,684.9191999999999,702.3324,541.2603,751.6698,20.333333334,19.99601289,3.8994816756999997
Wiltshire 041,E02006643,0.6,0.8,16614.015,387.3642,342.9417,177.69,245.2122,12.333333334,10.716483900000002,2.6931429070000004
Wiltshire 042,E02006692,0.6,0.8,4538.7654,297.64279999999997,291.8968,223.5194,393.0264,10.999999999,8.56538982,2.4135006766
Wiltshire 043,E02006693,0.4,0.6,4507.6573,384.2729,390.786,284.208,354.0758,9.0,9.63814459,2.5529587967
Wiltshire 044,E02006694,0.6,0.8,4475.047500000001,361.74600000000004,465.9039,377.9622,556.3404,13.0,11.93917725,2.8520930425
Wiltshire 045,E02006661,0.8,1.0,9815.1971,231.1454,214.1806,151.62290000000002,190.85399999999998,8.0,6.692719629999999,2.1700535518999997
Wiltshire 046,E02006662,0.6,0.8,4975.7544,372.4998,332.2128,241.10219999999998,275.811,10.0,7.806009119999999,2.3147811856000002
Wiltshire 047,E02006695,0.4,0.6,4421.503,443.81300000000005,547.4119999999999,416.95399999999995,564.6785,12.333333334,13.6815909,3.078606817
Wiltshire 048,E02006663,0.6,0.8,9992.4903,579.7978,472.7397,357.2613,627.9137999999999,18.666666667,14.74165979,3.2164157727
Wiltshire 049,E02006664,0.6,0.8,4796.959000000001,437.26500000000004,491.03240000000005,336.20820000000003,415.8876,11.666666667,10.5335519,2.669361747
Wiltshire 050,E02006665,0.4,0.6,4510.8066,548.6940000000001,639.4656,464.6964,610.3373999999999,13.666666667,15.12071958,3.2656935454
Wiltshire 051,E02006666,0.6,0.8,5346.806499999999,296.85949999999997,369.5734,247.4941,411.6007,7.333333333,9.441132750000001,2.5273472575
Wiltshire 052,E02006667,0.2,0.4,5716.6275000000005,284.6755,236.459,152.5755,214.6625,8.333333334,8.302154750000001,2.3792801175000005
Wiltshire 053,E02006668,0.6,0.8,4334.8242,350.637,424.92449999999997,369.06030000000004,462.9597,15.333333334,10.639277459999999,2.6831060698
Wiltshire 054,E02006669,0.4,0.6,7354.983299999999,701.4956999999999,742.3397,593.2591,817.9011,19.333333334,19.95321299,3.8939176887
Wiltshire 055,E02006670,0.6,0.8,5392.1399,361.1442,338.15000000000003,272.5489,400.3696,10.333333333,9.45934047,2.5297142611
Wiltshire 056,E02006671,0.6,0.8,4790.7258,324.8784,353.7975,245.50469999999999,438.7089,12.0,9.55548594,2.5422131722000003
Wiltshire 057,E02006672,0.6,0.8,6905.1612000000005,369.4404,444.7128,343.4844,589.2012,11.333333333,12.787915559999998,2.9624290228
Wiltshire 058,E02006673,0.4,0.6,3336.5567,367.8094,396.56,288.4974,567.5765,14.666666666,11.864728209999999,2.8424146673
Wiltshire 059,E02006674,0.6,0.8,4793.2276,318.1774,316.9676,233.49140000000003,387.136,8.0,8.76814648,2.4398590424
Wiltshire 060,E02006675,0.8,1.0,5841.556799999999,560.8278,557.6322,469.7532,560.0289,15.333333333,12.49847094,2.9248012222
Wiltshire 061,E02006676,0.4,0.6,4423.9881,493.1742,511.55729999999994,373.3671,537.5472,14.333333333,13.05054303,2.9965705939
Wiltshire 062,E02006677,0.8,1.0,5677.487999999999,567.909,577.521,466.182,722.5020000000001,15.0,14.2725384,3.155429992
Winchester 001,E02004829,0.6,0.8,4607.0544,330.9968,353.804,243.27679999999998,314.0376,10.333333333,8.13012352,2.3569160576000003
Winchester 002,E02004830,0.8,1.0,5401.1864,399.27200000000005,424.0544,320.7944,338.0044,9.999999999,8.58902912,2.4165737856
Winchester 003,E02004831,0.8,1.0,7163.7264,477.20000000000005,513.4672,428.5256,961.0808000000001,22.999999999,16.844969120000002,3.4898459856000006
Winchester 004,E02004832,0.8,1.0,5968.3238999999985,549.3676999999999,673.3362999999999,512.8564,787.1157000000001,15.666666666,15.458459869999999,3.3095997831000004
Winchester 005,E02004833,0.8,1.0,8127.585000000001,403.6452,469.2624,337.0338,604.4736,16.333333334,12.5184693,2.927401009
Winchester 006,E02004834,0.4,0.6,6856.6638,345.85319999999996,370.6752,258.1488,443.48639999999995,16.333333332,11.10213594,2.7432776722
Winchester 007,E02004835,0.8,1.0,9037.16,386.745,497.0875,356.155,650.0375,10.666666668,13.4100005,3.0433000650000004
Winchester 008,E02004836,0.4,0.6,6059.9175000000005,187.6875,185.64,155.61,235.4625,9.999999999,6.69512025,2.1703656325000003
Winchester 009,E02004837,0.8,1.0,6317.4276,449.7372,513.8693999999999,347.4504,490.32719999999995,8.0,10.953292679999999,2.7239280484
Winchester 010,E02004838,0.8,1.0,7347.4776,565.338,644.8686,420.6498,602.7078,15.0,13.357691280000001,3.0364998664000002
Winchester 011,E02004839,0.8,1.0,6384.4584,643.1135999999999,580.0124000000001,459.8608,577.4191999999999,10.333333333,13.012504719999999,2.9916256136
Winchester 012,E02004840,0.8,1.0,7167.72,612.444,679.0980000000001,512.946,688.758,15.333333334,14.874468,3.23368084
Winchester 013,E02004841,0.6,0.8,9502.7205,599.8629,599.8629,397.9521,638.6016000000001,13.666666667,15.46437165,3.3103683145
Winchester 014,E02004842,0.8,1.0,7620.525900000001,580.3029,547.9002,418.2894,651.9816,16.000000001,13.80580857,3.0947551141
Windsor and Maidenhead 001,E02003421,0.8,1.0,4388.7816,295.5068,316.85519999999997,234.83239999999998,381.4622,10.000000001,7.91160468,2.3285086084
Windsor and Maidenhead 002,E02003422,0.8,1.0,8637.028400000001,642.7343999999999,746.438,542.4496,827.3496,22.0,17.18254692,3.5337310995999998
Windsor and Maidenhead 003,E02003423,0.6,0.8,5519.212799999999,287.24039999999997,261.6642,249.8598,240.02279999999996,7.333333334,7.16645124,2.2316386612
Windsor and Maidenhead 004,E02003424,0.8,1.0,6775.6546,439.8524,488.0434,417.9474,642.2546,13.666666666,13.043025579999998,2.9955933254
Windsor and Maidenhead 005,E02003425,0.6,0.8,11192.177500000002,385.805,341.09250000000003,329.595,525.0525,15.0,12.917185750000002,2.9792341475000006
Windsor and Maidenhead 006,E02003426,0.8,1.0,8014.550000000001,469.0625,444.375,348.5875,598.425,15.333333333,12.5568525,2.932390825
Windsor and Maidenhead 007,E02003427,0.6,0.8,7079.408,292.8004,270.7792,194.9284,318.89959999999996,8.0,8.2750776,2.375760088
Windsor and Maidenhead 008,E02003428,0.8,1.0,7438.876200000001,516.6651,511.1589,346.8906,363.40919999999994,10.666666667,10.01926506,2.6025044578000003
Windsor and Maidenhead 009,E02003429,0.8,1.0,6051.754,430.99920000000003,468.8468,332.9044,439.4956,11.666666666,10.1141918,2.614844934
Windsor and Maidenhead 010,E02003430,0.8,1.0,6070.0486,316.8704,253.9207,132.26510000000002,299.8952,8.666666668,6.9227694799999995,2.1999600324
Windsor and Maidenhead 011,E02003431,0.4,0.6,5540.0008,320.7084,314.61899999999997,228.01420000000002,362.65759999999995,8.0,9.281869440000001,2.5066430272
Windsor and Maidenhead 012,E02003432,0.8,1.0,6202.17,256.7916,238.6566,177.723,377.9334,9.000000001,7.897429799999999,2.3266658739999997
Windsor and Maidenhead 013,E02003433,0.8,1.0,5221.9622,305.7936,362.124,327.9234,488.1968,13.0,9.91220566,2.5885867358
Windsor and Maidenhead 014,E02003434,0.6,0.8,7437.870000000001,367.5375,397.485,274.065,597.135,21.333333333,12.495186,2.92437418
Windsor and Maidenhead 015,E02003435,0.8,1.0,5899.872,284.87039999999996,315.4176,274.2144,328.91519999999997,5.333333333,7.9596767999999996,2.3347579840000003
Windsor and Maidenhead 016,E02003436,0.8,1.0,6522.8966,518.7006,542.7862,405.1542,612.4624,15.333333333,12.842699979999999,2.9695509974
Windsor and Maidenhead 017,E02003437,0.8,1.0,5943.8856000000005,361.00079999999997,417.4536,301.5768,404.08320000000003,11.0,9.29287368,2.5080735784000003
Windsor and Maidenhead 018,E02003438,0.8,1.0,8481.4884,507.02189999999996,605.8206,434.28000000000003,829.4748,15.666666667,16.06575432,3.3885480616
Wirral 001,E02001467,0.0,0.2,5941.5539,531.0446000000001,475.89160000000004,385.2831,545.2268,9.333333333,17.83931664,3.6191111632000004
Wirral 002,E02001468,0.0,0.2,6245.9256000000005,398.44960000000003,345.2216,267.6608,345.98199999999997,15.0,13.49132096,3.0538717248
Wirral 003,E02001469,0.4,0.6,5828.585400000001,511.2522,497.2878,364.626,554.6970000000001,13.666666667,13.604351220000002,3.0685656586000003
Wirral 004,E02001470,0.4,0.6,6517.126,558.9459999999999,461.738,353.636,488.55400000000003,15.0,12.904445800000001,2.977577954
Wirral 005,E02001471,0.0,0.2,6580.4458,400.9393,350.5265,210.3159,333.9848,14.333333333,13.185625380000001,3.0141312994000002
Wirral 006,E02001472,0.2,0.4,5747.0352,388.46479999999997,324.6556,208.9576,342.8868,14.333333334,10.9148792,2.718934296
Wirral 007,E02001473,0.2,0.4,6349.665,453.15000000000003,428.50500000000005,312.435,406.245,12.0,13.310287500000001,3.030337375
Wirral 008,E02001474,0.0,0.2,6384.6089999999995,295.2378,252.747,180.2196,214.6518,13.0,10.408048200000001,2.6530462660000005
Wirral 009,E02001475,0.0,0.2,5255.6988,304.4382,315.9024,198.7128,294.24780000000004,16.333333333,11.177085480000002,2.7530211124000004
Wirral 010,E02001476,0.0,0.2,6989.525800000001,311.93980000000005,277.63439999999997,172.3248,227.37300000000002,11.333333334,11.07633608,2.7399236904000004
Wirral 011,E02001477,0.0,0.2,6636.875,351.94399999999996,260.924,149.4245,186.591,11.666666666,10.331528500000001,2.6430987050000003
Wirral 012,E02001478,0.0,0.2,5976.366,544.0934,547.243,338.582,467.7156,23.0,17.0251628,3.513271164
Wirral 013,E02001479,0.6,0.8,4742.8138,441.6536,417.4619,268.5899,331.8605,7.666666666,8.969413939999999,2.4660238122
Wirral 014,E02001480,0.6,0.8,5742.495000000001,495.74940000000004,463.26660000000004,353.44379999999995,677.4984000000001,20.666666666,13.787015100000001,3.092311963
Wirral 015,E02001481,0.2,0.4,6239.673,477.1278,462.64500000000004,404.7138,462.64500000000004,15.0,14.7865365,3.222249745
Wirral 016,E02001482,0.0,0.2,6985.684200000001,376.8144,280.1745,213.5823,264.74460000000005,12.000000001,12.148366320000001,2.8792876216000005
Wirral 017,E02001483,0.6,0.8,5418.8602,577.174,555.9866,345.5738,409.136,11.666666667,11.23231746,2.7602012698000005
Wirral 018,E02001484,0.4,0.6,5737.672500000001,521.6778,540.4770000000001,372.0675,662.6718000000001,19.666666667,15.111031950000001,3.2644341535000003
Wirral 019,E02001485,0.0,0.2,5787.96,316.22499999999997,307.19,202.245,336.38,11.666666667,12.042126,2.86547638
Wirral 020,E02001486,0.2,0.4,5860.5568,600.4736,633.2416,436.6336,661.0944,33.333333333,18.2542336,3.673050368
Wirral 021,E02001487,0.0,0.2,8635.9104,376.8256,288.4464,224.3472,185.4992,13.0,12.304327040000002,2.8995625152000004
Wirral 022,E02001488,0.0,0.2,7114.1404,386.1913,388.7602,283.4353,391.3291,12.333333333,14.82323804,3.2270209452
Wirral 023,E02001489,0.8,1.0,5564.043299999999,689.5088,707.3969999999999,470.7849,697.6398,16.0,14.490986889999999,3.1838282956999997
Wirral 024,E02001490,0.4,0.6,6416.2126,469.1974,571.4478,376.0176,413.94919999999996,15.0,12.37254578,2.9084309513999997
Wirral 025,E02001491,0.0,0.2,5609.7716,388.946,369.6708,212.0272,305.64959999999996,14.0,12.310932559999998,2.9004212328
Wirral 026,E02001492,0.4,0.6,5754.5439,497.511,550.4209,398.0088,697.3051,20.0,15.678782770000002,3.3382417601000007
Wirral 027,E02001493,0.0,0.2,6972.8509,374.578,314.31980000000004,203.57500000000002,276.862,10.0,12.37556854,2.9088239101999998
Wirral 028,E02001494,0.8,1.0,4947.2256,549.8496,615.9168,409.9008,581.1072,9.333333333,12.25738368,2.8934598784
Wirral 029,E02001495,0.0,0.2,6389.1936000000005,429.678,375.27840000000003,280.6704,409.968,17.333333333,14.742606960000003,3.2165389048000006
Wirral 030,E02001496,0.2,0.4,4746.303,400.545,357.69599999999997,286.281,420.4170000000001,8.000000001,12.054541500000003,2.8670903950000004
Wirral 031,E02001497,0.0,0.2,6761.622000000001,385.084,376.994,262.925,302.56600000000003,18.999999999,13.3386302,3.0340219260000003
Wirral 032,E02001498,0.4,0.6,5932.4862,406.0795,395.6481,298.04,416.51090000000005,12.333333334,10.960868060000001,2.7249128478
Wirral 033,E02001499,0.6,0.8,4579.2824,492.7076,539.4753,352.4045,623.1302,12.000000001,13.133555819999998,3.0073622565999996
Wirral 034,E02001500,0.6,0.8,5432.119,532.8549999999999,562.875,415.0265,563.6255,16.333333333,13.221858699999999,3.018841631
Wirral 035,E02001501,0.6,0.8,6400.3444,401.78639999999996,513.9316,325.9472,425.9904,16.666666667,11.095032920000001,2.7423542796
Wirral 036,E02001502,0.4,0.6,7499.320000000001,493.5,474.70000000000005,377.88,557.42,19.333333334,14.091916000000001,3.13194908
Wirral 037,E02001503,0.6,0.8,5209.7748,532.3258000000001,550.9908,468.86479999999995,704.7904,16.666666667,14.92856564,3.2407135332
Wirral 038,E02001504,0.8,1.0,4763.252,550.0508,670.7583999999999,524.7528,719.9087999999999,19.666666666,14.413354799999999,3.173736124
Wirral 039,E02001505,0.2,0.4,4910.963400000001,350.60130000000004,396.4149,281.24460000000005,424.41209999999995,17.333333333,12.1546026,2.8800983380000003
Wirral 040,E02001506,0.8,1.0,5861.3784,690.99,795.3072,585.7811999999999,983.4348,22.666666668,18.477696719999997,3.7021005736
Wirral 041,E02001507,0.8,1.0,5055.920800000001,445.02340000000004,596.4451,446.44519999999994,565.1655000000001,11.333333333,12.048759740000001,2.8663387662
Wirral 042,E02001508,0.2,0.4,6574.392,450.7443,426.6714,312.11760000000004,537.0747,13.666666667,14.9758341,3.246858433
Woking 001,E02006456,0.6,0.8,6206.046,359.2368,363.8424,298.59639999999996,446.7432,11.666666667,10.4428142,2.6575658460000002
Woking 002,E02006457,0.8,1.0,6723.9252,495.8064,540.7164,485.9262,734.7276,16.666666667,14.60185776,3.1982415088
Woking 003,E02006458,0.8,1.0,7007.2842,473.3673,525.8631,371.091,674.2995000000001,13.0,13.373395560000002,3.0385414228000007
Woking 004,E02006459,0.2,0.4,9609.970800000001,357.80679999999995,232.892,143.96959999999999,242.41939999999997,13.666666666,10.7267938,2.694483194
Woking 005,E02006460,0.6,0.8,7470.4851,505.4066,427.1675,244.6096,346.2305,8.666666667,9.99221223,2.5989875899
Woking 006,E02006461,0.8,1.0,5249.1721,378.3798,337.69379999999995,262.4247,554.0077,8.0,10.413107029999999,2.6537039139000003
Woking 007,E02006462,0.8,1.0,6815.2762,362.4196,356.7314,238.0918,353.481,9.333333333,8.561634860000002,2.4130125318
Woking 008,E02006463,0.8,1.0,9351.1792,335.3482,351.41920000000005,222.85119999999998,453.20219999999995,8.666666666,10.27836876,2.6361879388
Woking 009,E02006464,0.6,0.8,5314.9436,341.7606,363.7452,251.8236,389.06080000000003,5.0,9.271771880000001,2.5053303444
Woking 010,E02006465,0.8,1.0,4754.7824,362.0208,335.3392,243.7728,366.872,6.333333333,8.07561072,2.3498293936000003
Woking 011,E02006466,0.4,0.6,9272.955,370.61999999999995,345.06,257.73,404.70000000000005,11.333333333,11.3061465,2.769799045
Woking 012,E02006467,0.8,1.0,5612.270999999999,338.5944,349.6056,253.2576,329.64779999999996,9.333333334,7.952495099999998,2.3338243629999997
Wokingham 001,E02003439,0.8,1.0,4227.342,293.05080000000004,382.8748,300.91040000000004,409.82200000000006,10.333333333,8.6326478,2.422244214
Wokingham 002,E02003440,0.8,1.0,7404.6056,433.88520000000005,470.7332,360.1892,543.5079999999999,12.333333334,11.81015248,2.8353198224
Wokingham 003,E02003441,0.8,1.0,5923.142,412.3215,430.9575,375.0495,624.306,12.666666667,12.2061141,2.886794833
Wokingham 004,E02003442,0.8,1.0,6540.156,334.9836,282.5712,192.9384,246.87,7.666666667,6.8774184,2.194064392
Wokingham 005,E02003443,0.6,0.8,5658.1812,279.0648,335.30490000000003,291.1671,555.282,13.333333334,11.16074106,2.7508963378
Wokingham 006,E02003444,0.8,1.0,8144.358,356.828,327.896,296.0708,518.8472,14.0,11.0004286,2.730055718
Wokingham 007,E02003445,0.8,1.0,6922.4130000000005,412.56,439.2045,380.75849999999997,440.9235,9.333333333,10.534203900000001,2.669446507
Wokingham 008,E02003446,0.8,1.0,8450.403,408.159,486.7674,323.50379999999996,407.15119999999996,14.666666666,10.421155899999999,2.654750267
Wokingham 009,E02003447,0.8,1.0,8759.6019,391.75140000000005,352.1703,246.6207,397.8408,12.333333335,9.72507627,2.5642599151
Wokingham 010,E02003448,0.8,1.0,5882.553600000001,388.731,407.6226,254.31000000000003,332.05620000000005,7.000000001,8.281641480000001,2.3766133924000004
Wokingham 011,E02003449,0.8,1.0,7022.611200000001,268.4352,241.6704,135.3984,205.45919999999998,8.333333334,6.064037760000001,2.0883249088
Wokingham 012,E02003450,0.8,1.0,10252.4095,419.039,400.31100000000004,271.556,365.19599999999997,12.0,10.08935885,2.6116166505000002
Wokingham 013,E02003451,0.8,1.0,6907.6082,382.3823,424.7711,362.071,754.1674,17.666666667,13.79278566,3.0930621358000003
Wokingham 014,E02003452,0.8,1.0,6992.5856,318.25919999999996,324.8896,273.504,378.76160000000004,5.333333333,8.91797088,2.4593362144000004
Wokingham 015,E02003453,0.8,1.0,5427.1296,387.4632,329.9388,223.48559999999998,243.98280000000003,7.000000001,6.86418168,2.1923436184
Wokingham 016,E02003454,0.8,1.0,6986.291,445.081,418.95099999999996,347.529,513.89,9.666666667,11.2143863,2.757870219
Wokingham 017,E02003455,0.8,1.0,6946.219999999999,358.34000000000003,364.9,225.5,306.68,7.333333333,8.031326,2.34407238
Wokingham 018,E02003456,0.6,0.8,5721.9800000000005,247.67280000000002,262.4392,192.6344,286.6024,8.000000001,7.377494800000001,2.259074324
Wokingham 019,E02003457,0.8,1.0,7872.209199999999,606.3204000000001,644.1532,391.2708,441.0508,8.666666667,11.67052276,2.8171679588000003
Wokingham 020,E02003458,0.8,1.0,6315.9255,424.4985,497.799,362.47499999999997,452.691,9.333333333,10.531348649999998,2.6690753244999996
Wolverhampton 001,E02002149,0.2,0.4,7703.278799999999,520.1856,536.934,477.822,613.7796,21.0,18.2700414,3.675105382
Wolverhampton 002,E02002150,0.2,0.4,4704.857099999999,281.9178,234.9315,165.8673,272.2941,12.000000001,8.56650825,2.4136460725
Wolverhampton 003,E02002151,0.0,0.2,4955.1844,309.0418,243.0272,160.655,174.67579999999998,5.333333333,8.95415024,2.4640395312
Wolverhampton 004,E02002152,0.0,0.2,5396.6484,234.6916,213.2988,157.9292,290.6904,11.666666666,10.07173024,2.6093249312
Wolverhampton 005,E02002153,0.2,0.4,5738.4576,314.416,344.39520000000005,338.5456,576.9168,15.000000001,14.4828784,3.182774192
Wolverhampton 006,E02002154,0.0,0.2,5395.2480000000005,253.36800000000002,205.551,119.85300000000001,235.359,7.0,9.1950228,2.4953529640000003
Wolverhampton 007,E02002155,0.0,0.2,5584.822,206.382,160.10240000000002,130.0832,172.6104,9.333333334,8.165222400000001,2.361478912
Wolverhampton 008,E02002156,0.2,0.4,6709.7916000000005,398.81100000000004,340.2102,277.5399,412.64730000000003,15.666666667,12.8067165,2.9648731450000003
Wolverhampton 009,E02002157,0.6,0.8,6187.5072,364.46750000000003,356.0272,299.247,464.98380000000003,14.000000001,10.62035276,2.6806458588
Wolverhampton 010,E02002158,0.2,0.4,5568.8976,378.8712,396.324,348.3288,580.3056,14.0,14.9083272,3.2380825360000003
Wolverhampton 011,E02002159,0.0,0.2,5750.514399999999,179.8032,171.5144,114.1304,160.6752,7.0,7.93391184,2.3314085392
Wolverhampton 012,E02002160,0.2,0.4,6111.385200000001,376.326,339.8112,304.78679999999997,319.6908,10.333333333,11.5137126,2.796782638
Wolverhampton 013,E02002161,0.0,0.2,6501.3624,212.2952,145.3296,101.8732,162.4272,8.666666667,8.351180240000001,2.3856534312
Wolverhampton 014,E02002162,0.6,0.8,5385.3975,453.9948,491.0556,467.8926,920.3432,19.0,16.95106945,3.5036390285000003
Wolverhampton 015,E02002163,0.0,0.2,11489.1597,412.3854,279.1926,251.0172,371.40299999999996,15.333333333,16.56534222,3.4534944886000005
Wolverhampton 016,E02002164,0.0,0.2,7474.795900000001,145.5454,119.955,91.1658,167.93699999999998,12.0,8.46578414,2.4005519382
Wolverhampton 017,E02002165,0.0,0.2,7097.821499999999,313.69800000000004,203.742,156.84900000000002,312.8895,10.333333334,11.698509900000001,2.8208062870000004
Wolverhampton 018,E02002166,0.0,0.2,8055.4475,412.6825,349.48749999999995,348.53000000000003,411.72499999999997,18.666666666,16.024528500000002,3.3831887050000002
Wolverhampton 019,E02002167,0.4,0.6,4886.0307,414.1922,427.9115,346.24899999999997,459.92319999999995,10.0,11.60241201,2.8083135613000003
Wolverhampton 020,E02002168,0.0,0.2,11045.216100000001,326.889,226.4009,191.2906,318.4141,17.0,14.553582560000002,3.1919657328000004
Wolverhampton 021,E02002169,0.6,0.8,6358.376700000001,588.7869,593.1354,412.2378,742.7238,18.0,15.68877921,3.3395412973000003
Wolverhampton 022,E02002170,0.0,0.2,5187.8448,289.3968,257.4504,179.1504,350.784,10.666666667,11.31040368,2.7703524784000004
Wolverhampton 023,E02002171,0.0,0.2,6023.080799999999,362.4588,411.6816,296.8284,363.95039999999995,11.666666666,13.929754079999999,3.1108680304
Wolverhampton 026,E02002174,0.4,0.6,6107.8192,456.3136,443.21000000000004,267.4676,433.96040000000005,15.666666666,11.330143360000001,2.7729186368
Wolverhampton 027,E02002175,0.0,0.2,6337.9467,368.529,296.32739999999995,237.66360000000003,282.7896,14.0,12.184170420000001,2.8839421546
Wolverhampton 028,E02002176,0.2,0.4,5991.0496,406.47679999999997,416.1904,297.3856,361.6448,12.999999999,12.3011536,2.8991499679999997
Wolverhampton 029,E02002177,0.0,0.2,9264.2544,396.5286,303.9702,262.95,291.34860000000003,9.333333333,14.39787984,3.1717243792
Wolverhampton 030,E02002178,0.4,0.6,6473.1912,443.7768,414.02639999999997,326.428,606.5776,16.666666667,13.723115759999999,3.0840050488
Wolverhampton 031,E02002179,0.6,0.8,4899.6096,342.696,376.6512,249.00480000000002,420.03839999999997,9.333333333,9.527326079999998,2.5385523903999996
Wolverhampton 032,E02002180,0.2,0.4,5109.991,311.664,301.9245,264.9144,505.15540000000004,11.333333333,12.613951100000001,2.9398136430000004
Wolverhampton 033,E02002181,0.0,0.2,6965.7652,341.4431,308.8471,212.68890000000002,318.62589999999994,14.0,12.74324322,2.9566216186
Wolverhampton 034,E02002182,0.2,0.4,5278.958999999999,359.856,271.8198,203.7042,312.3036,13.666666667,9.9798993,2.597386909
Wolverhampton 035,E02006894,0.0,0.2,12675.109199999999,536.6886000000001,425.30039999999997,339.951,488.95079999999996,17.999999999,20.66207712,3.9860700256
Worcester 001,E02006734,0.8,1.0,5941.4358,517.0668,504.1804,439.7484,651.5686,15.666666666,13.19092174,3.0148198262
Worcester 002,E02006735,0.0,0.2,4659.703399999999,219.93019999999999,173.88569999999999,145.7173,216.67999999999998,6.333333334,8.38508264,2.3900607432000003
Worcester 003,E02006736,0.6,0.8,5639.0915,238.78679999999997,207.9756,150.2046,182.94150000000002,6.0,5.76458295,2.0493957835
Worcester 004,E02006737,0.4,0.6,6626.625800000001,420.4006,444.9376,329.6137,356.6044,7.666666667,10.86547434,2.7125116642
Worcester 005,E02006738,0.0,0.2,7759.9865,373.2925,299.5335,271.649,292.33750000000003,14.333333333,13.4297149,3.045862937
Worcester 006,E02006739,0.6,0.8,4677.1896,279.23519999999996,320.7594,295.4838,445.9338,11.666666667,9.627355679999999,2.5515562384
Worcester 007,E02006740,0.2,0.4,6618.105500000001,305.3327,288.41249999999997,215.348,263.80129999999997,10.0,10.05175245,2.6067278185000005
Worcester 008,E02006741,0.8,1.0,5120.8116,250.9672,245.56359999999998,141.6944,245.56359999999998,5.0,5.93897668,2.0720669684
Worcester 009,E02006742,0.2,0.4,7486.826000000001,427.69,368.2636,304.3352,417.7856,10.0,13.643311,3.07363043
Worcester 010,E02006743,0.2,0.4,5590.0064999999995,328.5915,318.714,160.674,187.6725,9.666666667,8.43242175,2.3962148274999997
Worcester 011,E02006744,0.2,0.4,6536.4286,280.2722,251.71900000000002,163.8052,281.02360000000004,8.333333333,9.6348265,2.552527445
Worcester 012,E02006745,0.6,0.8,6253.632,500.6232,543.0348,381.7044,638.6688,14.000000001,13.983353999999999,3.11783602
Worcester 013,E02006746,0.6,0.8,6561.9782000000005,462.89860000000004,470.2984,292.7032,434.1216,11.666666666,11.014437860000001,2.7318769218000005
Worcester 014,E02006747,0.8,1.0,4430.3935,277.4811,303.2042,194.8388,268.177,5.333333333,6.41462965,2.1339018545000004
Worthing 001,E02006621,0.8,1.0,4822.329599999999,658.3515,780.1274999999999,572.3472,778.6053,14.000000001,15.75005118,3.3475066534
Worthing 002,E02006622,0.6,0.8,5901.669800000001,515.8127000000001,564.8994,391.8889,671.9245000000001,12.666666666,14.41233794,3.1736039322000003
Worthing 003,E02006623,0.2,0.4,6371.240199999999,474.4454,497.2318,362.95480000000003,431.31399999999996,15.999999999,14.3143351,3.160863563
Worthing 004,E02006624,0.8,1.0,5997.098799999999,383.3522,402.8574,269.3218,448.6196,11.333333333,9.65297344,2.5548865472
Worthing 005,E02006625,0.6,0.8,6983.337,336.2802,330.5528,223.36860000000001,309.2796,8.666666666,8.6086913,2.419129869
Worthing 006,E02006626,0.2,0.4,7654.262000000001,390.5055,330.2915,207.207,271.8485,7.666666666,11.0324445,2.7342177850000002
Worthing 007,E02006627,0.6,0.8,7161.174000000001,479.44,566.1080000000001,418.588,591.9240000000001,15.0,13.975768200000003,3.1168498660000004
Worthing 008,E02006628,0.4,0.6,8106.696,338.83200000000005,333.216,218.08800000000002,364.10400000000004,13.000000001,10.1203128,2.6156406640000003
Worthing 009,E02006629,0.2,0.4,6448.245,364.90500000000003,400.68,275.07,461.895,15.999999999,13.3897875,3.040672375
Worthing 010,E02006630,0.2,0.4,6300.971799999999,443.01660000000004,573.2128,435.1524,985.6464,28.666666666,21.6462105,4.114007365
Worthing 011,E02006631,0.2,0.4,8334.1174,400.7374,450.57529999999997,332.5917,652.9782,21.000000001,17.3354524,3.5536088120000002
Worthing 012,E02006632,0.8,1.0,5860.512,475.2432,654.1776,424.35360000000003,792.8928,14.333333334,14.860584,3.2318759200000002
Worthing 013,E02006633,0.8,1.0,5053.416899999999,606.4422,827.6247000000001,625.7453999999999,930.5751,18.333333334,17.749211969999998,3.6073975560999996
Wychavon 001,E02006748,0.4,0.6,5893.6185,479.0247,465.9534,341.39160000000004,508.24289999999996,13.0,12.73721295,2.9558376835000004
Wychavon 002,E02006749,0.2,0.4,4288.480699999999,294.6244,333.3071,178.5763,204.01149999999996,5.666666666,8.05951405,2.3477368265000003
Wychavon 003,E02006750,0.4,0.6,3857.3012000000003,335.561,393.8716,349.31350000000003,564.9527,11.0,12.27911216,2.8962845808
Wychavon 004,E02006751,0.4,0.6,4307.1399,374.1234,417.2007,316.2936,485.65229999999997,14.666666666,11.43478077,2.7865215001
Wychavon 005,E02006752,0.8,1.0,5545.584400000001,450.6782,505.6566,334.93420000000003,398.59340000000003,7.666666667,9.63554332,2.5526206316
Wychavon 006,E02006753,0.6,0.8,4962.248100000001,452.0226,466.69000000000005,349.3508,436.68850000000003,10.333333333,10.80980713,2.7052749269
Wychavon 007,E02006754,0.6,0.8,4095.2086999999997,437.899,478.27669999999995,349.7505,325.2964,6.666666666,9.34448031,2.5147824403000003
Wychavon 008,E02006755,0.6,0.8,3868.1244,431.1048,467.68679999999995,418.72319999999996,440.67240000000004,7.666666667,10.83440652,2.7084728476000004
Wychavon 009,E02006756,0.6,0.8,5028.611000000001,341.30559999999997,328.1302,229.00099999999998,346.9522,3.0,8.4651945,2.400475285
Wychavon 010,E02006757,0.6,0.8,4793.977,579.7694,568.539,476.5901,600.8264,13.0,13.8639288,3.1023107440000004
Wychavon 011,E02006758,0.4,0.6,4483.0789,391.5148,409.6839,281.32800000000003,295.9805,9.000000001,9.006422870000002,2.4708349731000006
Wychavon 012,E02006759,0.4,0.6,5517.506,543.89,625.6719999999999,495.45599999999996,755.888,12.333333333,17.2891118,3.5475845340000003
Wychavon 013,E02006760,0.4,0.6,6611.865999999999,637.1351999999999,662.548,463.7836,702.4824,13.666666667,17.120512599999998,3.5256666379999997
Wychavon 014,E02006761,0.2,0.4,5432.6016,310.7328,258.5088,164.50560000000002,362.30400000000003,6.333333333,10.1817216,2.623623808
Wychavon 015,E02006762,0.6,0.8,5136.749,339.404,402.7159,276.09209999999996,372.039,11.666666666,9.303585799999999,2.509466154
Wychavon 016,E02006763,0.6,0.8,6951.42,453.98780000000005,471.1518,280.6314,425.66720000000004,13.333333333,10.963505000000001,2.7252556500000003
Wychavon 017,E02006764,0.4,0.6,5071.911,316.498,293.28000000000003,190.632,237.67900000000003,4.0,7.323629300000001,2.2520718090000003
Wychavon 018,E02006765,0.6,0.8,3853.2768,551.8512000000001,555.4818,439.9077,651.0876,14.333333334,13.843114739999999,3.0996049161999997
Wychavon 019,E02006766,0.8,1.0,5317.3802000000005,673.3122,750.1956,442.66200000000003,582.4499999999999,9.000000001,13.06248966,2.9981236558
Wycombe 001,E02003696,0.8,1.0,5467.144,498.0160000000001,605.184,458.616,851.04,16.666666666,15.501063199999997,3.3151382159999994
Wycombe 002,E02003697,0.8,1.0,4269.913199999999,377.89919999999995,403.4016,324.576,420.21000000000004,10.666666667,9.088765559999999,2.4815395228
Wycombe 003,E02003698,0.8,1.0,5970.779100000001,496.1322,623.8494000000001,514.1436,581.277,10.333333335,12.99596193,2.9894750509000003
Wycombe 004,E02003699,0.8,1.0,4301.8414999999995,373.63280000000003,338.74539999999996,250.4015,361.8161,6.666666668,7.94729345,2.3331481485000003
Wycombe 006,E02003701,0.6,0.8,9461.2392,468.8776,511.2944,397.80080000000004,623.6416,13.666666666,14.67036616,3.2071476008
Wycombe 007,E02003702,0.6,0.8,6187.0266,440.1648,503.95680000000004,385.1442,456.1128,9.333333334,11.69522658,2.8203794554000003
Wycombe 008,E02003703,0.6,0.8,7289.399,367.39910000000003,230.9844,230.9844,251.9069,5.333333333,7.7714534,2.310288942
Wycombe 009,E02003704,0.8,1.0,4458.3135,345.5264,339.8434,259.14480000000003,280.1719,5.333333334,7.08584855,2.2211603115000003
Wycombe 010,E02003705,0.4,0.6,6223.7925000000005,254.58749999999998,174.375,122.76,199.485,4.666666667,6.204192750000001,2.1065450575
Wycombe 011,E02003706,0.6,0.8,6010.9908,251.3282,229.746,185.8854,283.3534,8.333333333,7.27125204,2.2452627652
Wycombe 012,E02003707,0.6,0.8,6222.24,217.152,196.968,111.36,212.28,6.666666667,5.980728,2.0774946400000003
Wycombe 013,E02003708,0.2,0.4,9031.2064,303.0672,143.1968,118.6768,211.8528,10.333333333,9.3705632,2.518173216
Wycombe 014,E02003709,0.4,0.6,5054.108399999999,191.7828,144.6984,135.5112,215.89919999999998,4.666666666,5.882449319999999,2.0647184116
Wycombe 015,E02003710,0.6,0.8,10033.0278,361.632,303.9969,229.41029999999998,371.80289999999997,13.0,10.18604334,2.6241856342
Wycombe 016,E02003711,0.6,0.8,8384.7888,341.6454,383.1447,212.32199999999997,330.06419999999997,8.666666667,9.423622439999999,2.5250709172
Wycombe 017,E02003712,0.4,0.6,5940.1134,424.4604,477.3236,328.8402,603.2624000000001,13.666666668,13.752439220000001,3.0878170986000004
Wycombe 018,E02003713,0.8,1.0,4384.1698,374.157,357.52779999999996,289.82320000000004,532.7283,8.666666667,10.087747839999999,2.6114072192
Wycombe 019,E02003714,0.8,1.0,5370.8802000000005,350.6193,310.341,269.4024,300.43649999999997,6.333333334,7.58499816,2.2860497608
Wycombe 020,E02003715,0.8,1.0,4795.6581,416.7324,466.5591,388.26,403.1433,7.0,9.58115673,2.5455503749000004
Wycombe 021,E02003716,0.8,1.0,4048.3778,352.422,380.9514,317.1798,496.1878,7.333333334,9.72522494,2.5642792422
Wycombe 022,E02003717,0.8,1.0,6564.4425,474.76169999999996,549.0261,501.2847,750.6009,15.000000001,14.779941749999999,3.2213924274999997
Wycombe 023,E02003718,0.8,1.0,4480.731,287.3574,289.62899999999996,220.3452,400.93739999999997,9.333333334,8.0102295,2.341329835
Wycombe 024,E02006824,0.8,1.0,7075.9799,506.43010000000004,602.8484,513.9189,660.8865999999999,15.999999999,14.180698069999998,3.1434907490999997
Wyre 001,E02005319,0.0,0.2,6281.9172,487.2114,460.0998,341.2872,403.48440000000005,14.666666668,15.736529520000001,3.3457488376000004
Wyre 002,E02005320,0.2,0.4,4607.3225,373.4375,322.65,255.13250000000002,414.665,9.666666666,11.476481249999999,2.7919425625
Wyre 003,E02005321,0.0,0.2,4465.675499999999,431.1252,491.0037,381.3315,533.2338000000001,11.0,16.3581759,3.4265628670000003
Wyre 004,E02005322,0.4,0.6,6635.452000000001,845.1632000000001,1011.9448,766.3767999999999,972.04,18.666666667,23.991481999999998,4.41889266
Wyre 005,E02005323,0.0,0.2,5949.194600000001,445.1829,460.8426,291.56870000000004,308.7198,8.666666666,13.845262760000002,3.0998841588
Wyre 006,E02005324,0.6,0.8,5080.1392,451.40200000000004,462.9416,323.7876,469.72960000000006,13.333333334,11.06457576,2.7383948488
Wyre 007,E02005325,0.6,0.8,6181.2396,721.1754000000001,815.3622,648.2268,867.0726,22.999999999,19.33710408,3.8138235303999997
Wyre 008,E02005326,0.2,0.4,5782.2236,636.677,732.3922,537.5434,856.3092,16.333333334,21.7692258,4.129999354000001
Wyre 009,E02005327,0.6,0.8,4641.901599999999,466.4812,472.2088,364.6572,419.3876,10.333333333,10.65091768,2.6846192984
Wyre 010,E02005328,0.6,0.8,5141.1936,605.9616,660.5663999999999,522.5376,653.7408,11.333333333,15.200383679999998,3.2760498784
Wyre 011,E02005329,0.4,0.6,7449.5671999999995,491.6487,559.8543,407.33899999999994,562.6962,14.333333333,14.65397316,3.2050165108
Wyre 012,E02005330,0.6,0.8,6517.196400000001,617.0073,765.1254,501.6024,686.9772,16.666666667,16.31443632,3.4208767216
Wyre 013,E02005331,0.6,0.8,5519.495400000001,544.2414,588.6216000000001,406.42920000000004,726.4337999999999,14.666666666,15.121735619999999,3.2658256306
Wyre 014,E02005332,0.8,1.0,5964.727999999999,623.922,605.398,485.834,740.118,8.666666665,14.818526400000001,3.2264084320000004
Wyre Forest 001,E02006767,0.4,0.6,6537.537300000001,605.5119,682.4454,558.4467,667.9638,18.333333333,17.26831239,3.5448806107
Wyre Forest 002,E02006768,0.4,0.6,5116.8843,390.3702,513.1368,442.78739999999993,434.511,11.333333334,12.239209290000002,2.8910972077000006
Wyre Forest 003,E02006769,0.6,0.8,5402.746,415.8116,420.0188,335.1736,440.3536,11.333333333,10.6522798,2.6847963740000003
Wyre Forest 004,E02006770,0.0,0.2,7392.9372,298.51500000000004,339.4542,233.6946,265.25190000000003,15.0,12.444493320000001,2.9177841316000004
Wyre Forest 005,E02006771,0.4,0.6,4676.7565,590.6056,585.1872000000001,449.7272,470.72350000000006,15.333333332,13.272032150000001,3.0253641795000004
Wyre Forest 006,E02006772,0.4,0.6,4796.0283,393.0957,449.81100000000004,360.5007,518.9124,12.333333333,12.414196890000001,2.9138455957000002
Wyre Forest 007,E02006773,0.2,0.4,6181.450500000001,532.665,660.3355,489.5445,591.85,16.0,17.85907375,3.6216795875
Wyre Forest 008,E02006774,0.2,0.4,6161.32,386.08,430.92,286.52,336.68,7.333333333,12.00838,2.8610894
Wyre Forest 009,E02006775,0.0,0.2,5044.3938,272.7513,251.6778,214.9497,237.8295,9.0,10.00738368,2.6009598784000003
Wyre Forest 010,E02006776,0.6,0.8,4828.594,458.23949999999996,523.9784999999999,290.6695,343.5185,8.333333332,9.6930222,2.560092886
Wyre Forest 011,E02006777,0.4,0.6,4637.3475,613.611,656.6343,497.9418,649.5813,14.666666666,16.027589850000002,3.3835866805000006
Wyre Forest 012,E02006778,0.6,0.8,5115.411599999999,415.4436,487.48179999999996,402.15500000000003,573.508,19.666666667,12.63480088,2.9425241144000003
Wyre Forest 013,E02006779,0.4,0.6,5857.4735,493.294,570.273,424.95550000000003,506.64750000000004,11.333333334,13.65442505,3.0750752565
Wyre Forest 014,E02006780,0.2,0.4,4090.0555999999997,438.1784,519.6046,391.3144,419.4328,10.666666666,13.210375800000001,3.017348854
York 001,E02002772,0.8,1.0,5639.8679999999995,383.99399999999997,388.206,261.846,347.49,13.0,8.3679804,2.3878374520000003
York 002,E02002773,0.8,1.0,3788.5910000000003,464.51919999999996,545.0052,383.45829999999995,568.0012,16.000000001,11.3209308,2.7717210039999998
York 003,E02002774,0.8,1.0,4221.567999999999,469.404,497.016,335.6392,613.6,12.0,11.627106399999999,2.811523832
York 004,E02002775,0.4,0.6,4053.1750000000006,357.65,408.24999999999994,338.675,591.1,14.0,12.6895025,2.949635325
York 005,E02002776,0.8,1.0,5308.262,360.011,439.476,299.203,503.048,10.333333334,10.220995599999998,2.6287294279999998
York 006,E02002777,0.8,1.0,7207.1034,362.73720000000003,337.66319999999996,227.33759999999998,222.3228,9.666666668,7.14517062,2.2288721806
York 007,E02002778,0.8,1.0,6533.2512,450.5982,459.89759999999995,377.8938,632.3592000000001,12.666666667,12.62638716,2.9414303308000003
York 008,E02002779,0.8,1.0,7255.7173,571.6743,611.3336,479.7808,753.5267,17.0,15.23042869,3.2799557297
York 009,E02002780,0.2,0.4,7779.0879,288.01680000000005,266.9424,189.6696,259.03950000000003,11.0,10.257525150000001,2.6334782695000003
York 010,E02002781,0.4,0.6,10153.555999999999,316.064,276.556,207.6992,334.1248,8.333333334,10.0401116,2.605214508
York 011,E02002782,0.8,1.0,4678.5472,363.7872,434.36319999999995,311.176,628.768,16.0,11.472192960000001,2.7913850848
York 012,E02002783,0.6,0.8,8464.5684,552.93,543.4512,380.2052,590.8452,15.666666666,14.21935852,3.1485166076000004
York 013,E02002784,0.4,0.6,11712.9492,407.247,375.7182,286.3866,354.699,17.0,11.80595916,2.8347746908
York 014,E02002785,0.8,1.0,6686.6104000000005,335.8157,382.84639999999996,273.1081,572.6193999999999,14.333333334,11.107661219999999,2.7439959586000002
York 015,E02002786,0.4,0.6,10408.6905,286.1964,268.0252,160.1337,235.0899,12.333333334,8.54898175,2.4113676274999998
York 016,E02002787,0.4,0.6,7660.862999999999,400.257,434.778,279.9,553.269,17.666666667,13.156512900000001,3.0103466770000002
York 017,E02002788,0.8,1.0,7895.7554,341.5997,368.7827,203.8725,248.27139999999997,5.999999999,7.539839319999999,2.2801791116
York 018,E02002789,0.2,0.4,7857.8428,402.7768,399.08160000000004,220.78820000000002,358.4344,16.666666666,12.5803084,2.9354400920000003
York 019,E02002790,0.8,1.0,11531.0904,363.552,373.93919999999997,277.8576,436.26240000000007,14.333333333,11.12248392,2.7459229096
York 020,E02002791,0.8,1.0,4763.1723999999995,388.178,484.7332,362.082,525.8344000000001,14.333333333,10.76936252,2.7000171276
York 021,E02002792,0.8,1.0,6177.494400000001,390.5048,349.8432,289.2344,464.9232,12.666666668,9.89427152,2.5862552976
York 022,E02002793,0.6,0.8,7203.3018,560.8548000000001,637.335,434.332,605.2321999999999,16.333333333,14.66125434,3.2059630642
York 023,E02002794,0.8,1.0,8238.5628,303.4356,341.6036,262.40500000000003,395.99299999999994,9.0,9.42959524,2.5258473812
York 024,E02002795,0.8,1.0,5877.0208,615.7984,718.5696,488.99199999999996,585.9616,11.666666666,13.32237984,3.0319093792
