MSOA,MSOA11CD,country,age_less65,age_65,age_70,age_75,age_over80,depriv_quantile_min,depriv_quantile_max,admissions_predicted,std
Adur 001,E02006534,E,6878,545,495,520,675,0.4,0.6,16.3534,3.425942
Adur 002,E02006535,E,5354,424,385,405,525,0.8,1.0,11.0242,2.733146
Adur 003,E02006536,E,5729,454,412,433,562,0.6,0.8,12.6217,2.940821
Adur 004,E02006537,E,8172,648,588,618,802,0.2,0.4,22.332,4.2031600000000005
Adur 005,E02006538,E,6878,545,495,520,675,0.6,0.8,15.1584,3.270592
Adur 006,E02006539,E,5720,454,411,433,562,0.4,0.6,13.61,3.0693
Adur 007,E02006540,E,4570,362,329,346,449,0.2,0.4,12.497,2.9246100000000004
Adur 008,E02006541,E,6066,481,436,459,595,0.4,0.6,14.4198,3.1745740000000002
Allerdale 001,E02003965,E,8200,785,668,658,844,0.4,0.6,20.778,4.00114
Allerdale 002,E02003966,E,5314,508,433,426,548,0.4,0.6,13.4742,3.051646
Allerdale 003,E02003967,E,6231,596,508,500,642,0.2,0.4,18.1395,3.6581350000000006
Allerdale 004,E02003968,E,6483,620,528,520,667,0.4,0.6,16.4209,3.434717
Allerdale 005,E02003969,E,5032,482,410,404,518,0.0,0.2,16.5232,3.448016
Allerdale 006,E02003970,E,5829,558,475,468,600,0.6,0.8,13.704699999999999,3.0816109999999997
Allerdale 007,E02003971,E,6032,577,492,484,621,0.6,0.8,14.182599999999999,3.143738
Allerdale 008,E02003972,E,6944,665,566,557,715,0.2,0.4,20.21,3.9273000000000007
Allerdale 009,E02003973,E,6584,630,536,528,678,0.0,0.2,21.6124,4.109612
Allerdale 010,E02003974,E,5864,561,478,470,604,0.2,0.4,17.065,3.5184500000000005
Allerdale 011,E02003975,E,4855,465,396,390,500,0.4,0.6,12.310500000000001,2.9003650000000003
Allerdale 012,E02003976,E,5157,494,420,414,532,0.6,0.8,12.1371,2.8778230000000002
Amber Valley 001,E02004029,E,5350,445,388,394,450,0.2,0.4,13.72,3.0836
Amber Valley 002,E02004030,E,4666,388,339,344,392,0.6,0.8,9.5638,2.5432940000000004
Amber Valley 003,E02004031,E,6190,515,449,456,521,0.0,0.2,17.978,3.6371400000000005
Amber Valley 004,E02004032,E,6841,569,497,504,575,0.6,0.8,14.023299999999999,3.123029
Amber Valley 005,E02004033,E,7309,608,531,539,615,0.4,0.6,16.1467,3.399071
Amber Valley 006,E02004034,E,6069,504,441,447,510,0.6,0.8,12.4377,2.916901
Amber Valley 007,E02004035,E,5363,446,389,395,451,0.6,0.8,10.992899999999999,2.729077
Amber Valley 008,E02004036,E,8216,683,596,606,691,0.2,0.4,21.075000000000003,4.039750000000001
Amber Valley 009,E02004037,E,6354,528,461,468,535,0.8,1.0,12.1092,2.874196
Amber Valley 010,E02004038,E,6458,537,469,476,543,0.4,0.6,14.2594,3.153722
Amber Valley 011,E02004039,E,6664,554,484,491,561,0.6,0.8,13.6692,3.0769960000000003
Amber Valley 012,E02004040,E,7468,621,542,551,628,0.4,0.6,16.4924,3.444012
Amber Valley 013,E02004041,E,5825,484,423,429,490,0.4,0.6,12.8615,2.9719949999999997
Amber Valley 015,E02004043,E,5819,484,422,429,490,0.6,0.8,11.936699999999998,2.851771
Amber Valley 016,E02004044,E,6393,531,464,471,537,0.8,1.0,12.1699,2.8820870000000003
Amber Valley 017,E02006827,E,6331,526,460,467,533,0.0,0.2,18.3936,3.6911680000000002
Arun 001,E02006542,E,4551,469,439,467,597,0.4,0.6,14.025300000000001,3.123289
Arun 002,E02006543,E,4395,453,424,451,577,0.4,0.6,13.5505,3.061565
Arun 003,E02006544,E,7981,822,771,819,1048,0.6,0.8,22.7453,4.256889
Arun 004,E02006545,E,6545,674,632,671,859,0.0,0.2,25.462,4.61006
Arun 005,E02006546,E,7632,786,737,783,1002,0.4,0.6,23.5316,4.359108
Arun 006,E02006547,E,4696,484,453,482,617,0.4,0.6,14.4848,3.183024
Arun 007,E02006548,E,7491,772,723,768,984,0.6,0.8,21.347299999999997,4.075149
Arun 008,E02006549,E,4652,479,449,477,611,0.8,1.0,12.3576,2.906488
Arun 009,E02006550,E,7459,769,720,765,980,0.4,0.6,23.005699999999997,4.290741
Arun 010,E02006551,E,6168,636,596,633,810,0.6,0.8,17.581400000000002,3.5855820000000005
Arun 011,E02006552,E,5634,580,544,578,740,0.0,0.2,21.9264,4.150432
Arun 012,E02006553,E,5783,596,558,593,760,0.4,0.6,17.8369,3.618797
Arun 013,E02006554,E,5295,545,511,543,695,0.6,0.8,15.0825,3.260725
Arun 014,E02006555,E,5925,610,572,608,778,0.2,0.4,20.6725,3.987425
Arun 015,E02006556,E,6537,673,631,670,859,0.6,0.8,18.6301,3.721913
Arun 016,E02006557,E,5663,584,547,581,744,0.2,0.4,19.7665,3.8696450000000002
Arun 017,E02006558,E,8429,869,814,865,1107,0.2,0.4,29.4165,5.124145
Arun 018,E02006559,E,6438,663,622,660,845,0.8,1.0,17.096400000000003,3.522532000000001
Arun 019,E02006560,E,7211,743,696,740,947,0.4,0.6,22.2373,4.190849
Ashfield 001,E02005819,E,5549,391,333,311,390,0.2,0.4,12.1365,2.877745
Ashfield 002,E02005820,E,5172,364,310,290,363,0.4,0.6,9.6156,2.550028
Ashfield 003,E02005821,E,5769,406,346,323,406,0.0,0.2,14.354400000000002,3.1660720000000007
Ashfield 004,E02005822,E,8607,606,517,483,604,0.0,0.2,21.4082,4.0830660000000005
Ashfield 005,E02005823,E,6789,478,407,381,477,0.0,0.2,16.889400000000002,3.495622
Ashfield 006,E02005824,E,8785,618,527,493,617,0.4,0.6,16.3415,3.4243950000000005
Ashfield 007,E02005825,E,7237,509,434,406,508,0.2,0.4,15.8195,3.356535
Ashfield 008,E02005826,E,5484,386,329,307,385,0.0,0.2,13.634400000000003,3.0724720000000003
Ashfield 009,E02005827,E,7498,528,450,420,527,0.4,0.6,13.9494,3.113422
Ashfield 010,E02005828,E,6422,452,385,360,451,0.4,0.6,11.942599999999999,2.852538
Ashfield 011,E02005829,E,6099,429,366,342,429,0.4,0.6,11.3517,2.775721
Ashfield 012,E02005830,E,5521,388,331,309,388,0.4,0.6,10.266300000000001,2.6346190000000003
Ashfield 013,E02005831,E,7739,545,465,434,544,0.4,0.6,14.4037,3.1724810000000003
Ashfield 014,E02005832,E,8062,567,484,452,567,0.2,0.4,17.636,3.5926799999999997
Ashfield 015,E02005833,E,6709,472,403,376,472,0.6,0.8,11.640699999999999,2.813291
Ashfield 016,E02005834,E,6484,456,389,363,456,0.0,0.2,16.128400000000003,3.3966920000000007
Ashford 001,E02004996,E,7466,498,427,449,551,0.4,0.6,14.2498,3.152474
Ashford 002,E02004997,E,7082,472,405,425,523,0.4,0.6,13.5146,3.0568980000000003
Ashford 003,E02004998,E,6270,418,359,377,463,0.8,1.0,10.413,2.65369
Ashford 004,E02004999,E,11765,784,674,707,869,0.4,0.6,22.4635,4.220255
Ashford 005,E02005000,E,8992,599,515,540,664,0.2,0.4,20.101,3.9131299999999998
Ashford 006,E02005001,E,8344,556,478,501,616,0.6,0.8,14.8082,3.225066
Ashford 007,E02005002,E,8408,561,481,505,621,0.2,0.4,18.798000000000002,3.7437400000000007
Ashford 008,E02005003,E,8029,535,460,482,593,0.2,0.4,17.9495,3.6334350000000004
Ashford 009,E02005004,E,11356,757,650,682,839,0.4,0.6,21.6808,4.118504000000001
Ashford 010,E02005005,E,6974,465,399,419,515,0.6,0.8,12.3782,2.909166
Ashford 011,E02005006,E,5123,342,293,308,379,0.4,0.6,9.7889,2.5725569999999998
Ashford 012,E02005007,E,8027,535,460,482,593,0.4,0.6,15.3261,3.292393
Ashford 013,E02005008,E,7613,507,436,457,562,0.6,0.8,13.5089,3.0561570000000002
Ashford 014,E02005009,E,5263,351,301,316,388,0.4,0.6,10.0369,2.604797
Aylesbury Vale 001,E02003652,E,8832,538,446,424,543,0.8,1.0,12.7106,2.952378
Aylesbury Vale 002,E02003653,E,6627,403,334,318,407,0.6,0.8,10.197099999999999,2.625623
Aylesbury Vale 003,E02003654,E,5665,345,286,272,349,0.8,1.0,8.1605,2.3608650000000004
Aylesbury Vale 004,E02003655,E,9684,590,489,465,596,0.6,0.8,14.9222,3.2398860000000003
Aylesbury Vale 005,E02003656,E,5864,357,296,281,361,0.8,1.0,8.4412,2.3973560000000003
Aylesbury Vale 006,E02003657,E,6200,377,313,297,382,0.8,1.0,8.927,2.46051
Aylesbury Vale 007,E02003658,E,7212,439,364,346,444,0.8,1.0,10.383600000000001,2.6498680000000006
Aylesbury Vale 008,E02003659,E,8537,520,431,409,526,0.8,1.0,12.2941,2.8982330000000003
Aylesbury Vale 009,E02003660,E,9774,595,493,469,602,0.8,1.0,14.0752,3.129776
Aylesbury Vale 010,E02003661,E,5890,359,297,282,362,0.6,0.8,9.065,2.47845
Aylesbury Vale 011,E02003662,E,6417,391,324,308,395,0.6,0.8,9.888100000000001,2.5854530000000002
Aylesbury Vale 012,E02003663,E,5610,342,283,269,345,0.2,0.4,10.986,2.72818
Aylesbury Vale 013,E02003664,E,6335,386,320,304,390,0.2,0.4,12.413499999999999,2.913755
Aylesbury Vale 014,E02003665,E,6038,368,305,290,372,0.6,0.8,9.3094,2.510222
Aylesbury Vale 015,E02003666,E,6885,419,348,330,424,0.4,0.6,11.363500000000002,2.7772550000000003
Aylesbury Vale 016,E02003667,E,9626,586,486,462,592,0.6,0.8,14.825800000000001,3.227354
Aylesbury Vale 017,E02003668,E,9017,549,455,433,555,0.8,1.0,12.9831,2.9878030000000004
Aylesbury Vale 018,E02003669,E,7079,431,357,340,436,0.2,0.4,13.872499999999999,3.1034249999999997
Aylesbury Vale 019,E02003670,E,8938,544,451,429,551,0.8,1.0,12.8774,2.974062
Aylesbury Vale 020,E02003671,E,6026,367,304,289,370,0.4,0.6,9.9318,2.5911340000000003
Aylesbury Vale 021,E02003672,E,9876,601,498,474,608,0.8,1.0,14.2188,3.148444
Aylesbury Vale 022,E02003673,E,8303,505,419,398,511,0.8,1.0,11.9499,2.8534870000000003
Aylesbury Vale 023,E02003674,E,5387,328,272,258,331,0.8,1.0,7.7471,2.307123
Aylesbury Vale 024,E02003675,E,8537,520,431,409,526,0.8,1.0,12.2941,2.8982330000000003
Babergh 001,E02006227,E,4722,445,408,436,563,0.4,0.6,13.3106,3.0303780000000002
Babergh 002,E02006228,E,4482,422,387,414,535,0.6,0.8,11.6916,2.819908
Babergh 003,E02006229,E,4412,416,381,408,526,0.6,0.8,11.5056,2.795728
Babergh 004,E02006230,E,8130,766,703,751,969,0.6,0.8,21.197,4.05561
Babergh 005,E02006231,E,6502,612,562,601,775,0.6,0.8,16.9526,3.503838
Babergh 006,E02006232,E,4418,416,382,408,527,0.6,0.8,11.522400000000001,2.797912
Babergh 007,E02006233,E,8696,819,751,803,1037,0.2,0.4,27.874000000000002,4.9236200000000006
Babergh 008,E02006234,E,6935,653,599,641,826,0.4,0.6,19.5405,3.8402650000000005
Babergh 009,E02006235,E,6180,582,534,571,736,0.6,0.8,16.105,3.39365
Babergh 010,E02006236,E,7817,736,676,722,932,0.8,1.0,19.0311,3.774043
Babergh 011,E02006237,E,6014,567,520,556,717,0.6,0.8,15.6852,3.3390760000000004
Barking and Dagenham 001,E02000002,E,7202,253,180,141,196,0.0,0.2,9.8252,2.5772760000000003
Barking and Dagenham 002,E02000003,E,10676,376,267,209,291,0.2,0.4,12.489,2.9235700000000002
Barking and Dagenham 003,E02000004,E,6572,231,164,129,179,0.2,0.4,7.686,2.2991800000000002
Barking and Dagenham 004,E02000005,E,9103,320,227,179,249,0.2,0.4,10.6605,2.685865
Barking and Dagenham 006,E02000007,E,9344,329,233,183,255,0.0,0.2,12.7574,2.958462
Barking and Dagenham 007,E02000008,E,12298,433,307,241,336,0.0,0.2,16.797800000000002,3.483714
Barking and Dagenham 008,E02000009,E,8923,314,223,175,244,0.0,0.2,12.1918,2.8849340000000003
Barking and Dagenham 009,E02000010,E,9156,322,229,180,251,0.0,0.2,12.520600000000002,2.9276780000000002
Barking and Dagenham 010,E02000011,E,6576,231,164,129,180,0.2,0.4,7.700000000000001,2.301
Barking and Dagenham 011,E02000012,E,10509,370,263,206,287,0.4,0.6,9.6247,2.5512110000000003
Barking and Dagenham 012,E02000013,E,8931,314,223,175,244,0.0,0.2,12.1966,2.885558
Barking and Dagenham 013,E02000014,E,9994,352,250,196,274,0.0,0.2,13.6664,3.076632
Barking and Dagenham 014,E02000015,E,8039,283,201,158,220,0.0,0.2,10.989400000000002,2.7286220000000005
Barking and Dagenham 015,E02000016,E,8158,287,204,160,223,0.0,0.2,11.1458,2.7489540000000003
Barking and Dagenham 016,E02000017,E,9032,318,226,177,247,0.2,0.4,10.577,2.6750100000000003
Barking and Dagenham 017,E02000018,E,9450,333,236,185,259,0.0,0.2,12.918000000000001,2.9793400000000005
Barking and Dagenham 018,E02000019,E,8795,310,220,173,240,0.0,0.2,12.018,2.86234
Barking and Dagenham 019,E02000020,E,9860,347,246,193,270,0.0,0.2,13.472,3.05136
Barking and Dagenham 020,E02000021,E,8400,296,210,165,230,0.0,0.2,11.485,2.79305
Barking and Dagenham 021,E02000022,E,9330,328,233,183,255,0.0,0.2,12.744000000000003,2.9567200000000007
Barking and Dagenham 022,E02000023,E,6890,243,172,135,188,0.0,0.2,9.41,2.5233
Barking and Dagenham 023,E02006799,E,10369,365,259,203,283,0.0,0.2,14.1584,3.140592
Barnet 001,E02000024,E,9909,523,420,380,544,0.8,1.0,12.7427,2.956551
Barnet 002,E02000025,E,7762,409,329,298,426,0.4,0.6,11.3626,2.777138
Barnet 003,E02000026,E,6160,325,261,236,338,0.6,0.8,8.440000000000001,2.3972
Barnet 004,E02000027,E,9366,494,397,359,514,0.2,0.4,16.434,3.43642
Barnet 005,E02000028,E,6016,317,255,231,330,0.6,0.8,8.2438,2.371694
Barnet 006,E02000029,E,8309,438,352,319,456,0.4,0.6,12.162700000000001,2.881151
Barnet 007,E02000030,E,8909,470,378,342,489,0.6,0.8,12.2137,2.887781
Barnet 008,E02000031,E,7118,375,302,273,391,0.8,1.0,9.1554,2.490202
Barnet 009,E02000032,E,7665,404,325,294,421,0.8,1.0,9.8585,2.5816049999999997
Barnet 010,E02000033,E,8329,439,353,319,458,0.4,0.6,12.1987,2.8858310000000005
Barnet 011,E02000034,E,8302,438,352,318,456,0.6,0.8,11.3806,2.779478
Barnet 012,E02000035,E,7773,410,329,298,427,0.6,0.8,10.654900000000001,2.685137
Barnet 013,E02000036,E,10482,553,444,402,575,0.4,0.6,15.338600000000001,3.2940180000000003
Barnet 014,E02000037,E,9505,501,403,364,522,0.6,0.8,13.0275,2.993575
Barnet 015,E02000038,E,10258,541,435,393,563,0.4,0.6,15.0134,3.251742
Barnet 016,E02000039,E,6515,344,276,250,358,0.6,0.8,8.9345,2.461485
Barnet 017,E02000040,E,7023,370,298,269,385,0.4,0.6,10.2729,2.635477
Barnet 018,E02000041,E,8599,453,364,330,472,0.4,0.6,12.585700000000001,2.936141
Barnet 019,E02000042,E,10381,548,440,398,570,0.6,0.8,14.2303,3.149939
Barnet 020,E02000043,E,7509,396,318,288,412,0.8,1.0,9.652700000000001,2.554851
Barnet 021,E02000044,E,7875,415,334,302,433,0.2,0.4,13.8285,3.0977050000000004
Barnet 022,E02000045,E,9988,527,423,383,548,0.4,0.6,14.616400000000002,3.2001320000000004
Barnet 023,E02000046,E,6893,364,292,264,378,0.6,0.8,9.4419,2.5274470000000004
Barnet 024,E02000047,E,11098,585,470,426,609,0.2,0.4,19.474,3.83162
Barnet 025,E02000048,E,9579,505,406,367,526,0.6,0.8,13.128699999999998,3.006731
Barnet 026,E02000049,E,8296,438,352,318,456,0.0,0.2,16.625600000000002,3.461328
Barnet 027,E02000050,E,9818,518,416,377,539,0.4,0.6,14.3754,3.1688020000000003
Barnet 028,E02000051,E,8439,445,358,324,464,0.8,1.0,10.8617,2.712021
Barnet 029,E02000052,E,9463,499,401,363,520,0.6,0.8,12.9759,2.986867
Barnet 030,E02000053,E,8487,448,360,325,466,0.4,0.6,12.4241,2.915133
Barnet 031,E02000054,E,7030,371,298,270,386,0.4,0.6,10.295,2.63835
Barnet 032,E02000055,E,10861,573,460,416,596,0.4,0.6,15.892299999999999,3.3659989999999995
Barnet 033,E02000056,E,8988,474,381,345,493,0.8,1.0,11.5544,2.802072
Barnet 034,E02000057,E,7302,385,310,280,401,0.6,0.8,10.011600000000001,2.6015080000000004
Barnet 035,E02000058,E,9973,526,423,382,548,0.8,1.0,12.8279,2.9676270000000002
Barnet 036,E02000059,E,10206,538,433,391,560,0.2,0.4,17.906,3.6277799999999996
Barnet 037,E02000060,E,10654,562,452,409,585,0.6,0.8,14.6082,3.199066
Barnet 038,E02000061,E,7819,412,331,300,429,0.6,0.8,10.7127,2.692651
Barnet 039,E02000062,E,6187,326,262,237,339,0.0,0.2,12.3792,2.9092960000000003
Barnet 040,E02000063,E,6802,359,288,261,374,0.2,0.4,11.945,2.85285
Barnet 041,E02000064,E,6097,322,258,234,335,0.2,0.4,10.7045,2.691585
Barnsley 001,E02001509,E,5485,421,351,317,383,0.2,0.4,12.2245,2.8891850000000003
Barnsley 002,E02001510,E,5133,394,329,297,359,0.0,0.2,13.081800000000001,3.0006340000000002
Barnsley 003,E02001511,E,5409,415,346,312,378,0.2,0.4,12.0535,2.866955
Barnsley 004,E02001512,E,6676,512,427,386,467,0.4,0.6,12.6548,2.945124
Barnsley 005,E02001513,E,6816,523,436,394,476,0.4,0.6,12.9108,2.9784040000000003
Barnsley 006,E02001514,E,6347,487,407,367,443,0.0,0.2,16.1632,3.401216
Barnsley 007,E02001515,E,8085,621,518,467,564,0.0,0.2,20.583000000000002,3.975790000000001
Barnsley 008,E02001516,E,5327,409,341,308,372,0.0,0.2,13.5662,3.063606
Barnsley 009,E02001517,E,6888,529,441,398,482,0.2,0.4,15.364999999999998,3.29745
Barnsley 010,E02001518,E,8747,671,560,505,611,0.2,0.4,19.4935,3.834155
Barnsley 011,E02001519,E,5896,452,378,341,412,0.0,0.2,15.018600000000003,3.2524180000000005
Barnsley 012,E02001520,E,9313,715,596,538,651,0.6,0.8,16.4589,3.4396570000000004
Barnsley 013,E02001521,E,9842,755,630,569,687,0.2,0.4,21.933,4.15129
Barnsley 014,E02001522,E,7586,582,486,438,530,0.0,0.2,19.317600000000002,3.8112880000000002
Barnsley 015,E02001523,E,5899,453,378,341,412,0.2,0.4,13.151500000000002,3.0096950000000007
Barnsley 016,E02001524,E,5157,396,330,298,360,0.8,1.0,8.449100000000001,2.398383
Barnsley 017,E02001525,E,5248,403,336,303,367,0.0,0.2,13.3688,3.0379440000000004
Barnsley 018,E02001526,E,5090,391,326,294,356,0.0,0.2,12.969,2.98597
Barnsley 019,E02001527,E,5152,396,330,298,360,0.4,0.6,9.765600000000001,2.569528
Barnsley 020,E02001528,E,8984,690,575,519,628,0.0,0.2,22.884400000000003,4.274972000000001
Barnsley 021,E02001529,E,8225,631,527,475,575,0.0,0.2,20.950000000000003,4.0235
Barnsley 022,E02001530,E,5451,418,349,315,381,0.0,0.2,13.8826,3.104738
Barnsley 023,E02001531,E,5610,431,359,324,392,0.0,0.2,14.288,3.1574400000000002
Barnsley 024,E02001532,E,8290,636,531,479,579,0.6,0.8,14.647,3.20411
Barnsley 025,E02001533,E,6515,500,417,376,456,0.0,0.2,16.598,3.4577400000000003
Barnsley 026,E02001534,E,7979,612,511,461,557,0.2,0.4,17.7805,3.611465
Barnsley 027,E02001535,E,5339,410,342,309,373,0.6,0.8,9.4377,2.526901
Barnsley 028,E02001536,E,7334,563,470,424,512,0.2,0.4,16.348,3.4252399999999996
Barnsley 029,E02001537,E,7199,552,461,416,503,0.2,0.4,16.0475,3.3861749999999997
Barnsley 030,E02001538,E,6941,533,444,401,484,0.2,0.4,15.4605,3.3098650000000003
Barrow-in-Furness 001,E02003977,E,4676,381,325,321,383,0.4,0.6,9.9868,2.5982840000000005
Barrow-in-Furness 002,E02003978,E,4332,353,301,297,354,0.4,0.6,9.2396,2.5011479999999997
Barrow-in-Furness 003,E02003979,E,5626,458,392,386,461,0.6,0.8,11.172799999999999,2.752464
Barrow-in-Furness 004,E02003980,E,4893,398,341,336,400,0.0,0.2,13.782800000000002,3.0917640000000004
Barrow-in-Furness 005,E02003981,E,4982,406,347,342,408,0.4,0.6,10.642600000000002,2.6835380000000004
Barrow-in-Furness 006,E02003982,E,5542,451,386,380,454,0.4,0.6,11.8366,2.8387580000000003
Barrow-in-Furness 007,E02003983,E,5642,459,393,387,462,0.0,0.2,15.898200000000001,3.366766
Barrow-in-Furness 008,E02003984,E,5040,410,351,346,413,0.0,0.2,14.207,3.14691
Barrow-in-Furness 009,E02003985,E,4875,397,339,335,399,0.2,0.4,12.1175,2.8752750000000002
Barrow-in-Furness 010,E02003986,E,4809,391,335,330,393,0.0,0.2,13.5414,3.0603819999999997
Basildon 001,E02004424,E,6473,378,316,314,389,0.8,1.0,9.1789,2.493257
Basildon 002,E02004425,E,6667,389,326,324,400,0.8,1.0,9.450099999999999,2.5285130000000002
Basildon 003,E02004426,E,7093,414,347,344,426,0.8,1.0,10.055900000000001,2.6072670000000002
Basildon 004,E02004427,E,6862,401,335,333,412,0.8,1.0,9.7276,2.564588
Basildon 005,E02004428,E,5604,327,274,272,336,0.4,0.6,9.0952,2.4823760000000004
Basildon 006,E02004429,E,6821,398,333,331,409,0.6,0.8,10.328299999999999,2.6426790000000002
Basildon 007,E02004430,E,7317,427,357,355,439,0.8,1.0,10.3671,2.647723
Basildon 008,E02004431,E,8235,481,402,400,494,0.4,0.6,13.368500000000001,3.0379050000000003
Basildon 009,E02004432,E,6257,365,306,304,375,0.6,0.8,9.4761,2.531893
Basildon 010,E02004433,E,7816,456,382,379,469,0.2,0.4,15.085,3.26105
Basildon 011,E02004434,E,7610,444,372,369,456,0.2,0.4,14.68,3.2084
Basildon 012,E02004435,E,7292,426,356,354,438,0.2,0.4,14.081999999999999,3.1306599999999998
Basildon 013,E02004436,E,6990,408,341,339,419,0.0,0.2,15.340000000000002,3.2942
Basildon 014,E02004437,E,7136,417,349,346,428,0.2,0.4,13.773,3.09049
Basildon 015,E02004438,E,7824,457,382,380,470,0.0,0.2,17.189400000000003,3.5346220000000006
Basildon 016,E02004439,E,7966,465,389,387,478,0.0,0.2,17.4946,3.5742979999999998
Basildon 017,E02004440,E,7152,418,349,347,429,0.2,0.4,13.803,3.09439
Basildon 018,E02004441,E,6766,395,331,328,406,0.0,0.2,14.857600000000001,3.2314880000000006
Basildon 019,E02004442,E,7428,434,363,361,446,0.0,0.2,16.320800000000002,3.421704
Basildon 020,E02004443,E,7415,433,362,360,445,0.4,0.6,12.0385,2.865005
Basildon 021,E02004444,E,8225,480,402,399,493,0.6,0.8,12.453500000000002,2.9189550000000004
Basildon 022,E02004445,E,7417,433,362,360,446,0.0,0.2,16.2972,3.4186360000000002
Basingstoke and Deane 001,E02004675,E,6340,411,337,342,425,0.8,1.0,9.783000000000001,2.57179
Basingstoke and Deane 002,E02004676,E,6846,443,364,369,458,0.8,1.0,10.550799999999999,2.671604
Basingstoke and Deane 003,E02004677,E,6189,401,329,334,414,0.6,0.8,10.198699999999999,2.625831
Basingstoke and Deane 004,E02004678,E,6349,411,338,342,425,0.8,1.0,9.787700000000001,2.572401
Basingstoke and Deane 005,E02004679,E,7204,466,383,388,483,0.8,1.0,11.1122,2.744586
Basingstoke and Deane 006,E02004680,E,5818,377,310,314,390,0.8,1.0,8.9794,2.4673220000000002
Basingstoke and Deane 007,E02004681,E,9619,623,512,518,645,0.4,0.6,17.027700000000003,3.5136010000000004
Basingstoke and Deane 008,E02004682,E,6754,437,359,364,452,0.8,1.0,10.4102,2.653326
Basingstoke and Deane 009,E02004683,E,5898,382,314,318,395,0.4,0.6,10.4374,2.6568620000000003
Basingstoke and Deane 010,E02004684,E,7817,506,416,421,523,0.4,0.6,13.8231,3.097003
Basingstoke and Deane 011,E02004685,E,5945,385,316,320,399,0.4,0.6,10.525500000000001,2.668315
Basingstoke and Deane 012,E02004686,E,6827,442,363,368,458,0.4,0.6,12.0881,2.8714530000000003
Basingstoke and Deane 013,E02004687,E,6050,392,322,326,405,0.2,0.4,12.631,2.94203
Basingstoke and Deane 014,E02004688,E,6567,425,349,354,439,0.2,0.4,13.700500000000002,3.0810650000000006
Basingstoke and Deane 015,E02004689,E,4681,303,249,252,313,0.8,1.0,7.2113,2.237469
Basingstoke and Deane 016,E02004690,E,6733,436,358,363,451,0.8,1.0,10.3839,2.6499070000000002
Basingstoke and Deane 017,E02004691,E,6686,433,356,360,448,0.8,1.0,10.3118,2.640534
Basingstoke and Deane 018,E02004692,E,6229,403,331,336,418,0.8,1.0,9.6147,2.549911
Basingstoke and Deane 019,E02004693,E,6128,397,326,330,410,0.4,0.6,10.836400000000001,2.7087320000000004
Basingstoke and Deane 020,E02004694,E,5768,374,307,311,387,0.8,1.0,8.904399999999999,2.457572
Basingstoke and Deane 021,E02004695,E,7670,497,408,413,514,0.8,1.0,11.83,2.8379000000000003
Basingstoke and Deane 022,E02004696,E,5363,347,285,289,359,0.8,1.0,8.2669,2.3746970000000003
Bassetlaw 001,E02005835,E,8430,689,611,605,731,0.2,0.4,21.732999999999997,4.12529
Bassetlaw 002,E02005836,E,7397,604,537,531,641,0.6,0.8,15.281099999999999,3.286543
Bassetlaw 003,E02005837,E,6465,528,469,464,560,0.4,0.6,14.375499999999999,3.168815
Bassetlaw 004,E02005838,E,6703,548,486,481,581,0.2,0.4,17.2785,3.5462050000000005
Bassetlaw 005,E02005839,E,5102,417,370,366,442,0.4,0.6,11.3446,2.774798
Bassetlaw 006,E02005840,E,7495,612,544,538,650,0.6,0.8,15.488499999999998,3.313505
Bassetlaw 008,E02005842,E,7141,583,518,513,618,0.2,0.4,18.3985,3.6918049999999996
Bassetlaw 009,E02005843,E,5299,433,385,381,459,0.2,0.4,13.663499999999999,3.0762549999999997
Bassetlaw 010,E02005844,E,6264,512,454,450,543,0.2,0.4,16.15,3.3994999999999997
Bassetlaw 012,E02005846,E,5375,439,390,386,466,0.0,0.2,15.664,3.3363199999999997
Bassetlaw 013,E02005847,E,5494,449,398,394,476,0.4,0.6,12.2142,2.887846
Bassetlaw 014,E02005848,E,5630,460,408,404,487,0.2,0.4,14.498999999999999,3.18487
Bassetlaw 015,E02005849,E,7497,613,544,538,650,0.4,0.6,16.679100000000002,3.4682830000000004
Bassetlaw 016,E02006903,E,9161,749,665,658,794,0.4,0.6,20.3823,3.949699
Bath and North East Somerset 001,E02002985,E,4842,291,256,263,363,0.4,0.6,8.9926,2.4690380000000003
Bath and North East Somerset 002,E02002986,E,4666,280,247,254,350,0.4,0.6,8.671800000000001,2.427334
Bath and North East Somerset 003,E02002987,E,5020,301,266,273,376,0.8,1.0,8.141,2.35833
Bath and North East Somerset 004,E02002988,E,5081,305,269,276,380,0.8,1.0,8.232299999999999,2.370199
Bath and North East Somerset 005,E02002989,E,4945,297,262,269,370,0.6,0.8,8.5405,2.410265
Bath and North East Somerset 006,E02002990,E,5499,330,291,299,412,0.8,1.0,8.918700000000001,2.4594310000000004
Bath and North East Somerset 007,E02002991,E,9530,572,504,518,713,0.6,0.8,16.451999999999998,3.4387600000000003
Bath and North East Somerset 008,E02002992,E,5515,331,292,300,414,0.8,1.0,8.9545,2.464085
Bath and North East Somerset 009,E02002993,E,5124,308,271,279,384,0.4,0.6,9.519200000000001,2.537496
Bath and North East Somerset 010,E02002994,E,9474,569,501,515,709,0.8,1.0,15.3562,3.296306
Bath and North East Somerset 011,E02002995,E,4937,296,261,269,370,0.0,0.2,12.0702,2.869126
Bath and North East Somerset 012,E02002996,E,9877,593,523,537,740,0.8,1.0,16.0201,3.382613
Bath and North East Somerset 013,E02002997,E,6008,361,318,327,450,0.8,1.0,9.7454,2.566902
Bath and North East Somerset 014,E02002998,E,5463,328,289,297,410,0.6,0.8,9.4459,2.5279670000000003
Bath and North East Somerset 015,E02002999,E,5136,308,272,279,385,0.4,0.6,9.5388,2.540044
Bath and North East Somerset 016,E02003000,E,8548,513,452,465,640,0.8,1.0,13.8594,3.1017220000000005
Bath and North East Somerset 017,E02003001,E,5113,307,271,278,383,0.8,1.0,8.2929,2.378077
Bath and North East Somerset 018,E02003002,E,5033,302,266,274,377,0.6,0.8,8.6949,2.430337
Bath and North East Somerset 019,E02003003,E,5277,317,279,287,396,0.6,0.8,9.1241,2.486133
Bath and North East Somerset 020,E02003004,E,5854,351,310,318,438,0.6,0.8,10.1062,2.6138060000000003
Bath and North East Somerset 021,E02003005,E,5718,343,303,311,428,0.8,1.0,9.270399999999999,2.505152
Bath and North East Somerset 022,E02003006,E,8251,495,437,449,618,0.6,0.8,14.2563,3.1533189999999998
Bath and North East Somerset 023,E02003007,E,7716,463,408,420,578,0.8,1.0,12.514800000000001,2.9269240000000005
Bath and North East Somerset 024,E02003008,E,5220,313,276,284,391,0.4,0.6,9.692,2.5599600000000002
Bath and North East Somerset 025,E02003009,E,5457,328,289,297,408,0.8,1.0,8.844100000000001,2.449733
Bath and North East Somerset 026,E02003010,E,5437,326,288,296,408,0.6,0.8,9.4031,2.522403
Bath and North East Somerset 027,E02003011,E,4758,286,252,259,356,0.6,0.8,8.2184,2.368392
Bedford 001,E02003616,E,5288,340,283,269,358,0.8,1.0,8.115400000000001,2.3550020000000003
Bedford 002,E02003617,E,8337,537,446,425,564,0.6,0.8,13.688099999999999,3.079453
Bedford 003,E02003618,E,8170,526,437,416,553,0.6,0.8,13.414,3.04382
Bedford 004,E02003619,E,9350,602,501,476,632,0.6,0.8,15.345,3.2948500000000003
Bedford 005,E02003620,E,7597,489,407,387,514,0.6,0.8,12.4741,2.921633
Bedford 006,E02003621,E,7521,484,403,383,509,0.6,0.8,12.3503,2.905539
Bedford 007,E02003622,E,8470,545,453,432,573,0.2,0.4,17.582,3.58566
Bedford 008,E02003623,E,7589,488,406,387,514,0.8,1.0,11.6537,2.8149810000000004
Bedford 009,E02003624,E,5599,360,300,285,379,0.4,0.6,9.857700000000001,2.5815010000000003
Bedford 010,E02003625,E,7685,495,411,392,520,0.2,0.4,15.9555,3.3742150000000004
Bedford 011,E02003626,E,5028,324,269,256,340,0.4,0.6,8.8484,2.450292
Bedford 012,E02003627,E,8450,544,452,431,572,0.2,0.4,17.546,3.5809800000000003
Bedford 013,E02003628,E,7969,513,427,406,540,0.2,0.4,16.5535,3.451955
Bedford 014,E02003629,E,8822,568,472,450,597,0.2,0.4,18.317,3.68121
Bedford 015,E02003630,E,9021,581,483,460,611,0.0,0.2,21.2846,4.066998
Bedford 016,E02003631,E,5101,328,273,260,345,0.2,0.4,10.586500000000001,2.676245
Bedford 017,E02003632,E,5649,364,302,288,383,0.4,0.6,9.954699999999999,2.594111
Bedford 018,E02003633,E,7262,468,389,370,491,0.4,0.6,12.782600000000002,2.9617380000000004
Bedford 019,E02003634,E,8850,570,474,451,599,0.6,0.8,14.535,3.18955
Bedford 020,E02003635,E,4984,321,267,254,337,0.6,0.8,8.1822,2.3636860000000004
Bexley 001,E02000065,E,6978,399,308,301,446,0.4,0.6,11.281400000000001,2.7665820000000005
Bexley 002,E02000066,E,8779,502,388,379,560,0.2,0.4,16.8205,3.4866650000000003
Bexley 003,E02000067,E,7965,455,352,344,509,0.2,0.4,15.2715,3.285295
Bexley 004,E02000068,E,6725,384,297,290,430,0.2,0.4,12.8925,2.976025
Bexley 005,E02000069,E,5638,322,249,243,360,0.4,0.6,9.1094,2.484222
Bexley 006,E02000070,E,7170,410,317,309,458,0.6,0.8,10.822,2.70686
Bexley 007,E02000071,E,6643,380,294,287,424,0.4,0.6,10.738900000000001,2.696057
Bexley 008,E02000072,E,10681,610,472,461,682,0.2,0.4,20.469500000000004,3.9610350000000007
Bexley 009,E02000073,E,9762,558,432,421,623,0.8,1.0,13.8666,3.102658
Bexley 010,E02000074,E,6969,398,308,301,445,0.2,0.4,13.3575,3.0364750000000003
Bexley 011,E02000075,E,7236,413,320,312,462,0.8,1.0,10.2788,2.636244
Bexley 013,E02000077,E,7123,407,315,307,455,0.6,0.8,10.750900000000001,2.697617
Bexley 014,E02000078,E,6978,399,308,301,446,0.6,0.8,10.5344,2.669472
Bexley 015,E02000079,E,7158,409,316,309,457,0.6,0.8,10.801400000000001,2.7041820000000003
Bexley 016,E02000080,E,8585,491,379,370,548,0.6,0.8,12.9515,2.983695
Bexley 017,E02000081,E,6840,391,302,295,437,0.4,0.6,11.056,2.73728
Bexley 018,E02000082,E,8080,462,357,349,516,0.8,1.0,11.483,2.79279
Bexley 019,E02000083,E,8893,508,393,384,568,0.4,0.6,14.375900000000001,3.1688670000000005
Bexley 020,E02000084,E,9687,554,428,418,619,0.8,1.0,13.7691,3.089983
Bexley 021,E02000085,E,7185,411,318,310,459,0.6,0.8,10.8485,2.710305
Bexley 022,E02000086,E,6670,381,295,288,426,0.8,1.0,9.479,2.53227
Bexley 023,E02000087,E,6899,394,305,298,441,0.8,1.0,9.8087,2.575131
Bexley 024,E02000088,E,7044,402,311,304,450,0.8,1.0,10.0092,2.601196
Bexley 025,E02000089,E,7084,405,313,306,452,0.8,1.0,10.063199999999998,2.6082159999999996
Bexley 026,E02000090,E,7944,454,351,343,507,0.6,0.8,11.987200000000001,2.8583360000000004
Bexley 027,E02000091,E,8815,504,390,380,563,0.6,0.8,13.3055,3.0297150000000004
Bexley 028,E02000092,E,5848,334,259,252,374,0.2,0.4,11.214,2.75782
Bexley 029,E02006785,E,5810,332,257,251,372,0.4,0.6,9.405000000000001,2.5226500000000005
Birmingham 001,E02001827,E,5716,254,207,178,255,0.6,0.8,6.745800000000001,2.1769540000000003
Birmingham 002,E02001828,E,6543,290,237,204,293,0.6,0.8,7.733899999999999,2.3054069999999998
Birmingham 003,E02001829,E,8259,367,299,257,369,0.8,1.0,9.1537,2.489981
Birmingham 004,E02001830,E,8924,396,323,278,399,0.8,1.0,9.8942,2.586246
Birmingham 005,E02001831,E,9766,433,353,304,436,0.2,0.4,14.954,3.24402
Birmingham 006,E02001832,E,7723,343,280,240,345,0.6,0.8,9.1179,2.485327
Birmingham 007,E02001833,E,5493,244,199,171,246,0.4,0.6,6.9099,2.198287
Birmingham 008,E02001834,E,5804,258,210,181,259,0.0,0.2,10.1974,2.625662
Birmingham 009,E02001835,E,7731,343,280,241,346,0.4,0.6,9.7233,2.564029
Birmingham 010,E02001836,E,8681,385,314,270,387,0.6,0.8,10.2373,2.630849
Birmingham 011,E02001837,E,10010,444,362,311,448,0.0,0.2,17.589000000000002,3.58657
Birmingham 012,E02001838,E,7256,322,263,226,324,0.8,1.0,8.040799999999999,2.345304
Birmingham 013,E02001839,E,6091,270,220,190,272,0.2,0.4,9.3295,2.512835
Birmingham 014,E02001840,E,8295,368,300,258,371,0.0,0.2,14.575000000000001,3.19475
Birmingham 015,E02001841,E,5667,252,205,176,253,0.8,1.0,6.277100000000001,2.116023
Birmingham 016,E02001842,E,7247,322,262,225,324,0.2,0.4,11.1005,2.743065
Birmingham 017,E02001843,E,6103,271,221,190,273,0.2,0.4,9.3545,2.5160850000000003
Birmingham 018,E02001844,E,9189,408,333,286,411,0.2,0.4,14.0845,3.130985
Birmingham 019,E02001845,E,5930,263,215,185,265,0.2,0.4,9.089,2.48157
Birmingham 020,E02001846,E,7404,329,268,230,330,0.0,0.2,12.997399999999999,2.989662
Birmingham 021,E02001847,E,5221,232,189,162,234,0.4,0.6,6.566300000000001,2.153619
Birmingham 022,E02001848,E,6027,267,218,187,269,0.0,0.2,10.5782,2.675166
Birmingham 023,E02001849,E,6507,289,236,203,291,0.0,0.2,11.4422,2.7874860000000004
Birmingham 024,E02001850,E,7728,343,280,240,346,0.2,0.4,11.844999999999999,2.83985
Birmingham 025,E02001851,E,8108,360,294,252,362,0.2,0.4,12.418,2.91434
Birmingham 026,E02001852,E,6188,275,224,193,277,0.0,0.2,10.882800000000001,2.714764
Birmingham 028,E02001854,E,7354,326,266,229,328,0.0,0.2,12.9114,2.978482
Birmingham 029,E02001855,E,9428,418,341,293,421,0.0,0.2,16.5548,3.4521240000000004
Birmingham 030,E02001856,E,8048,357,291,250,360,0.0,0.2,14.1388,3.138044
Birmingham 031,E02001857,E,12201,541,442,380,545,0.0,0.2,21.4356,4.086628
Birmingham 032,E02001858,E,7994,355,289,249,357,0.0,0.2,14.043400000000002,3.125642
Birmingham 033,E02001859,E,9565,425,346,298,427,0.0,0.2,16.804000000000002,3.4845200000000007
Birmingham 034,E02001860,E,7884,350,285,245,352,0.0,0.2,13.8444,3.099772
Birmingham 035,E02001861,E,9608,426,348,299,429,0.0,0.2,16.875799999999998,3.493854
Birmingham 036,E02001862,E,9365,416,339,291,419,0.0,0.2,16.459000000000003,3.4396700000000004
Birmingham 037,E02001863,E,7413,329,268,231,331,0.0,0.2,13.0218,2.992834
Birmingham 038,E02001864,E,5230,232,189,163,234,0.0,0.2,9.192,2.49496
Birmingham 039,E02001865,E,10338,459,374,322,462,0.0,0.2,18.165800000000004,3.6615540000000006
Birmingham 040,E02001866,E,8198,364,297,255,366,0.0,0.2,14.4008,3.172104
Birmingham 041,E02001867,E,6527,290,236,203,291,0.0,0.2,11.4592,2.789696
Birmingham 042,E02001868,E,8149,362,295,254,364,0.2,0.4,12.486500000000001,2.9232450000000005
Birmingham 043,E02001869,E,5731,254,207,178,256,0.0,0.2,10.061600000000002,2.6080080000000003
Birmingham 044,E02001870,E,10931,485,396,340,488,0.0,0.2,19.199600000000004,3.795948000000001
Birmingham 045,E02001871,E,7300,324,264,227,326,0.0,0.2,12.821000000000002,2.96673
Birmingham 046,E02001872,E,6772,301,245,211,303,0.0,0.2,11.906200000000002,2.8478060000000003
Birmingham 047,E02001873,E,9959,442,361,310,445,0.0,0.2,17.5004,3.5750520000000003
Birmingham 048,E02001874,E,8844,392,320,275,395,0.0,0.2,15.531400000000001,3.319082
Birmingham 049,E02001875,E,7723,343,280,240,345,0.0,0.2,13.5688,3.0639440000000002
Birmingham 050,E02001876,E,11262,500,408,350,503,0.0,0.2,19.7832,3.871816
Birmingham 051,E02001877,E,10077,447,365,314,450,0.0,0.2,17.7042,3.601546
Birmingham 052,E02001878,E,8468,376,307,263,378,0.0,0.2,14.872800000000002,3.2334640000000006
Birmingham 053,E02001879,E,9812,435,355,305,438,0.0,0.2,17.2282,3.5396660000000004
Birmingham 054,E02001880,E,8921,396,323,278,399,0.0,0.2,15.681600000000001,3.3386080000000007
Birmingham 055,E02001881,E,8826,392,319,275,395,0.0,0.2,15.515600000000001,3.3170280000000005
Birmingham 056,E02001882,E,7708,342,279,240,344,0.0,0.2,13.5378,3.059914
Birmingham 057,E02001883,E,7686,341,278,239,344,0.0,0.2,13.5076,3.055988
Birmingham 058,E02001884,E,8736,388,316,272,391,0.0,0.2,15.357600000000001,3.296488
Birmingham 060,E02001886,E,8329,370,301,259,372,0.2,0.4,12.755500000000001,2.958215
Birmingham 062,E02001888,E,5907,262,214,184,264,0.0,0.2,10.380200000000002,2.649426
Birmingham 063,E02001889,E,7892,350,286,246,352,0.0,0.2,13.8612,3.1019560000000004
Birmingham 064,E02001890,E,9273,412,336,289,414,0.2,0.4,14.2075,3.1469750000000003
Birmingham 066,E02001892,E,9639,428,349,300,430,0.0,0.2,16.928400000000003,3.500692000000001
Birmingham 067,E02001893,E,7657,340,277,238,342,0.0,0.2,13.449200000000001,3.0483960000000003
Birmingham 069,E02001895,E,7365,327,267,229,329,0.0,0.2,12.940000000000001,2.9822
Birmingham 070,E02001896,E,8784,390,318,273,393,0.0,0.2,15.4374,3.3068619999999997
Birmingham 071,E02001897,E,7182,319,260,224,321,0.0,0.2,12.6242,2.941146
Birmingham 072,E02001898,E,6136,272,222,191,274,0.4,0.6,7.7068,2.3018840000000003
Birmingham 073,E02001899,E,7438,330,269,231,332,0.4,0.6,9.3374,2.5138620000000005
Birmingham 074,E02001900,E,6430,285,233,200,287,0.0,0.2,11.292000000000002,2.7679600000000004
Birmingham 075,E02001901,E,7472,332,270,233,334,0.4,0.6,9.3916,2.5209080000000004
Birmingham 076,E02001902,E,5771,256,209,180,258,0.2,0.4,8.845500000000001,2.4499150000000003
Birmingham 077,E02001903,E,7187,319,260,224,321,0.0,0.2,12.6272,2.941536
Birmingham 078,E02001904,E,6564,291,238,204,293,0.0,0.2,11.527400000000002,2.7985620000000004
Birmingham 079,E02001905,E,9189,408,333,286,411,0.4,0.6,11.552700000000002,2.801851
Birmingham 080,E02001906,E,8808,391,319,274,393,0.2,0.4,13.487000000000002,3.0533100000000006
Birmingham 081,E02001907,E,9099,404,329,283,407,0.2,0.4,13.9425,3.112525
Birmingham 082,E02001908,E,8425,374,305,262,376,0.0,0.2,14.796000000000001,3.2234800000000003
Birmingham 083,E02001909,E,7553,335,273,235,338,0.0,0.2,13.2728,3.0254640000000004
Birmingham 084,E02001910,E,6731,299,244,209,301,0.0,0.2,11.8286,2.8377179999999997
Birmingham 085,E02001911,E,7503,333,272,233,336,0.0,0.2,13.1898,3.0146740000000003
Birmingham 087,E02001913,E,6797,302,246,211,303,0.2,0.4,10.4015,2.652195
Birmingham 088,E02001914,E,6419,285,232,200,287,0.2,0.4,9.836500000000001,2.5787450000000005
Birmingham 089,E02001915,E,10882,483,394,339,486,0.0,0.2,19.119200000000003,3.785496
Birmingham 090,E02001916,E,8142,361,295,253,364,0.0,0.2,14.304200000000002,3.1595460000000006
Birmingham 092,E02001918,E,8468,376,307,264,379,0.0,0.2,14.891800000000002,3.2359340000000003
Birmingham 093,E02001919,E,6324,281,229,197,283,0.2,0.4,9.696000000000002,2.56048
Birmingham 094,E02001920,E,7175,318,260,223,320,0.0,0.2,12.596,2.93748
Birmingham 095,E02001921,E,7408,329,268,230,331,0.0,0.2,13.0118,2.9915339999999997
Birmingham 096,E02001922,E,11961,531,433,372,534,0.4,0.6,15.022300000000001,3.252899
Birmingham 097,E02001923,E,9889,439,358,308,442,0.0,0.2,17.378400000000003,3.5591920000000004
Birmingham 098,E02001924,E,6104,271,221,190,273,0.0,0.2,10.7284,2.694692
Birmingham 099,E02001925,E,6321,281,229,197,283,0.2,0.4,9.694500000000001,2.5602850000000004
Birmingham 100,E02001926,E,6822,303,247,212,305,0.2,0.4,10.452,2.65876
Birmingham 101,E02001927,E,7284,323,264,227,326,0.0,0.2,12.8064,2.9648320000000004
Birmingham 102,E02001928,E,6487,288,235,202,289,0.0,0.2,11.389199999999999,2.780596
Birmingham 103,E02001929,E,9125,405,330,284,407,0.0,0.2,16.022,3.38286
Birmingham 104,E02001930,E,7431,330,269,231,332,0.2,0.4,11.3825,2.779725
Birmingham 105,E02001931,E,7455,331,270,232,334,0.2,0.4,11.432500000000001,2.786225
Birmingham 106,E02001932,E,6426,285,233,200,287,0.0,0.2,11.2896,2.7676480000000003
Birmingham 107,E02001933,E,7211,320,261,224,322,0.0,0.2,12.663599999999999,2.946268
Birmingham 108,E02001934,E,6439,286,233,200,287,0.4,0.6,8.079699999999999,2.350361
Birmingham 109,E02001935,E,7413,329,268,231,331,0.2,0.4,11.3545,2.776085
Birmingham 110,E02001936,E,6122,272,222,190,273,0.4,0.6,7.6846,2.298998
Birmingham 111,E02001937,E,7491,333,271,233,334,0.0,0.2,13.1536,3.009968
Birmingham 112,E02001938,E,7306,324,264,227,326,0.2,0.4,11.181999999999999,2.75366
Birmingham 113,E02001939,E,5495,244,199,171,246,0.0,0.2,9.661000000000001,2.55593
Birmingham 115,E02001941,E,5865,260,212,182,262,0.0,0.2,10.297,2.63861
Birmingham 116,E02001942,E,6398,284,232,199,285,0.2,0.4,9.792,2.57296
Birmingham 117,E02001943,E,6044,268,219,188,270,0.0,0.2,10.6174,2.680262
Birmingham 118,E02001944,E,7683,341,278,239,344,0.2,0.4,11.7775,2.8310750000000002
Birmingham 119,E02001945,E,7360,327,266,229,329,0.0,0.2,12.932,2.98116
Birmingham 120,E02001946,E,7271,323,263,226,325,0.2,0.4,11.138499999999999,2.748005
Birmingham 121,E02001947,E,5828,259,211,181,261,0.0,0.2,10.245800000000001,2.6319540000000003
Birmingham 122,E02001948,E,7029,312,254,219,314,0.2,0.4,10.7675,2.699775
Birmingham 123,E02001949,E,5503,244,199,171,246,0.0,0.2,9.6658,2.556554
Birmingham 124,E02001950,E,7947,353,288,247,355,0.2,0.4,12.1735,2.882555
Birmingham 125,E02001951,E,7768,345,281,242,347,0.0,0.2,13.6488,3.074344
Birmingham 126,E02001952,E,8413,373,304,262,376,0.0,0.2,14.7788,3.2212440000000004
Birmingham 127,E02001953,E,6744,299,244,210,301,0.2,0.4,10.327,2.64251
Birmingham 128,E02001954,E,7386,328,267,230,330,0.0,0.2,12.976600000000001,2.9869580000000004
Birmingham 129,E02001955,E,6034,268,218,188,269,0.0,0.2,10.5944,2.6772720000000003
Birmingham 130,E02001956,E,6058,269,219,188,271,0.2,0.4,9.28,2.5064
Birmingham 131,E02001957,E,7483,332,271,233,334,0.4,0.6,9.398900000000001,2.5218570000000002
Birmingham 132,E02006807,E,7472,332,270,233,334,0.4,0.6,9.3916,2.5209080000000004
Birmingham 133,E02006809,E,9486,421,343,295,424,0.4,0.6,11.9178,2.849314
Birmingham 134,E02006895,E,6877,305,249,214,307,0.0,0.2,12.078200000000002,2.870166
Birmingham 135,E02006896,E,4981,221,180,155,222,0.0,0.2,8.742600000000001,2.4365380000000005
Birmingham 136,E02006897,E,6028,268,218,188,269,0.0,0.2,10.5908,2.6768039999999997
Birmingham 137,E02006898,E,5848,260,212,182,261,0.2,0.4,8.958,2.4645400000000004
Birmingham 138,E02006899,E,5245,233,190,163,234,0.2,0.4,8.0305,2.343965
Birmingham 139,E02006900,E,13912,617,504,433,621,0.0,0.2,24.435200000000002,4.4765760000000006
Birmingham 140,E02006901,E,13620,604,493,424,609,0.0,0.2,23.933,4.41129
Blaby 002,E02005334,E,5280,366,310,311,397,0.8,1.0,8.858,2.45154
Blaby 003,E02005335,E,6450,447,378,380,485,0.8,1.0,10.82,2.7066
Blaby 004,E02005336,E,6650,461,390,392,500,0.6,0.8,11.937000000000001,2.8518100000000004
Blaby 005,E02005337,E,9117,632,535,538,686,0.6,0.8,16.3751,3.428763
Blaby 006,E02005338,E,9222,639,541,544,693,0.6,0.8,16.5516,3.451708
Blaby 007,E02005339,E,7907,548,464,466,595,0.8,1.0,13.2711,3.025243
Blaby 008,E02005340,E,8276,573,485,488,623,0.6,0.8,14.861799999999999,3.2320339999999996
Blaby 009,E02005341,E,6471,448,379,382,486,0.8,1.0,10.8513,2.710669
Blaby 010,E02005342,E,6296,436,369,371,473,0.8,1.0,10.556799999999999,2.672384
Blaby 011,E02005343,E,6222,431,365,367,468,0.8,1.0,10.4416,2.657408
Blaby 012,E02005344,E,6985,484,409,412,526,0.8,1.0,11.7275,2.8245750000000003
Blaby 013,E02006820,E,9025,625,529,532,679,0.6,0.8,16.2025,3.406325
Blackburn with Darwen 001,E02002615,E,7937,438,358,320,355,0.2,0.4,13.214500000000001,3.017885
Blackburn with Darwen 002,E02002616,E,7354,406,332,297,329,0.4,0.6,10.0762,2.609906
Blackburn with Darwen 003,E02002617,E,7607,420,343,307,340,0.0,0.2,14.608200000000002,3.199066
Blackburn with Darwen 004,E02002618,E,6438,355,290,260,288,0.0,0.2,12.3638,2.9072940000000003
Blackburn with Darwen 005,E02002619,E,7496,414,338,302,335,0.0,0.2,14.3916,3.170908
Blackburn with Darwen 006,E02002620,E,7224,399,326,291,323,0.0,0.2,13.8724,3.1034120000000005
Blackburn with Darwen 007,E02002621,E,7154,395,323,289,320,0.0,0.2,13.7454,3.0869020000000003
Blackburn with Darwen 008,E02002622,E,8652,477,390,349,386,0.0,0.2,16.6012,3.458156
Blackburn with Darwen 009,E02002623,E,8591,474,387,347,384,0.0,0.2,16.4966,3.444558
Blackburn with Darwen 010,E02002624,E,6932,382,313,280,310,0.6,0.8,8.9056,2.4577280000000004
Blackburn with Darwen 011,E02002625,E,8475,468,382,342,379,0.0,0.2,16.277,3.41601
Blackburn with Darwen 012,E02002626,E,6158,340,278,248,276,0.0,0.2,11.832800000000002,2.8382640000000006
Blackburn with Darwen 013,E02002627,E,6576,363,296,265,294,0.4,0.6,9.0008,2.470104
Blackburn with Darwen 014,E02002628,E,6023,332,272,243,269,0.0,0.2,11.562800000000001,2.803164
Blackburn with Darwen 015,E02002629,E,4936,272,223,199,221,0.0,0.2,9.4816,2.532608
Blackburn with Darwen 016,E02002630,E,5213,287,235,210,233,0.0,0.2,10.0038,2.6004940000000003
Blackburn with Darwen 017,E02002631,E,7766,428,350,313,347,0.4,0.6,10.6278,2.681614
Blackburn with Darwen 018,E02002632,E,5350,295,241,216,239,0.8,1.0,6.386000000000001,2.13018
Blackpool 001,E02002633,E,5983,465,370,370,445,0.2,0.4,13.7965,3.093545
Blackpool 002,E02002634,E,6324,492,392,391,470,0.2,0.4,14.582999999999998,3.1957899999999997
Blackpool 003,E02002635,E,6125,477,379,379,456,0.2,0.4,14.1345,3.137485
Blackpool 004,E02002636,E,6416,499,397,397,477,0.2,0.4,14.796,3.2234800000000003
Blackpool 005,E02002637,E,4741,369,294,293,353,0.2,0.4,10.9405,2.722265
Blackpool 006,E02002638,E,4909,382,304,304,365,0.0,0.2,12.883400000000002,2.9748420000000007
Blackpool 007,E02002639,E,4421,344,274,274,329,0.0,0.2,11.608600000000001,2.8091180000000002
Blackpool 008,E02002640,E,5606,436,347,347,417,0.0,0.2,14.7116,3.212508
Blackpool 009,E02002641,E,6336,493,392,392,471,0.0,0.2,16.622600000000002,3.4609380000000005
Blackpool 010,E02002642,E,5425,422,336,336,404,0.0,0.2,14.245000000000001,3.1518500000000005
Blackpool 011,E02002643,E,5747,447,356,356,428,0.0,0.2,15.0912,3.261856
Blackpool 012,E02002644,E,6157,479,381,381,458,0.2,0.4,14.2025,3.146325
Blackpool 013,E02002645,E,4427,344,274,274,329,0.0,0.2,11.6122,2.8095860000000004
Blackpool 014,E02002646,E,5442,423,337,337,404,0.0,0.2,14.272200000000002,3.155386
Blackpool 015,E02002647,E,6282,489,389,389,468,0.0,0.2,16.4982,3.4447660000000004
Blackpool 016,E02002648,E,5614,437,348,347,417,0.0,0.2,14.726400000000002,3.2144320000000004
Blackpool 017,E02002649,E,6578,512,407,407,490,0.0,0.2,17.2708,3.545204
Blackpool 018,E02002650,E,6118,476,379,378,455,0.2,0.4,14.109000000000002,3.13417
Blackpool 019,E02002651,E,6191,482,383,383,460,0.2,0.4,14.2745,3.155685
Bolsover 001,E02004045,E,7926,612,513,469,545,0.6,0.8,13.9938,3.1191940000000002
Bolsover 002,E02004046,E,5423,419,351,321,373,0.2,0.4,12.095500000000001,2.872415
Bolsover 003,E02004047,E,4925,380,319,292,339,0.0,0.2,12.562000000000001,2.9330600000000002
Bolsover 004,E02004048,E,5830,450,377,345,401,0.0,0.2,14.86,3.2318
Bolsover 005,E02004049,E,6782,523,439,401,466,0.4,0.6,12.834600000000002,2.9684980000000003
Bolsover 006,E02004050,E,6141,474,398,363,422,0.0,0.2,15.649600000000001,3.334448
Bolsover 007,E02004051,E,7860,607,509,465,540,0.0,0.2,20.031,3.9040299999999997
Bolsover 008,E02004052,E,6859,529,444,406,472,0.4,0.6,12.9917,2.9889210000000004
Bolsover 009,E02004053,E,6867,530,445,406,472,0.2,0.4,15.3095,3.290235
Bolsover 010,E02004054,E,7521,580,487,445,517,0.4,0.6,14.238299999999999,3.150979
Bolton 001,E02000984,E,6658,405,344,345,403,0.8,1.0,9.653400000000001,2.5549420000000005
Bolton 002,E02000985,E,6475,394,335,335,392,0.8,1.0,9.3875,2.520375
Bolton 003,E02000986,E,7156,436,370,370,434,0.6,0.8,11.122800000000002,2.7459640000000003
Bolton 004,E02000987,E,6156,375,318,319,373,0.2,0.4,12.184000000000001,2.8839200000000003
Bolton 005,E02000988,E,7192,438,372,372,436,0.0,0.2,16.2012,3.406156
Bolton 006,E02000989,E,7051,429,364,365,427,0.6,0.8,10.9513,2.723669
Bolton 007,E02000990,E,6533,398,338,338,396,0.4,0.6,10.887900000000002,2.715427
Bolton 008,E02000991,E,6573,400,340,340,398,0.2,0.4,13.002500000000001,2.9903250000000003
Bolton 009,E02000992,E,4946,301,256,256,300,0.6,0.8,7.6898,2.299674
Bolton 010,E02000993,E,6109,372,316,316,370,0.0,0.2,13.7574,3.0884620000000003
Bolton 011,E02000994,E,6771,412,350,350,411,0.0,0.2,15.254600000000002,3.2830980000000003
Bolton 012,E02000995,E,6984,425,361,361,424,0.2,0.4,13.826,3.0973800000000002
Bolton 013,E02000996,E,6733,410,348,348,409,0.0,0.2,15.1738,3.272594
Bolton 014,E02000997,E,4855,296,251,251,294,0.2,0.4,9.6045,2.548585
Bolton 015,E02000998,E,7369,449,381,381,447,0.0,0.2,16.6024,3.4583120000000003
Bolton 016,E02000999,E,6359,387,329,329,386,0.0,0.2,14.3304,3.1629519999999998
Bolton 017,E02001000,E,7824,476,404,405,475,0.0,0.2,17.6294,3.5918220000000005
Bolton 018,E02001001,E,6930,422,358,359,420,0.2,0.4,13.716000000000001,3.0830800000000003
Bolton 019,E02001002,E,8081,492,417,418,490,0.2,0.4,15.9905,3.3787650000000005
Bolton 020,E02001003,E,6227,379,322,322,377,0.8,1.0,9.0271,2.473523
Bolton 021,E02001004,E,7050,429,364,365,427,0.0,0.2,15.873999999999999,3.36362
Bolton 022,E02001005,E,6789,413,351,351,412,0.0,0.2,15.2944,3.288272
Bolton 023,E02001006,E,6595,401,341,341,400,0.0,0.2,14.854,3.23102
Bolton 024,E02001007,E,8787,535,454,455,533,0.4,0.6,14.6481,3.204253
Bolton 025,E02001008,E,6964,424,360,360,422,0.0,0.2,15.682400000000001,3.338712
Bolton 026,E02001009,E,5724,348,296,296,347,0.0,0.2,12.890400000000001,2.975752
Bolton 027,E02001010,E,5020,306,259,260,305,0.0,0.2,11.317,2.77121
Bolton 028,E02001011,E,8431,513,436,436,511,0.8,1.0,12.2283,2.889679
Bolton 029,E02001012,E,6701,408,346,347,407,0.2,0.4,13.271500000000001,3.0252950000000003
Bolton 030,E02001013,E,5156,314,266,267,313,0.6,0.8,8.0168,2.342184
Bolton 031,E02001014,E,6988,425,361,362,424,0.2,0.4,13.835,3.0985500000000004
Bolton 032,E02001015,E,6769,412,350,350,411,0.0,0.2,15.253400000000001,3.2829420000000002
Bolton 033,E02001016,E,7051,429,364,365,427,0.0,0.2,15.874600000000001,3.3636980000000003
Bolton 034,E02001017,E,9279,565,480,480,563,0.2,0.4,18.3705,3.6881649999999997
Bolton 035,E02001018,E,6508,396,336,337,394,0.6,0.8,10.1074,2.613962
Boston 001,E02005417,E,6635,487,432,400,482,0.2,0.4,15.090499999999999,3.261765
Boston 002,E02005418,E,9114,669,593,550,661,0.0,0.2,23.5604,4.362852
Boston 003,E02005419,E,7394,543,482,446,537,0.2,0.4,16.82,3.4866
Boston 004,E02005420,E,7483,549,487,451,544,0.2,0.4,17.021500000000003,3.5127950000000006
Boston 006,E02005422,E,5534,406,360,334,401,0.2,0.4,12.575,2.93475
Boston 007,E02005423,E,8679,637,565,523,630,0.2,0.4,19.7315,3.865095
Boston 008,E02006864,E,7279,534,474,439,529,0.6,0.8,13.1617,3.0110210000000004
Boston 009,E02006865,E,6667,489,434,402,484,0.6,0.8,12.0481,2.8662530000000004
Bournemouth 001,E02003172,E,5073,377,334,344,466,0.2,0.4,13.0035,2.9904550000000003
Bournemouth 002,E02003173,E,5386,400,354,365,494,0.2,0.4,13.791999999999998,3.0929599999999997
Bournemouth 003,E02003174,E,6596,490,434,447,605,0.6,0.8,13.5848,3.066024
Bournemouth 004,E02003175,E,7320,544,482,496,671,0.6,0.8,15.073,3.2594900000000004
Bournemouth 005,E02003176,E,5720,425,376,387,524,0.0,0.2,16.434,3.43642
Bournemouth 006,E02003177,E,6501,483,428,440,596,0.8,1.0,12.528300000000002,2.9286790000000003
Bournemouth 007,E02003178,E,6800,505,447,460,623,0.2,0.4,17.399,3.56187
Bournemouth 008,E02003179,E,5272,391,347,357,484,0.2,0.4,13.504,3.05552
Bournemouth 009,E02003180,E,7725,574,508,523,709,0.4,0.6,17.143500000000003,3.5286550000000005
Bournemouth 010,E02003181,E,6924,514,456,469,635,0.6,0.8,14.2592,3.153696
Bournemouth 011,E02003182,E,5347,397,352,362,490,0.8,1.0,10.3021,2.639273
Bournemouth 012,E02003183,E,5760,428,379,390,528,0.6,0.8,11.858,2.84154
Bournemouth 013,E02003184,E,6447,479,424,437,591,0.4,0.6,14.3021,3.1592729999999998
Bournemouth 014,E02003185,E,6132,455,403,415,562,0.4,0.6,13.595600000000001,3.0674280000000005
Bournemouth 015,E02003186,E,7173,532,472,486,657,0.2,0.4,18.3565,3.686345
Bournemouth 016,E02003187,E,7422,551,489,503,681,0.2,0.4,19.013,3.7716900000000004
Bournemouth 017,E02003188,E,8107,602,534,549,744,0.2,0.4,20.7665,3.999645
Bournemouth 018,E02003189,E,6824,507,449,462,626,0.6,0.8,14.0532,3.1269160000000005
Bournemouth 019,E02003190,E,8022,596,528,543,736,0.0,0.2,23.066200000000002,4.298606
Bournemouth 020,E02003191,E,6515,484,429,441,598,0.8,1.0,12.5635,2.933255
Bournemouth 021,E02003192,E,8301,616,546,562,762,0.2,0.4,21.2605,4.063865
Bournemouth 023,E02006883,E,4457,331,293,302,409,0.4,0.6,9.891100000000002,2.5858430000000006
Bournemouth 024,E02006885,E,5710,424,376,387,524,0.4,0.6,12.675,2.94775
Bracknell Forest 001,E02003352,E,5395,326,257,226,278,0.8,1.0,6.9725,2.2064250000000003
Bracknell Forest 002,E02003353,E,8060,487,384,338,416,0.8,1.0,10.425999999999998,2.65538
Bracknell Forest 003,E02003354,E,9151,553,436,384,472,0.8,1.0,11.8353,2.838589
Bracknell Forest 004,E02003355,E,5907,357,281,248,304,0.4,0.6,8.7461,2.436993
Bracknell Forest 005,E02003356,E,6513,393,310,273,336,0.8,1.0,8.4209,2.394717
Bracknell Forest 006,E02003357,E,8277,500,394,347,427,0.4,0.6,12.2651,2.894463
Bracknell Forest 007,E02003358,E,8424,509,401,354,434,0.4,0.6,12.481200000000001,2.922556
Bracknell Forest 008,E02003359,E,5945,359,283,250,306,0.8,1.0,7.6834999999999996,2.298855
Bracknell Forest 009,E02003360,E,8806,532,419,370,454,0.6,0.8,12.2258,2.889354
Bracknell Forest 010,E02003361,E,6874,415,327,289,354,0.6,0.8,9.539200000000001,2.540096
Bracknell Forest 011,E02003362,E,6104,369,291,256,314,0.6,0.8,8.4672,2.400736
Bracknell Forest 012,E02003363,E,6209,375,296,261,320,0.8,1.0,8.0297,2.3438610000000004
Bracknell Forest 013,E02003364,E,6172,373,294,259,318,0.6,0.8,8.5666,2.413658
Bracknell Forest 014,E02003365,E,6187,373,295,260,319,0.8,1.0,8.0011,2.3401430000000003
Bracknell Forest 015,E02003366,E,6983,422,332,293,360,0.8,1.0,9.027899999999999,2.473627
Bradford 001,E02002183,E,4901,283,229,202,245,0.8,1.0,6.199300000000001,2.105909
Bradford 002,E02002184,E,11343,654,531,468,567,0.8,1.0,14.349899999999998,3.1654869999999997
Bradford 003,E02002185,E,5212,301,244,215,261,0.8,1.0,6.599600000000001,2.157948
Bradford 004,E02002186,E,11076,639,518,457,553,0.6,0.8,15.0408,3.255304
Bradford 005,E02002187,E,5158,298,241,213,257,0.8,1.0,6.5174,2.147262
Bradford 006,E02002188,E,6769,391,317,279,338,0.6,0.8,9.1937,2.495181
Bradford 007,E02002189,E,5995,346,280,247,299,0.0,0.2,12.044,2.8657200000000005
Bradford 008,E02002190,E,10515,607,492,434,525,0.0,0.2,21.142000000000003,4.04846
Bradford 009,E02002191,E,8249,476,386,340,411,0.0,0.2,16.571400000000004,3.454282000000001
Bradford 010,E02002192,E,8096,467,379,334,405,0.8,1.0,10.245800000000001,2.6319540000000003
Bradford 011,E02002193,E,5265,304,246,217,263,0.0,0.2,10.584000000000001,2.6759200000000005
Bradford 012,E02002194,E,6572,379,307,271,328,0.2,0.4,11.484,2.79292
Bradford 013,E02002195,E,5601,323,262,231,280,0.8,1.0,7.0853,2.221089
Bradford 014,E02002196,E,5575,322,261,230,279,0.4,0.6,8.0885,2.351505
Bradford 015,E02002197,E,7462,431,349,308,373,0.4,0.6,10.8206,2.706678
Bradford 016,E02002198,E,7132,411,334,294,356,0.4,0.6,10.3336,2.643368
Bradford 017,E02002199,E,5614,324,263,232,280,0.6,0.8,7.6242,2.2911460000000003
Bradford 018,E02002200,E,8075,466,378,333,403,0.4,0.6,11.700500000000002,2.8210650000000004
Bradford 019,E02002201,E,10534,608,493,435,526,0.2,0.4,18.42,3.6946000000000003
Bradford 020,E02002202,E,6159,355,288,254,308,0.2,0.4,10.7705,2.700165
Bradford 021,E02002203,E,6707,387,314,277,334,0.0,0.2,13.476200000000002,3.0519060000000007
Bradford 022,E02002204,E,9981,576,467,412,498,0.6,0.8,13.5523,3.061799
Bradford 023,E02002205,E,8861,511,415,366,443,0.4,0.6,12.8523,2.970799
Bradford 024,E02002206,E,7641,441,357,315,382,0.2,0.4,13.360499999999998,3.0368649999999997
Bradford 025,E02002207,E,6462,373,302,267,322,0.0,0.2,12.985199999999999,2.988076
Bradford 026,E02002208,E,6679,385,312,275,334,0.0,0.2,13.4254,3.0453020000000004
Bradford 027,E02002209,E,5177,299,242,214,259,0.0,0.2,10.417200000000001,2.654236
Bradford 028,E02002210,E,6682,386,313,276,334,0.2,0.4,11.690999999999999,2.81983
Bradford 029,E02002211,E,6310,364,295,260,315,0.0,0.2,12.681000000000001,2.9485300000000003
Bradford 030,E02002212,E,6391,369,299,264,320,0.0,0.2,12.8626,2.972138
Bradford 031,E02002213,E,5909,341,276,244,295,0.4,0.6,8.5627,2.413151
Bradford 032,E02002214,E,5185,299,243,214,259,0.2,0.4,9.0675,2.478775
Bradford 033,E02002215,E,9213,532,431,380,460,0.0,0.2,18.5228,3.7079640000000005
Bradford 034,E02002216,E,8205,473,384,339,409,0.0,0.2,16.489,3.4435700000000002
Bradford 035,E02002217,E,7758,448,363,320,387,0.0,0.2,15.593800000000002,3.3271940000000004
Bradford 036,E02002218,E,8194,473,383,338,409,0.0,0.2,16.4704,3.4411520000000007
Bradford 037,E02002219,E,6901,398,323,285,344,0.0,0.2,13.8686,3.1029180000000003
Bradford 038,E02002220,E,8138,470,381,336,407,0.0,0.2,16.373800000000003,3.4285940000000004
Bradford 039,E02002221,E,11895,686,556,491,594,0.0,0.2,23.912000000000003,4.4085600000000005
Bradford 040,E02002222,E,7107,410,332,293,355,0.0,0.2,14.285200000000001,3.157076
Bradford 041,E02002223,E,6852,395,321,283,342,0.0,0.2,13.7762,3.090906
Bradford 042,E02002224,E,9278,535,434,383,463,0.0,0.2,18.6488,3.7243440000000003
Bradford 043,E02002225,E,7220,417,338,298,360,0.2,0.4,12.619,2.9404700000000004
Bradford 044,E02002226,E,13089,755,612,540,654,0.0,0.2,26.3164,4.721132000000001
Bradford 045,E02002227,E,5697,329,267,235,285,0.0,0.2,11.4632,2.790216
Bradford 046,E02002228,E,5954,344,279,246,297,0.0,0.2,11.9734,2.856542
Bradford 047,E02002229,E,7135,412,334,294,356,0.2,0.4,12.4695,2.921035
Bradford 048,E02002230,E,8327,480,389,343,415,0.0,0.2,16.7222,3.4738860000000003
Bradford 049,E02002231,E,11179,645,523,461,558,0.0,0.2,22.4704,4.221152
Bradford 050,E02002232,E,5659,326,265,233,283,0.0,0.2,11.377400000000002,2.7790620000000006
Bradford 051,E02002233,E,8092,467,379,334,405,0.0,0.2,16.2832,3.416816
Bradford 052,E02002234,E,6951,401,325,287,347,0.0,0.2,13.9736,3.116568
Bradford 053,E02002235,E,6206,358,290,256,310,0.0,0.2,12.475600000000002,2.9218280000000005
Bradford 054,E02002236,E,5259,303,246,217,263,0.2,0.4,9.1975,2.4956750000000003
Bradford 055,E02002237,E,7276,420,340,300,363,0.0,0.2,14.621599999999999,3.200808
Bradford 056,E02002238,E,5364,309,251,221,268,0.0,0.2,10.781400000000001,2.701582
Bradford 057,E02002239,E,8730,504,408,360,436,0.0,0.2,17.55,3.5815
Bradford 058,E02002240,E,9362,540,438,386,468,0.4,0.6,13.572600000000001,3.064438
Bradford 059,E02002241,E,10465,604,489,432,522,0.0,0.2,21.032,4.03416
Bradford 060,E02002242,E,6789,392,318,280,340,0.2,0.4,11.8825,2.8447250000000004
Bradford 061,E02002243,E,8180,472,383,337,409,0.0,0.2,16.45,3.4385000000000003
Braintree 001,E02004446,E,5613,412,368,376,453,0.6,0.8,10.8429,2.7095770000000003
Braintree 002,E02004447,E,4766,350,312,320,385,0.6,0.8,9.2128,2.4976640000000003
Braintree 003,E02004448,E,5180,380,339,348,419,0.6,0.8,10.019,2.6024700000000003
Braintree 004,E02004449,E,6924,508,454,464,559,0.4,0.6,14.401200000000001,3.172156
Braintree 005,E02004450,E,4921,361,322,330,397,0.6,0.8,9.5033,2.5354289999999997
Braintree 006,E02004451,E,7071,519,463,474,570,0.6,0.8,13.651299999999999,3.074669
Braintree 007,E02004452,E,7583,557,497,509,612,0.6,0.8,14.6539,3.205007
Braintree 008,E02004453,E,5788,425,379,388,467,0.2,0.4,14.004999999999999,3.12065
Braintree 009,E02004454,E,7281,535,477,488,587,0.4,0.6,15.134300000000001,3.2674590000000006
Braintree 010,E02004455,E,6231,457,408,418,503,0.8,1.0,11.2223,2.7588990000000004
Braintree 011,E02004456,E,7272,534,477,488,587,0.4,0.6,15.1296,3.2668480000000004
Braintree 012,E02004457,E,8433,619,552,565,681,0.4,0.6,17.5379,3.5799270000000005
Braintree 013,E02004458,E,7771,570,509,521,627,0.8,1.0,13.991299999999999,3.118869
Braintree 014,E02004459,E,8446,620,553,566,682,0.8,1.0,15.2118,3.277534
Braintree 015,E02004460,E,7228,531,473,485,583,0.4,0.6,15.028400000000001,3.253692
Braintree 016,E02004461,E,4749,349,311,319,383,0.2,0.4,11.4945,2.7942850000000004
Braintree 017,E02004462,E,8271,607,542,555,668,0.4,0.6,17.2093,3.537209
Braintree 018,E02004463,E,6515,478,427,437,526,0.6,0.8,12.5895,2.936635
Breckland 001,E02005503,E,5930,540,479,495,623,0.4,0.6,15.221,3.2787300000000004
Breckland 002,E02005504,E,7287,664,589,608,766,0.4,0.6,18.7101,3.7323130000000004
Breckland 003,E02005505,E,5994,546,484,500,630,0.4,0.6,15.3862,3.300206
Breckland 004,E02005506,E,5714,521,462,477,600,0.4,0.6,14.6662,3.206606
Breckland 005,E02005507,E,9530,868,770,795,1002,0.4,0.6,24.469,4.48097
Breckland 006,E02005508,E,5540,505,448,462,582,0.4,0.6,14.22,3.1486
Breckland 007,E02005509,E,6054,552,489,505,636,0.2,0.4,17.806,3.6147800000000005
Breckland 008,E02005510,E,5540,505,448,462,582,0.4,0.6,14.22,3.1486
Breckland 009,E02005511,E,6009,547,485,501,631,0.4,0.6,15.4147,3.3039110000000003
Breckland 010,E02005512,E,7350,670,594,613,772,0.2,0.4,21.616,4.11008
Breckland 011,E02005513,E,7515,685,607,627,789,0.4,0.6,19.2825,3.806725
Breckland 012,E02005514,E,5467,498,442,456,574,0.4,0.6,14.0281,3.123653
Breckland 013,E02005515,E,5189,473,419,433,545,0.6,0.8,12.3387,2.904031
Breckland 014,E02005516,E,5430,495,439,453,570,0.6,0.8,12.91,2.9783
Breckland 015,E02005517,E,4929,449,398,411,518,0.0,0.2,16.285400000000003,3.4171020000000007
Breckland 016,E02005518,E,8870,808,717,740,932,0.6,0.8,21.096999999999998,4.04261
Breckland 017,E02005519,E,6503,592,525,543,683,0.2,0.4,19.124499999999998,3.7861849999999997
Brent 001,E02000093,E,10205,553,415,325,460,0.4,0.6,13.297500000000001,3.0286750000000002
Brent 002,E02000094,E,8202,444,333,261,369,0.4,0.6,10.6746,2.687698
Brent 003,E02000095,E,9304,504,378,296,418,0.4,0.6,12.103200000000001,2.873416
Brent 004,E02000096,E,7125,386,290,227,320,0.6,0.8,8.724499999999999,2.4341850000000003
Brent 005,E02000097,E,8401,455,341,268,378,0.4,0.6,10.938300000000002,2.721979
Brent 006,E02000098,E,7448,404,303,237,335,0.2,0.4,11.827,2.83751
Brent 007,E02000099,E,8165,442,332,260,367,0.4,0.6,10.6255,2.681315
Brent 008,E02000100,E,7865,426,320,250,354,0.6,0.8,9.6355,2.5526150000000003
Brent 009,E02000101,E,8752,474,356,279,394,0.2,0.4,13.902999999999999,3.1073899999999997
Brent 010,E02000102,E,7303,396,297,233,329,0.0,0.2,13.4258,3.045354
Brent 011,E02000103,E,8181,443,333,261,369,0.2,0.4,13.006499999999999,2.990845
Brent 012,E02000104,E,6347,344,258,202,286,0.2,0.4,10.0835,2.610855
Brent 013,E02000105,E,8632,467,351,275,388,0.4,0.6,11.233600000000001,2.760368
Brent 014,E02000106,E,9582,519,389,305,431,0.0,0.2,17.5962,3.5875060000000003
Brent 015,E02000107,E,10026,543,408,319,451,0.2,0.4,15.919,3.3694699999999997
Brent 016,E02000108,E,6175,334,251,197,278,0.4,0.6,8.0425,2.3455250000000003
Brent 017,E02000109,E,9251,501,376,295,416,0.4,0.6,12.043299999999999,2.865629
Brent 018,E02000110,E,7584,411,308,242,341,0.4,0.6,9.8732,2.5835160000000004
Brent 019,E02000111,E,9173,497,373,292,413,0.2,0.4,14.569500000000001,3.1940350000000004
Brent 020,E02000112,E,8846,479,360,282,398,0.2,0.4,14.05,3.1265
Brent 021,E02000113,E,9054,491,368,288,407,0.0,0.2,16.6274,3.4615620000000007
Brent 022,E02000114,E,8449,458,343,269,380,0.2,0.4,13.4135,3.043755
Brent 023,E02000115,E,7822,424,318,249,352,0.2,0.4,12.422,2.91486
Brent 024,E02000116,E,7645,414,311,243,344,0.0,0.2,14.041,3.12533
Brent 025,E02000117,E,11265,610,458,359,507,0.0,0.2,20.696,3.9904800000000007
Brent 026,E02000118,E,8840,479,359,281,398,0.2,0.4,14.036,3.12468
Brent 027,E02000119,E,6798,368,276,216,306,0.0,0.2,12.482800000000001,2.922764
Brent 028,E02000120,E,8642,468,351,275,388,0.2,0.4,13.71,3.0823
Brent 029,E02000121,E,8379,454,341,267,377,0.2,0.4,13.308499999999999,3.030105
Brent 030,E02000122,E,7578,410,308,241,341,0.4,0.6,9.8634,2.582242
Brent 031,E02000123,E,13804,748,561,440,621,0.0,0.2,25.3594,4.596722000000001
Brent 032,E02000124,E,9586,519,390,305,431,0.4,0.6,12.4758,2.9218539999999997
Brent 033,E02000125,E,10142,549,412,323,456,0.4,0.6,13.1986,3.0158180000000003
Brent 034,E02000126,E,7291,395,296,232,328,0.0,0.2,13.389600000000002,3.040648
Brentwood 001,E02004464,E,7995,536,456,462,673,0.8,1.0,14.095500000000001,3.132415
Brentwood 002,E02004465,E,4883,327,279,282,411,0.8,1.0,8.6079,2.4190270000000003
Brentwood 003,E02004466,E,6618,444,378,383,557,0.6,0.8,12.4274,2.9155620000000004
Brentwood 004,E02004467,E,6200,416,354,358,522,0.6,0.8,11.64,2.8132
Brentwood 005,E02004468,E,8555,573,489,495,720,0.8,1.0,15.0855,3.261115
Brentwood 006,E02004469,E,5618,376,321,325,473,0.8,1.0,9.907399999999999,2.587962
Brentwood 007,E02004470,E,8732,585,499,505,735,0.8,1.0,15.397599999999999,3.3016880000000004
Brentwood 008,E02004471,E,6586,441,376,381,554,0.6,0.8,12.360800000000001,2.906904
Brentwood 009,E02004472,E,5065,339,289,293,426,0.8,1.0,8.9265,2.460445
Brighton and Hove 001,E02003491,E,7242,327,266,247,335,0.6,0.8,8.8106,2.4453780000000003
Brighton and Hove 002,E02003492,E,8897,402,327,304,411,0.2,0.4,14.0225,3.1229250000000004
Brighton and Hove 003,E02003493,E,7336,331,269,250,339,0.8,1.0,8.3798,2.389374
Brighton and Hove 004,E02003494,E,6107,276,224,208,283,0.8,1.0,6.9851,2.208063
Brighton and Hove 005,E02003495,E,6750,305,248,230,312,0.4,0.6,8.751000000000001,2.4376300000000004
Brighton and Hove 006,E02003496,E,6966,315,256,238,322,0.2,0.4,10.982,2.72766
Brighton and Hove 007,E02003497,E,6834,309,251,233,316,0.8,1.0,7.8112,2.315456
Brighton and Hove 008,E02003498,E,7858,355,288,268,363,0.0,0.2,14.1618,3.1410340000000003
Brighton and Hove 009,E02003499,E,7519,340,276,257,348,0.0,0.2,13.5664,3.063632
Brighton and Hove 010,E02003500,E,7836,354,288,268,363,0.8,1.0,8.9678,2.465814
Brighton and Hove 011,E02003501,E,7803,353,286,266,361,0.8,1.0,8.9199,2.459587
Brighton and Hove 012,E02003502,E,7100,321,261,242,329,0.2,0.4,11.199,2.75587
Brighton and Hove 013,E02003503,E,8413,380,309,287,388,0.2,0.4,13.247499999999999,3.022175
Brighton and Hove 014,E02003504,E,7865,355,289,268,363,0.6,0.8,9.5585,2.542605
Brighton and Hove 015,E02003505,E,8422,381,309,287,390,0.6,0.8,10.249600000000001,2.632448
Brighton and Hove 016,E02003506,E,6336,286,233,216,293,0.6,0.8,7.7078,2.302014
Brighton and Hove 017,E02003507,E,9178,415,337,313,424,0.4,0.6,11.897400000000001,2.8466620000000002
Brighton and Hove 018,E02003508,E,8194,370,301,280,379,0.6,0.8,9.9712,2.5962560000000003
Brighton and Hove 019,E02003509,E,8159,369,300,279,377,0.4,0.6,10.5837,2.6758810000000004
Brighton and Hove 020,E02003510,E,7978,361,293,272,369,0.6,0.8,9.7064,2.561832
Brighton and Hove 021,E02003511,E,7485,338,275,256,346,0.4,0.6,9.709500000000002,2.5622350000000003
Brighton and Hove 022,E02003512,E,8512,385,312,291,394,0.4,0.6,11.0456,2.7359280000000004
Brighton and Hove 023,E02003513,E,6207,280,228,212,287,0.4,0.6,8.0501,2.346513
Brighton and Hove 024,E02003514,E,7907,357,290,270,365,0.4,0.6,10.2461,2.631993
Brighton and Hove 025,E02003515,E,8517,385,313,291,394,0.0,0.2,15.3652,3.297476
Brighton and Hove 026,E02003516,E,7843,354,288,268,363,0.4,0.6,10.1769,2.622997
Brighton and Hove 027,E02003517,E,10139,458,372,346,469,0.2,0.4,15.9815,3.3775950000000003
Brighton and Hove 028,E02003518,E,7099,321,261,242,328,0.4,0.6,9.2037,2.496481
Brighton and Hove 029,E02003519,E,8125,367,298,277,376,0.2,0.4,12.8065,2.9648450000000004
Brighton and Hove 030,E02003520,E,8104,366,297,277,375,0.0,0.2,14.6164,3.200132
Brighton and Hove 031,E02003521,E,7578,342,278,259,350,0.2,0.4,11.940000000000001,2.8522000000000003
Brighton and Hove 032,E02003522,E,6606,299,242,226,306,0.2,0.4,10.422,2.65486
Brighton and Hove 033,E02003523,E,9347,422,343,319,432,0.8,1.0,10.6811,2.688543
Bristol 001,E02003012,E,10540,427,361,331,456,0.0,0.2,18.053,3.64689
Bristol 002,E02003013,E,11780,478,404,370,509,0.0,0.2,20.176000000000002,3.92288
Bristol 003,E02003014,E,7640,310,262,240,331,0.0,0.2,13.096,3.0024800000000003
Bristol 004,E02003015,E,5714,232,196,180,247,0.2,0.4,8.561,2.4129300000000002
Bristol 005,E02003016,E,7417,301,254,233,321,0.2,0.4,11.1105,2.744365
Bristol 006,E02003017,E,5954,241,204,187,257,0.6,0.8,6.8462,2.190006
Bristol 007,E02003018,E,5641,229,193,177,244,0.2,0.4,8.4465,2.398045
Bristol 008,E02003019,E,9202,373,315,289,398,0.2,0.4,13.779,3.09127
Bristol 009,E02003020,E,6141,249,210,193,266,0.8,1.0,6.651299999999999,2.164669
Bristol 010,E02003021,E,6670,270,229,210,288,0.6,0.8,7.675000000000001,2.29775
Bristol 011,E02003022,E,5780,234,198,182,250,0.8,1.0,6.258000000000001,2.1135400000000004
Bristol 012,E02003023,E,5883,238,202,185,255,0.2,0.4,8.8185,2.4464050000000004
Bristol 013,E02003024,E,8628,350,296,271,373,0.2,0.4,12.921,2.97973
Bristol 014,E02003025,E,6667,270,228,209,288,0.0,0.2,11.409200000000002,2.7831960000000002
Bristol 015,E02003026,E,9132,370,313,287,395,0.8,1.0,9.8856,2.585128
Bristol 016,E02003027,E,11735,476,402,369,507,0.8,1.0,12.6985,2.950805
Bristol 017,E02003028,E,8398,340,288,264,363,0.8,1.0,9.0884,2.4814920000000003
Bristol 018,E02003029,E,6129,248,210,193,265,0.0,0.2,10.4984,2.6647920000000003
Bristol 019,E02003030,E,7071,287,242,222,306,0.2,0.4,10.5905,2.676765
Bristol 020,E02003031,E,10101,409,346,317,437,0.6,0.8,11.6243,2.811159
Bristol 021,E02003032,E,7176,291,246,225,310,0.2,0.4,10.74,2.6962
Bristol 022,E02003033,E,8866,359,304,278,384,0.6,0.8,10.2078,2.627014
Bristol 023,E02003034,E,12084,490,414,379,523,0.0,0.2,20.699400000000004,3.9909220000000003
Bristol 025,E02003036,E,8432,342,289,265,364,0.2,0.4,12.621,2.9407300000000003
Bristol 026,E02003037,E,8605,349,295,270,372,0.8,1.0,9.311499999999999,2.5104949999999997
Bristol 027,E02003038,E,6266,254,215,197,271,0.2,0.4,9.386000000000001,2.5201800000000003
Bristol 028,E02003039,E,7926,321,272,249,343,0.2,0.4,11.873000000000001,2.84349
Bristol 029,E02003040,E,8992,364,308,282,388,0.2,0.4,13.45,3.0484999999999998
Bristol 030,E02003041,E,6101,247,209,192,264,0.8,1.0,6.6063,2.1588190000000003
Bristol 032,E02003043,E,10778,437,369,338,466,0.4,0.6,13.2034,3.016442
Bristol 033,E02003044,E,5712,232,196,179,247,0.4,0.6,6.999600000000001,2.2099480000000002
Bristol 034,E02003045,E,6789,275,233,213,294,0.6,0.8,7.8177,2.316301
Bristol 035,E02003046,E,9078,368,311,285,392,0.4,0.6,11.1174,2.7452620000000003
Bristol 036,E02003047,E,9891,401,339,311,427,0.4,0.6,12.115300000000001,2.8749890000000002
Bristol 037,E02003048,E,6419,260,220,202,278,0.4,0.6,7.8736999999999995,2.323581
Bristol 038,E02003049,E,7165,290,245,225,310,0.2,0.4,10.7275,2.694575
Bristol 039,E02003050,E,8327,338,285,262,360,0.2,0.4,12.4715,2.921295
Bristol 040,E02003051,E,6566,266,225,206,284,0.2,0.4,9.831,2.57803
Bristol 041,E02003052,E,6407,260,219,201,277,0.4,0.6,7.8481000000000005,2.320253
Bristol 042,E02003053,E,7948,322,272,250,343,0.4,0.6,9.7324,2.565212
Bristol 043,E02003054,E,6360,258,218,200,275,0.2,0.4,9.526000000000002,2.53838
Bristol 044,E02003055,E,8176,331,280,257,353,0.0,0.2,13.9956,3.119428
Bristol 045,E02003056,E,7111,288,244,223,308,0.0,0.2,12.1836,2.883868
Bristol 046,E02003057,E,5737,233,197,180,248,0.4,0.6,7.0311,2.214043
Bristol 047,E02003058,E,8856,359,303,278,382,0.2,0.4,13.247,3.02211
Bristol 048,E02003059,E,5555,225,190,174,241,0.2,0.4,8.3225,2.381925
Bristol 049,E02003060,E,10642,431,365,334,460,0.2,0.4,15.931999999999999,3.3711599999999997
Bristol 050,E02003061,E,5669,230,194,178,245,0.0,0.2,9.7074,2.5619620000000003
Bristol 051,E02003062,E,5750,233,197,181,249,0.0,0.2,9.855,2.58115
Bristol 052,E02003063,E,6937,281,238,218,300,0.6,0.8,7.9851,2.338063
Bristol 053,E02003064,E,6440,261,221,202,278,0.0,0.2,11.024000000000001,2.7331200000000004
Bristol 054,E02006887,E,6538,265,224,205,282,0.0,0.2,11.186800000000002,2.754284
Bristol 055,E02006888,E,6725,273,230,211,290,0.0,0.2,11.507000000000001,2.79591
Bristol 056,E02006889,E,7238,293,248,227,313,0.0,0.2,12.392800000000001,2.9110640000000005
Bristol 057,E02006890,E,8441,342,289,265,365,0.0,0.2,14.4546,3.1790979999999998
Broadland 001,E02005520,E,5912,518,482,528,668,0.6,0.8,14.7256,3.214328
Broadland 002,E02005521,E,6828,598,556,609,771,0.4,0.6,18.3744,3.6886720000000004
Broadland 003,E02005522,E,4248,372,346,379,480,0.6,0.8,10.577399999999999,2.675062
Broadland 004,E02005523,E,6201,543,505,553,700,0.6,0.8,15.4313,3.306069
Broadland 005,E02005524,E,4360,382,355,389,492,0.8,1.0,10.139,2.61807
Broadland 006,E02005525,E,8125,711,662,725,918,0.8,1.0,18.9065,3.7578450000000005
Broadland 007,E02005526,E,4399,385,359,393,496,0.8,1.0,10.2287,2.629731
Broadland 008,E02005527,E,6594,577,538,589,745,0.6,0.8,16.4242,3.4351459999999996
Broadland 009,E02005528,E,6779,593,552,605,766,0.8,1.0,15.774700000000001,3.3507110000000004
Broadland 010,E02005529,E,4654,407,379,415,525,0.6,0.8,11.5762,2.804906
Broadland 011,E02005530,E,4128,361,336,368,466,0.6,0.8,10.270399999999999,2.6351519999999997
Broadland 012,E02005531,E,4394,385,358,392,496,0.6,0.8,10.9362,2.721706
Broadland 013,E02005532,E,5496,481,448,491,621,0.8,1.0,12.7928,2.963064
Broadland 014,E02005533,E,6600,578,538,589,745,0.6,0.8,16.428,3.4356400000000002
Broadland 015,E02005534,E,5848,512,477,522,660,0.6,0.8,14.5564,3.1923320000000004
Broadland 016,E02005535,E,5819,509,474,519,656,0.6,0.8,14.470699999999999,3.181191
Broadland 017,E02005536,E,4640,406,378,414,524,0.6,0.8,11.549999999999999,2.8015
Broadland 018,E02005537,E,4863,426,396,434,549,0.4,0.6,13.0869,3.001297
Bromley 001,E02000127,E,7707,445,366,376,503,0.2,0.4,15.3205,3.291665
Bromley 002,E02000128,E,6628,383,314,324,432,0.6,0.8,10.3824,2.649712
Bromley 004,E02000130,E,7189,416,341,351,470,0.4,0.6,12.098700000000001,2.872831
Bromley 005,E02000131,E,8136,470,386,397,531,0.2,0.4,16.173000000000002,3.4024900000000002
Bromley 006,E02000132,E,7784,450,369,380,508,0.6,0.8,12.199200000000001,2.8858960000000002
Bromley 007,E02000133,E,8730,504,414,426,570,0.8,1.0,12.855,2.97115
Bromley 008,E02000134,E,9788,566,464,478,639,0.4,0.6,16.4604,3.439852
Bromley 009,E02000135,E,8846,511,420,432,578,0.0,0.2,19.9226,3.889938
Bromley 010,E02000136,E,5205,301,247,254,340,0.4,0.6,8.7555,2.438215
Bromley 011,E02000137,E,7112,411,337,347,464,0.8,1.0,10.4686,2.660918
Bromley 012,E02000138,E,7212,417,342,352,470,0.8,1.0,10.6116,2.6795080000000002
Bromley 013,E02000139,E,6619,382,314,323,432,0.6,0.8,10.3727,2.648451
Bromley 014,E02000140,E,7307,422,347,357,477,0.0,0.2,16.4522,3.4387860000000003
Bromley 015,E02000141,E,6308,364,299,308,412,0.4,0.6,10.6084,2.679092
Bromley 016,E02000142,E,7529,435,357,368,492,0.8,1.0,11.0947,2.742311
Bromley 018,E02000144,E,7889,456,374,385,515,0.8,1.0,11.6167,2.810171
Bromley 019,E02000145,E,7346,425,349,359,480,0.0,0.2,16.5506,3.4515779999999996
Bromley 020,E02000146,E,7564,437,359,369,494,0.8,1.0,11.1402,2.748226
Bromley 021,E02000147,E,7241,418,344,354,472,0.8,1.0,10.6583,2.685579
Bromley 022,E02000148,E,5985,346,284,292,390,0.8,1.0,8.8055,2.4447150000000004
Bromley 023,E02000149,E,7004,405,332,342,457,0.2,0.4,13.923,3.10999
Bromley 024,E02000150,E,7590,438,360,371,496,0.6,0.8,11.904,2.8475200000000003
Bromley 025,E02000151,E,6881,398,327,336,449,0.8,1.0,10.1333,2.617329
Bromley 026,E02000152,E,5972,345,283,292,390,0.2,0.4,11.877,2.84401
Bromley 027,E02000153,E,7045,407,334,344,460,0.8,1.0,10.375499999999999,2.648815
Bromley 028,E02000154,E,7233,418,343,353,472,0.6,0.8,11.334900000000001,2.773537
Bromley 029,E02000155,E,6275,363,298,306,410,0.4,0.6,10.5565,2.672345
Bromley 030,E02000156,E,10989,635,521,537,717,0.8,1.0,16.1807,3.4034910000000007
Bromley 031,E02000157,E,7237,418,343,353,472,0.8,1.0,10.650099999999998,2.684513
Bromley 032,E02000158,E,6693,387,317,327,436,0.4,0.6,11.2439,2.7617070000000004
Bromley 033,E02000159,E,6188,358,294,302,404,0.8,1.0,9.1144,2.484872
Bromley 034,E02000160,E,7137,412,339,349,466,0.8,1.0,10.5141,2.666833
Bromley 035,E02000161,E,7642,442,363,373,499,0.8,1.0,11.256599999999999,2.763358
Bromley 036,E02000162,E,6082,351,289,297,397,0.6,0.8,9.534600000000001,2.539498
Bromley 037,E02000163,E,6952,402,330,340,454,0.8,1.0,10.2436,2.6316680000000003
Bromley 039,E02000165,E,6403,370,304,313,418,0.8,1.0,9.431899999999999,2.526147
Bromley 040,E02006782,E,6949,402,330,339,454,0.4,0.6,11.690700000000001,2.8197910000000004
Bromley 041,E02006787,E,6900,399,327,337,450,0.8,1.0,10.157,2.62041
Bromley 042,E02006789,E,5842,338,277,285,382,0.6,0.8,9.1636,2.4912680000000003
Bromsgrove 001,E02006696,E,5393,396,363,363,510,0.8,1.0,10.5609,2.672917
Bromsgrove 002,E02006697,E,6252,459,421,421,591,0.6,0.8,13.083599999999999,3.0008679999999996
Bromsgrove 003,E02006698,E,5586,410,376,376,528,0.6,0.8,11.6878,2.819414
Bromsgrove 004,E02006699,E,5111,375,344,344,483,0.8,1.0,10.0043,2.600559
Bromsgrove 005,E02006700,E,4938,362,332,332,466,0.6,0.8,10.3194,2.641522
Bromsgrove 006,E02006701,E,5190,381,349,349,491,0.8,1.0,10.163,2.6211900000000004
Bromsgrove 007,E02006702,E,4999,367,336,336,472,0.4,0.6,11.2577,2.7635009999999998
Bromsgrove 008,E02006703,E,6174,453,415,415,584,0.8,1.0,12.0872,2.8713360000000003
Bromsgrove 009,E02006704,E,5646,414,380,380,534,0.6,0.8,11.8158,2.836054
Bromsgrove 010,E02006705,E,5760,423,388,388,545,0.4,0.6,12.994,2.98922
Bromsgrove 011,E02006706,E,5854,430,394,394,554,0.4,0.6,13.2042,3.016546
Bromsgrove 012,E02006707,E,5910,434,398,397,558,0.8,1.0,11.56,2.8028000000000004
Bromsgrove 013,E02006708,E,6970,512,469,469,659,0.2,0.4,18.088,3.65144
Bromsgrove 014,E02006709,E,6785,498,457,456,642,0.6,0.8,14.2015,3.146195
Broxbourne 001,E02004843,E,6045,376,300,307,421,0.8,1.0,9.331499999999998,2.513095
Broxbourne 002,E02004844,E,6049,376,300,307,421,0.4,0.6,10.660700000000002,2.6858910000000003
Broxbourne 003,E02004845,E,6093,379,302,309,425,0.4,0.6,10.747900000000001,2.6972270000000003
Broxbourne 004,E02004846,E,5250,327,260,267,366,0.8,1.0,8.11,2.3543000000000003
Broxbourne 005,E02004847,E,8217,511,408,417,573,0.4,0.6,14.4971,3.184623
Broxbourne 006,E02004848,E,6053,376,300,307,423,0.6,0.8,9.9559,2.5942670000000003
Broxbourne 007,E02004849,E,5754,358,285,292,401,0.8,1.0,8.883199999999999,2.454816
Broxbourne 008,E02004850,E,6266,390,311,318,437,0.4,0.6,11.055800000000001,2.737254
Broxbourne 009,E02004851,E,4881,304,242,248,341,0.4,0.6,8.6203,2.4206390000000004
Broxbourne 010,E02004852,E,6433,400,319,327,449,0.4,0.6,11.3559,2.776267
Broxbourne 011,E02004853,E,5334,332,265,271,372,0.2,0.4,11.084000000000001,2.74092
Broxbourne 012,E02004854,E,6175,384,306,314,431,0.4,0.6,10.900500000000001,2.7170650000000003
Broxbourne 013,E02004855,E,6234,388,309,317,435,0.2,0.4,12.956,2.98428
Broxtowe 001,E02005850,E,5790,424,375,387,472,0.4,0.6,12.071,2.86923
Broxtowe 002,E02005851,E,4978,365,322,333,406,0.0,0.2,13.6248,3.071224
Broxtowe 003,E02005852,E,6661,488,431,445,544,0.8,1.0,12.045300000000001,2.865889
Broxtowe 004,E02005853,E,7540,553,488,504,616,0.4,0.6,15.736,3.3456799999999998
Broxtowe 007,E02005856,E,6108,448,395,408,499,0.8,1.0,11.0474,2.736162
Broxtowe 008,E02005857,E,5240,384,339,350,428,0.4,0.6,10.931999999999999,2.72116
Broxtowe 009,E02005858,E,6258,459,405,418,511,0.6,0.8,12.1264,2.8764320000000003
Broxtowe 010,E02005859,E,7562,554,490,505,617,0.4,0.6,15.770600000000002,3.3501780000000005
Broxtowe 011,E02005860,E,7005,513,454,468,572,0.6,0.8,13.5755,3.0648150000000003
Broxtowe 012,E02005861,E,4632,340,300,309,378,0.4,0.6,9.659600000000001,2.5557480000000004
Broxtowe 013,E02005862,E,6572,482,425,439,536,0.4,0.6,13.701600000000001,3.081208
Broxtowe 014,E02005863,E,6192,454,401,413,506,0.8,1.0,11.198599999999999,2.7558179999999997
Broxtowe 015,E02005864,E,6921,507,448,462,565,0.8,1.0,12.5113,2.926469
Broxtowe 016,E02006906,E,10512,771,681,702,859,0.6,0.8,20.3786,3.949218
Burnley 001,E02005176,E,7348,512,433,431,473,0.4,0.6,13.2224,3.0189120000000003
Burnley 002,E02005177,E,4826,336,284,283,310,0.0,0.2,11.6966,2.820558
Burnley 003,E02005178,E,7442,519,438,437,479,0.0,0.2,18.0572,3.647436000000001
Burnley 004,E02005179,E,7412,517,437,435,477,0.0,0.2,17.9862,3.6382060000000003
Burnley 005,E02005180,E,5830,406,343,342,375,0.4,0.6,10.485,2.66305
Burnley 006,E02005181,E,5144,358,303,302,331,0.0,0.2,12.477400000000001,2.9220620000000004
Burnley 007,E02005182,E,4889,341,288,287,314,0.0,0.2,11.855400000000001,2.841202
Burnley 008,E02005183,E,5065,353,298,297,325,0.0,0.2,12.273000000000001,2.8954900000000006
Burnley 009,E02005184,E,4180,291,246,245,268,0.6,0.8,6.993,2.20909
Burnley 010,E02005185,E,6995,488,412,411,450,0.0,0.2,16.974000000000004,3.5066200000000007
Burnley 011,E02005186,E,5021,350,296,295,323,0.4,0.6,9.036299999999999,2.474719
Burnley 014,E02006881,E,8287,578,488,487,534,0.0,0.2,20.119200000000003,3.915496
Bury 001,E02001019,E,7658,488,409,414,502,0.6,0.8,12.5014,2.9251820000000004
Bury 002,E02001020,E,5067,323,270,274,332,0.8,1.0,7.7280999999999995,2.304653
Bury 003,E02001021,E,6667,424,356,360,437,0.8,1.0,10.1671,2.6217230000000002
Bury 004,E02001022,E,6712,427,358,363,440,0.2,0.4,13.89,3.1057
Bury 005,E02001023,E,4979,317,266,269,327,0.4,0.6,8.729700000000001,2.434861
Bury 006,E02001024,E,6901,440,368,373,452,0.6,0.8,11.2593,2.763709
Bury 007,E02001025,E,6498,414,347,351,426,0.0,0.2,15.2728,3.285464
Bury 008,E02001026,E,7654,487,409,413,502,0.0,0.2,17.9874,3.638362
Bury 009,E02001027,E,5797,369,309,313,380,0.2,0.4,11.9925,2.859025
Bury 010,E02001028,E,6343,404,339,343,416,0.8,1.0,9.6799,2.558387
Bury 011,E02001029,E,5954,379,318,322,390,0.0,0.2,13.9914,3.118882
Bury 012,E02001030,E,4966,316,265,268,325,0.6,0.8,8.0968,2.3525840000000002
Bury 013,E02001031,E,5518,351,295,298,362,0.2,0.4,11.422,2.78486
Bury 014,E02001032,E,6449,411,344,348,423,0.2,0.4,13.345500000000001,3.0349150000000003
Bury 015,E02001033,E,4793,305,256,259,314,0.2,0.4,9.9165,2.5891450000000003
Bury 016,E02001034,E,6632,422,354,358,435,0.0,0.2,15.5852,3.3260760000000005
Bury 017,E02001035,E,6147,392,328,332,404,0.6,0.8,10.0441,2.605733
Bury 018,E02001036,E,6192,394,331,335,406,0.4,0.6,10.8516,2.7107080000000003
Bury 019,E02001037,E,6077,387,324,328,398,0.8,1.0,9.263100000000001,2.5042030000000004
Bury 020,E02001038,E,4754,303,254,257,312,0.2,0.4,9.845,2.5798500000000004
Bury 021,E02001039,E,6980,444,373,377,458,0.0,0.2,16.408,3.43304
Bury 022,E02001040,E,5138,327,274,278,337,0.2,0.4,10.636,2.68268
Bury 023,E02001041,E,6502,414,347,351,427,0.2,0.4,13.462,3.05006
Bury 024,E02001042,E,5289,337,282,286,346,0.4,0.6,9.2567,2.5033710000000005
Bury 025,E02001043,E,4670,297,249,252,306,0.2,0.4,9.658,2.5555399999999997
Bury 026,E02001044,E,7678,489,410,415,504,0.6,0.8,12.5404,2.9302520000000003
Calderdale 001,E02002244,E,4979,367,305,291,332,0.4,0.6,9.1777,2.4931010000000002
Calderdale 002,E02002245,E,4659,344,285,272,310,0.0,0.2,11.564400000000001,2.8033720000000004
Calderdale 003,E02002246,E,7990,590,490,467,532,0.6,0.8,13.724,3.0841200000000004
Calderdale 004,E02002247,E,7761,573,475,454,517,0.4,0.6,14.302300000000002,3.1592990000000007
Calderdale 005,E02002248,E,6229,460,382,364,415,0.0,0.2,15.4754,3.311802
Calderdale 006,E02002249,E,4572,337,280,267,304,0.0,0.2,11.3452,2.774876
Calderdale 007,E02002250,E,6962,514,427,407,464,0.4,0.6,12.834600000000002,2.9684980000000003
Calderdale 008,E02002251,E,6217,459,381,363,414,0.0,0.2,15.4392,3.3070960000000005
Calderdale 009,E02002252,E,4988,368,306,292,332,0.2,0.4,10.85,2.7105
Calderdale 010,E02002253,E,6305,465,386,369,420,0.0,0.2,15.661000000000001,3.3359300000000003
Calderdale 011,E02002254,E,4773,352,292,279,318,0.8,1.0,7.6129,2.289677
Calderdale 012,E02002255,E,6489,479,397,379,432,0.0,0.2,16.110400000000002,3.3943520000000005
Calderdale 013,E02002256,E,7714,569,473,451,514,0.2,0.4,16.781,3.4815300000000002
Calderdale 014,E02002257,E,5134,379,315,300,342,0.0,0.2,12.7544,2.9580720000000005
Calderdale 015,E02002258,E,7299,539,447,427,486,0.4,0.6,13.4497,3.048461
Calderdale 016,E02002259,E,5444,402,334,318,363,0.4,0.6,10.0372,2.604836
Calderdale 017,E02002260,E,7544,557,462,441,503,0.2,0.4,16.414,3.43382
Calderdale 018,E02002261,E,6711,495,411,392,447,0.2,0.4,14.592500000000001,3.197025
Calderdale 019,E02002262,E,6552,484,401,383,436,0.2,0.4,14.245000000000001,3.1518500000000005
Calderdale 020,E02002263,E,5544,409,340,324,369,0.2,0.4,12.055,2.86715
Calderdale 021,E02002264,E,5790,427,355,339,386,0.6,0.8,9.952,2.59376
Calderdale 022,E02002265,E,4497,332,276,263,300,0.2,0.4,9.7895,2.572635
Calderdale 023,E02002266,E,4817,356,295,282,321,0.4,0.6,8.8811,2.454543
Calderdale 024,E02002267,E,6749,498,413,394,449,0.2,0.4,14.666500000000001,3.206645
Calderdale 025,E02002268,E,8184,604,502,479,545,0.2,0.4,17.805,3.61465
Calderdale 026,E02002269,E,7923,585,485,463,528,0.4,0.6,14.600900000000001,3.1981170000000003
Calderdale 027,E02002270,E,6920,511,424,404,461,0.6,0.8,11.885,2.84505
Cambridge 001,E02003719,E,7912,358,300,267,405,0.2,0.4,12.959,2.9846700000000004
Cambridge 002,E02003720,E,7849,355,298,265,402,0.4,0.6,10.6707,2.6871910000000003
Cambridge 003,E02003721,E,8140,368,309,275,417,0.4,0.6,11.068000000000001,2.7388400000000006
Cambridge 004,E02003722,E,7468,337,283,252,383,0.8,1.0,8.9534,2.4639420000000003
Cambridge 005,E02003723,E,8469,383,321,286,434,0.8,1.0,10.1527,2.6198509999999997
Cambridge 006,E02003724,E,8573,387,325,290,439,0.2,0.4,14.0455,3.125915
Cambridge 007,E02003725,E,12998,587,493,439,665,0.8,1.0,15.5694,3.3240220000000003
Cambridge 008,E02003726,E,7212,326,274,244,370,0.6,0.8,9.2016,2.496208
Cambridge 009,E02003727,E,8006,362,304,271,410,0.6,0.8,10.2068,2.626884
Cambridge 010,E02003728,E,8124,367,308,274,415,0.6,0.8,10.3382,2.6439660000000003
Cambridge 011,E02003729,E,7598,343,288,257,389,0.6,0.8,9.6814,2.5585820000000004
Cambridge 012,E02003730,E,6953,314,264,235,355,0.6,0.8,8.8499,2.450487
Cambridge 013,E02003731,E,7898,357,300,267,404,0.8,1.0,9.462399999999999,2.530112
Camden 001,E02000166,E,8913,391,317,285,388,0.4,0.6,11.0899,2.741687
Camden 002,E02000167,E,8935,392,318,285,390,0.8,1.0,9.8155,2.576015
Camden 003,E02000168,E,9191,403,327,293,400,0.4,0.6,11.429300000000001,2.7858090000000004
Camden 004,E02000169,E,8591,377,306,274,374,0.8,1.0,9.427299999999999,2.525549
Camden 005,E02000170,E,9379,411,334,299,409,0.6,0.8,10.9657,2.7255409999999998
Camden 006,E02000171,E,8794,386,313,281,383,0.6,0.8,10.2802,2.636426
Camden 007,E02000172,E,11414,500,406,364,497,0.2,0.4,17.343,3.55459
Camden 008,E02000173,E,8634,379,307,276,376,0.8,1.0,9.478200000000001,2.532166
Camden 009,E02000174,E,9800,430,349,313,427,0.2,0.4,14.901,3.23713
Camden 010,E02000175,E,9952,436,354,318,433,0.6,0.8,11.6266,2.811458
Camden 011,E02000176,E,7169,314,255,229,312,0.8,1.0,7.8657,2.322541
Camden 012,E02000177,E,10065,441,358,321,439,0.2,0.4,15.302499999999998,3.289325
Camden 013,E02000178,E,9962,437,355,318,434,0.2,0.4,15.145999999999999,3.26898
Camden 014,E02000179,E,7118,312,254,227,310,0.4,0.6,8.8574,2.4514620000000003
Camden 015,E02000180,E,9227,405,329,295,402,0.2,0.4,14.0335,3.1243550000000004
Camden 016,E02000181,E,8670,380,309,277,378,0.6,0.8,10.14,2.6182
Camden 017,E02000182,E,7533,330,268,241,328,0.6,0.8,8.8049,2.444637
Camden 018,E02000183,E,8903,390,317,284,388,0.4,0.6,11.078899999999999,2.7402569999999997
Camden 019,E02000184,E,9991,438,356,319,435,0.2,0.4,15.186499999999999,3.2742449999999996
Camden 020,E02000185,E,9325,409,332,298,406,0.2,0.4,14.175500000000001,3.1428150000000006
Camden 021,E02000186,E,7525,330,268,240,328,0.2,0.4,11.4405,2.787265
Camden 022,E02000187,E,9174,402,327,293,400,0.0,0.2,16.0004,3.380052
Camden 023,E02000188,E,9362,410,333,299,408,0.2,0.4,14.232,3.15016
Camden 024,E02000189,E,6687,293,238,213,291,0.2,0.4,10.157499999999999,2.620475
Camden 025,E02000190,E,8471,371,302,270,369,0.2,0.4,12.874500000000001,2.9736850000000006
Camden 026,E02000191,E,8432,370,300,269,367,0.6,0.8,9.851600000000001,2.5807080000000004
Camden 027,E02000192,E,8050,353,287,257,351,0.2,0.4,12.243,2.89159
Camden 028,E02000193,E,8582,376,306,274,374,0.4,0.6,10.6826,2.6887380000000003
Cannock Chase 001,E02006118,E,6352,434,379,363,446,0.8,1.0,10.252600000000001,2.6328380000000005
Cannock Chase 002,E02006119,E,7092,485,423,405,498,0.2,0.4,15.504000000000001,3.3155200000000002
Cannock Chase 003,E02006120,E,7623,521,455,435,535,0.4,0.6,14.1789,3.143257
Cannock Chase 004,E02006121,E,4757,325,284,272,334,0.2,0.4,10.401499999999999,2.652195
Cannock Chase 005,E02006122,E,5571,381,333,318,391,0.4,0.6,10.365300000000001,2.647489
Cannock Chase 006,E02006123,E,5784,395,345,330,407,0.4,0.6,10.7692,2.699996
Cannock Chase 007,E02006124,E,6248,427,373,357,439,0.0,0.2,15.515800000000002,3.3170540000000006
Cannock Chase 008,E02006125,E,6288,430,375,359,442,0.2,0.4,13.751,3.08763
Cannock Chase 009,E02006126,E,7136,488,426,407,501,0.6,0.8,12.366800000000001,2.9076840000000006
Cannock Chase 010,E02006127,E,6541,447,391,374,459,0.8,1.0,10.5573,2.6724490000000003
Cannock Chase 011,E02006128,E,7202,492,430,411,506,0.4,0.6,13.4026,3.042338
Cannock Chase 012,E02006129,E,6583,450,393,376,463,0.2,0.4,14.401500000000002,3.1721950000000003
Cannock Chase 013,E02006130,E,6414,438,383,366,450,0.4,0.6,11.9282,2.8506660000000004
Canterbury 001,E02005010,E,6530,467,417,433,562,0.0,0.2,18.113,3.6546900000000004
Canterbury 002,E02005011,E,6427,460,410,426,553,0.6,0.8,12.7011,2.951143
Canterbury 003,E02005012,E,7592,543,484,503,653,0.2,0.4,18.718000000000004,3.733340000000001
Canterbury 004,E02005013,E,7124,509,454,472,612,0.2,0.4,17.553,3.5818900000000005
Canterbury 005,E02005014,E,7399,529,472,490,636,0.8,1.0,13.6677,3.076801
Canterbury 006,E02005015,E,7378,528,471,489,634,0.6,0.8,14.572399999999998,3.194412
Canterbury 007,E02005016,E,6775,484,432,449,583,0.4,0.6,14.418500000000002,3.174405
Canterbury 008,E02005017,E,6301,451,402,418,542,0.6,0.8,12.4523,2.918799
Canterbury 009,E02005018,E,6946,497,443,460,598,0.4,0.6,14.7858,3.222154
Canterbury 010,E02005019,E,5263,376,336,349,453,0.4,0.6,11.2049,2.7566370000000004
Canterbury 011,E02005020,E,6232,446,398,413,536,0.4,0.6,13.2636,3.024268
Canterbury 012,E02005021,E,9162,655,584,607,789,0.8,1.0,16.940600000000003,3.5022780000000004
Canterbury 013,E02005022,E,7272,520,464,482,626,0.4,0.6,15.4816,3.312608
Canterbury 014,E02005023,E,7843,561,500,520,675,0.0,0.2,21.7508,4.127604000000001
Canterbury 016,E02005025,E,7882,564,503,522,678,0.8,1.0,14.566600000000001,3.193658
Canterbury 017,E02005026,E,6497,464,414,431,559,0.6,0.8,12.837100000000001,2.9688230000000004
Canterbury 018,E02005027,E,4823,345,308,320,415,0.6,0.8,9.5339,2.5394069999999997
Canterbury 019,E02006855,E,5194,371,331,344,447,0.2,0.4,12.806000000000001,2.96478
Canterbury 020,E02006856,E,9507,680,606,630,817,0.4,0.6,20.220100000000002,3.9286130000000004
Carlisle 001,E02003987,E,4641,408,345,330,410,0.2,0.4,12.1545,2.8800850000000002
Carlisle 002,E02003988,E,5080,446,377,361,449,0.4,0.6,11.478,2.79214
Carlisle 003,E02003989,E,5830,512,433,415,516,0.6,0.8,12.256,2.89328
Carlisle 004,E02003990,E,7475,657,555,532,662,0.8,1.0,14.6085,3.1991050000000003
Carlisle 005,E02003991,E,5916,520,439,421,524,0.8,1.0,11.5618,2.8030340000000002
Carlisle 006,E02003992,E,6585,579,489,469,583,0.2,0.4,17.264499999999998,3.544385
Carlisle 007,E02003993,E,6577,578,488,468,582,0.8,1.0,12.8471,2.970123
Carlisle 008,E02003994,E,5760,506,428,410,509,0.2,0.4,15.088000000000001,3.2614400000000003
Carlisle 009,E02003995,E,7276,639,540,518,644,0.0,0.2,21.6146,4.109898
Carlisle 010,E02003996,E,7433,653,552,529,658,0.2,0.4,19.4825,3.832725
Carlisle 011,E02003997,E,7342,645,545,522,650,0.0,0.2,21.8092,4.1351960000000005
Carlisle 012,E02003998,E,5294,465,393,377,468,0.2,0.4,13.869,3.10297
Carlisle 013,E02003999,E,7186,632,534,511,636,0.6,0.8,15.1068,3.263884
Castle Point 001,E02004473,E,5888,494,468,524,616,0.6,0.8,14.022400000000001,3.1229120000000004
Castle Point 002,E02004474,E,5471,459,435,487,572,0.6,0.8,13.0263,2.9934190000000003
Castle Point 003,E02004475,E,5014,420,398,446,525,0.8,1.0,11.145199999999999,2.748876
Castle Point 004,E02004476,E,6140,515,488,547,643,0.8,1.0,13.655999999999999,3.0752800000000002
Castle Point 005,E02004477,E,4564,383,363,407,478,0.8,1.0,10.1542,2.6200460000000003
Castle Point 006,E02004478,E,5069,425,403,451,530,0.4,0.6,13.0487,2.996331
Castle Point 007,E02004479,E,6100,512,485,543,639,0.8,1.0,13.568,3.06384
Castle Point 008,E02004480,E,5457,458,434,486,572,0.4,0.6,14.069099999999999,3.128983
Castle Point 009,E02004481,E,5168,433,411,460,541,0.4,0.6,13.3124,3.030612
Castle Point 010,E02004482,E,6441,540,512,574,674,0.0,0.2,21.230600000000003,4.059978
Castle Point 011,E02004483,E,6267,526,498,558,656,0.4,0.6,16.1441,3.398733
Castle Point 012,E02004484,E,5957,500,473,530,623,0.2,0.4,17.5565,3.582345
Central Bedfordshire 001,E02003599,E,5367,352,298,294,359,0.4,0.6,9.5781,2.545153
Central Bedfordshire 002,E02003600,E,5803,381,322,318,388,0.6,0.8,9.648900000000001,2.5543570000000004
Central Bedfordshire 003,E02003601,E,6900,453,383,378,461,0.8,1.0,10.703,2.69139
Central Bedfordshire 004,E02003602,E,5699,374,317,312,381,0.6,0.8,9.476700000000001,2.5319710000000004
Central Bedfordshire 005,E02003603,E,9212,605,512,504,616,0.6,0.8,15.3176,3.291288
Central Bedfordshire 006,E02003604,E,6652,437,369,364,445,0.6,0.8,11.0606,2.7378780000000003
Central Bedfordshire 007,E02003605,E,7965,523,442,436,533,0.8,1.0,12.3625,2.907125
Central Bedfordshire 008,E02003606,E,7267,477,404,398,486,0.6,0.8,12.086100000000002,2.8711930000000003
Central Bedfordshire 009,E02003607,E,8133,534,452,445,544,0.6,0.8,13.5249,3.058237
Central Bedfordshire 010,E02003608,E,10473,688,582,573,700,0.8,1.0,16.2469,3.412097
Central Bedfordshire 011,E02003609,E,9600,630,533,525,642,0.8,1.0,14.893,3.23609
Central Bedfordshire 012,E02003610,E,6875,452,382,376,460,0.8,1.0,10.6705,2.6871650000000002
Central Bedfordshire 013,E02003611,E,8126,534,451,445,544,0.8,1.0,12.6168,2.9401840000000004
Central Bedfordshire 014,E02003612,E,9229,606,513,505,617,0.8,1.0,14.3187,3.1614310000000003
Central Bedfordshire 015,E02003613,E,5616,369,312,307,375,0.6,0.8,9.3308,2.513004
Central Bedfordshire 016,E02003614,E,7064,464,393,387,472,0.8,1.0,10.9602,2.724826
Central Bedfordshire 017,E02003615,E,8422,553,468,461,563,0.8,1.0,13.0666,2.998658
Central Bedfordshire 018,E02003636,E,7006,460,389,384,468,0.8,1.0,10.867799999999999,2.712814
Central Bedfordshire 019,E02003637,E,8998,591,500,492,602,0.6,0.8,14.9634,3.245242
Central Bedfordshire 020,E02003638,E,7188,472,399,393,481,0.8,1.0,11.154399999999999,2.7500720000000003
Central Bedfordshire 021,E02003639,E,8285,544,460,453,554,0.4,0.6,14.779499999999999,3.221335
Central Bedfordshire 022,E02003640,E,5759,378,320,315,385,0.8,1.0,8.9337,2.4613810000000003
Central Bedfordshire 023,E02003641,E,5245,344,291,287,350,0.8,1.0,8.128499999999999,2.356705
Central Bedfordshire 024,E02003643,E,9428,619,524,516,630,0.8,1.0,14.6244,3.201172
Central Bedfordshire 025,E02003642,E,8430,554,468,461,564,0.2,0.4,17.744,3.60672
Central Bedfordshire 026,E02003644,E,8133,534,452,445,544,0.4,0.6,14.5139,3.186807
Central Bedfordshire 027,E02003645,E,6466,425,359,354,432,0.8,1.0,10.0298,2.6038740000000002
Central Bedfordshire 028,E02003646,E,8497,558,472,465,569,0.4,0.6,15.1711,3.272243
Central Bedfordshire 029,E02003647,E,8216,540,456,450,550,0.4,0.6,14.668800000000001,3.206944
Central Bedfordshire 030,E02003648,E,4977,327,276,272,333,0.2,0.4,10.4735,2.661555
Central Bedfordshire 031,E02003649,E,6589,433,366,361,441,0.8,1.0,10.230699999999999,2.629991
Central Bedfordshire 032,E02003650,E,6478,425,360,355,434,0.6,0.8,10.782399999999999,2.7017119999999997
Central Bedfordshire 033,E02003651,E,5677,373,315,311,380,0.6,0.8,9.444099999999999,2.527733
Charnwood 001,E02005345,E,5852,365,323,303,376,0.6,0.8,9.4286,2.525718
Charnwood 002,E02005346,E,10886,679,601,563,699,0.0,0.2,25.260599999999997,4.5838779999999995
Charnwood 003,E02005347,E,9538,595,526,494,613,0.4,0.6,16.4754,3.441802
Charnwood 004,E02005348,E,5626,351,311,291,362,0.6,0.8,9.0708,2.479204
Charnwood 005,E02005349,E,6743,420,372,349,433,0.6,0.8,10.8589,2.711657
Charnwood 006,E02005350,E,6294,392,347,326,404,0.6,0.8,10.1342,2.617446
Charnwood 007,E02005351,E,10291,642,568,533,661,0.8,1.0,15.4433,3.3076290000000004
Charnwood 008,E02005352,E,5943,370,328,308,382,0.8,1.0,8.9209,2.459717
Charnwood 009,E02005353,E,9106,568,502,471,585,0.4,0.6,15.721800000000002,3.343834
Charnwood 010,E02005354,E,8770,547,484,454,564,0.8,1.0,13.167000000000002,3.0117100000000003
Charnwood 011,E02005355,E,6308,393,348,326,405,0.8,1.0,9.4594,2.5297220000000005
Charnwood 012,E02005356,E,6267,391,346,324,403,0.8,1.0,9.4071,2.522923
Charnwood 013,E02005357,E,7005,437,387,363,450,0.6,0.8,11.288499999999999,2.767505
Charnwood 014,E02005358,E,9822,612,542,508,631,0.6,0.8,15.819600000000001,3.356548
Charnwood 015,E02005359,E,5681,354,313,294,365,0.8,1.0,8.523299999999999,2.408029
Charnwood 016,E02005360,E,6122,382,338,317,393,0.8,1.0,9.1846,2.493998
Charnwood 017,E02005361,E,6335,395,349,328,407,0.6,0.8,10.203499999999998,2.626455
Charnwood 018,E02005362,E,6026,376,333,312,387,0.4,0.6,10.4078,2.6530139999999998
Charnwood 019,E02005363,E,6971,435,385,361,448,0.8,1.0,10.464300000000001,2.6603590000000006
Charnwood 020,E02005364,E,5116,319,282,265,328,0.8,1.0,7.6697999999999995,2.2970740000000003
Charnwood 021,E02005365,E,9333,582,515,483,600,0.4,0.6,16.1219,3.395847
Charnwood 022,E02005366,E,6301,393,348,326,405,0.6,0.8,10.153300000000002,2.6199290000000004
Chelmsford 001,E02004485,E,6225,394,345,355,462,0.6,0.8,10.8925,2.716025
Chelmsford 002,E02004486,E,7285,461,404,415,541,0.8,1.0,11.941500000000001,2.8523950000000005
Chelmsford 003,E02004487,E,6289,398,349,359,467,0.4,0.6,11.8367,2.8387710000000004
Chelmsford 004,E02004488,E,7336,464,407,418,544,0.8,1.0,12.0168,2.862184
Chelmsford 005,E02004489,E,8184,518,454,467,608,0.6,0.8,14.3302,3.162926
Chelmsford 006,E02004490,E,6856,434,380,391,509,0.2,0.4,15.095,3.2623500000000005
Chelmsford 007,E02004491,E,6550,414,363,374,486,0.8,1.0,10.735,2.69555
Chelmsford 008,E02004492,E,8256,522,458,471,613,0.6,0.8,14.450800000000001,3.178604
Chelmsford 009,E02004493,E,9000,569,499,513,668,0.4,0.6,16.927999999999997,3.5006399999999998
Chelmsford 010,E02004494,E,8500,538,471,485,631,0.6,0.8,14.876000000000001,3.23388
Chelmsford 011,E02004495,E,7273,460,403,415,540,0.6,0.8,12.7289,2.954757
Chelmsford 012,E02004496,E,6580,416,365,375,488,0.8,1.0,10.779,2.70127
Chelmsford 013,E02004497,E,6974,441,387,398,518,0.8,1.0,11.4362,2.786706
Chelmsford 014,E02004498,E,8639,546,479,493,642,0.4,0.6,16.2617,3.414021
Chelmsford 015,E02004499,E,6156,389,341,351,457,0.8,1.0,10.0888,2.6115440000000003
Chelmsford 016,E02004500,E,8129,514,451,464,604,0.8,1.0,13.332699999999999,3.033251
Chelmsford 017,E02004501,E,6438,407,357,367,478,0.6,0.8,11.2664,2.764632
Chelmsford 018,E02004502,E,5823,368,323,332,432,0.6,0.8,10.1869,2.6242970000000003
Chelmsford 019,E02004503,E,7187,455,398,410,534,0.8,1.0,11.786100000000001,2.832193
Chelmsford 020,E02004504,E,7435,470,412,424,552,0.8,1.0,12.1865,2.884245
Chelmsford 021,E02004505,E,4462,282,247,254,332,0.4,0.6,8.3986,2.3918179999999998
Cheltenham 001,E02004600,E,4575,310,275,278,390,0.4,0.6,9.4405,2.527265
Cheltenham 002,E02004601,E,4147,280,249,252,354,0.8,1.0,7.456099999999999,2.2692930000000002
Cheltenham 003,E02004602,E,5164,349,310,314,441,0.2,0.4,12.359,2.90667
Cheltenham 004,E02004603,E,6160,417,370,374,526,0.2,0.4,14.741,3.21633
Cheltenham 005,E02004604,E,6384,432,383,388,545,0.0,0.2,17.1614,3.530982
Cheltenham 006,E02004605,E,4600,311,276,279,392,0.0,0.2,12.352,2.90576
Cheltenham 007,E02004606,E,7855,532,472,477,671,0.4,0.6,16.2225,3.408925
Cheltenham 008,E02004607,E,7586,513,455,461,647,0.6,0.8,14.543800000000001,3.190694
Cheltenham 009,E02004608,E,8396,568,504,510,717,0.6,0.8,16.1078,3.3940140000000003
Cheltenham 010,E02004609,E,5841,395,351,355,499,0.8,1.0,10.5083,2.666079
Cheltenham 011,E02004610,E,6450,436,387,392,551,0.8,1.0,11.602,2.80826
Cheltenham 012,E02004611,E,8899,602,534,540,760,0.8,1.0,16.0017,3.3802209999999997
Cheltenham 013,E02004612,E,7573,512,455,460,646,0.8,1.0,13.6119,3.069547
Cheltenham 014,E02004613,E,5029,340,302,305,429,0.8,1.0,9.0367,2.474771
Cheltenham 015,E02004614,E,4234,286,254,257,361,0.8,1.0,7.606199999999999,2.288806
Cherwell 001,E02005921,E,4722,321,261,258,345,0.6,0.8,8.1876,2.364388
Cherwell 002,E02005922,E,7482,509,413,408,546,0.6,0.8,12.9606,2.984878
Cherwell 003,E02005923,E,5197,354,287,283,379,0.2,0.4,11.3375,2.7738750000000003
Cherwell 004,E02005924,E,9636,656,531,525,703,0.2,0.4,21.021,4.03273
Cherwell 005,E02005925,E,7500,510,414,409,548,0.0,0.2,18.559,3.71267
Cherwell 006,E02005926,E,6887,469,380,375,503,0.6,0.8,11.9321,2.851173
Cherwell 007,E02005927,E,4789,326,264,261,350,0.8,1.0,7.7717,2.310321
Cherwell 008,E02005928,E,6680,454,368,364,488,0.8,1.0,10.835999999999999,2.70868
Cherwell 009,E02005929,E,6068,413,335,331,443,0.6,0.8,10.5144,2.666872
Cherwell 010,E02005930,E,6761,460,373,369,493,0.6,0.8,11.708300000000001,2.8220790000000004
Cherwell 011,E02005931,E,8101,551,447,442,592,0.6,0.8,14.042300000000001,3.1254990000000005
Cherwell 012,E02005932,E,6212,423,343,339,453,0.8,1.0,10.073599999999999,2.609568
Cherwell 013,E02005933,E,6576,448,363,359,480,0.6,0.8,11.3958,2.781454
Cherwell 014,E02005934,E,8107,552,447,442,592,0.6,0.8,14.0461,3.1259930000000002
Cherwell 015,E02005935,E,6429,437,354,350,469,0.8,1.0,10.419699999999999,2.654561
Cherwell 016,E02005936,E,8216,559,453,448,600,0.6,0.8,14.2348,3.150524
Cherwell 017,E02005937,E,5793,394,320,316,423,0.6,0.8,10.0389,2.6050570000000004
Cherwell 018,E02005938,E,4959,337,273,270,362,0.6,0.8,8.5857,2.4161409999999997
Cherwell 019,E02005939,E,5521,376,304,301,403,0.8,1.0,8.9543,2.4640589999999998
Cheshire East 001,E02003853,E,4554,382,336,345,445,0.8,1.0,9.4222,2.5248860000000004
Cheshire East 002,E02003854,E,5125,430,379,389,501,0.8,1.0,10.6115,2.679495
Cheshire East 003,E02003855,E,5296,444,391,402,518,0.8,1.0,10.9668,2.725684
Cheshire East 004,E02003856,E,8201,688,606,622,801,0.4,0.6,19.604300000000002,3.8485590000000007
Cheshire East 005,E02003857,E,5122,429,378,389,500,0.6,0.8,11.351600000000001,2.7757080000000003
Cheshire East 006,E02003858,E,5288,443,391,401,517,0.8,1.0,10.9464,2.723032
Cheshire East 007,E02003859,E,9455,793,698,717,924,0.6,0.8,20.963500000000003,4.0252550000000005
Cheshire East 008,E02003860,E,5596,469,413,425,547,0.8,1.0,11.5848,2.806024
Cheshire East 009,E02003861,E,5138,431,380,390,502,0.6,0.8,11.395399999999999,2.781402
Cheshire East 010,E02003863,E,5423,455,401,411,530,0.8,1.0,11.2239,2.759107
Cheshire East 011,E02003862,E,4104,344,303,311,401,0.8,1.0,8.4912,2.403856
Cheshire East 012,E02003864,E,6428,539,475,488,628,0.8,1.0,13.3044,3.029572
Cheshire East 013,E02003865,E,6080,510,449,461,594,0.8,1.0,12.581,2.93553
Cheshire East 014,E02003866,E,4774,400,353,362,467,0.8,1.0,9.885200000000001,2.585076
Cheshire East 015,E02003867,E,6041,507,446,458,590,0.6,0.8,13.3903,3.0407390000000003
Cheshire East 016,E02003868,E,6612,554,488,502,646,0.4,0.6,15.8076,3.3549880000000005
Cheshire East 017,E02003869,E,5621,471,415,426,549,0.8,1.0,11.6273,2.8115490000000003
Cheshire East 018,E02003870,E,8236,691,608,625,805,0.4,0.6,19.6948,3.8603240000000003
Cheshire East 019,E02003871,E,5603,470,414,425,547,0.2,0.4,15.4065,3.3028450000000005
Cheshire East 020,E02003872,E,7733,648,571,587,756,0.6,0.8,17.1509,3.529617
Cheshire East 021,E02003873,E,4900,411,362,372,479,0.2,0.4,13.483,3.05279
Cheshire East 022,E02003811,E,4718,396,349,358,461,0.6,0.8,10.464400000000001,2.660372
Cheshire East 023,E02003812,E,4488,376,331,340,438,0.8,1.0,9.2784,2.506192
Cheshire East 024,E02003813,E,5003,420,370,380,489,0.6,0.8,11.0999,2.7429870000000003
Cheshire East 025,E02003814,E,5880,493,435,446,575,0.4,0.6,14.066,3.1285800000000004
Cheshire East 026,E02003815,E,5459,458,403,414,533,0.2,0.4,15.0095,3.2512350000000003
Cheshire East 027,E02003816,E,5462,458,404,414,534,0.4,0.6,13.0626,2.998138
Cheshire East 028,E02003817,E,5629,472,416,427,550,0.8,1.0,11.6497,2.814461
Cheshire East 029,E02003818,E,4653,390,344,353,455,0.8,1.0,9.6339,2.552407
Cheshire East 030,E02003819,E,4602,386,340,349,450,0.8,1.0,9.5276,2.538588
Cheshire East 031,E02003820,E,5438,456,402,413,531,0.8,1.0,11.2534,2.762942
Cheshire East 032,E02003821,E,4352,365,321,330,426,0.4,0.6,10.4116,2.653508
Cheshire East 033,E02003822,E,8515,714,629,646,832,0.6,0.8,18.880499999999998,3.7544649999999997
Cheshire East 034,E02003825,E,5444,457,402,413,532,0.8,1.0,11.2682,2.764866
Cheshire East 035,E02003826,E,6015,504,444,456,588,0.0,0.2,18.597,3.7176100000000005
Cheshire East 036,E02003827,E,6971,585,515,529,682,0.0,0.2,21.5696,4.104048000000001
Cheshire East 037,E02003828,E,5374,451,397,408,525,0.2,0.4,14.783999999999999,3.22192
Cheshire East 038,E02003829,E,5154,432,381,391,504,0.6,0.8,11.4332,2.7863160000000002
Cheshire East 039,E02003830,E,5841,490,431,443,571,0.0,0.2,18.0626,3.6481380000000003
Cheshire East 040,E02003823,E,5222,438,386,396,510,0.6,0.8,11.5766,2.804958
Cheshire East 041,E02003831,E,7255,608,536,550,709,0.8,1.0,15.0135,3.251755
Cheshire East 042,E02003824,E,4206,352,310,319,411,0.8,1.0,8.701799999999999,2.431234
Cheshire East 043,E02003832,E,4810,403,355,365,470,0.2,0.4,13.229,3.0197700000000003
Cheshire East 044,E02003833,E,5104,428,377,387,498,0.4,0.6,12.193200000000001,2.885116
Cheshire East 045,E02003834,E,5394,452,398,409,527,0.2,0.4,14.831999999999999,3.22816
Cheshire East 046,E02003835,E,6288,527,464,477,615,0.8,1.0,13.0184,2.992392
Cheshire East 047,E02003836,E,5522,463,408,419,539,0.4,0.6,13.1966,3.0155580000000004
Cheshire East 048,E02003838,E,4886,410,361,371,477,0.8,1.0,10.1098,2.614274
Cheshire East 049,E02003837,E,9637,808,712,731,942,0.8,1.0,19.948100000000004,3.8932530000000005
Cheshire East 050,E02003839,E,5659,474,418,429,553,0.4,0.6,13.5277,3.0586010000000003
Cheshire East 051,E02003840,E,8042,674,594,610,786,0.6,0.8,17.8326,3.618238
Cheshire West and Chester 001,E02003841,E,6380,506,442,437,545,0.4,0.6,13.856,3.10128
Cheshire West and Chester 002,E02003874,E,7585,602,525,519,648,0.6,0.8,15.302499999999998,3.289325
Cheshire West and Chester 003,E02003875,E,5359,425,371,367,458,0.8,1.0,10.0727,2.609451
Cheshire West and Chester 004,E02003842,E,4453,353,308,305,380,0.8,1.0,8.3629,2.3871770000000003
Cheshire West and Chester 005,E02003843,E,4889,388,338,335,417,0.2,0.4,12.3095,2.9002350000000003
Cheshire West and Chester 006,E02003844,E,5658,449,392,387,483,0.8,1.0,10.627400000000002,2.6815620000000004
Cheshire West and Chester 007,E02003845,E,6790,539,470,465,579,0.0,0.2,19.322,3.8118600000000002
Cheshire West and Chester 008,E02003846,E,5666,449,392,388,483,0.0,0.2,16.116600000000002,3.3951580000000003
Cheshire West and Chester 009,E02003847,E,8042,638,557,550,687,0.8,1.0,15.1096,3.2642480000000003
Cheshire West and Chester 010,E02003848,E,4272,339,296,292,365,0.0,0.2,12.162200000000002,2.8810860000000007
Cheshire West and Chester 011,E02003849,E,5726,454,396,392,489,0.0,0.2,16.297600000000003,3.4186880000000004
Cheshire West and Chester 012,E02003876,E,4690,372,325,321,401,0.6,0.8,9.466999999999999,2.53071
Cheshire West and Chester 013,E02003850,E,4468,355,309,306,382,0.6,0.8,9.0184,2.472392
Cheshire West and Chester 014,E02003851,E,4922,391,341,337,420,0.6,0.8,9.927600000000002,2.5905880000000003
Cheshire West and Chester 015,E02003877,E,7699,611,533,527,657,0.8,1.0,14.459700000000002,3.179761
Cheshire West and Chester 016,E02003852,E,5740,455,397,393,491,0.8,1.0,10.792,2.70296
Cheshire West and Chester 017,E02003878,E,6692,531,463,458,571,0.6,0.8,13.4926,3.0540380000000003
Cheshire West and Chester 018,E02003879,E,5237,416,363,358,448,0.2,0.4,13.200500000000002,3.016065
Cheshire West and Chester 019,E02003880,E,5340,424,370,365,456,0.4,0.6,11.592,2.80696
Cheshire West and Chester 020,E02003881,E,5071,402,351,347,433,0.2,0.4,12.7705,2.960165
Cheshire West and Chester 021,E02003882,E,7948,631,550,544,679,0.2,0.4,20.023,3.90299
Cheshire West and Chester 022,E02003794,E,7192,571,498,492,614,0.4,0.6,15.611600000000001,3.3295080000000006
Cheshire West and Chester 023,E02003883,E,8266,656,572,566,706,0.8,1.0,15.5318,3.319134
Cheshire West and Chester 024,E02003884,E,6600,523,457,452,563,0.8,1.0,12.393,2.91109
Cheshire West and Chester 025,E02003795,E,4673,371,324,320,399,0.6,0.8,9.4289,2.5257570000000005
Cheshire West and Chester 026,E02003885,E,4717,374,326,323,403,0.8,1.0,8.8631,2.452203
Cheshire West and Chester 027,E02003796,E,5998,476,415,410,512,0.4,0.6,13.0154,2.9920020000000003
Cheshire West and Chester 028,E02003797,E,7978,633,552,546,681,0.8,1.0,14.9844,3.2479720000000003
Cheshire West and Chester 029,E02003798,E,5060,402,350,346,432,0.0,0.2,14.402000000000001,3.1722600000000005
Cheshire West and Chester 030,E02003800,E,5241,416,363,359,448,0.8,1.0,9.8533,2.5809290000000003
Cheshire West and Chester 031,E02003799,E,5881,467,407,402,502,0.0,0.2,16.7366,3.475758
Cheshire West and Chester 032,E02003801,E,5865,465,406,401,501,0.6,0.8,11.8295,2.837835
Cheshire West and Chester 033,E02003802,E,6728,534,466,460,575,0.2,0.4,16.950000000000003,3.5035000000000007
Cheshire West and Chester 034,E02003803,E,7443,591,515,509,636,0.4,0.6,16.1609,3.4009170000000006
Cheshire West and Chester 035,E02003886,E,5555,441,384,380,474,0.2,0.4,13.9845,3.117985
Cheshire West and Chester 036,E02003804,E,5659,449,392,387,483,0.6,0.8,11.4117,2.7835210000000004
Cheshire West and Chester 037,E02003887,E,5128,407,355,351,438,0.4,0.6,11.1344,2.747472
Cheshire West and Chester 038,E02003888,E,5115,406,354,350,437,0.0,0.2,14.562999999999999,3.19319
Cheshire West and Chester 039,E02003805,E,5177,411,358,354,442,0.8,1.0,9.7231,2.5640030000000005
Cheshire West and Chester 040,E02003889,E,4713,374,326,323,403,0.0,0.2,13.424800000000001,3.045224
Cheshire West and Chester 041,E02003806,E,4964,394,344,340,424,0.8,1.0,9.3292,2.512796
Cheshire West and Chester 042,E02003890,E,4954,393,343,339,423,0.2,0.4,12.477,2.92201
Cheshire West and Chester 043,E02003807,E,6834,542,473,468,583,0.8,1.0,12.8332,2.9683159999999997
Cheshire West and Chester 044,E02003808,E,5362,426,371,367,458,0.2,0.4,13.508000000000001,3.0560400000000003
Cheshire West and Chester 045,E02003891,E,4725,375,327,323,403,0.8,1.0,8.8695,2.453035
Cheshire West and Chester 046,E02003809,E,6261,497,433,429,534,0.6,0.8,12.6233,2.9410290000000003
Cheshire West and Chester 047,E02003810,E,6663,529,461,456,569,0.6,0.8,13.4399,3.047187
Chesterfield 001,E02004055,E,5613,448,381,375,460,0.2,0.4,13.819500000000001,3.0965350000000003
Chesterfield 002,E02004056,E,6145,490,417,411,504,0.0,0.2,17.147000000000002,3.52911
Chesterfield 003,E02004057,E,6045,482,410,404,496,0.2,0.4,14.888499999999999,3.235505
Chesterfield 004,E02004058,E,6155,491,417,411,505,0.0,0.2,17.17,3.5321000000000007
Chesterfield 005,E02004059,E,5720,456,388,382,469,0.4,0.6,12.1,2.873
Chesterfield 006,E02004060,E,6012,480,408,402,492,0.2,0.4,14.796,3.2234800000000003
Chesterfield 007,E02004061,E,5660,452,384,378,464,0.2,0.4,13.936,3.11168
Chesterfield 008,E02004062,E,6297,502,427,421,516,0.2,0.4,15.5015,3.315195
Chesterfield 009,E02004063,E,6281,501,426,420,515,0.6,0.8,12.3553,2.9061890000000004
Chesterfield 010,E02004064,E,6891,550,467,460,565,0.2,0.4,16.9635,3.505255
Chesterfield 011,E02004065,E,6644,530,451,444,545,0.8,1.0,12.1702,2.882126
Chesterfield 012,E02004066,E,9242,737,627,617,757,0.4,0.6,19.540599999999998,3.8402779999999996
Chesterfield 013,E02004067,E,5050,403,342,337,414,0.0,0.2,14.082,3.13066
Chichester 001,E02006561,E,5288,545,483,495,694,0.6,0.8,14.717399999999998,3.213262
Chichester 002,E02006562,E,4592,473,419,430,603,0.6,0.8,12.782599999999999,2.961738
Chichester 003,E02006563,E,4409,454,402,412,579,0.6,0.8,12.2677,2.894801
Chichester 004,E02006564,E,5677,585,518,531,746,0.6,0.8,15.8061,3.354793
Chichester 005,E02006565,E,6337,653,578,593,833,0.4,0.6,19.0731,3.779503
Chichester 006,E02006566,E,5992,617,547,560,787,0.6,0.8,16.6766,3.4679580000000003
Chichester 007,E02006567,E,5840,602,533,546,767,0.6,0.8,16.255000000000003,3.413150000000001
Chichester 008,E02006568,E,8398,865,766,785,1104,0.4,0.6,25.2714,4.585282
Chichester 009,E02006569,E,6133,632,560,574,806,0.8,1.0,15.959900000000001,3.3747870000000004
Chichester 010,E02006570,E,6570,677,600,614,863,0.4,0.6,19.765,3.8694500000000005
Chichester 011,E02006571,E,6004,619,548,561,789,0.8,1.0,15.619200000000001,3.330496
Chichester 012,E02006572,E,7164,738,654,670,941,0.4,0.6,21.5532,4.101916
Chichester 013,E02006573,E,8441,870,770,789,1109,0.6,0.8,23.496299999999998,4.354519
Chichester 014,E02006574,E,8422,868,769,788,1106,0.4,0.6,25.3386,4.594018
Chiltern 001,E02003676,E,6498,476,374,398,645,0.8,1.0,12.7344,2.9554720000000003
Chiltern 002,E02003677,E,7777,569,447,476,773,0.6,0.8,16.1421,3.398473
Chiltern 003,E02003678,E,4475,328,257,274,444,0.8,1.0,8.7665,2.439645
Chiltern 004,E02003679,E,5166,378,297,316,513,0.6,0.8,10.7168,2.693184
Chiltern 005,E02003680,E,8166,598,470,500,811,0.8,1.0,16.0068,3.380884
Chiltern 006,E02003681,E,8249,604,474,505,819,0.8,1.0,16.164700000000003,3.4014110000000004
Chiltern 007,E02003682,E,5943,435,342,364,590,0.8,1.0,11.646899999999999,2.814097
Chiltern 008,E02003683,E,5104,373,293,312,506,0.8,1.0,9.9892,2.598596
Chiltern 010,E02003685,E,6452,472,371,395,641,0.8,1.0,12.6476,2.9441880000000005
Chiltern 011,E02003686,E,5731,419,330,351,570,0.8,1.0,11.2423,2.761499
Chiltern 012,E02003687,E,4619,338,266,283,459,0.8,1.0,9.0577,2.477501
Chiltern 013,E02006823,E,6931,507,399,424,688,0.8,1.0,13.5793,3.065309
Chorley 001,E02005189,E,4876,352,305,306,346,0.0,0.2,12.5046,2.925598
Chorley 002,E02005190,E,5735,414,359,360,408,0.8,1.0,9.5545,2.542085
Chorley 003,E02005191,E,7654,553,479,480,544,0.6,0.8,13.702200000000001,3.0812860000000004
Chorley 004,E02005192,E,6757,488,423,424,480,0.8,1.0,11.2491,2.762383
Chorley 005,E02005193,E,7808,564,489,490,555,0.8,1.0,13.0034,2.990442
Chorley 006,E02005194,E,7488,540,469,470,532,0.2,0.4,16.914,3.4988200000000003
Chorley 007,E02005195,E,7102,513,444,445,505,0.6,0.8,12.7126,2.9526380000000003
Chorley 008,E02005196,E,6843,494,428,429,487,0.8,1.0,11.3989,2.781857
Chorley 009,E02005197,E,6278,453,393,394,446,0.2,0.4,14.18,3.1433999999999997
Chorley 010,E02005198,E,7526,543,471,472,535,0.2,0.4,17.0,3.51
Chorley 011,E02005199,E,6576,475,412,412,468,0.8,1.0,10.9548,2.724124
Chorley 012,E02005200,E,7911,571,495,496,562,0.2,0.4,17.8645,3.6223850000000004
Chorley 013,E02005201,E,7321,529,458,459,521,0.4,0.6,14.092300000000002,3.1319990000000004
Chorley 014,E02005202,E,8702,628,545,546,619,0.6,0.8,15.5856,3.3261279999999998
Christchurch 001,E02004236,E,4705,349,310,319,431,0.6,0.8,9.6855,2.5591150000000003
Christchurch 002,E02004237,E,6342,471,417,429,582,0.6,0.8,13.0596,2.997748
Christchurch 003,E02004238,E,5781,429,380,391,530,0.8,1.0,11.1373,2.747849
Christchurch 004,E02004239,E,4552,338,300,308,417,0.8,1.0,8.7686,2.439918
Christchurch 005,E02004240,E,4952,368,326,335,454,0.2,0.4,12.677000000000001,2.94801
Christchurch 006,E02004241,E,7344,545,483,497,673,0.6,0.8,15.113199999999999,3.264716
Christchurch 007,E02004242,E,5241,389,345,355,480,0.8,1.0,10.0953,2.6123890000000003
City of London 001,E02000001,E,7215,531,444,401,400,0.6,0.8,11.407499999999999,2.782975
Colchester 001,E02004506,E,6675,365,327,338,402,0.6,0.8,10.1525,2.619825
Colchester 002,E02004507,E,9811,537,481,496,591,0.4,0.6,16.009300000000003,3.381209
Colchester 003,E02004508,E,6434,352,315,326,387,0.8,1.0,9.1512,2.489656
Colchester 004,E02004509,E,10377,568,509,525,625,0.6,0.8,15.7851,3.3520630000000002
Colchester 007,E02004512,E,9820,537,481,497,591,0.4,0.6,16.018,3.38234
Colchester 008,E02004513,E,10795,591,529,546,650,0.0,0.2,23.699,4.380870000000001
Colchester 009,E02004514,E,5449,298,267,276,328,0.6,0.8,8.2867,2.3772710000000004
Colchester 010,E02004515,E,7033,385,345,356,424,0.6,0.8,10.7039,2.691507
Colchester 011,E02004516,E,10493,574,514,531,632,0.2,0.4,20.3255,3.9423150000000007
Colchester 012,E02004517,E,8135,445,399,412,490,0.6,0.8,12.3765,2.908945
Colchester 013,E02004518,E,6098,334,299,309,368,0.6,0.8,9.2864,2.507232
Colchester 014,E02004519,E,7264,398,356,368,438,0.8,1.0,10.345199999999998,2.644876
Colchester 015,E02004520,E,8212,449,403,415,494,0.2,0.4,15.898,3.36674
Colchester 016,E02004521,E,8657,474,424,438,521,0.2,0.4,16.764499999999998,3.4793849999999997
Colchester 017,E02004522,E,9846,539,483,498,593,0.8,1.0,14.0108,3.121404
Colchester 018,E02004523,E,8854,485,434,448,534,0.2,0.4,17.162000000000003,3.53106
Colchester 019,E02004524,E,8099,443,397,410,488,0.6,0.8,12.3217,2.901821
Colchester 020,E02004525,E,7449,408,365,377,449,0.6,0.8,11.3347,2.773511
Colchester 021,E02004526,E,7056,386,346,357,425,0.6,0.8,10.732800000000001,2.6952640000000003
Colchester 022,E02006922,E,13438,736,659,680,809,0.4,0.6,21.927400000000002,4.150562000000001
Copeland 001,E02004000,E,3907,380,298,273,334,0.2,0.4,10.2045,2.626585
Copeland 002,E02004001,E,3982,387,304,278,340,0.2,0.4,10.394,2.6512200000000004
Copeland 003,E02004002,E,7330,712,560,513,626,0.4,0.6,16.453000000000003,3.4388900000000007
Copeland 004,E02004003,E,8527,829,651,596,728,0.2,0.4,22.262500000000003,4.1941250000000005
Copeland 005,E02004004,E,6667,648,509,466,569,0.0,0.2,19.8752,3.883776
Copeland 006,E02004005,E,5814,565,444,407,496,0.2,0.4,15.179,3.27327
Copeland 007,E02004006,E,6416,623,490,449,548,0.6,0.8,13.4038,3.0424940000000005
Copeland 008,E02004007,E,7446,724,569,521,636,0.2,0.4,19.45,3.8285
Corby 001,E02005612,E,7254,413,323,263,304,0.4,0.6,9.5202,2.5376260000000004
Corby 002,E02005613,E,9596,546,428,348,402,0.2,0.4,15.408,3.30304
Corby 003,E02005614,E,7284,415,325,264,305,0.2,0.4,11.695,2.8203500000000004
Corby 004,E02005615,E,9242,526,412,336,387,0.2,0.4,14.843000000000002,3.2295900000000004
Corby 005,E02005616,E,5757,328,257,209,241,0.0,0.2,10.734200000000001,2.6954460000000005
Corby 006,E02005617,E,10580,602,472,384,443,0.0,0.2,19.722,3.8638600000000007
Corby 008,E02006862,E,6639,378,296,241,279,0.4,0.6,8.7257,2.434341
Corby 009,E02006863,E,10193,580,455,370,427,0.4,0.6,13.381900000000002,3.0396470000000004
Cornwall 001,E02003931,E,8287,794,690,692,816,0.4,0.6,20.778100000000002,4.001153
Cornwall 002,E02003932,E,5793,555,482,484,570,0.2,0.4,16.7175,3.473275
Cornwall 003,E02003933,E,5739,550,478,479,566,0.2,0.4,16.5765,3.4549450000000004
Cornwall 004,E02003934,E,5562,533,463,465,548,0.2,0.4,16.063000000000002,3.3881900000000007
Cornwall 005,E02003935,E,7688,736,640,642,757,0.2,0.4,22.189999999999998,4.184699999999999
Cornwall 006,E02003936,E,6887,660,573,575,678,0.2,0.4,19.8765,3.8839449999999998
Cornwall 007,E02003937,E,4632,444,386,387,456,0.2,0.4,13.373000000000001,3.0384900000000004
Cornwall 008,E02003938,E,5474,524,456,457,538,0.4,0.6,13.7122,3.082586
Cornwall 009,E02003939,E,5605,537,467,468,552,0.6,0.8,13.0355,2.9946150000000005
Cornwall 010,E02003892,E,5216,500,434,436,514,0.4,0.6,13.084800000000001,3.001024
Cornwall 011,E02003940,E,5078,487,423,424,500,0.2,0.4,14.66,3.2058
Cornwall 012,E02003893,E,5408,518,450,452,532,0.2,0.4,15.606,3.32878
Cornwall 013,E02003894,E,6686,641,557,559,659,0.2,0.4,19.315,3.81095
Cornwall 014,E02003941,E,6130,587,510,512,603,0.2,0.4,17.686,3.5991800000000005
Cornwall 015,E02003942,E,6163,590,513,515,607,0.0,0.2,20.1018,3.913234
Cornwall 016,E02003895,E,6643,636,553,555,654,0.2,0.4,19.1745,3.7926849999999996
Cornwall 017,E02003896,E,4664,447,388,390,460,0.0,0.2,15.223400000000002,3.2790420000000005
Cornwall 018,E02003952,E,5567,533,463,465,548,0.2,0.4,16.0655,3.388515
Cornwall 019,E02003953,E,8801,843,733,735,867,0.4,0.6,22.0723,4.169399
Cornwall 020,E02003954,E,5747,551,479,480,566,0.2,0.4,16.5945,3.4572849999999997
Cornwall 021,E02003955,E,7736,741,644,646,762,0.4,0.6,19.3988,3.8218440000000005
Cornwall 022,E02003897,E,4513,432,376,377,445,0.6,0.8,10.5019,2.665247
Cornwall 023,E02003898,E,5510,528,459,460,542,0.4,0.6,13.809000000000001,3.0951700000000004
Cornwall 024,E02003956,E,5879,563,490,491,579,0.0,0.2,19.177400000000002,3.793062000000001
Cornwall 025,E02003899,E,4406,422,367,368,434,0.4,0.6,11.049800000000001,2.7364740000000003
Cornwall 026,E02003900,E,5974,572,497,499,588,0.4,0.6,14.9742,3.246646
Cornwall 027,E02003957,E,8425,807,701,704,830,0.2,0.4,24.3255,4.462315
Cornwall 028,E02003901,E,6216,596,518,519,612,0.2,0.4,17.945,3.6328500000000004
Cornwall 029,E02003902,E,4513,432,376,377,444,0.2,0.4,13.0235,2.993055
Cornwall 030,E02003958,E,6529,625,544,545,642,0.2,0.4,18.8345,3.7484849999999996
Cornwall 031,E02003959,E,5733,549,477,479,564,0.2,0.4,16.5425,3.450525
Cornwall 032,E02003905,E,5149,493,429,430,507,0.4,0.6,12.910700000000002,2.9783910000000002
Cornwall 033,E02003906,E,4510,432,375,377,444,0.2,0.4,13.018,2.9923400000000004
Cornwall 034,E02003903,E,5358,513,446,448,527,0.4,0.6,13.4294,3.0458220000000003
Cornwall 035,E02003960,E,4888,468,407,408,481,0.4,0.6,12.2504,2.8925520000000002
Cornwall 036,E02003961,E,7757,743,646,648,764,0.6,0.8,18.0411,3.6453430000000004
Cornwall 037,E02003904,E,4442,425,370,371,438,0.4,0.6,11.1446,2.748798
Cornwall 038,E02003962,E,5292,507,441,442,521,0.2,0.4,15.277000000000001,3.28601
Cornwall 039,E02003963,E,7747,742,645,647,763,0.0,0.2,25.2682,4.584866
Cornwall 040,E02003907,E,6311,604,525,527,621,0.4,0.6,15.815299999999999,3.355989
Cornwall 041,E02003964,E,6434,616,536,537,633,0.4,0.6,16.124200000000002,3.3961460000000008
Cornwall 042,E02003908,E,6557,628,546,548,646,0.4,0.6,16.4471,3.438123
Cornwall 043,E02003909,E,7601,728,633,635,748,0.4,0.6,19.0543,3.7770590000000004
Cornwall 044,E02003910,E,5061,485,421,423,499,0.4,0.6,12.6983,2.950779
Cornwall 045,E02003918,E,5621,539,468,470,553,0.2,0.4,16.2255,3.4093150000000003
Cornwall 046,E02003919,E,5677,544,472,474,559,0.0,0.2,18.5122,3.7065859999999997
Cornwall 047,E02003911,E,6990,670,582,584,688,0.4,0.6,17.525,3.5782499999999997
Cornwall 048,E02003912,E,6432,616,535,537,633,0.4,0.6,16.1196,3.395548
Cornwall 049,E02003920,E,6018,576,501,503,592,0.4,0.6,15.083400000000001,3.2608420000000002
Cornwall 050,E02003921,E,4857,465,404,406,478,0.2,0.4,14.017500000000002,3.122275
Cornwall 051,E02003922,E,6439,617,536,538,634,0.0,0.2,21.0024,4.030312
Cornwall 052,E02003923,E,6007,576,500,502,592,0.0,0.2,19.6022,3.848286
Cornwall 053,E02003924,E,5729,549,477,478,564,0.0,0.2,18.6814,3.7285820000000003
Cornwall 054,E02003943,E,6291,603,524,526,620,0.2,0.4,18.1725,3.662425
Cornwall 055,E02003925,E,5894,565,491,492,581,0.0,0.2,19.232400000000002,3.800212
Cornwall 056,E02003913,E,4842,464,403,404,477,0.4,0.6,12.140600000000001,2.878278
Cornwall 057,E02003944,E,7844,751,653,655,772,0.2,0.4,22.636,4.24268
Cornwall 058,E02003945,E,4983,477,415,416,490,0.4,0.6,12.4849,2.923037
Cornwall 059,E02003926,E,6476,620,539,541,638,0.4,0.6,16.2408,3.4113040000000003
Cornwall 060,E02003914,E,5917,567,493,494,583,0.4,0.6,14.8411,3.229343
Cornwall 061,E02003946,E,7343,703,611,613,723,0.2,0.4,21.191499999999998,4.054895
Cornwall 062,E02003915,E,6445,617,536,538,635,0.2,0.4,18.6035,3.7184550000000005
Cornwall 063,E02003916,E,5518,529,459,461,544,0.6,0.8,12.8384,2.968992
Cornwall 064,E02003917,E,6220,596,518,519,612,0.6,0.8,14.456999999999999,3.17941
Cornwall 065,E02003947,E,5379,515,448,449,529,0.2,0.4,15.517500000000002,3.3172750000000004
Cornwall 066,E02003927,E,8046,771,670,672,792,0.4,0.6,20.171799999999998,3.922334
Cornwall 067,E02003948,E,6895,660,574,576,679,0.0,0.2,22.487000000000002,4.223310000000001
Cornwall 068,E02003949,E,5562,533,463,465,548,0.0,0.2,18.1482,3.6592659999999997
Cornwall 069,E02003950,E,4483,429,373,374,442,0.2,0.4,12.9425,2.982525
Cornwall 070,E02003951,E,5098,488,424,426,501,0.2,0.4,14.703,3.2113899999999997
Cornwall 071,E02003928,E,9745,933,811,814,959,0.4,0.6,24.4255,4.475315
Cornwall 072,E02003929,E,5493,526,457,459,540,0.2,0.4,15.845500000000001,3.359915
Cornwall 073,E02003930,E,7439,713,619,621,733,0.4,0.6,18.6557,3.7252410000000005
Cotswold 001,E02004615,E,6792,655,596,591,761,0.8,1.0,15.865599999999999,3.362528
Cotswold 002,E02004616,E,7414,715,650,644,830,0.6,0.8,18.6042,3.718546
Cotswold 003,E02004617,E,6580,634,577,572,737,0.6,0.8,16.517,3.44721
Cotswold 004,E02004618,E,6252,603,548,543,700,0.6,0.8,15.6886,3.339518
Cotswold 005,E02004619,E,6249,602,548,543,700,0.6,0.8,15.6857,3.3391410000000006
Cotswold 006,E02004620,E,6586,635,577,572,738,0.8,1.0,15.3778,3.2991140000000003
Cotswold 007,E02004621,E,5403,521,474,470,605,0.6,0.8,13.5639,3.063307
Cotswold 008,E02004622,E,5887,568,516,512,659,0.6,0.8,14.775100000000002,3.2207630000000003
Cotswold 009,E02004623,E,6858,661,601,596,768,0.8,1.0,16.0094,3.381222
Cotswold 010,E02004624,E,5035,485,441,438,564,0.8,1.0,11.756499999999999,2.8283449999999997
Cotswold 011,E02004625,E,7959,767,698,692,891,0.8,1.0,18.578699999999998,3.715231
County Durham 001,E02004297,E,6461,523,449,422,481,0.6,0.8,12.1813,2.883569
County Durham 002,E02004290,E,4891,396,340,319,364,0.6,0.8,9.2183,2.498379
County Durham 003,E02004298,E,7933,642,551,518,591,0.4,0.6,16.0679,3.388827
County Durham 004,E02004299,E,6928,561,481,452,516,0.2,0.4,16.427,3.43551
County Durham 005,E02004291,E,5550,449,386,362,414,0.0,0.2,15.007000000000001,3.25091
County Durham 006,E02004300,E,6285,509,437,410,468,0.0,0.2,16.987000000000002,3.5083100000000007
County Durham 007,E02004292,E,6473,524,450,423,482,0.6,0.8,12.206900000000001,2.8868970000000003
County Durham 008,E02004301,E,7271,588,505,475,542,0.0,0.2,19.6566,3.855358
County Durham 009,E02004302,E,6335,513,440,414,472,0.0,0.2,17.128,3.5266400000000004
County Durham 010,E02004303,E,9369,758,651,612,698,0.2,0.4,22.222499999999997,4.188924999999999
County Durham 011,E02004293,E,7670,621,533,501,571,0.0,0.2,20.731,3.9950300000000007
County Durham 012,E02004304,E,7271,588,505,475,542,0.2,0.4,17.2485,3.542305
County Durham 013,E02004294,E,6939,561,482,453,517,0.8,1.0,12.1197,2.8755610000000003
County Durham 014,E02004305,E,7067,572,491,461,527,0.2,0.4,16.764499999999998,3.4793849999999997
County Durham 015,E02004295,E,6165,499,428,402,459,0.4,0.6,12.4795,2.9223350000000003
County Durham 016,E02004320,E,7323,593,509,478,545,0.4,0.6,14.826900000000002,3.2274970000000005
County Durham 017,E02004321,E,6824,552,474,446,508,0.2,0.4,16.182,3.4036600000000004
County Durham 018,E02004322,E,6941,562,482,453,517,0.0,0.2,18.759600000000002,3.738748
County Durham 019,E02004296,E,6570,531,456,429,490,0.2,0.4,15.585,3.3260500000000004
County Durham 020,E02004306,E,4735,383,329,309,353,0.6,0.8,8.9305,2.460965
County Durham 021,E02004323,E,6466,523,449,422,482,0.2,0.4,15.335999999999999,3.29368
County Durham 022,E02004308,E,6393,517,444,418,477,0.8,1.0,11.1769,2.752997
County Durham 023,E02004309,E,4825,390,335,315,360,0.6,0.8,9.1025,2.483325
County Durham 024,E02004307,E,5375,435,373,351,401,0.2,0.4,12.753499999999999,2.957955
County Durham 025,E02004324,E,4686,379,326,306,349,0.0,0.2,12.666599999999999,2.946658
County Durham 026,E02004310,E,6510,527,452,425,485,0.2,0.4,15.439,3.3070700000000004
County Durham 027,E02004311,E,7448,603,517,486,555,0.2,0.4,17.663,3.59619
County Durham 028,E02004312,E,6174,499,429,403,460,0.8,1.0,10.7832,2.701816
County Durham 029,E02004313,E,5465,442,380,357,407,0.0,0.2,14.772000000000002,3.2203600000000003
County Durham 030,E02004314,E,10016,810,696,654,746,0.6,0.8,18.8848,3.7550239999999997
County Durham 031,E02004316,E,4647,376,323,303,346,0.2,0.4,11.0165,2.732145
County Durham 032,E02004325,E,7132,577,496,466,532,0.0,0.2,19.290200000000002,3.8077260000000006
County Durham 033,E02004315,E,8328,674,579,544,621,0.8,1.0,14.5554,3.192202
County Durham 034,E02004326,E,5062,410,352,331,377,0.0,0.2,13.688200000000002,3.079466
County Durham 035,E02004328,E,5999,485,417,392,447,0.0,0.2,16.2174,3.4082620000000006
County Durham 036,E02004327,E,5214,422,362,340,388,0.0,0.2,14.084399999999999,3.130972
County Durham 037,E02004329,E,5538,448,385,362,412,0.2,0.4,13.131,3.0070300000000003
County Durham 038,E02004317,E,6267,507,435,409,467,0.2,0.4,14.8615,3.231995
County Durham 039,E02004330,E,4859,393,338,317,362,0.0,0.2,13.133400000000002,3.0073420000000004
County Durham 040,E02004331,E,5792,469,403,378,432,0.0,0.2,15.665200000000002,3.336476
County Durham 041,E02004318,E,4988,404,347,326,372,0.4,0.6,10.112400000000001,2.614612
County Durham 042,E02004348,E,6592,533,458,431,491,0.4,0.6,13.3536,3.0359680000000004
County Durham 043,E02004332,E,5952,482,414,389,443,0.2,0.4,14.116999999999997,3.13521
County Durham 044,E02004319,E,6112,495,425,399,455,0.4,0.6,12.377600000000001,2.9090880000000006
County Durham 045,E02004349,E,7544,611,524,493,562,0.0,0.2,20.3964,3.9515320000000003
County Durham 046,E02004350,E,7861,636,546,513,586,0.2,0.4,18.645500000000002,3.7239150000000008
County Durham 047,E02004333,E,5872,475,408,383,438,0.4,0.6,11.8976,2.8466880000000003
County Durham 048,E02004334,E,6026,488,419,394,449,0.2,0.4,14.299000000000001,3.1588700000000003
County Durham 049,E02004335,E,5143,416,357,336,383,0.0,0.2,13.898800000000001,3.1068440000000006
County Durham 050,E02004336,E,5622,455,391,367,419,0.0,0.2,15.2002,3.276026
County Durham 051,E02004351,E,5744,465,399,375,428,0.0,0.2,15.5274,3.318562
County Durham 052,E02004337,E,7447,602,517,486,555,0.2,0.4,17.6595,3.5957350000000003
County Durham 053,E02004338,E,5527,447,384,361,412,0.2,0.4,13.1115,3.0044950000000004
County Durham 054,E02004339,E,5625,455,391,367,419,0.6,0.8,10.6055,2.678715
County Durham 055,E02004352,E,6188,501,430,404,461,0.0,0.2,16.727800000000002,3.4746140000000008
County Durham 056,E02004353,E,6174,499,429,403,460,0.4,0.6,12.5042,2.925546
County Durham 057,E02004354,E,7160,579,497,467,534,0.2,0.4,16.982,3.5076600000000004
County Durham 058,E02004355,E,5935,480,412,387,442,0.0,0.2,16.034,3.3844199999999995
County Durham 059,E02004340,E,8474,686,589,553,632,0.0,0.2,22.9144,4.278872
County Durham 060,E02004341,E,6882,557,478,449,512,0.6,0.8,12.967600000000001,2.9857880000000003
County Durham 061,E02004342,E,4881,395,339,319,364,0.0,0.2,13.199600000000002,3.0159480000000003
County Durham 062,E02004343,E,4519,366,314,295,337,0.2,0.4,10.7225,2.693925
County Durham 063,E02004344,E,5752,465,400,376,429,0.2,0.4,13.651,3.07463
County Durham 064,E02004345,E,10433,844,725,681,778,0.2,0.4,24.7515,4.517695
County Durham 065,E02004346,E,4285,347,298,280,320,0.4,0.6,8.6915,2.429895
County Durham 066,E02004347,E,5757,466,400,376,429,0.6,0.8,10.8581,2.7115530000000003
Coventry 001,E02001958,E,8161,343,282,261,370,0.2,0.4,12.5045,2.925585
Coventry 002,E02001959,E,6793,285,235,217,307,0.4,0.6,8.5339,2.409407
Coventry 004,E02001961,E,8212,345,284,262,372,0.0,0.2,14.3702,3.168126
Coventry 005,E02001962,E,6611,277,229,211,299,0.0,0.2,11.561600000000002,2.803008
Coventry 006,E02001963,E,6489,272,225,207,293,0.4,0.6,8.1487,2.359331
Coventry 007,E02001964,E,8864,372,307,283,401,0.0,0.2,15.5064,3.3158320000000003
Coventry 008,E02001965,E,8784,369,304,281,397,0.4,0.6,11.039200000000001,2.7350960000000004
Coventry 009,E02001966,E,7582,318,262,242,343,0.0,0.2,13.2592,3.023696
Coventry 010,E02001967,E,6879,289,238,220,311,0.6,0.8,8.1147,2.354911
Coventry 011,E02001968,E,7828,329,271,250,354,0.2,0.4,11.983,2.8577900000000005
Coventry 012,E02001969,E,6985,293,242,223,316,0.0,0.2,12.219,2.88847
Coventry 013,E02001970,E,6005,252,208,192,272,0.2,0.4,9.1985,2.495805
Coventry 014,E02001971,E,6389,268,221,204,289,0.4,0.6,8.0287,2.343731
Coventry 015,E02001972,E,11013,462,381,352,498,0.0,0.2,19.262800000000002,3.804164
Coventry 016,E02001973,E,8906,374,308,284,403,0.0,0.2,15.5776,3.325088
Coventry 017,E02001974,E,10374,435,359,331,469,0.6,0.8,12.2322,2.890186
Coventry 018,E02001975,E,8609,361,298,275,389,0.4,0.6,10.814700000000002,2.7059110000000004
Coventry 019,E02001976,E,7810,328,270,249,353,0.2,0.4,11.948,2.8532400000000004
Coventry 020,E02001977,E,9873,414,342,315,447,0.0,0.2,17.2728,3.545464
Coventry 021,E02001978,E,7122,299,246,227,322,0.4,0.6,8.944600000000001,2.4627980000000003
Coventry 022,E02001979,E,6270,263,217,200,283,0.8,1.0,6.954000000000001,2.2040200000000003
Coventry 023,E02001980,E,6568,276,227,210,297,0.8,1.0,7.2934,2.248142
Coventry 024,E02001981,E,12872,540,445,411,582,0.0,0.2,22.5092,4.226196
Coventry 025,E02001982,E,7736,325,268,247,350,0.8,1.0,8.5918,2.416934
Coventry 026,E02001983,E,8265,347,286,264,374,0.4,0.6,10.389500000000002,2.6506350000000003
Coventry 027,E02001984,E,9821,412,340,314,444,0.4,0.6,12.342300000000002,2.9044990000000004
Coventry 028,E02001985,E,9257,389,320,296,418,0.2,0.4,14.1635,3.141255
Coventry 029,E02001986,E,8321,349,288,266,376,0.0,0.2,14.5516,3.191708
Coventry 030,E02001987,E,6336,266,219,202,287,0.4,0.6,7.9648,2.335424
Coventry 031,E02001988,E,9622,404,333,307,435,0.2,0.4,14.724,3.2141200000000003
Coventry 032,E02001989,E,6193,260,214,198,280,0.4,0.6,7.7819,2.311647
Coventry 033,E02001990,E,10139,425,351,324,459,0.8,1.0,11.262699999999999,2.764151
Coventry 034,E02001991,E,9327,391,323,298,422,0.6,0.8,11.004100000000001,2.7305330000000003
Coventry 035,E02001992,E,10484,440,363,335,474,0.0,0.2,18.3384,3.683992
Coventry 036,E02001993,E,7929,333,274,253,359,0.2,0.4,12.1385,2.878005
Coventry 037,E02001994,E,8938,375,309,285,404,0.4,0.6,11.2254,2.759302
Coventry 038,E02001995,E,7136,299,247,228,322,0.2,0.4,10.913,2.71869
Coventry 039,E02001996,E,7469,313,258,239,337,0.0,0.2,13.0534,2.9969419999999998
Coventry 040,E02001997,E,9338,392,323,298,422,0.8,1.0,10.363399999999999,2.647242
Coventry 041,E02001998,E,6542,275,226,209,296,0.8,1.0,7.265599999999999,2.244528
Coventry 042,E02001999,E,10295,432,356,329,466,0.6,0.8,12.147499999999999,2.879175
Coventry 043,E02006805,E,9014,378,312,288,408,0.0,0.2,15.770400000000002,3.3501520000000005
Craven 001,E02005742,E,5433,609,534,528,679,0.6,0.8,15.0929,3.262077
Craven 002,E02005743,E,3756,421,369,365,470,0.6,0.8,10.4398,2.6571740000000004
Craven 003,E02005744,E,5627,630,553,547,704,0.6,0.8,15.6391,3.3330830000000002
Craven 004,E02005745,E,3751,420,369,365,470,0.8,1.0,9.6983,2.560779
Craven 005,E02005746,E,4694,526,461,456,588,0.6,0.8,13.052200000000001,2.996786
Craven 006,E02005747,E,4873,546,479,474,610,0.2,0.4,16.628500000000003,3.4617050000000003
Craven 007,E02005748,E,5403,605,531,525,677,0.6,0.8,15.0269,3.2534970000000003
Craven 008,E02005749,E,7065,791,694,687,884,0.6,0.8,19.6365,3.8527450000000005
Crawley 001,E02006575,E,7600,407,317,276,337,0.4,0.6,10.062000000000001,2.60806
Crawley 002,E02006576,E,7327,392,305,266,325,0.8,1.0,8.4971,2.404623
Crawley 003,E02006577,E,7292,390,304,265,323,0.2,0.4,11.763,2.82919
Crawley 004,E02006578,E,8907,477,371,324,395,0.4,0.6,11.7941,2.833233
Crawley 005,E02006579,E,7251,388,302,263,321,0.6,0.8,9.005299999999998,2.470689
Crawley 006,E02006580,E,7370,395,307,268,327,0.4,0.6,9.761,2.56893
Crawley 007,E02006581,E,7907,423,330,287,350,0.2,0.4,12.7515,2.957695
Crawley 008,E02006582,E,7314,391,305,266,323,0.8,1.0,8.4692,2.400996
Crawley 009,E02006583,E,8235,441,343,299,364,0.6,0.8,10.223500000000001,2.629055
Crawley 010,E02006584,E,6852,367,286,249,303,0.2,0.4,11.05,2.7365000000000004
Crawley 011,E02006585,E,7153,383,298,260,317,0.4,0.6,9.4679,2.5308270000000004
Crawley 012,E02006586,E,7213,386,301,262,319,0.2,0.4,11.630500000000001,2.8119650000000003
Crawley 013,E02006587,E,7717,413,322,280,342,0.2,0.4,12.4495,2.918435
Croydon 001,E02000194,E,7921,451,343,285,390,0.2,0.4,13.3605,3.036865
Croydon 002,E02000195,E,8336,474,361,300,411,0.4,0.6,11.6248,2.811224
Croydon 003,E02000196,E,6744,384,292,243,333,0.2,0.4,11.389000000000001,2.78057
Croydon 004,E02000197,E,8283,471,358,298,408,0.4,0.6,11.5429,2.800577
Croydon 005,E02000198,E,7351,418,318,265,362,0.2,0.4,12.400500000000001,2.912065
Croydon 006,E02000199,E,7678,437,332,276,378,0.4,0.6,10.697400000000002,2.6906620000000006
Croydon 007,E02000200,E,7555,430,327,272,372,0.2,0.4,12.743500000000001,2.9566550000000005
Croydon 008,E02000201,E,7542,429,326,271,372,0.0,0.2,14.661200000000003,3.2059560000000005
Croydon 009,E02000202,E,7785,443,337,280,384,0.4,0.6,10.857500000000002,2.711475
Croydon 010,E02000203,E,6865,391,297,247,339,0.2,0.4,11.5905,2.8067650000000004
Croydon 011,E02000204,E,8567,487,371,308,422,0.2,0.4,14.448500000000001,3.178305
Croydon 013,E02000206,E,8688,494,376,313,428,0.0,0.2,16.8898,3.495674
Croydon 014,E02000207,E,8196,466,355,295,403,0.2,0.4,13.817,3.09621
Croydon 015,E02000208,E,8917,507,386,321,440,0.0,0.2,17.342200000000002,3.5544860000000007
Croydon 016,E02000209,E,7661,436,332,276,378,0.2,0.4,12.9345,2.981485
Croydon 017,E02000210,E,7568,431,328,272,373,0.4,0.6,10.552400000000002,2.671812
Croydon 018,E02000211,E,7285,414,315,262,359,0.6,0.8,9.5325,2.539225
Croydon 019,E02000212,E,7762,442,336,279,382,0.2,0.4,13.088000000000001,3.0014400000000006
Croydon 020,E02000213,E,8699,495,376,313,428,0.0,0.2,16.9014,3.4971819999999996
Croydon 021,E02000214,E,5681,323,246,204,279,0.6,0.8,7.4233,2.265029
Croydon 022,E02000215,E,9579,545,415,345,472,0.2,0.4,16.1635,3.401255
Croydon 023,E02000216,E,6138,349,266,221,302,0.6,0.8,8.0304,2.343952
Croydon 024,E02000217,E,8824,502,382,318,434,0.2,0.4,14.88,3.2344
Croydon 025,E02000218,E,6048,344,262,218,298,0.2,0.4,10.206,2.62678
Croydon 026,E02000219,E,6998,398,303,252,345,0.8,1.0,8.5564,2.412332
Croydon 027,E02000220,E,8999,512,389,324,444,0.2,0.4,15.1875,3.274375
Croydon 028,E02000221,E,8945,509,387,322,441,0.2,0.4,15.0935,3.262155
Croydon 029,E02000222,E,7187,409,311,259,354,0.6,0.8,9.4071,2.522923
Croydon 030,E02000223,E,7622,434,330,274,376,0.0,0.2,14.8232,3.227016
Croydon 031,E02000224,E,6998,398,303,252,345,0.6,0.8,9.1624,2.491112
Croydon 032,E02000225,E,6864,390,297,247,339,0.2,0.4,11.587,2.80631
Croydon 033,E02000226,E,6865,391,297,247,339,0.8,1.0,8.3995,2.391935
Croydon 034,E02000227,E,10394,591,450,374,512,0.4,0.6,14.4882,3.183466
Croydon 035,E02000228,E,6931,394,300,249,341,0.8,1.0,8.4633,2.4002290000000004
Croydon 036,E02000229,E,5808,330,251,209,286,0.0,0.2,11.2848,2.767024
Croydon 037,E02000230,E,9149,520,396,329,451,0.6,0.8,11.974699999999999,2.856711
Croydon 038,E02000231,E,6998,398,303,252,345,0.8,1.0,8.5564,2.412332
Croydon 039,E02000232,E,5654,322,245,203,279,0.6,0.8,7.4042,2.2625460000000004
Croydon 040,E02000233,E,5589,318,242,201,275,0.6,0.8,7.310700000000001,2.250391
Croydon 041,E02000234,E,7307,416,316,263,360,0.4,0.6,10.186100000000001,2.624193
Croydon 042,E02000235,E,6347,361,275,228,312,0.6,0.8,8.2981,2.378753
Croydon 043,E02000236,E,6976,397,302,251,343,0.8,1.0,8.518799999999999,2.407444
Croydon 044,E02000237,E,6808,387,295,245,335,0.6,0.8,8.906400000000001,2.4578320000000002
Croydon 045,E02006788,E,6849,390,296,246,337,0.2,0.4,11.544500000000001,2.8007850000000003
Dacorum 001,E02004856,E,4823,317,256,238,315,0.6,0.8,7.7599,2.308787
Dacorum 002,E02004857,E,5046,331,268,249,329,0.8,1.0,7.5758,2.284854
Dacorum 003,E02004858,E,4525,297,240,223,296,0.6,0.8,7.282500000000001,2.246725
Dacorum 004,E02004859,E,4629,304,246,228,302,0.8,1.0,6.950699999999999,2.203591
Dacorum 005,E02004860,E,5136,337,273,253,335,0.6,0.8,8.2568,2.373384
Dacorum 006,E02004861,E,4887,321,260,241,319,0.8,1.0,7.3421,2.254473
Dacorum 007,E02004862,E,6750,443,358,333,440,0.2,0.4,13.747,3.08711
Dacorum 008,E02004863,E,6918,454,367,341,452,0.2,0.4,14.100000000000001,3.133
Dacorum 009,E02004864,E,5596,368,297,276,366,0.8,1.0,8.4148,2.393924
Dacorum 010,E02004865,E,4751,312,252,234,310,0.4,0.6,8.1813,2.363569
Dacorum 011,E02004866,E,5859,385,311,289,382,0.4,0.6,10.0897,2.6116610000000002
Dacorum 012,E02004867,E,5421,356,288,267,354,0.8,1.0,8.1433,2.358629
Dacorum 013,E02004868,E,5211,342,277,257,340,0.4,0.6,8.9773,2.4670490000000003
Dacorum 014,E02004869,E,5035,331,267,248,329,0.8,1.0,7.5655,2.283515
Dacorum 015,E02004870,E,8365,550,444,413,546,0.4,0.6,14.415500000000002,3.1740150000000003
Dacorum 016,E02004871,E,4518,297,240,223,294,0.6,0.8,7.2584,2.243592
Dacorum 017,E02004872,E,6204,407,329,306,405,0.6,0.8,9.9762,2.596906
Dacorum 018,E02004873,E,8970,589,477,443,586,0.8,1.0,13.484,3.0529200000000003
Dacorum 019,E02004874,E,5510,362,293,272,360,0.4,0.6,9.501000000000001,2.5351300000000005
Dacorum 020,E02004875,E,8247,542,438,407,538,0.4,0.6,14.208100000000002,3.1470530000000005
Dacorum 021,E02004876,E,8020,527,426,396,524,0.8,1.0,12.056,2.86728
Dacorum 022,E02004877,E,4645,305,247,229,304,0.8,1.0,6.9865,2.2082450000000002
Darlington 001,E02002559,E,6924,547,463,453,585,0.6,0.8,13.723200000000002,3.084016
Darlington 002,E02002560,E,4697,371,314,307,397,0.4,0.6,10.013100000000001,2.6017030000000005
Darlington 003,E02002561,E,4495,355,300,294,380,0.4,0.6,9.5825,2.545725
Darlington 004,E02002562,E,4751,375,317,311,402,0.0,0.2,13.3116,3.030508
Darlington 005,E02002563,E,4279,338,286,280,362,0.2,0.4,10.601500000000001,2.6781950000000005
Darlington 006,E02002564,E,7441,588,497,487,629,0.2,0.4,18.4295,3.6958350000000006
Darlington 007,E02002565,E,4267,337,285,279,360,0.2,0.4,10.557500000000001,2.6724750000000004
Darlington 008,E02002566,E,5415,428,362,354,458,0.0,0.2,15.173,3.2724900000000003
Darlington 009,E02002567,E,5679,449,380,371,480,0.0,0.2,15.9094,3.3682220000000003
Darlington 010,E02002568,E,4624,365,309,302,391,0.8,1.0,8.5462,2.4110060000000004
Darlington 011,E02002569,E,7121,563,476,466,602,0.8,1.0,13.1663,3.011619
Darlington 012,E02002570,E,6431,508,430,421,543,0.0,0.2,18.0116,3.641508
Darlington 013,E02002571,E,5101,403,341,334,431,0.2,0.4,12.6335,2.942355
Darlington 014,E02002572,E,4942,391,330,323,418,0.0,0.2,13.8472,3.100136
Darlington 015,E02002573,E,6491,513,434,424,549,0.6,0.8,12.8683,2.972879
Dartford 001,E02005028,E,8013,383,294,275,357,0.0,0.2,14.401800000000001,3.1722340000000004
Dartford 002,E02005029,E,10121,484,372,348,451,0.6,0.8,12.1933,2.885129
Dartford 003,E02005030,E,10619,508,390,365,473,0.4,0.6,13.6277,3.0716010000000002
Dartford 004,E02005031,E,8082,386,297,278,360,0.2,0.4,12.653,2.94489
Dartford 005,E02005032,E,9700,464,356,333,432,0.4,0.6,12.444,2.91772
Dartford 006,E02005033,E,7093,339,261,244,316,0.2,0.4,11.1075,2.743975
Dartford 007,E02005034,E,8298,397,305,285,370,0.8,1.0,9.3884,2.520492
Dartford 008,E02005035,E,8658,414,318,297,386,0.6,0.8,10.4284,2.655692
Dartford 009,E02005036,E,6825,326,251,234,304,0.2,0.4,10.6805,2.688465
Dartford 010,E02005037,E,7588,363,279,261,338,0.8,1.0,8.583400000000001,2.4158420000000005
Dartford 011,E02005038,E,6268,300,230,215,279,0.4,0.6,8.0384,2.344992
Dartford 012,E02005039,E,7353,352,270,253,327,0.2,0.4,11.5075,2.7959750000000003
Dartford 013,E02005040,E,6761,323,248,232,301,0.6,0.8,8.1373,2.357849
Daventry 001,E02005619,E,5528,426,364,350,391,0.6,0.8,10.0174,2.602262
Daventry 002,E02005620,E,7552,582,496,478,534,0.8,1.0,12.6856,2.949128
Daventry 003,E02005621,E,7529,581,495,477,532,0.6,0.8,13.637699999999999,3.072901
Daventry 004,E02005622,E,8311,641,547,526,588,0.8,1.0,13.9673,3.115749
Daventry 005,E02005623,E,7595,585,499,481,537,0.8,1.0,12.758500000000002,2.9586050000000004
Daventry 006,E02005624,E,8747,674,575,554,618,0.6,0.8,15.8401,3.3592130000000004
Daventry 007,E02005625,E,8631,665,568,547,610,0.4,0.6,16.793300000000002,3.483129000000001
Daventry 008,E02005626,E,6302,486,414,399,446,0.2,0.4,14.41,3.1733000000000002
Daventry 009,E02005627,E,6351,490,418,402,449,0.4,0.6,12.357299999999999,2.906449
Daventry 010,E02005628,E,7112,548,467,450,503,0.6,0.8,12.880600000000001,2.9744780000000004
Derby 001,E02002796,E,5324,303,249,240,336,0.8,1.0,7.5972,2.287636
Derby 002,E02002797,E,6498,370,304,292,409,0.8,1.0,9.2564,2.503332
Derby 003,E02002798,E,8799,501,411,396,554,0.8,1.0,12.5377,2.929901
Derby 004,E02002799,E,5202,296,243,234,328,0.2,0.4,10.035,2.60455
Derby 005,E02002800,E,6190,352,289,279,391,0.6,0.8,9.413,2.52369
Derby 006,E02002801,E,6606,376,309,297,417,0.4,0.6,10.7558,2.6982540000000004
Derby 007,E02002802,E,6954,396,325,313,439,0.0,0.2,15.2364,3.280732
Derby 008,E02002803,E,6740,384,315,303,425,0.2,0.4,13.003,2.99039
Derby 009,E02002804,E,6627,377,310,298,417,0.2,0.4,12.7745,2.960685
Derby 010,E02002805,E,4947,282,231,223,312,0.8,1.0,7.0571,2.217423
Derby 011,E02002806,E,5682,323,266,256,358,0.2,0.4,10.962,2.72506
Derby 012,E02002807,E,7829,446,366,352,494,0.2,0.4,15.1085,3.264105
Derby 013,E02002808,E,10259,584,479,462,647,0.0,0.2,22.4684,4.220892
Derby 014,E02002809,E,5794,330,271,261,365,0.2,0.4,11.178,2.75314
Derby 015,E02002810,E,7135,406,333,321,450,0.8,1.0,10.1735,2.622555
Derby 016,E02002811,E,8654,493,404,389,546,0.0,0.2,18.9524,3.7638120000000006
Derby 017,E02002812,E,6047,344,282,272,381,0.4,0.6,9.8341,2.578433
Derby 018,E02002813,E,8959,510,419,403,564,0.0,0.2,19.6094,3.849222
Derby 019,E02002814,E,6386,364,298,288,403,0.8,1.0,9.1128,2.484664
Derby 020,E02002815,E,6652,379,311,299,419,0.0,0.2,14.5622,3.193086
Derby 021,E02002816,E,8164,465,381,367,515,0.8,1.0,11.641200000000001,2.813356
Derby 022,E02002817,E,5481,312,256,247,346,0.6,0.8,8.3333,2.383329
Derby 023,E02002818,E,6654,379,311,299,419,0.0,0.2,14.5634,3.193242
Derby 024,E02002819,E,6431,366,300,289,405,0.2,0.4,12.3965,2.9115450000000003
Derby 025,E02002820,E,8425,480,394,379,532,0.0,0.2,18.462000000000003,3.7000600000000006
Derby 026,E02002821,E,9557,544,447,430,602,0.0,0.2,20.9232,4.020016
Derby 027,E02002822,E,5850,333,273,263,369,0.4,0.6,9.519,2.53747
Derby 028,E02002823,E,6487,369,303,292,409,0.2,0.4,12.514500000000002,2.9268850000000004
Derby 029,E02002824,E,8382,477,392,377,528,0.0,0.2,18.349200000000003,3.685396000000001
Derby 030,E02002825,E,7415,422,346,334,467,0.4,0.6,12.060500000000001,2.867865
Derby 031,E02002826,E,5775,329,270,260,364,0.6,0.8,8.7745,2.440685
Derbyshire Dales 001,E02004068,E,5496,591,536,534,652,0.8,1.0,13.7448,3.086824
Derbyshire Dales 002,E02004069,E,4908,528,479,477,583,0.8,1.0,12.284400000000002,2.8969720000000003
Derbyshire Dales 003,E02004070,E,4638,498,452,451,551,0.6,0.8,12.5114,2.926482
Derbyshire Dales 004,E02004071,E,3717,400,363,361,441,0.6,0.8,10.0231,2.603003
Derbyshire Dales 005,E02004072,E,6216,668,606,604,737,0.8,1.0,15.5398,3.3201739999999997
Derbyshire Dales 006,E02004073,E,6573,707,641,639,780,0.4,0.6,19.143900000000002,3.7887070000000005
Derbyshire Dales 007,E02004074,E,4224,454,412,410,501,0.6,0.8,11.3842,2.779946
Derbyshire Dales 008,E02004075,E,5408,581,528,525,641,0.6,0.8,14.572399999999998,3.194412
Derbyshire Dales 009,E02004076,E,4779,514,466,464,568,0.6,0.8,12.893699999999999,2.976181
Derbyshire Dales 010,E02004077,E,5689,612,555,553,676,0.6,0.8,15.351700000000001,3.2957210000000003
Doncaster 001,E02001539,E,5049,376,315,288,344,0.0,0.2,12.628400000000001,2.941692
Doncaster 002,E02001540,E,9796,729,611,558,667,0.0,0.2,24.4876,4.483388000000001
Doncaster 003,E02001541,E,9462,705,590,539,645,0.2,0.4,20.719,3.9934700000000003
Doncaster 004,E02001542,E,6276,467,391,357,427,0.0,0.2,15.6786,3.3382180000000004
Doncaster 005,E02001543,E,7119,530,444,405,485,0.0,0.2,17.796400000000002,3.613532
Doncaster 006,E02001544,E,7309,544,456,416,498,0.2,0.4,15.9985,3.379805
Doncaster 007,E02001545,E,7210,537,450,411,491,0.6,0.8,12.493,2.92409
Doncaster 008,E02001546,E,7228,538,451,412,493,0.2,0.4,15.832,3.35816
Doncaster 009,E02001547,E,9011,671,562,513,613,0.0,0.2,22.5186,4.227418
Doncaster 010,E02001548,E,6721,501,419,383,457,0.0,0.2,16.797600000000003,3.483688000000001
Doncaster 011,E02001549,E,5009,373,312,285,341,0.4,0.6,9.2987,2.508831
Doncaster 012,E02001550,E,6262,466,391,357,427,0.2,0.4,13.716000000000001,3.0830800000000003
Doncaster 013,E02001551,E,5057,377,315,288,344,0.2,0.4,11.063500000000001,2.7382550000000005
Doncaster 014,E02001552,E,6447,480,402,367,440,0.2,0.4,14.1205,3.1356650000000004
Doncaster 015,E02001553,E,8404,626,524,479,573,0.2,0.4,18.405,3.6926500000000004
Doncaster 016,E02001554,E,5386,401,336,307,367,0.6,0.8,9.3338,2.513394
Doncaster 017,E02001555,E,4681,349,292,267,319,0.4,0.6,8.7003,2.431039
Doncaster 018,E02001556,E,7800,581,486,444,532,0.0,0.2,19.507,3.83591
Doncaster 019,E02001557,E,7962,593,497,453,542,0.2,0.4,17.423000000000002,3.5649900000000008
Doncaster 020,E02001558,E,5141,383,321,293,350,0.4,0.6,9.5503,2.541539
Doncaster 021,E02001559,E,6497,484,405,370,442,0.6,0.8,11.2491,2.762383
Doncaster 022,E02001560,E,8817,657,550,502,600,0.0,0.2,22.0392,4.165096
Doncaster 023,E02001561,E,5303,395,331,302,361,0.0,0.2,13.2578,3.023514
Doncaster 024,E02001562,E,4954,369,309,282,337,0.2,0.4,10.838000000000001,2.70894
Doncaster 025,E02001563,E,6406,477,400,365,436,0.6,0.8,11.0968,2.742584
Doncaster 026,E02001564,E,6334,472,395,361,431,0.8,1.0,10.1802,2.6234260000000003
Doncaster 027,E02001565,E,5725,426,357,326,390,0.8,1.0,9.2035,2.496455
Doncaster 028,E02001566,E,6661,496,415,379,453,0.0,0.2,16.6406,3.463278
Doncaster 029,E02001567,E,7684,572,479,437,523,0.0,0.2,19.2004,3.7960519999999995
Doncaster 030,E02001568,E,4956,369,309,282,338,0.0,0.2,12.3936,2.911168
Doncaster 031,E02001569,E,7725,575,482,440,526,0.0,0.2,19.312,3.8105600000000006
Doncaster 032,E02001570,E,5875,438,366,334,400,0.0,0.2,14.683,3.20879
Doncaster 033,E02001571,E,5105,380,319,291,348,0.4,0.6,9.4895,2.5336350000000003
Doncaster 034,E02001572,E,6071,452,379,346,414,0.0,0.2,15.187600000000002,3.274388
Doncaster 035,E02001573,E,6595,491,411,375,449,0.2,0.4,14.4275,3.1755750000000003
Doncaster 036,E02001574,E,5259,392,328,299,359,0.4,0.6,9.7757,2.570841
Doncaster 037,E02001575,E,6097,454,380,347,416,0.0,0.2,15.249200000000002,3.2823960000000003
Doncaster 038,E02001576,E,4880,363,304,278,333,0.6,0.8,8.459000000000001,2.3996700000000004
Doncaster 039,E02001577,E,5471,408,341,312,373,0.6,0.8,9.4843,2.532959
Dover 001,E02005041,E,5926,538,454,440,534,0.4,0.6,13.7178,3.083314
Dover 002,E02005042,E,7571,688,580,562,682,0.6,0.8,16.2793,3.416309
Dover 003,E02005043,E,6292,572,482,467,567,0.4,0.6,14.5656,3.193528
Dover 004,E02005044,E,5787,526,443,430,522,0.4,0.6,13.4041,3.042533
Dover 005,E02005045,E,6751,613,517,501,608,0.2,0.4,18.0855,3.651115
Dover 006,E02005046,E,5492,499,421,408,495,0.2,0.4,14.723000000000003,3.2139900000000003
Dover 007,E02005047,E,6430,584,493,478,579,0.4,0.6,14.885000000000002,3.23505
Dover 008,E02005048,E,5522,502,423,410,497,0.6,0.8,11.869599999999998,2.8430479999999996
Dover 009,E02005049,E,5856,532,449,435,528,0.6,0.8,12.5998,2.937974
Dover 010,E02005050,E,7713,701,591,573,695,0.8,1.0,15.4079,3.303027
Dover 011,E02005051,E,11255,1023,862,836,1014,0.0,0.2,34.19800000000001,5.7457400000000005
Dover 012,E02005052,E,6664,605,511,495,600,0.0,0.2,20.2434,3.931642
Dover 013,E02005053,E,7524,684,576,559,678,0.0,0.2,22.8634,4.272242
Dover 014,E02005054,E,5604,509,429,416,505,0.6,0.8,12.0502,2.8665260000000004
Dudley 001,E02002000,E,6508,432,389,375,515,0.2,0.4,14.911,3.23843
Dudley 002,E02002001,E,4976,330,297,287,394,0.2,0.4,11.402999999999999,2.78239
Dudley 003,E02002002,E,5922,393,354,341,468,0.8,1.0,10.1236,2.6160680000000003
Dudley 004,E02002003,E,7610,505,455,439,602,0.2,0.4,17.437,3.5668100000000003
Dudley 005,E02002004,E,6286,417,376,362,498,0.0,0.2,16.2466,3.412058
Dudley 006,E02002005,E,6766,449,404,390,535,0.0,0.2,17.474600000000002,3.5716980000000005
Dudley 007,E02002006,E,5349,355,320,308,424,0.2,0.4,12.2635,2.8942550000000002
Dudley 008,E02002007,E,7300,484,436,421,578,0.4,0.6,14.364,3.16732
Dudley 009,E02002008,E,6965,462,416,401,551,0.6,0.8,12.743500000000001,2.9566550000000005
Dudley 010,E02002009,E,5609,372,335,323,444,0.0,0.2,14.4894,3.183622
Dudley 011,E02002010,E,6008,399,359,346,476,0.0,0.2,15.5288,3.3187440000000006
Dudley 012,E02002011,E,4902,325,293,283,388,0.6,0.8,8.9756,2.466828
Dudley 013,E02002012,E,6511,432,389,375,516,0.0,0.2,16.8286,3.487718
Dudley 014,E02002013,E,5601,372,335,323,444,0.8,1.0,9.5933,2.547129
Dudley 015,E02002014,E,5793,384,346,334,459,0.0,0.2,14.971799999999998,3.246334
Dudley 016,E02002015,E,5037,334,301,290,399,0.4,0.6,9.911100000000001,2.5884430000000003
Dudley 017,E02002016,E,6545,434,391,377,518,0.0,0.2,16.907,3.49791
Dudley 018,E02002017,E,6922,459,414,399,548,0.0,0.2,17.8872,3.625336
Dudley 019,E02002018,E,7555,501,451,436,598,0.6,0.8,13.8305,3.0979650000000003
Dudley 020,E02002019,E,6570,436,393,379,520,0.0,0.2,16.98,3.5074000000000005
Dudley 021,E02002020,E,7901,524,472,456,626,0.6,0.8,14.4723,3.181399
Dudley 022,E02002021,E,6116,406,365,353,484,0.0,0.2,15.8036,3.354468
Dudley 023,E02002022,E,6960,462,416,401,551,0.2,0.4,15.949,3.3733700000000004
Dudley 024,E02002023,E,4464,296,267,257,353,0.6,0.8,8.1672,2.361736
Dudley 025,E02002024,E,7137,474,426,411,565,0.2,0.4,16.3515,3.425695
Dudley 026,E02002025,E,6656,442,398,384,527,0.2,0.4,15.258000000000001,3.2835400000000003
Dudley 027,E02002026,E,5926,393,354,342,469,0.6,0.8,10.8488,2.710344
Dudley 028,E02002027,E,4731,314,283,273,375,0.8,1.0,8.1033,2.353429
Dudley 029,E02002028,E,4889,324,292,282,387,0.6,0.8,8.9497,2.463461
Dudley 030,E02002029,E,4915,326,294,283,388,0.6,0.8,8.9855,2.468115
Dudley 031,E02002030,E,5246,348,313,302,416,0.2,0.4,12.025,2.86325
Dudley 032,E02002031,E,5020,333,300,289,397,0.2,0.4,11.496000000000002,2.79448
Dudley 033,E02002032,E,8311,551,497,479,658,0.2,0.4,19.0455,3.7759150000000004
Dudley 034,E02002033,E,6233,414,372,359,494,0.6,0.8,11.4149,2.783937
Dudley 035,E02002034,E,6782,450,405,391,537,0.2,0.4,15.541999999999998,3.3204599999999997
Dudley 036,E02002035,E,5137,341,307,296,407,0.6,0.8,9.408100000000001,2.523053
Dudley 037,E02002036,E,5498,365,329,317,435,0.0,0.2,14.207799999999999,3.147014
Dudley 038,E02002037,E,4912,326,293,283,388,0.4,0.6,9.651599999999998,2.5547079999999998
Dudley 039,E02002038,E,7869,522,470,454,622,0.2,0.4,18.0225,3.642925
Dudley 040,E02002039,E,5288,351,316,305,418,0.6,0.8,9.6754,2.557802
Dudley 041,E02002040,E,4988,331,298,288,395,0.8,1.0,8.5394,2.4101220000000003
Dudley 042,E02002041,E,5186,344,310,299,410,0.6,0.8,9.488800000000001,2.533544
Dudley 043,E02002042,E,6740,447,403,388,533,0.8,1.0,11.525,2.7982500000000003
Ealing 001,E02000238,E,8034,430,351,277,392,0.4,0.6,11.040199999999999,2.735226
Ealing 002,E02000239,E,7614,407,332,263,371,0.6,0.8,9.8222,2.576886
Ealing 003,E02000240,E,8682,464,379,300,423,0.2,0.4,14.425,3.17525
Ealing 004,E02000241,E,5614,300,245,194,274,0.4,0.6,7.716200000000001,2.303106
Ealing 005,E02000242,E,5721,306,250,197,279,0.6,0.8,7.3823,2.259699
Ealing 006,E02000243,E,7197,385,314,248,351,0.2,0.4,11.9575,2.854475
Ealing 007,E02000244,E,6067,324,265,209,296,0.4,0.6,8.3341,2.383433
Ealing 008,E02000245,E,6898,369,301,238,336,0.0,0.2,13.1868,3.014284
Ealing 009,E02000246,E,7399,396,323,255,361,0.2,0.4,12.2965,2.8985450000000004
Ealing 010,E02000247,E,8720,466,381,301,425,0.2,0.4,14.489,3.1835700000000005
Ealing 011,E02000248,E,6204,332,271,214,302,0.4,0.6,8.5172,2.407236
Ealing 012,E02000249,E,6531,349,285,225,319,0.2,0.4,10.855500000000001,2.711215
Ealing 013,E02000250,E,5486,293,240,189,268,0.8,1.0,6.604800000000001,2.158624
Ealing 014,E02000251,E,6718,359,293,232,328,0.4,0.6,9.2334,2.500342
Ealing 015,E02000252,E,8208,439,359,283,400,0.2,0.4,13.638000000000002,3.07294
Ealing 016,E02000253,E,8147,436,356,281,397,0.0,0.2,15.5792,3.325296
Ealing 017,E02000254,E,7569,405,331,261,369,0.2,0.4,12.578500000000002,2.9352050000000003
Ealing 018,E02000255,E,8005,428,350,276,390,0.4,0.6,10.993500000000001,2.7291550000000004
Ealing 019,E02000256,E,7493,401,327,259,365,0.6,0.8,9.6679,2.556827
Ealing 020,E02000257,E,11426,611,499,394,557,0.4,0.6,15.693800000000003,3.3401940000000003
Ealing 021,E02000258,E,5692,304,249,196,278,0.4,0.6,7.823600000000001,2.317068
Ealing 022,E02000259,E,5309,284,232,183,259,0.6,0.8,6.8527000000000005,2.1908510000000003
Ealing 023,E02000260,E,7366,394,322,254,359,0.2,0.4,12.239,2.89107
Ealing 024,E02000261,E,9107,487,398,314,444,0.2,0.4,15.1325,3.267225
Ealing 025,E02000262,E,7547,404,330,261,369,0.2,0.4,12.560500000000001,2.9328650000000005
Ealing 026,E02000263,E,9842,526,430,340,480,0.2,0.4,16.359,3.4266700000000005
Ealing 027,E02000264,E,6852,367,299,237,334,0.4,0.6,9.4156,2.524028
Ealing 028,E02000265,E,9404,503,411,325,458,0.2,0.4,15.626000000000001,3.3313800000000002
Ealing 029,E02000266,E,10428,558,455,360,509,0.0,0.2,19.949800000000003,3.8934740000000003
Ealing 030,E02000267,E,5858,313,256,202,285,0.4,0.6,8.0394,2.345122
Ealing 031,E02000268,E,7914,423,346,273,386,0.4,0.6,10.8742,2.713646
Ealing 032,E02000269,E,6832,365,298,236,333,0.6,0.8,8.8146,2.445898
Ealing 033,E02000270,E,6802,364,297,235,332,0.0,0.2,13.0152,2.991976
Ealing 034,E02000271,E,5721,306,250,197,279,0.8,1.0,6.8823,2.194699
Ealing 035,E02000272,E,5706,305,249,197,278,0.8,1.0,6.8628,2.192164
Ealing 037,E02000274,E,10768,576,470,372,525,0.2,0.4,17.896,3.62648
Ealing 038,E02000275,E,6007,321,262,207,293,0.2,0.4,9.9795,2.597335
Ealing 039,E02000276,E,5687,304,248,196,277,0.6,0.8,7.3331,2.253303
Ealing 040,E02006791,E,5676,304,248,196,277,0.4,0.6,7.8027999999999995,2.3143640000000003
East Cambridgeshire 001,E02003732,E,7571,555,485,485,605,0.4,0.6,15.4913,3.3138690000000004
East Cambridgeshire 002,E02003733,E,7257,532,465,464,580,0.6,0.8,13.801100000000002,3.0941430000000003
East Cambridgeshire 003,E02003734,E,10199,748,654,653,815,0.6,0.8,19.401699999999998,3.822221
East Cambridgeshire 004,E02003735,E,7351,539,471,470,587,0.8,1.0,13.0323,2.994199
East Cambridgeshire 005,E02003736,E,8578,629,550,549,686,0.8,1.0,15.2224,3.278912
East Cambridgeshire 006,E02003737,E,10137,743,649,649,810,0.6,0.8,19.278100000000002,3.806153
East Cambridgeshire 007,E02003738,E,5326,390,341,341,426,0.6,0.8,10.1328,2.617264
East Cambridgeshire 008,E02003739,E,5467,401,350,350,437,0.8,1.0,9.6991,2.560883
East Cambridgeshire 009,E02003740,E,5232,384,335,335,418,0.6,0.8,9.9506,2.593578
East Cambridgeshire 011,E02006825,E,5506,404,353,352,440,0.8,1.0,9.7658,2.569554
East Devon 001,E02004129,E,4489,499,462,479,639,0.4,0.6,14.7347,3.2155110000000002
East Devon 002,E02004130,E,4836,538,498,517,689,0.4,0.6,15.888800000000002,3.3655440000000008
East Devon 003,E02004131,E,4546,505,468,486,647,0.8,1.0,12.8568,2.971384
East Devon 004,E02004132,E,6724,748,693,719,958,0.6,0.8,20.4182,3.9543660000000003
East Devon 005,E02004133,E,6684,743,688,714,952,0.4,0.6,21.9512,4.153656
East Devon 006,E02004134,E,5624,625,579,601,801,0.6,0.8,17.0692,3.5189959999999996
East Devon 007,E02004135,E,6572,731,677,702,936,0.6,0.8,19.9476,3.8931880000000003
East Devon 008,E02004136,E,6502,723,670,695,926,0.8,1.0,18.3976,3.691688
East Devon 009,E02004137,E,4363,485,449,466,621,0.6,0.8,13.2359,3.0206670000000004
East Devon 010,E02004138,E,5798,645,597,619,825,0.6,0.8,17.5874,3.5863620000000003
East Devon 011,E02004139,E,5205,579,536,556,742,0.6,0.8,15.805499999999999,3.3547149999999997
East Devon 012,E02004140,E,4230,470,436,452,603,0.8,1.0,11.974,2.8566200000000004
East Devon 013,E02004141,E,4756,529,490,508,677,0.8,1.0,13.451799999999999,3.0487339999999996
East Devon 014,E02004142,E,4887,543,503,522,696,0.8,1.0,13.824100000000001,3.0971330000000004
East Devon 015,E02004143,E,5165,574,532,552,736,0.8,1.0,14.6175,3.200275
East Devon 016,E02004144,E,5490,610,565,587,782,0.8,1.0,15.534,3.31942
East Devon 017,E02004145,E,4878,542,502,521,694,0.8,1.0,13.790399999999998,3.092752
East Devon 018,E02004146,E,5903,656,608,631,841,0.4,0.6,19.3929,3.821077
East Devon 019,E02004147,E,5738,638,591,613,817,0.4,0.6,18.843400000000003,3.7496420000000006
East Devon 020,E02004148,E,5837,649,601,624,831,0.4,0.6,19.1691,3.791983
East Dorset 001,E02004243,E,4700,532,489,507,646,0.6,0.8,14.071,3.12923
East Dorset 002,E02004244,E,5251,595,546,566,723,0.8,1.0,14.6403,3.203239
East Dorset 003,E02004245,E,5549,629,577,598,763,0.6,0.8,16.6137,3.4597810000000004
East Dorset 004,E02004246,E,4986,565,518,537,686,0.8,1.0,13.8928,3.106064
East Dorset 005,E02004247,E,4311,489,448,465,593,0.4,0.6,13.9693,3.116009
East Dorset 006,E02004248,E,5497,623,571,592,756,0.6,0.8,16.455099999999998,3.4391629999999997
East Dorset 007,E02004249,E,3921,444,408,423,539,0.8,1.0,10.924299999999999,2.7201589999999998
East Dorset 008,E02004250,E,5557,630,578,599,765,0.4,0.6,18.0131,3.6417030000000006
East Dorset 009,E02004251,E,4604,522,479,496,633,0.8,1.0,12.8262,2.9674060000000004
East Dorset 010,E02004252,E,5100,578,530,550,702,0.6,0.8,15.277999999999999,3.2861399999999996
East Dorset 011,E02004253,E,6530,740,679,704,898,0.8,1.0,18.195,3.66535
East Dorset 012,E02004254,E,7368,835,766,794,1013,0.8,1.0,20.525399999999998,3.9683019999999996
East Hampshire 001,E02004697,E,4743,410,352,380,519,0.8,1.0,10.555900000000001,2.672267
East Hampshire 002,E02004698,E,4507,390,334,362,493,0.4,0.6,11.5561,2.802293
East Hampshire 003,E02004699,E,8610,745,639,691,942,0.8,1.0,19.168,3.7918399999999997
East Hampshire 004,E02004700,E,4745,410,352,381,519,0.4,0.6,12.1655,2.8815150000000003
East Hampshire 006,E02004702,E,6638,574,493,533,727,0.6,0.8,15.773399999999999,3.350542
East Hampshire 007,E02004703,E,8640,747,641,693,946,0.8,1.0,19.238999999999997,3.80107
East Hampshire 008,E02004704,E,4592,397,341,369,503,0.6,0.8,10.913599999999999,2.718768
East Hampshire 009,E02004705,E,6875,595,510,552,752,0.8,1.0,15.3045,3.289585
East Hampshire 010,E02004706,E,6140,531,456,493,672,0.6,0.8,14.584999999999999,3.19605
East Hampshire 011,E02004707,E,9342,808,693,750,1022,0.8,1.0,20.796599999999998,4.003558
East Hampshire 012,E02004708,E,6982,604,518,560,764,0.6,0.8,16.5786,3.4552180000000003
East Hampshire 013,E02004709,E,5985,517,444,480,655,0.8,1.0,13.322499999999998,3.0319249999999998
East Hampshire 014,E02004710,E,5173,447,384,415,565,0.8,1.0,11.5039,2.7955069999999997
East Hampshire 016,E02006829,E,5305,459,394,426,581,0.8,1.0,11.8185,2.836405
East Hampshire 017,E02006838,E,5341,462,396,429,585,0.8,1.0,11.898299999999999,2.8467789999999997
East Hertfordshire 001,E02004878,E,6004,407,329,326,435,0.8,1.0,9.6882,2.559466
East Hertfordshire 002,E02004879,E,6903,468,379,374,501,0.6,0.8,11.9039,2.8475070000000002
East Hertfordshire 003,E02004880,E,8209,556,450,445,596,0.8,1.0,13.255700000000001,3.0232410000000005
East Hertfordshire 004,E02004881,E,5094,345,280,276,370,0.8,1.0,8.228200000000001,2.3696660000000005
East Hertfordshire 005,E02004882,E,7152,485,392,388,519,0.8,1.0,11.5486,2.801318
East Hertfordshire 006,E02004883,E,5133,348,282,278,372,0.8,1.0,8.2819,2.376647
East Hertfordshire 007,E02004884,E,8790,595,482,477,638,0.6,0.8,15.158000000000001,3.2705400000000004
East Hertfordshire 008,E02004885,E,7874,533,432,427,571,0.8,1.0,12.708200000000001,2.9520660000000003
East Hertfordshire 009,E02004886,E,5036,341,276,273,366,0.6,0.8,8.6878,2.429414
East Hertfordshire 010,E02004887,E,6374,432,350,346,463,0.8,1.0,10.2992,2.638896
East Hertfordshire 011,E02004888,E,7563,512,415,410,549,0.8,1.0,12.2119,2.887547
East Hertfordshire 012,E02004889,E,9414,638,517,511,683,0.8,1.0,15.2022,3.276286
East Hertfordshire 013,E02004890,E,7396,501,406,401,537,0.8,1.0,11.9448,2.852824
East Hertfordshire 014,E02004891,E,6667,452,366,362,484,0.8,1.0,10.7701,2.700113
East Hertfordshire 015,E02004892,E,4975,337,273,270,361,0.6,0.8,8.5795,2.415335
East Hertfordshire 016,E02004893,E,4877,330,268,264,354,0.8,1.0,7.873099999999999,2.3235029999999997
East Hertfordshire 017,E02004894,E,7431,503,408,403,539,0.8,1.0,11.9953,2.859389
East Hertfordshire 018,E02004895,E,8224,557,451,446,597,0.8,1.0,13.2802,3.0264260000000003
East Lindsey 001,E02005424,E,7351,935,823,785,895,0.6,0.8,21.1373,4.047849
East Lindsey 002,E02005425,E,4701,599,527,502,573,0.4,0.6,14.604300000000002,3.1985590000000004
East Lindsey 003,E02005426,E,7148,910,801,763,870,0.2,0.4,25.289,4.58757
East Lindsey 004,E02005427,E,5037,641,564,538,614,0.4,0.6,15.645100000000001,3.333863
East Lindsey 005,E02005428,E,5998,763,672,640,731,0.0,0.2,24.0258,4.423354
East Lindsey 006,E02005429,E,4833,615,542,516,589,0.0,0.2,19.3648,3.817424
East Lindsey 007,E02005430,E,5096,649,571,544,621,0.2,0.4,18.039,3.6450700000000005
East Lindsey 008,E02005431,E,6221,792,697,664,758,0.2,0.4,22.0185,4.162405
East Lindsey 009,E02005432,E,5577,710,625,595,680,0.2,0.4,19.7435,3.8666550000000006
East Lindsey 010,E02005433,E,5244,667,587,560,639,0.0,0.2,21.0044,4.030572
East Lindsey 011,E02005434,E,5248,668,588,560,640,0.4,0.6,16.3024,3.4193119999999997
East Lindsey 012,E02005435,E,5401,687,605,577,658,0.0,0.2,21.6356,4.112628
East Lindsey 013,E02005436,E,5697,725,638,608,694,0.2,0.4,20.1595,3.9207350000000005
East Lindsey 014,E02005437,E,4350,554,487,464,530,0.0,0.2,17.423000000000002,3.5649900000000008
East Lindsey 015,E02005438,E,4777,608,535,510,583,0.0,0.2,19.1472,3.789136
East Lindsey 016,E02005439,E,8342,1062,935,890,1016,0.6,0.8,23.992600000000003,4.4190380000000005
East Lindsey 017,E02005440,E,3981,506,446,425,485,0.0,0.2,15.9436,3.372668
East Lindsey 018,E02005441,E,6218,791,697,664,757,0.2,0.4,22.002,4.16026
East Northamptonshire 001,E02005629,E,5149,386,361,357,424,0.6,0.8,10.2097,2.627261
East Northamptonshire 002,E02005630,E,8953,672,627,620,737,0.8,1.0,16.4909,3.443817
East Northamptonshire 003,E02005631,E,9034,678,633,626,744,0.8,1.0,16.6462,3.4640060000000004
East Northamptonshire 004,E02005632,E,5456,409,382,378,449,0.6,0.8,10.811800000000002,2.705534
East Northamptonshire 005,E02005633,E,7801,585,546,541,642,0.6,0.8,15.4613,3.3099689999999997
East Northamptonshire 006,E02005634,E,7705,578,540,534,634,0.4,0.6,16.439500000000002,3.4371350000000005
East Northamptonshire 007,E02005635,E,7808,586,547,541,643,0.6,0.8,15.4804,3.3124520000000004
East Northamptonshire 008,E02005636,E,10053,754,704,697,827,0.4,0.6,21.4459,4.087967000000001
East Northamptonshire 009,E02005637,E,7496,562,525,519,616,0.2,0.4,18.559,3.71267
East Northamptonshire 010,E02005638,E,8878,666,622,615,731,0.8,1.0,16.3554,3.426202
East Riding of Yorkshire 001,E02002684,E,7229,741,663,678,791,0.4,0.6,19.862700000000004,3.8821510000000004
East Riding of Yorkshire 002,E02002685,E,6023,617,552,565,658,0.4,0.6,16.5349,3.4495370000000003
East Riding of Yorkshire 003,E02002686,E,5898,605,541,553,645,0.0,0.2,20.879800000000003,4.014374
East Riding of Yorkshire 004,E02002687,E,4499,461,413,422,492,0.0,0.2,15.9274,3.3705620000000005
East Riding of Yorkshire 005,E02002688,E,4224,433,387,396,462,0.0,0.2,14.950400000000002,3.243552
East Riding of Yorkshire 006,E02002689,E,4395,451,403,412,481,0.2,0.4,13.8185,3.096405
East Riding of Yorkshire 008,E02002691,E,6023,618,553,565,658,0.6,0.8,15.317900000000002,3.2913270000000003
East Riding of Yorkshire 009,E02002692,E,6570,674,603,616,718,0.8,1.0,15.503,3.31539
East Riding of Yorkshire 010,E02002693,E,5106,523,468,479,559,0.6,0.8,12.9938,2.9891940000000004
East Riding of Yorkshire 011,E02002694,E,8164,837,749,766,892,0.6,0.8,20.761200000000002,3.9989560000000006
East Riding of Yorkshire 012,E02002695,E,6043,620,554,567,660,0.4,0.6,16.590899999999998,3.456817
East Riding of Yorkshire 013,E02002696,E,4483,460,411,420,490,0.8,1.0,10.5769,2.6749970000000003
East Riding of Yorkshire 014,E02002697,E,5665,581,520,531,620,0.6,0.8,14.4165,3.174145
East Riding of Yorkshire 015,E02002698,E,5660,580,519,531,618,0.8,1.0,13.349,3.0353700000000003
East Riding of Yorkshire 016,E02002699,E,7044,722,646,661,770,0.8,1.0,16.624200000000002,3.4611460000000003
East Riding of Yorkshire 017,E02002700,E,4706,483,432,441,515,0.2,0.4,14.797,3.22361
East Riding of Yorkshire 018,E02002701,E,6371,653,585,598,696,0.6,0.8,16.2033,3.406429
East Riding of Yorkshire 019,E02002702,E,7310,749,670,685,799,0.6,0.8,18.585,3.71605
East Riding of Yorkshire 020,E02002703,E,6864,704,629,644,751,0.8,1.0,16.2062,3.4068059999999996
East Riding of Yorkshire 021,E02002704,E,5403,554,496,507,591,0.4,0.6,14.846900000000002,3.230097
East Riding of Yorkshire 022,E02002705,E,4722,484,433,443,517,0.6,0.8,12.0186,2.862418
East Riding of Yorkshire 023,E02002706,E,5154,528,473,483,563,0.6,0.8,13.1022,3.003286
East Riding of Yorkshire 024,E02002707,E,5683,583,521,533,622,0.8,1.0,13.419899999999998,3.044587
East Riding of Yorkshire 025,E02002708,E,5314,545,487,498,580,0.6,0.8,13.5022,3.055286
East Riding of Yorkshire 026,E02002709,E,5623,576,516,527,614,0.6,0.8,14.2919,3.157947
East Riding of Yorkshire 027,E02002710,E,5632,578,517,528,616,0.8,1.0,13.2956,3.028428
East Riding of Yorkshire 028,E02002711,E,5659,580,519,531,618,0.8,1.0,13.348700000000001,3.0353310000000002
East Riding of Yorkshire 029,E02002712,E,5603,575,514,526,612,0.6,0.8,14.248899999999999,3.1523570000000003
East Riding of Yorkshire 031,E02002714,E,5750,590,527,539,629,0.4,0.6,15.795,3.35335
East Riding of Yorkshire 032,E02002715,E,9304,954,854,873,1017,0.8,1.0,21.959200000000003,4.154696
East Riding of Yorkshire 033,E02002716,E,6394,656,586,600,699,0.4,0.6,17.562199999999997,3.5830859999999998
East Riding of Yorkshire 034,E02002717,E,5675,582,521,532,620,0.4,0.6,15.5825,3.3257250000000003
East Riding of Yorkshire 035,E02002718,E,5853,600,537,549,640,0.8,1.0,13.8149,3.095937
East Riding of Yorkshire 036,E02002719,E,4421,453,405,415,483,0.8,1.0,10.430299999999999,2.655939
East Riding of Yorkshire 037,E02002720,E,5220,535,479,489,570,0.8,1.0,12.309,2.90017
East Riding of Yorkshire 038,E02002721,E,4760,488,437,446,521,0.4,0.6,13.08,3.0004
East Riding of Yorkshire 039,E02002722,E,6526,669,598,612,713,0.0,0.2,23.090600000000002,4.3017780000000005
East Riding of Yorkshire 040,E02002723,E,6297,646,578,591,688,0.4,0.6,17.2951,3.548363
East Riding of Yorkshire 041,E02002724,E,6559,672,601,615,717,0.2,0.4,20.6085,3.9791049999999997
East Riding of Yorkshire 042,E02002725,E,4924,505,452,462,538,0.6,0.8,12.5232,2.928016
East Riding of Yorkshire 043,E02006814,E,6179,634,567,580,675,0.6,0.8,15.7147,3.342911
East Riding of Yorkshire 044,E02006891,E,5577,572,512,523,610,0.8,1.0,13.1661,3.0115930000000004
East Riding of Yorkshire 045,E02006892,E,4830,495,443,453,528,0.4,0.6,13.265,3.02445
East Staffordshire 001,E02006131,E,6744,486,410,394,503,0.6,0.8,12.1382,2.877966
East Staffordshire 002,E02006132,E,5334,385,324,311,398,0.4,0.6,10.3082,2.640066
East Staffordshire 003,E02006133,E,5929,428,360,346,443,0.6,0.8,10.6777,2.688101
East Staffordshire 004,E02006134,E,7885,569,479,461,589,0.8,1.0,13.2455,3.021915
East Staffordshire 005,E02006135,E,6756,487,410,394,504,0.8,1.0,11.3348,2.773524
East Staffordshire 006,E02006136,E,7441,537,452,435,555,0.6,0.8,13.394300000000001,3.041259
East Staffordshire 007,E02006137,E,7531,543,458,440,562,0.2,0.4,17.0505,3.516565
East Staffordshire 008,E02006138,E,5337,385,324,312,398,0.0,0.2,13.7072,3.0819360000000002
East Staffordshire 009,E02006139,E,6077,438,369,355,454,0.2,0.4,13.7615,3.088995
East Staffordshire 010,E02006140,E,7286,525,443,425,544,0.4,0.6,14.0858,3.1311540000000004
East Staffordshire 011,E02006141,E,8890,641,540,519,663,0.0,0.2,22.828,4.26764
East Staffordshire 012,E02006142,E,4632,334,282,271,346,0.8,1.0,7.7826,2.311738
East Staffordshire 013,E02006143,E,6223,449,378,363,465,0.6,0.8,11.206900000000001,2.7568970000000004
East Staffordshire 014,E02006144,E,6865,495,417,401,512,0.0,0.2,17.630000000000003,3.5919000000000008
East Staffordshire 015,E02006145,E,4813,347,292,281,359,0.8,1.0,8.0759,2.349867
Eastbourne 001,E02004356,E,5807,497,453,497,700,0.0,0.2,20.1132,3.9147160000000003
Eastbourne 002,E02004357,E,5964,510,465,511,719,0.2,0.4,18.577,3.7150100000000004
Eastbourne 003,E02004358,E,6028,516,470,516,726,0.2,0.4,18.766,3.73958
Eastbourne 004,E02004359,E,6152,526,480,527,741,0.2,0.4,19.155,3.7901500000000006
Eastbourne 006,E02004361,E,6188,529,483,530,745,0.6,0.8,15.691400000000002,3.3398820000000002
Eastbourne 007,E02004362,E,6762,578,527,579,815,0.4,0.6,18.546599999999998,3.7110579999999995
Eastbourne 008,E02004363,E,5215,446,407,447,628,0.4,0.6,14.302500000000002,3.1593250000000004
Eastbourne 009,E02004364,E,6367,545,497,545,766,0.6,0.8,16.1391,3.3980829999999997
Eastbourne 010,E02004365,E,5751,492,449,493,693,0.0,0.2,19.922600000000003,3.889938000000001
Eastbourne 011,E02004366,E,5349,457,417,458,644,0.2,0.4,16.6475,3.464175
Eastbourne 012,E02004367,E,5482,469,427,469,660,0.8,1.0,13.0416,2.9954080000000003
Eastbourne 013,E02006857,E,6589,564,514,564,794,0.4,0.6,18.0727,3.649451
Eastbourne 014,E02006858,E,5402,462,421,463,651,0.4,0.6,14.8186,3.226418
Eastleigh 001,E02004712,E,7733,536,462,457,607,0.8,1.0,13.277899999999999,3.026127
Eastleigh 002,E02004713,E,6894,478,411,408,541,0.8,1.0,11.8372,2.8388359999999997
Eastleigh 003,E02004714,E,6772,469,404,400,532,0.8,1.0,11.6296,2.8118480000000003
Eastleigh 004,E02004715,E,7081,491,422,419,556,0.6,0.8,13.0053,2.990689
Eastleigh 005,E02004716,E,7748,537,462,458,609,0.6,0.8,14.2354,3.150602
Eastleigh 006,E02004717,E,8509,590,508,503,668,0.4,0.6,16.7987,3.4838310000000003
Eastleigh 007,E02004718,E,7806,541,466,462,613,0.4,0.6,15.415799999999999,3.304054
Eastleigh 008,E02004719,E,8857,614,529,524,696,0.8,1.0,15.219100000000001,3.2784830000000005
Eastleigh 009,E02004720,E,9458,655,564,559,742,0.8,1.0,16.2324,3.4102119999999996
Eastleigh 010,E02004721,E,8116,562,484,480,637,0.8,1.0,13.9338,3.1113939999999998
Eastleigh 011,E02004722,E,6345,440,379,375,498,0.6,0.8,11.6525,2.814825
Eastleigh 012,E02004723,E,8277,574,494,489,650,0.8,1.0,14.214099999999998,3.147833
Eastleigh 013,E02004724,E,6735,467,402,398,528,0.4,0.6,13.2865,3.027245
Eastleigh 014,E02004725,E,4687,325,280,277,368,0.6,0.8,8.609100000000002,2.4191830000000003
Eastleigh 015,E02004726,E,5010,347,299,296,393,0.8,1.0,8.597999999999999,2.4177400000000002
Eden 001,E02004008,E,4622,517,460,423,525,0.4,0.6,13.098600000000001,3.0028180000000004
Eden 002,E02004009,E,4394,492,437,402,499,0.6,0.8,11.549199999999999,2.801396
Eden 003,E02004010,E,5147,576,512,471,585,0.2,0.4,16.6665,3.4666449999999998
Eden 004,E02004011,E,7096,794,706,649,806,0.8,1.0,17.2398,3.541174
Eden 005,E02004012,E,4094,458,407,375,465,0.4,0.6,11.6022,2.808286
Eden 006,E02004013,E,7158,801,712,655,814,0.4,0.6,20.2954,3.938402
Eden 007,E02004014,E,5485,614,546,502,624,0.4,0.6,15.557500000000001,3.322475
Elmbridge 001,E02006317,E,5036,320,273,275,417,0.8,1.0,8.6588,2.425644
Elmbridge 002,E02006318,E,5310,337,288,290,440,0.8,1.0,9.133,2.48729
Elmbridge 003,E02006319,E,5650,359,306,309,468,0.6,0.8,10.33,2.6429
Elmbridge 004,E02006320,E,5454,347,296,298,452,0.4,0.6,10.7262,2.694406
Elmbridge 005,E02006321,E,5285,336,286,289,437,0.8,1.0,9.0815,2.480595
Elmbridge 006,E02006322,E,5313,338,288,291,441,0.8,1.0,9.151900000000001,2.4897470000000004
Elmbridge 007,E02006323,E,5690,362,308,311,472,0.8,1.0,9.794,2.57322
Elmbridge 008,E02006324,E,6225,396,337,340,516,0.8,1.0,10.709499999999998,2.692235
Elmbridge 009,E02006325,E,7495,476,406,410,621,0.8,1.0,12.8935,2.9761550000000003
Elmbridge 010,E02006326,E,5470,348,296,299,453,0.8,1.0,9.407,2.52291
Elmbridge 011,E02006327,E,5323,338,288,291,441,0.8,1.0,9.154900000000001,2.4901370000000003
Elmbridge 012,E02006328,E,7497,476,406,410,621,0.8,1.0,12.8941,2.976233
Elmbridge 013,E02006329,E,5650,359,306,309,468,0.8,1.0,9.718,2.56334
Elmbridge 014,E02006330,E,7786,495,422,426,645,0.6,0.8,14.2388,3.1510439999999997
Elmbridge 015,E02006331,E,6005,382,325,328,497,0.8,1.0,10.3225,2.641925
Elmbridge 016,E02006332,E,5447,346,295,298,452,0.8,1.0,9.3781,2.519153
Elmbridge 017,E02006333,E,7950,505,431,435,659,0.6,0.8,14.543,3.1905900000000003
Elmbridge 018,E02006334,E,7070,449,383,387,586,0.8,1.0,12.166,2.8815800000000005
Enfield 001,E02000277,E,6517,333,255,222,326,0.2,0.4,10.743500000000001,2.6966550000000002
Enfield 002,E02000278,E,8134,416,319,277,407,0.0,0.2,15.378400000000001,3.2991920000000006
Enfield 003,E02000279,E,10393,532,407,354,520,0.0,0.2,19.6488,3.854344
Enfield 004,E02000280,E,7836,401,307,267,392,0.4,0.6,10.6868,2.689284
Enfield 005,E02000281,E,8132,416,319,277,407,0.2,0.4,13.413,3.0436900000000002
Enfield 006,E02000282,E,8390,429,329,286,420,0.0,0.2,15.866,3.3625800000000003
Enfield 007,E02000283,E,7750,397,304,264,388,0.2,0.4,12.786000000000001,2.96218
Enfield 008,E02000284,E,7546,386,296,257,378,0.4,0.6,10.2978,2.6387140000000002
Enfield 009,E02000285,E,6070,311,238,207,304,0.6,0.8,7.773999999999999,2.31062
Enfield 010,E02000286,E,7508,384,294,256,376,0.4,0.6,10.2444,2.6317720000000002
Enfield 011,E02000287,E,6280,321,246,214,314,0.6,0.8,8.033999999999999,2.34442
Enfield 012,E02000288,E,9655,494,378,329,483,0.0,0.2,18.252,3.6727600000000002
Enfield 013,E02000289,E,6043,309,237,206,303,0.6,0.8,7.741899999999999,2.306447
Enfield 014,E02000290,E,6664,341,261,227,334,0.0,0.2,12.6054,2.938702
Enfield 015,E02000291,E,8213,420,322,280,411,0.2,0.4,13.5465,3.061045
Enfield 016,E02000292,E,8759,448,343,299,439,0.4,0.6,11.957699999999999,2.854501
Enfield 017,E02000293,E,5805,297,227,198,291,0.6,0.8,7.4345,2.2664850000000003
Enfield 018,E02000294,E,8172,418,320,278,409,0.2,0.4,13.474,3.05162
Enfield 019,E02000295,E,7707,394,302,263,386,0.6,0.8,9.8691,2.582983
Enfield 020,E02000296,E,8776,449,344,299,439,0.4,0.6,11.968800000000002,2.855944
Enfield 021,E02000297,E,8559,438,335,292,429,0.6,0.8,10.9627,2.7251510000000003
Enfield 022,E02000298,E,7338,375,288,250,368,0.8,1.0,8.8254,2.447302
Enfield 023,E02000299,E,8572,438,336,292,429,0.0,0.2,16.205199999999998,3.406676
Enfield 024,E02000300,E,7507,384,294,256,376,0.2,0.4,12.3855,2.9101150000000002
Enfield 025,E02000301,E,9267,474,363,316,464,0.0,0.2,17.5252,3.5782760000000007
Enfield 026,E02000302,E,7663,392,300,261,384,0.4,0.6,10.456900000000001,2.6593970000000002
Enfield 027,E02000303,E,7723,395,303,263,386,0.0,0.2,14.5968,3.197584
Enfield 028,E02000304,E,7443,381,292,254,372,0.8,1.0,8.9409,2.4623169999999996
Enfield 029,E02000305,E,7943,406,311,271,398,0.4,0.6,10.840900000000001,2.7093170000000004
Enfield 030,E02000306,E,8420,431,330,287,421,0.0,0.2,15.918000000000003,3.3693400000000002
Enfield 031,E02000307,E,9086,465,356,310,455,0.2,0.4,14.992,3.2489600000000003
Enfield 032,E02000308,E,7119,364,279,243,356,0.2,0.4,11.7405,2.8262650000000002
Enfield 033,E02000309,E,9655,494,378,329,483,0.0,0.2,18.252,3.6727600000000002
Enfield 035,E02000311,E,9086,465,356,310,455,0.2,0.4,14.992,3.2489600000000003
Enfield 036,E02000312,E,9636,493,378,328,482,0.4,0.6,13.140799999999999,3.008304
Enfield 037,E02006793,E,8199,419,321,279,411,0.0,0.2,15.5044,3.3155720000000004
Epping Forest 001,E02004527,E,7394,509,428,425,582,0.6,0.8,13.4752,3.0517760000000003
Epping Forest 002,E02004528,E,6887,474,398,396,542,0.6,0.8,12.5481,2.931253
Epping Forest 003,E02004529,E,5669,390,328,326,446,0.2,0.4,12.950500000000002,2.9835650000000005
Epping Forest 004,E02004530,E,5355,369,310,308,422,0.6,0.8,9.7665,2.5696450000000004
Epping Forest 005,E02004531,E,5344,368,309,308,420,0.6,0.8,9.735199999999999,2.565576
Epping Forest 006,E02004532,E,5304,365,307,305,418,0.6,0.8,9.6722,2.557386
Epping Forest 007,E02004533,E,6132,422,355,353,482,0.2,0.4,14.007000000000001,3.1209100000000003
Epping Forest 008,E02004534,E,7504,517,434,432,591,0.4,0.6,14.705200000000001,3.211676
Epping Forest 009,E02004535,E,4486,309,259,258,353,0.2,0.4,10.248,2.63224
Epping Forest 010,E02004536,E,5206,358,301,300,410,0.8,1.0,8.8898,2.455674
Epping Forest 011,E02004537,E,7326,504,424,422,577,0.2,0.4,16.749000000000002,3.4773700000000005
Epping Forest 012,E02004538,E,7687,529,445,442,605,0.8,1.0,13.1191,3.005483
Epping Forest 013,E02004539,E,6523,449,377,375,513,0.4,0.6,12.768899999999999,2.959957
Epping Forest 014,E02004540,E,5118,352,296,294,402,0.8,1.0,8.7234,2.434042
Epping Forest 015,E02004541,E,9751,671,564,561,767,0.8,1.0,16.6373,3.4628490000000003
Epping Forest 016,E02004542,E,5455,376,316,314,430,0.8,1.0,9.3205,2.511665
Epping Forest 017,E02004543,E,5673,391,328,326,446,0.6,0.8,10.331900000000001,2.643147
Epsom and Ewell 001,E02006335,E,6899,411,362,371,505,0.8,1.0,11.0257,2.7333410000000002
Epsom and Ewell 002,E02006336,E,5987,356,314,322,439,0.6,0.8,10.2031,2.626403
Epsom and Ewell 003,E02006337,E,7699,458,404,414,564,0.8,1.0,12.3077,2.9000010000000005
Epsom and Ewell 004,E02006338,E,5996,357,314,322,439,0.8,1.0,9.5798,2.5453740000000002
Epsom and Ewell 005,E02006339,E,7900,470,414,425,578,0.6,0.8,13.449,3.0483700000000002
Epsom and Ewell 007,E02006341,E,8374,498,439,450,613,0.6,0.8,14.257200000000001,3.153436
Epsom and Ewell 008,E02006342,E,6355,378,333,342,465,0.8,1.0,10.1535,2.619955
Epsom and Ewell 009,E02006343,E,7651,455,401,412,560,0.8,1.0,12.2273,2.889549
Epsom and Ewell 010,E02006837,E,9292,553,487,500,681,0.8,1.0,14.8586,3.231618
Erewash 001,E02004078,E,5888,414,360,367,488,0.0,0.2,15.8278,3.357614
Erewash 003,E02004080,E,7738,544,473,483,641,0.2,0.4,18.466,3.7005800000000004
Erewash 004,E02004081,E,4711,331,288,294,390,0.8,1.0,8.4113,2.393469
Erewash 005,E02004082,E,5192,365,318,324,430,0.8,1.0,9.2736,2.5055680000000002
Erewash 006,E02004083,E,6391,450,391,399,530,0.4,0.6,13.1353,3.0075890000000003
Erewash 007,E02004084,E,5120,360,313,319,424,0.0,0.2,13.758,3.08854
Erewash 008,E02004085,E,7156,503,438,446,594,0.4,0.6,14.7088,3.2121440000000003
Erewash 009,E02004086,E,6041,425,370,377,501,0.6,0.8,11.5383,2.799979
Erewash 010,E02004087,E,6439,453,394,402,534,0.2,0.4,15.3765,3.298945
Erewash 011,E02004088,E,6272,441,384,391,519,0.8,1.0,11.195599999999999,2.755428
Erewash 012,E02004089,E,5525,389,338,345,458,0.2,0.4,13.1925,3.0150250000000005
Erewash 013,E02004090,E,5059,356,309,315,419,0.6,0.8,9.6497,2.554461
Erewash 014,E02004091,E,7321,515,448,457,606,0.6,0.8,13.9693,3.116009
Erewash 015,E02004092,E,7873,554,482,491,652,0.4,0.6,16.1679,3.401827
Erewash 016,E02006828,E,5599,394,343,349,464,0.6,0.8,10.6887,2.689531
Exeter 001,E02004149,E,8621,452,402,396,535,0.8,1.0,12.1593,2.8807090000000004
Exeter 002,E02004150,E,6524,342,304,299,405,0.2,0.4,12.457,2.91941
Exeter 003,E02004151,E,7606,399,354,349,472,0.4,0.6,12.2538,2.892994
Exeter 004,E02004152,E,8050,422,375,369,499,0.6,0.8,12.093,2.87209
Exeter 005,E02004153,E,7215,379,336,331,448,0.4,0.6,11.6285,2.811705
Exeter 006,E02004154,E,7813,410,364,358,484,0.6,0.8,11.733899999999998,2.8254070000000002
Exeter 007,E02004155,E,7224,379,336,331,448,0.4,0.6,11.6312,2.812056
Exeter 008,E02004156,E,9161,481,427,420,568,0.2,0.4,17.4875,3.5733750000000004
Exeter 009,E02004157,E,6298,330,293,289,391,0.8,1.0,8.8814,2.4545820000000003
Exeter 010,E02004158,E,7480,392,348,343,464,0.4,0.6,12.046000000000001,2.8659800000000004
Exeter 011,E02004159,E,8897,467,414,408,552,0.8,1.0,12.5431,2.9306030000000005
Exeter 012,E02004160,E,6859,360,319,315,425,0.6,0.8,10.3037,2.639481
Exeter 013,E02004161,E,7625,400,355,350,472,0.2,0.4,14.5465,3.191045
Exeter 014,E02004162,E,6909,363,322,317,429,0.6,0.8,10.390699999999999,2.650791
Exeter 015,E02004163,E,6299,331,293,289,391,0.6,0.8,9.4697,2.5310610000000002
Fareham 001,E02004727,E,7142,607,522,553,770,0.8,1.0,15.6356,3.3326279999999997
Fareham 002,E02004728,E,6784,576,496,525,732,0.8,1.0,14.8562,3.231306
Fareham 003,E02004729,E,5866,498,429,454,633,0.6,0.8,13.704799999999999,3.0816239999999997
Fareham 004,E02004730,E,6928,589,506,537,747,0.8,1.0,15.170399999999999,3.272152
Fareham 005,E02004731,E,6262,532,458,485,675,0.8,1.0,13.7086,3.0821180000000004
Fareham 006,E02004732,E,6474,550,473,501,698,0.8,1.0,14.171199999999999,3.1422559999999997
Fareham 007,E02004733,E,5836,496,427,452,630,0.6,0.8,13.6408,3.0733040000000003
Fareham 008,E02004734,E,8087,687,591,626,872,0.6,0.8,18.8861,3.7551930000000002
Fareham 009,E02004735,E,5958,506,435,462,643,0.8,1.0,13.052399999999999,2.9968120000000003
Fareham 010,E02004736,E,6220,528,455,482,671,0.8,1.0,13.623000000000001,3.07099
Fareham 011,E02004737,E,5889,500,430,456,635,0.4,0.6,14.8427,3.2295510000000003
Fareham 012,E02004738,E,5836,496,426,452,629,0.6,0.8,13.625799999999998,3.071354
Fareham 013,E02004739,E,5475,465,400,424,591,0.8,1.0,11.993500000000001,2.8591550000000003
Fareham 014,E02004740,E,5681,483,415,440,613,0.8,1.0,12.4433,2.9176290000000003
Fenland 001,E02003742,E,5441,427,396,392,493,0.2,0.4,14.2455,3.151915
Fenland 002,E02003743,E,8781,688,639,633,795,0.0,0.2,25.8746,4.663698
Fenland 003,E02003744,E,10935,857,796,789,990,0.0,0.2,32.229,5.48977
Fenland 004,E02003745,E,8364,656,609,603,757,0.2,0.4,21.891,4.14583
Fenland 005,E02003746,E,6763,530,492,488,613,0.2,0.4,17.7115,3.6024950000000002
Fenland 006,E02003747,E,9663,758,703,697,875,0.4,0.6,21.908900000000003,4.148157
Fenland 007,E02003748,E,6411,503,467,463,581,0.2,0.4,16.7955,3.483415
Fenland 008,E02003749,E,5177,406,377,373,469,0.4,0.6,11.7391,2.826083
Fenland 009,E02003750,E,6071,476,442,438,549,0.4,0.6,13.7573,3.088449
Fenland 010,E02003751,E,5593,439,407,403,507,0.6,0.8,11.7759,2.830867
Fenland 011,E02003752,E,9022,707,657,651,817,0.4,0.6,20.4586,3.959618
Forest Heath 001,E02006238,E,8019,561,509,540,731,0.4,0.6,17.5757,3.584841
Forest Heath 002,E02006239,E,5457,382,347,368,497,0.6,0.8,11.0961,2.742493
Forest Heath 003,E02006240,E,7222,505,459,487,658,0.4,0.6,15.8306,3.357978
Forest Heath 004,E02006241,E,7229,506,459,487,659,0.4,0.6,15.846700000000002,3.3600710000000005
Forest Heath 005,E02006242,E,6334,443,402,427,577,0.6,0.8,12.876199999999999,2.973906
Forest Heath 006,E02006243,E,7487,524,475,504,682,0.4,0.6,16.4021,3.4322730000000004
Forest Heath 008,E02006826,E,7971,558,506,537,727,0.6,0.8,16.2133,3.407729
Forest of Dean 001,E02004626,E,7993,755,678,652,752,0.4,0.6,19.5559,3.8422670000000005
Forest of Dean 002,E02004627,E,4419,417,375,361,416,0.4,0.6,10.817699999999999,2.706301
Forest of Dean 003,E02004628,E,6409,605,544,523,604,0.4,0.6,15.694700000000001,3.340311
Forest of Dean 004,E02004629,E,10127,957,859,826,953,0.2,0.4,28.5885,5.016505
Forest of Dean 005,E02004630,E,5414,512,460,442,510,0.4,0.6,13.260200000000001,3.0238260000000006
Forest of Dean 006,E02004631,E,4136,391,351,338,389,0.6,0.8,9.3958,2.5214540000000003
Forest of Dean 007,E02004632,E,8268,781,702,675,779,0.4,0.6,20.248400000000004,3.9322920000000003
Forest of Dean 008,E02004633,E,6745,637,573,551,636,0.4,0.6,16.527500000000003,3.448575000000001
Forest of Dean 009,E02004634,E,8251,780,700,674,777,0.4,0.6,20.2033,3.9264289999999997
Forest of Dean 010,E02004635,E,5926,560,503,484,559,0.6,0.8,13.4788,3.052244
Fylde 001,E02005203,E,5605,607,534,553,714,0.6,0.8,15.6505,3.3345650000000004
Fylde 002,E02005204,E,8080,875,769,798,1029,0.6,0.8,22.558999999999997,4.23267
Fylde 003,E02005205,E,5371,582,511,530,684,0.6,0.8,14.9933,3.249129
Fylde 004,E02005206,E,5338,578,508,527,680,0.4,0.6,16.1114,3.394482
Fylde 005,E02005207,E,6310,683,601,623,803,0.6,0.8,17.611,3.58943
Fylde 006,E02005208,E,7794,844,742,770,993,0.2,0.4,26.703,4.77139
Fylde 007,E02005209,E,6121,663,583,604,780,0.6,0.8,17.0943,3.522259
Fylde 008,E02005210,E,8015,868,763,791,1021,0.6,0.8,22.378500000000003,4.209205000000001
Fylde 009,E02005211,E,6694,725,637,661,853,0.6,0.8,18.6942,3.730246
Gateshead 001,E02001682,E,6285,459,374,366,466,0.4,0.6,12.0875,2.8713750000000005
Gateshead 002,E02001683,E,7311,534,435,425,543,0.6,0.8,13.0993,3.002909
Gateshead 003,E02001684,E,5497,401,327,320,408,0.0,0.2,14.074200000000001,3.129646
Gateshead 004,E02001685,E,6608,483,393,385,490,0.0,0.2,16.919800000000002,3.499574
Gateshead 005,E02001686,E,5681,415,338,331,422,0.4,0.6,10.9363,2.721719
Gateshead 007,E02001688,E,6184,452,368,360,459,0.0,0.2,15.8384,3.3589919999999998
Gateshead 008,E02001689,E,6596,482,392,384,490,0.0,0.2,16.8956,3.4964280000000008
Gateshead 009,E02001690,E,6065,443,361,353,450,0.4,0.6,11.6675,2.8167750000000003
Gateshead 010,E02001691,E,6665,487,396,388,495,0.0,0.2,17.070000000000004,3.519100000000001
Gateshead 011,E02001692,E,5133,375,305,299,381,0.0,0.2,13.1448,3.008824
Gateshead 012,E02001693,E,4492,328,267,261,333,0.0,0.2,11.4932,2.794116
Gateshead 013,E02001694,E,5253,384,312,306,390,0.4,0.6,10.1079,2.614027
Gateshead 014,E02001695,E,5079,371,302,296,377,0.4,0.6,9.7737,2.570581
Gateshead 015,E02001696,E,7524,550,447,438,559,0.0,0.2,19.273400000000002,3.805542000000001
Gateshead 016,E02001697,E,6261,457,372,364,464,0.6,0.8,11.2043,2.756559
Gateshead 017,E02001698,E,5820,425,346,339,432,0.8,1.0,9.735,2.56555
Gateshead 018,E02001699,E,5584,408,332,325,415,0.0,0.2,14.3054,3.1597020000000002
Gateshead 019,E02001700,E,8487,620,505,494,630,0.4,0.6,16.3301,3.4229130000000003
Gateshead 020,E02001701,E,5058,370,301,294,375,0.8,1.0,8.4544,2.3990720000000003
Gateshead 021,E02001702,E,6447,471,383,375,478,0.0,0.2,16.499200000000002,3.444896
Gateshead 022,E02001703,E,4564,333,271,266,339,0.4,0.6,8.7832,2.441816
Gateshead 023,E02001704,E,5728,418,341,333,425,0.0,0.2,14.6628,3.2061640000000002
Gateshead 024,E02001705,E,5639,412,335,328,418,0.2,0.4,12.7075,2.951975
Gateshead 025,E02001706,E,5325,389,317,310,395,0.2,0.4,12.0075,2.860975
Gateshead 026,E02001707,E,6696,489,398,390,497,0.2,0.4,15.101,3.2631300000000003
Gateshead 027,E02006841,E,5992,438,356,349,444,0.0,0.2,15.336200000000002,3.2937060000000002
Gateshead 028,E02006842,E,4263,312,254,248,317,0.2,0.4,9.6235,2.551055
Gedling 001,E02005865,E,6680,494,443,428,518,0.8,1.0,11.716000000000001,2.82308
Gedling 002,E02005866,E,7536,557,500,483,585,0.6,0.8,14.2248,3.1492240000000002
Gedling 004,E02005868,E,5431,402,360,348,421,0.4,0.6,11.013300000000001,2.7317290000000005
Gedling 005,E02005869,E,4915,364,326,315,382,0.2,0.4,11.642500000000002,2.8135250000000003
Gedling 006,E02005870,E,5555,411,368,356,431,0.2,0.4,13.1465,3.009045
Gedling 007,E02005871,E,6005,444,398,385,466,0.8,1.0,10.5365,2.669745
Gedling 008,E02005872,E,4865,360,323,312,378,0.8,1.0,8.5435,2.410655
Gedling 009,E02005873,E,8450,625,560,541,656,0.8,1.0,14.826,3.22738
Gedling 010,E02005874,E,7059,522,468,452,548,0.8,1.0,12.3857,2.9101410000000003
Gedling 011,E02005875,E,6073,449,403,389,471,0.6,0.8,11.4579,2.789527
Gedling 012,E02005876,E,7623,564,506,489,592,0.6,0.8,14.395900000000001,3.1714670000000003
Gedling 013,E02005877,E,6205,459,411,397,481,0.4,0.6,12.5775,2.9350750000000003
Gedling 014,E02005878,E,8041,595,533,515,624,0.4,0.6,16.3123,3.420599
Gedling 015,E02005879,E,6229,461,413,399,483,0.2,0.4,14.738500000000002,3.2160050000000004
Gedling 016,E02006835,E,4955,366,328,317,384,0.4,0.6,10.040500000000002,2.605265
Gloucester 001,E02004636,E,7185,458,368,356,477,0.8,1.0,10.8345,2.708485
Gloucester 002,E02004637,E,7879,502,404,391,524,0.2,0.4,16.0865,3.3912450000000005
Gloucester 003,E02004638,E,5136,327,263,255,341,0.6,0.8,8.2728,2.375464
Gloucester 004,E02004639,E,7305,465,375,362,485,0.0,0.2,16.937,3.50181
Gloucester 005,E02004640,E,6974,444,358,346,464,0.0,0.2,16.184400000000004,3.4039720000000004
Gloucester 006,E02004641,E,6464,412,331,321,430,0.8,1.0,9.760200000000001,2.5688260000000005
Gloucester 007,E02004642,E,10556,673,541,524,702,0.4,0.6,18.244799999999998,3.671824
Gloucester 008,E02004643,E,6948,443,356,345,462,0.0,0.2,16.1228,3.395964
Gloucester 009,E02004644,E,7736,493,397,384,514,0.2,0.4,15.791,3.35283
Gloucester 010,E02004645,E,8438,537,432,418,561,0.8,1.0,12.7304,2.954952
Gloucester 011,E02004646,E,7555,481,387,375,502,0.0,0.2,17.522000000000002,3.5778600000000003
Gloucester 012,E02004647,E,5234,334,268,260,348,0.2,0.4,10.687000000000001,2.6893100000000003
Gloucester 013,E02004648,E,5190,331,266,257,345,0.4,0.6,8.965,2.46545
Gloucester 014,E02004649,E,6309,402,323,313,419,0.8,1.0,9.5167,2.537171
Gloucester 015,E02004650,E,9263,590,475,460,615,0.6,0.8,14.9239,3.240107
Gosport 001,E02004741,E,6144,501,409,423,498,0.2,0.4,15.148,3.26924
Gosport 002,E02004742,E,5939,484,395,409,481,0.2,0.4,14.6365,3.202745
Gosport 003,E02004743,E,6046,493,402,416,491,0.6,0.8,11.8888,2.8455440000000003
Gosport 004,E02004744,E,6866,560,457,472,557,0.0,0.2,19.192600000000002,3.795038000000001
Gosport 005,E02004745,E,7150,583,476,492,580,0.2,0.4,17.632,3.5921600000000007
Gosport 006,E02004746,E,8606,702,573,592,698,0.8,1.0,15.7698,3.350074
Gosport 007,E02004747,E,5222,426,348,359,424,0.4,0.6,11.0526,2.736838
Gosport 008,E02004748,E,7602,620,506,523,617,0.0,0.2,21.2562,4.063306
Gosport 009,E02004749,E,5664,462,377,390,460,0.8,1.0,10.3872,2.6503360000000002
Gosport 010,E02004750,E,6227,508,414,428,505,0.6,0.8,12.235100000000001,2.890563
Gravesham 001,E02005055,E,6729,416,340,327,441,0.2,0.4,13.5535,3.061955
Gravesham 002,E02005056,E,8644,534,437,420,566,0.2,0.4,17.404,3.56252
Gravesham 003,E02005057,E,9148,565,463,445,598,0.2,0.4,18.412,3.6935599999999997
Gravesham 004,E02005058,E,6655,411,337,323,435,0.2,0.4,13.389499999999998,3.040635
Gravesham 005,E02005059,E,8542,528,432,415,559,0.6,0.8,13.5706,3.064178
Gravesham 006,E02005060,E,6348,392,321,309,415,0.4,0.6,10.8064,2.704832
Gravesham 007,E02005061,E,6147,379,311,299,402,0.0,0.2,14.0552,3.127176
Gravesham 008,E02005062,E,6021,372,305,293,394,0.4,0.6,10.2563,2.633319
Gravesham 009,E02005063,E,5695,352,288,277,373,0.4,0.6,9.7025,2.561325
Gravesham 010,E02005064,E,5753,355,291,280,376,0.6,0.8,9.1359,2.487667
Gravesham 011,E02005065,E,6226,385,315,303,407,0.2,0.4,12.533,2.92929
Gravesham 012,E02005066,E,6720,415,340,327,439,0.8,1.0,9.99,2.5987
Gravesham 013,E02005067,E,5087,314,257,247,332,0.6,0.8,8.0691,2.3489830000000005
Great Yarmouth 001,E02005538,E,7029,642,576,572,712,0.2,0.4,20.2925,3.9380250000000006
Great Yarmouth 002,E02005539,E,5816,532,477,473,590,0.4,0.6,14.6348,3.2025240000000004
Great Yarmouth 003,E02005540,E,6998,639,574,569,709,0.4,0.6,17.5954,3.587402
Great Yarmouth 004,E02005541,E,4687,428,384,381,475,0.0,0.2,15.2392,3.2810960000000002
Great Yarmouth 005,E02005542,E,5292,484,434,431,537,0.0,0.2,17.2262,3.5394059999999996
Great Yarmouth 006,E02005543,E,6693,612,549,544,678,0.0,0.2,21.7648,4.129424
Great Yarmouth 007,E02005544,E,5500,503,451,447,557,0.0,0.2,17.883,3.62479
Great Yarmouth 008,E02005545,E,4970,454,408,404,504,0.6,0.8,11.594999999999999,2.80735
Great Yarmouth 009,E02005546,E,6082,556,499,495,616,0.0,0.2,19.781200000000002,3.871556
Great Yarmouth 010,E02005547,E,6941,634,569,565,704,0.2,0.4,20.0515,3.906695
Great Yarmouth 011,E02005548,E,5595,511,459,455,567,0.0,0.2,18.196,3.6654800000000005
Great Yarmouth 012,E02005549,E,4225,386,346,344,428,0.4,0.6,10.6235,2.681055
Great Yarmouth 013,E02005550,E,5171,472,424,421,524,0.4,0.6,13.0053,2.990689
Greenwich 001,E02000313,E,6988,288,211,179,218,0.2,0.4,9.071000000000002,2.4792300000000003
Greenwich 002,E02000314,E,14010,578,423,359,436,0.2,0.4,18.176000000000002,3.6628800000000004
Greenwich 003,E02000315,E,9663,399,292,248,301,0.0,0.2,14.600800000000001,3.1981040000000003
Greenwich 004,E02000316,E,11443,472,346,293,356,0.2,0.4,14.8445,3.229785
Greenwich 005,E02000317,E,8909,367,269,228,277,0.0,0.2,13.445400000000001,3.0479020000000006
Greenwich 006,E02000318,E,10475,432,316,268,326,0.2,0.4,13.5855,3.066115
Greenwich 007,E02000319,E,11677,482,353,299,363,0.2,0.4,15.1455,3.2689150000000002
Greenwich 008,E02000320,E,7049,291,213,181,220,0.2,0.4,9.156500000000001,2.4903450000000005
Greenwich 009,E02000321,E,7662,316,232,196,238,0.0,0.2,11.5652,2.8034760000000003
Greenwich 011,E02000323,E,11361,469,343,291,354,0.0,0.2,17.1616,3.531008
Greenwich 012,E02000324,E,7784,321,235,199,242,0.2,0.4,10.091999999999999,2.61196
Greenwich 014,E02000326,E,7525,310,227,193,234,0.4,0.6,7.7515,2.307695
Greenwich 015,E02000327,E,7263,300,219,186,226,0.2,0.4,9.4215,2.524795
Greenwich 016,E02000328,E,7031,290,212,180,218,0.4,0.6,7.2333,2.240329
Greenwich 017,E02000329,E,6578,271,199,169,205,0.4,0.6,6.785400000000001,2.1821020000000004
Greenwich 019,E02000331,E,8333,344,252,214,259,0.2,0.4,10.8125,2.7056250000000004
Greenwich 020,E02000332,E,7719,318,233,198,240,0.4,0.6,7.9517,2.333721
Greenwich 021,E02000333,E,6671,275,202,171,208,0.6,0.8,6.5023,2.145299
Greenwich 022,E02000334,E,6883,284,208,176,214,0.2,0.4,8.9255,2.460315
Greenwich 023,E02000335,E,6971,287,211,179,217,0.6,0.8,6.7913,2.182869
Greenwich 025,E02000337,E,8416,347,254,216,262,0.2,0.4,10.921000000000001,2.71973
Greenwich 027,E02000339,E,6352,262,192,163,198,0.4,0.6,6.5516000000000005,2.151708
Greenwich 028,E02000340,E,6480,267,196,166,202,0.6,0.8,6.314,2.12082
Greenwich 029,E02000341,E,8176,337,247,210,254,0.0,0.2,12.3436,2.904668
Greenwich 030,E02000342,E,6866,283,207,176,214,0.4,0.6,7.0778,2.220114
Greenwich 031,E02000343,E,7104,293,215,182,221,0.2,0.4,9.217,2.4982100000000003
Greenwich 032,E02000344,E,6798,280,205,174,212,0.6,0.8,6.6214,2.160782
Greenwich 033,E02006786,E,7338,303,222,188,228,0.2,0.4,9.518,2.5373400000000004
Greenwich 034,E02006927,E,8850,365,267,227,275,0.4,0.6,9.115,2.4849500000000004
Greenwich 035,E02006928,E,7812,322,236,200,243,0.4,0.6,8.047600000000001,2.346188
Greenwich 036,E02006929,E,7972,329,241,204,248,0.2,0.4,10.341,2.64433
Greenwich 037,E02006930,E,6983,288,211,179,217,0.4,0.6,7.1929,2.235077
Greenwich 038,E02006931,E,9777,403,295,251,304,0.4,0.6,10.0731,2.609503
Guildford 001,E02006344,E,7585,426,363,368,490,0.6,0.8,11.8095,2.835235
Guildford 002,E02006345,E,5954,335,285,289,385,0.8,1.0,8.706199999999999,2.431806
Guildford 003,E02006346,E,8770,493,420,426,568,0.8,1.0,12.834999999999999,2.96855
Guildford 004,E02006347,E,6408,360,307,311,414,0.8,1.0,9.3654,2.517502
Guildford 005,E02006348,E,7612,428,364,369,492,0.6,0.8,11.852599999999999,2.8408379999999998
Guildford 006,E02006349,E,7283,409,348,353,471,0.8,1.0,10.6449,2.683837
Guildford 007,E02006350,E,5521,310,264,268,358,0.2,0.4,10.918500000000002,2.719405
Guildford 008,E02006351,E,7376,415,353,358,477,0.8,1.0,10.7858,2.702154
Guildford 009,E02006352,E,5431,305,260,264,352,0.8,1.0,7.9513,2.333669
Guildford 010,E02006353,E,5483,308,262,266,354,0.4,0.6,9.1529,2.489877
Guildford 011,E02006354,E,8012,450,383,389,518,0.8,1.0,11.7126,2.8226380000000004
Guildford 012,E02006355,E,6968,392,333,338,451,0.4,0.6,11.6464,2.814032
Guildford 013,E02006356,E,9343,525,447,453,605,0.8,1.0,13.6669,3.0766970000000002
Guildford 014,E02006357,E,5493,309,263,267,356,0.8,1.0,8.0429,2.345577
Guildford 015,E02006358,E,7607,428,364,369,492,0.8,1.0,11.1231,2.746003
Guildford 016,E02006359,E,5291,297,253,257,342,0.8,1.0,7.7343,2.305459
Guildford 017,E02006360,E,7378,415,353,358,477,0.8,1.0,10.7864,2.7022320000000004
Guildford 018,E02006361,E,4907,276,235,238,317,0.8,1.0,7.1711,2.232243
Hackney 001,E02000345,E,9702,327,236,174,216,0.2,0.4,10.586,2.6761800000000004
Hackney 002,E02000346,E,6686,225,162,120,149,0.0,0.2,8.5746,2.414698
Hackney 003,E02000347,E,8734,294,212,156,195,0.2,0.4,9.529,2.53877
Hackney 004,E02000348,E,8914,300,217,159,199,0.0,0.2,11.4344,2.786472
Hackney 006,E02000350,E,10430,352,253,187,232,0.2,0.4,11.376,2.77888
Hackney 007,E02000351,E,9355,315,227,167,209,0.2,0.4,10.2075,2.626975
Hackney 008,E02000352,E,7556,255,184,135,168,0.2,0.4,8.24,2.3712
Hackney 009,E02000353,E,8547,288,208,153,191,0.2,0.4,9.3325,2.5132250000000003
Hackney 010,E02000354,E,10430,352,253,187,232,0.0,0.2,13.376000000000001,3.0388800000000002
Hackney 011,E02000355,E,9312,314,226,167,207,0.2,0.4,10.155,2.6201499999999998
Hackney 012,E02000356,E,8065,272,196,144,180,0.2,0.4,8.8005,2.444065
Hackney 013,E02000357,E,6956,235,169,125,155,0.0,0.2,8.9286,2.460718
Hackney 014,E02000358,E,12137,409,295,217,271,0.0,0.2,15.573200000000002,3.324516
Hackney 015,E02000359,E,7225,243,176,129,161,0.2,0.4,7.8805,2.324465
Hackney 016,E02000360,E,12396,418,301,222,276,0.0,0.2,15.898600000000002,3.3668180000000003
Hackney 017,E02000361,E,8387,283,204,150,187,0.0,0.2,10.7612,2.698956
Hackney 018,E02000362,E,6984,235,170,125,156,0.0,0.2,8.9624,2.4651120000000004
Hackney 019,E02000363,E,11904,401,289,213,265,0.0,0.2,15.2634,3.284242
Hackney 020,E02000364,E,9733,328,236,174,217,0.2,0.4,10.616499999999998,2.680145
Hackney 021,E02000365,E,14012,472,340,251,313,0.2,0.4,15.295,3.2883500000000003
Hackney 022,E02000366,E,9345,315,227,167,209,0.0,0.2,11.994,2.85922
Hackney 023,E02000367,E,10693,360,260,191,238,0.2,0.4,11.6595,2.815735
Hackney 024,E02000368,E,10556,356,256,189,236,0.0,0.2,13.5486,3.061318
Hackney 025,E02000369,E,12727,429,309,228,284,0.0,0.2,16.3302,3.4229260000000004
Hackney 026,E02000370,E,9111,307,221,163,203,0.0,0.2,11.6836,2.818868
Hackney 027,E02000371,E,13576,458,330,243,303,0.2,0.4,14.819000000000003,3.2264700000000004
Hackney 028,E02006918,E,8354,282,203,149,186,0.0,0.2,10.712399999999999,2.692612
Hackney 029,E02006921,E,8501,286,207,152,189,0.0,0.2,10.8976,2.7166880000000004
Halton 001,E02002574,E,5961,449,388,342,342,0.6,0.8,9.7103,2.562339
Halton 002,E02002575,E,8072,608,525,464,464,0.8,1.0,12.1116,2.874508
Halton 003,E02002576,E,6150,463,401,354,353,0.2,0.4,12.782,2.96166
Halton 004,E02002577,E,6258,471,407,360,360,0.0,0.2,14.9848,3.248024
Halton 005,E02002578,E,6451,486,420,371,371,0.2,0.4,13.4125,3.043625
Halton 006,E02002579,E,6518,491,424,374,374,0.0,0.2,15.591800000000003,3.3269340000000005
Halton 007,E02002580,E,6270,472,408,360,360,0.0,0.2,15.001999999999999,3.25026
Halton 008,E02002581,E,6138,462,400,353,353,0.4,0.6,10.7194,2.693522
Halton 009,E02002582,E,6842,515,445,393,393,0.8,1.0,10.2606,2.633878
Halton 010,E02002583,E,5719,431,372,329,329,0.0,0.2,13.697400000000002,3.0806620000000002
Halton 011,E02002584,E,6231,469,406,358,358,0.2,0.4,12.9485,2.983305
Halton 012,E02002585,E,8761,659,570,503,503,0.0,0.2,20.9586,4.024618
Halton 013,E02002586,E,8197,617,534,471,471,0.0,0.2,19.6222,3.850886
Halton 014,E02002587,E,5782,435,376,332,332,0.0,0.2,13.8322,3.098186
Halton 015,E02002588,E,6262,471,408,360,360,0.0,0.2,14.9922,3.2489860000000004
Halton 016,E02002589,E,5383,405,351,309,309,0.6,0.8,8.7729,2.440477
Hambleton 001,E02005750,E,5757,603,548,532,671,0.6,0.8,15.1661,3.271593
Hambleton 002,E02005751,E,6302,660,600,582,735,0.8,1.0,15.4056,3.302728
Hambleton 003,E02005752,E,4893,513,466,452,570,0.6,0.8,12.8879,2.975427
Hambleton 004,E02005753,E,9608,1007,915,887,1120,0.4,0.6,27.318399999999997,4.851392
Hambleton 005,E02005754,E,5490,575,523,507,640,0.8,1.0,13.418,3.04434
Hambleton 006,E02005755,E,4648,487,443,429,541,0.8,1.0,11.3504,2.7755520000000002
Hambleton 007,E02005756,E,5300,555,505,489,617,0.6,0.8,13.952000000000002,3.11376
Hambleton 008,E02005757,E,6206,650,591,573,723,0.6,0.8,16.3438,3.4246940000000006
Hambleton 009,E02005758,E,6116,641,583,565,713,0.4,0.6,17.394800000000004,3.561324000000001
Hambleton 010,E02005759,E,6230,653,594,576,726,0.6,0.8,16.417,3.43421
Hambleton 011,E02005760,E,4909,514,468,453,572,0.8,1.0,11.9937,2.8591810000000004
Hammersmith and Fulham 001,E02000372,E,8589,361,287,249,316,0.0,0.2,13.9284,3.1106920000000002
Hammersmith and Fulham 002,E02000373,E,6230,262,208,180,230,0.0,0.2,10.108,2.61404
Hammersmith and Fulham 003,E02000374,E,6302,265,210,182,232,0.2,0.4,8.844000000000001,2.44972
Hammersmith and Fulham 004,E02000375,E,6580,276,220,190,242,0.2,0.4,9.232,2.50016
Hammersmith and Fulham 005,E02000376,E,6473,272,216,187,238,0.2,0.4,9.0815,2.480595
Hammersmith and Fulham 006,E02000377,E,7646,321,255,221,281,0.2,0.4,10.724999999999998,2.69425
Hammersmith and Fulham 007,E02000378,E,6117,257,204,177,225,0.2,0.4,8.5845,2.415985
Hammersmith and Fulham 008,E02000379,E,7097,298,237,205,261,0.4,0.6,8.0351,2.344563
Hammersmith and Fulham 009,E02000380,E,5487,231,183,159,202,0.4,0.6,6.218100000000001,2.108353
Hammersmith and Fulham 010,E02000381,E,7272,305,243,211,267,0.4,0.6,8.233600000000001,2.370368
Hammersmith and Fulham 011,E02000382,E,5773,243,193,167,212,0.4,0.6,6.5359,2.149667
Hammersmith and Fulham 012,E02000383,E,8827,371,295,256,324,0.4,0.6,9.9941,2.599233
Hammersmith and Fulham 013,E02000384,E,6853,288,229,198,252,0.0,0.2,11.1068,2.743884
Hammersmith and Fulham 014,E02000385,E,5768,242,192,167,212,0.4,0.6,6.5283999999999995,2.148692
Hammersmith and Fulham 015,E02000386,E,7614,320,254,221,281,0.0,0.2,12.3574,2.9064620000000003
Hammersmith and Fulham 016,E02000387,E,5871,247,196,170,216,0.2,0.4,8.242500000000001,2.371525
Hammersmith and Fulham 017,E02000388,E,7676,323,256,222,283,0.4,0.6,8.700800000000001,2.4311040000000004
Hammersmith and Fulham 018,E02000389,E,7727,325,258,224,285,0.6,0.8,8.255099999999999,2.373163
Hammersmith and Fulham 019,E02000390,E,6037,254,201,175,222,0.4,0.6,6.8370999999999995,2.188823
Hammersmith and Fulham 020,E02000391,E,7236,304,241,209,267,0.4,0.6,8.200800000000001,2.366104
Hammersmith and Fulham 021,E02000392,E,8966,377,299,260,330,0.4,0.6,10.1598,2.620774
Hammersmith and Fulham 022,E02000393,E,5644,237,188,163,208,0.8,1.0,5.6462,2.034006
Hammersmith and Fulham 023,E02000394,E,7260,305,242,210,267,0.4,0.6,8.22,2.3686000000000003
Hammersmith and Fulham 024,E02000395,E,5571,234,186,161,205,0.6,0.8,5.943300000000001,2.072629
Hammersmith and Fulham 025,E02000396,E,6208,261,207,180,228,0.4,0.6,7.028400000000001,2.213692
Harborough 002,E02005368,E,5513,438,393,408,490,0.6,0.8,11.5319,2.799147
Harborough 003,E02005369,E,8713,692,621,644,774,0.8,1.0,16.9739,3.506607
Harborough 004,E02005370,E,7948,631,567,588,706,0.8,1.0,15.4864,3.313232
Harborough 005,E02005371,E,8932,709,637,660,793,0.8,1.0,17.394599999999997,3.561298
Harborough 006,E02005372,E,8373,665,597,619,744,0.8,1.0,16.3149,3.4209370000000003
Harborough 007,E02005373,E,8642,686,616,639,767,0.8,1.0,16.8286,3.487718
Harborough 008,E02005374,E,5809,461,414,429,516,0.4,0.6,13.0867,3.001271
Harborough 009,E02005375,E,7466,593,532,552,663,0.8,1.0,14.5428,3.190564
Harborough 010,E02005376,E,8315,660,593,615,738,0.8,1.0,16.1935,3.4051549999999997
Harborough 011,E02006816,E,6205,493,442,459,551,0.8,1.0,12.0875,2.8713750000000005
Haringey 001,E02000397,E,7386,325,247,200,244,0.2,0.4,9.984000000000002,2.5979200000000002
Haringey 002,E02000398,E,6732,296,225,183,222,0.0,0.2,10.5892,2.676596
Haringey 004,E02000400,E,7248,319,242,197,239,0.4,0.6,7.830400000000001,2.317952
Haringey 005,E02000401,E,6365,280,213,173,210,0.0,0.2,10.015,2.6019500000000004
Haringey 006,E02000402,E,6328,279,212,172,209,0.0,0.2,9.9638,2.595294
Haringey 007,E02000403,E,6805,300,227,185,224,0.2,0.4,9.1935,2.495155
Haringey 008,E02000404,E,6915,304,231,187,228,0.2,0.4,9.338500000000002,2.514005
Haringey 009,E02000405,E,6189,273,207,168,204,0.6,0.8,6.3147,2.120911
Haringey 010,E02000406,E,6639,292,222,180,219,0.0,0.2,10.441400000000002,2.657382
Haringey 011,E02000407,E,6910,304,231,187,228,0.0,0.2,10.866000000000001,2.71258
Haringey 012,E02000408,E,7195,317,240,195,238,0.0,0.2,11.323,2.77199
Haringey 013,E02000409,E,6167,272,206,167,204,0.0,0.2,9.7072,2.561936
Haringey 014,E02000410,E,6324,279,211,172,208,0.6,0.8,6.4472000000000005,2.1381360000000003
Haringey 015,E02000411,E,7042,310,235,191,232,0.0,0.2,11.071200000000001,2.739256
Haringey 016,E02000412,E,6534,288,218,177,216,0.0,0.2,10.2814,2.6365819999999998
Haringey 017,E02000413,E,7089,312,237,192,234,0.6,0.8,7.2326999999999995,2.2402509999999998
Haringey 018,E02000414,E,6779,298,227,184,224,0.2,0.4,9.1675,2.491775
Haringey 019,E02000415,E,6470,285,216,175,214,0.2,0.4,8.747,2.43711
Haringey 020,E02000416,E,7079,312,237,192,234,0.2,0.4,9.575500000000002,2.5448150000000003
Haringey 021,E02000417,E,6310,278,211,171,208,0.6,0.8,6.436,2.13668
Haringey 022,E02000418,E,5206,229,174,141,172,0.6,0.8,5.3128,1.9906640000000002
Haringey 023,E02000419,E,7664,337,256,208,253,0.2,0.4,10.359,2.6466700000000003
Haringey 024,E02000420,E,7024,309,235,190,232,0.0,0.2,11.0484,2.736292
Haringey 025,E02000421,E,6757,297,226,183,223,0.0,0.2,10.6262,2.681406
Haringey 026,E02000422,E,7397,326,247,201,244,0.2,0.4,9.999500000000001,2.5999350000000003
Haringey 027,E02000423,E,6440,284,215,175,212,0.2,0.4,8.701,2.4311300000000005
Haringey 028,E02000424,E,6804,300,227,184,224,0.4,0.6,7.341200000000001,2.254356
Haringey 029,E02000425,E,6856,302,229,186,226,0.2,0.4,9.264,2.50432
Haringey 030,E02000426,E,6362,280,213,173,210,0.6,0.8,6.4956,2.144428
Haringey 031,E02000427,E,6477,285,217,176,214,0.2,0.4,8.761500000000002,2.4389950000000002
Haringey 032,E02000428,E,6636,292,222,180,219,0.2,0.4,8.969999999999999,2.4661
Haringey 033,E02000429,E,6477,285,216,176,214,0.6,0.8,6.6111,2.159443
Haringey 034,E02000430,E,7010,309,234,190,231,0.6,0.8,7.148,2.22924
Haringey 035,E02000431,E,6319,278,211,171,208,0.6,0.8,6.438700000000001,2.1370310000000003
Haringey 036,E02000432,E,6098,269,204,165,201,0.2,0.4,8.239,2.3710700000000005
Haringey 037,E02006794,E,6904,304,231,187,228,0.0,0.2,10.862400000000001,2.7121120000000003
Harlow 001,E02004544,E,6334,357,289,256,327,0.6,0.8,8.6472,2.424136
Harlow 002,E02004545,E,6531,369,298,264,337,0.2,0.4,11.4565,2.789345
Harlow 003,E02004546,E,6750,381,308,273,348,0.2,0.4,11.837,2.83881
Harlow 004,E02004547,E,7234,408,330,292,374,0.2,0.4,12.693000000000001,2.9500900000000003
Harlow 005,E02004548,E,8087,456,369,327,418,0.8,1.0,10.3091,2.6401830000000004
Harlow 006,E02004549,E,6995,395,319,283,361,0.2,0.4,12.2715,2.895295
Harlow 007,E02004550,E,6965,393,318,282,360,0.2,0.4,12.227500000000001,2.8895750000000002
Harlow 008,E02004551,E,6550,370,299,265,338,0.2,0.4,11.492,2.79396
Harlow 009,E02004552,E,5869,331,268,237,303,0.4,0.6,8.552700000000002,2.4118510000000004
Harlow 010,E02004553,E,6610,373,302,267,341,0.2,0.4,11.593,2.80709
Harlow 011,E02004554,E,6574,371,300,266,339,0.4,0.6,9.5782,2.545166
Harrogate 001,E02005761,E,4110,374,322,320,449,0.6,0.8,9.808,2.57504
Harrogate 002,E02005762,E,4734,431,371,369,516,0.8,1.0,10.5452,2.670876
Harrogate 003,E02005763,E,4909,446,385,383,535,0.6,0.8,11.704699999999999,2.821611
Harrogate 004,E02005764,E,7846,713,615,611,855,0.6,0.8,18.6998,3.730974
Harrogate 005,E02005765,E,4679,425,367,365,510,0.6,0.8,11.1567,2.7503710000000003
Harrogate 006,E02005766,E,4608,419,361,359,502,0.6,0.8,10.9814,2.727582
Harrogate 007,E02005767,E,5070,461,397,395,552,0.8,1.0,11.283999999999999,2.76692
Harrogate 008,E02005768,E,4540,413,356,354,495,0.8,1.0,10.114999999999998,2.61495
Harrogate 009,E02005769,E,5199,473,407,405,567,0.4,0.6,13.367700000000001,3.037801
Harrogate 010,E02005770,E,7025,639,551,547,765,0.8,1.0,15.6375,3.3328749999999996
Harrogate 011,E02005771,E,5546,504,435,432,605,0.6,0.8,13.2268,3.0194840000000003
Harrogate 012,E02005772,E,4631,421,363,361,504,0.8,1.0,10.3063,2.639819
Harrogate 013,E02005773,E,6652,605,521,518,725,0.2,0.4,19.551000000000002,3.8416300000000003
Harrogate 014,E02005774,E,7056,642,553,550,769,0.6,0.8,16.8218,3.486834
Harrogate 015,E02005775,E,6996,636,548,545,763,0.6,0.8,16.680799999999998,3.4685040000000003
Harrogate 016,E02005776,E,6332,576,496,493,690,0.6,0.8,15.0906,3.261778
Harrogate 017,E02005777,E,6376,580,500,497,695,0.8,1.0,14.2028,3.146364
Harrogate 018,E02005778,E,4646,423,364,362,506,0.6,0.8,11.0718,2.7393340000000004
Harrogate 019,E02005779,E,5712,519,448,445,622,0.8,1.0,12.7146,2.9528980000000002
Harrogate 020,E02005780,E,7986,726,626,622,870,0.8,1.0,17.7798,3.6113740000000005
Harrogate 021,E02005781,E,4253,387,333,331,464,0.8,1.0,9.4749,2.531737
Harrow 001,E02000433,E,6629,416,339,284,414,0.6,0.8,10.1507,2.6195910000000002
Harrow 002,E02000434,E,7408,465,379,317,462,0.6,0.8,11.3354,2.7736020000000003
Harrow 003,E02000435,E,6405,402,327,274,399,0.4,0.6,10.4655,2.660515
Harrow 004,E02000436,E,4987,313,255,213,311,0.8,1.0,7.1181,2.225353
Harrow 005,E02000437,E,7226,454,369,309,451,0.4,0.6,11.8178,2.836314
Harrow 006,E02000438,E,6823,428,349,292,426,0.4,0.6,11.1629,2.751177
Harrow 007,E02000439,E,7078,445,362,303,442,0.4,0.6,11.583400000000001,2.805842
Harrow 008,E02000440,E,8253,518,422,353,515,0.8,1.0,11.785900000000002,2.832167
Harrow 009,E02000441,E,5791,364,296,248,362,0.4,0.6,9.481300000000001,2.5325690000000005
Harrow 010,E02000442,E,7508,472,384,321,468,0.6,0.8,11.4854,2.793102
Harrow 011,E02000443,E,8168,513,418,350,509,0.2,0.4,15.853000000000002,3.3608900000000004
Harrow 012,E02000444,E,7331,460,375,314,457,0.6,0.8,11.2163,2.758119
Harrow 013,E02000445,E,8840,555,452,378,552,0.4,0.6,14.462000000000002,3.18006
Harrow 015,E02000447,E,6089,382,311,261,380,0.6,0.8,9.3197,2.511561
Harrow 016,E02000448,E,5730,360,293,245,358,0.8,1.0,8.187999999999999,2.36444
Harrow 017,E02000449,E,7019,441,359,300,438,0.4,0.6,11.479700000000001,2.7923610000000005
Harrow 019,E02000451,E,5650,355,289,242,353,0.8,1.0,8.075999999999999,2.3498799999999997
Harrow 020,E02000452,E,7089,445,362,303,442,0.4,0.6,11.5867,2.806271
Harrow 021,E02000453,E,6573,413,336,281,410,0.6,0.8,10.0569,2.607397
Harrow 022,E02000454,E,6108,384,312,261,381,0.8,1.0,8.720400000000001,2.4336520000000004
Harrow 023,E02000455,E,7018,441,359,300,438,0.4,0.6,11.479400000000002,2.7923220000000004
Harrow 024,E02000456,E,6090,382,311,261,380,0.6,0.8,9.32,2.5116
Harrow 025,E02000457,E,5446,342,278,233,340,0.6,0.8,8.3348,2.383524
Harrow 027,E02000459,E,7103,446,363,304,444,0.4,0.6,11.6269,2.811497
Harrow 028,E02000460,E,5622,353,287,241,351,0.2,0.4,10.917000000000002,2.7192100000000003
Harrow 029,E02000461,E,5992,376,306,256,374,0.8,1.0,8.5556,2.412228
Harrow 030,E02000462,E,5720,359,292,245,357,0.4,0.6,9.356,2.51628
Harrow 031,E02000463,E,7272,457,372,311,453,0.4,0.6,11.8856,2.845128
Harrow 032,E02006795,E,7006,440,358,300,438,0.6,0.8,10.7318,2.6951340000000004
Harrow 033,E02006882,E,12225,768,625,523,763,0.6,0.8,18.7115,3.732495
Hart 001,E02004751,E,7020,460,399,450,613,0.8,1.0,12.817,2.9662100000000002
Hart 002,E02004752,E,7152,468,406,459,625,0.8,1.0,13.063600000000001,2.9982680000000004
Hart 003,E02004753,E,8698,569,494,558,759,0.8,1.0,15.874400000000001,3.363672
Hart 004,E02004754,E,5204,341,296,334,455,0.8,1.0,9.510200000000001,2.5363260000000003
Hart 005,E02004755,E,9982,654,567,640,872,0.8,1.0,18.2286,3.6697180000000005
Hart 006,E02004756,E,7166,469,407,460,625,0.8,1.0,13.0768,2.9999840000000004
Hart 007,E02004757,E,6929,454,394,444,605,0.8,1.0,12.6497,2.944461
Hart 008,E02004758,E,6780,444,385,435,592,0.8,1.0,12.379000000000001,2.9092700000000002
Hart 009,E02004759,E,6970,456,396,447,609,0.8,1.0,12.729,2.95477
Hart 010,E02004760,E,6664,436,379,428,582,0.8,1.0,12.171199999999999,2.882256
Hart 011,E02004761,E,5710,374,324,366,499,0.8,1.0,10.428,2.65564
Hartlepool 001,E02002483,E,7269,576,476,426,500,0.4,0.6,13.7927,3.093051
Hartlepool 002,E02002484,E,8254,655,541,484,568,0.0,0.2,21.136400000000002,4.047732000000001
Hartlepool 003,E02002485,E,6270,497,411,368,432,0.0,0.2,16.062,3.3880600000000003
Hartlepool 005,E02002487,E,4287,340,281,251,295,0.0,0.2,10.9742,2.726646
Hartlepool 006,E02002488,E,4886,388,320,287,336,0.4,0.6,9.2758,2.5058540000000002
Hartlepool 007,E02002489,E,6343,503,416,372,437,0.0,0.2,16.2488,3.412344
Hartlepool 008,E02002490,E,4863,386,319,285,335,0.0,0.2,12.457799999999999,2.919514
Hartlepool 009,E02002491,E,5247,416,344,308,361,0.0,0.2,13.4362,3.0467060000000004
Hartlepool 010,E02002492,E,5349,424,351,314,369,0.2,0.4,11.976500000000001,2.8569450000000005
Hartlepool 011,E02002493,E,5168,410,339,303,356,0.6,0.8,9.1574,2.490462
Hartlepool 012,E02002494,E,6201,492,406,364,427,0.0,0.2,15.8826,3.364738
Hartlepool 014,E02006909,E,9498,753,622,557,654,0.6,0.8,16.822400000000002,3.4869120000000002
Hastings 001,E02004368,E,6469,518,437,406,490,0.4,0.6,13.040700000000001,2.995291
Hastings 002,E02004369,E,7788,624,526,489,589,0.4,0.6,15.6904,3.339752
Hastings 003,E02004370,E,6197,496,419,389,469,0.0,0.2,16.6442,3.4637460000000004
Hastings 004,E02004371,E,5650,452,382,354,427,0.0,0.2,15.161999999999999,3.2710600000000003
Hastings 005,E02004372,E,5225,418,353,328,395,0.0,0.2,14.026000000000002,3.12338
Hastings 006,E02004373,E,6875,551,465,431,519,0.2,0.4,16.195500000000003,3.4054150000000005
Hastings 007,E02004374,E,6232,499,421,391,471,0.2,0.4,14.686,3.20918
Hastings 008,E02004375,E,6879,551,465,432,521,0.0,0.2,18.4834,3.7028420000000004
Hastings 009,E02004376,E,5621,450,380,353,425,0.0,0.2,15.093600000000002,3.2621680000000004
Hastings 010,E02004377,E,8511,682,575,534,644,0.2,0.4,20.067500000000003,3.9087750000000003
Hastings 011,E02004378,E,7154,573,484,449,541,0.0,0.2,19.212400000000002,3.797612000000001
Havant 003,E02004764,E,6431,571,474,473,638,0.6,0.8,14.3503,3.165539
Havant 004,E02004765,E,4929,437,363,362,489,0.8,1.0,10.2677,2.634801
Havant 005,E02004766,E,5262,467,388,387,522,0.2,0.4,14.556999999999999,3.1924099999999997
Havant 006,E02004767,E,4828,429,356,355,479,0.0,0.2,15.0548,3.257124
Havant 007,E02004768,E,4581,407,337,337,455,0.4,0.6,11.0183,2.732379
Havant 008,E02004769,E,5248,466,387,386,522,0.0,0.2,16.3798,3.429374
Havant 009,E02004770,E,5660,502,417,416,562,0.0,0.2,17.647,3.5941099999999997
Havant 010,E02004771,E,7345,652,541,540,730,0.0,0.2,22.912,4.27856
Havant 011,E02004772,E,7512,667,553,552,746,0.6,0.8,16.7656,3.479528
Havant 013,E02004774,E,7775,690,573,572,772,0.6,0.8,17.356499999999997,3.5563449999999994
Havant 014,E02004775,E,7277,646,536,535,722,0.4,0.6,17.4931,3.574103
Havant 015,E02004776,E,4895,435,361,360,486,0.6,0.8,10.9285,2.720705
Havant 016,E02004777,E,4411,392,325,324,438,0.4,0.6,10.6073,2.6789490000000002
Havant 017,E02004778,E,4930,438,363,362,489,0.4,0.6,11.847000000000001,2.84011
Havant 018,E02006822,E,7179,637,529,528,713,0.4,0.6,17.2677,3.5448010000000005
Havant 019,E02006830,E,5498,488,405,404,546,0.2,0.4,15.213000000000001,3.27769
Havant 020,E02006831,E,5098,453,376,375,506,0.8,1.0,10.6284,2.681692
Havering 001,E02000464,E,6022,362,290,286,404,0.2,0.4,12.107,2.87391
Havering 002,E02000465,E,7402,445,356,352,497,0.2,0.4,14.888,3.23544
Havering 003,E02000466,E,7734,465,372,368,519,0.2,0.4,15.554,3.32202
Havering 004,E02000467,E,9000,541,433,428,605,0.0,0.2,20.526,3.96838
Havering 005,E02000468,E,7264,437,350,345,487,0.4,0.6,12.3672,2.907736
Havering 006,E02000469,E,6013,361,289,286,404,0.2,0.4,12.095500000000001,2.872415
Havering 007,E02000470,E,7361,443,354,350,495,0.6,0.8,11.705300000000001,2.821689
Havering 008,E02000471,E,6959,418,335,331,467,0.8,1.0,10.3857,2.650141
Havering 009,E02000472,E,8390,504,404,399,563,0.6,0.8,13.329,3.03277
Havering 010,E02000473,E,8950,538,431,426,601,0.6,0.8,14.225999999999999,3.14938
Havering 011,E02000474,E,7786,468,375,370,523,0.4,0.6,13.267800000000001,3.024814
Havering 012,E02000475,E,8582,516,413,408,576,0.6,0.8,13.634599999999999,3.072498
Havering 013,E02000476,E,7854,472,378,374,527,0.2,0.4,15.797,3.3536099999999998
Havering 014,E02000477,E,8737,525,421,416,586,0.8,1.0,13.0391,2.995083
Havering 015,E02000478,E,5493,330,264,261,368,0.8,1.0,8.1889,2.364557
Havering 016,E02000479,E,7590,456,365,361,510,0.4,0.6,12.934999999999999,2.98155
Havering 017,E02000480,E,9141,550,440,435,614,0.4,0.6,15.580300000000001,3.3254390000000003
Havering 018,E02000481,E,7273,437,350,346,488,0.8,1.0,10.8539,2.711007
Havering 019,E02000482,E,5971,359,287,284,400,0.8,1.0,8.9033,2.4574290000000003
Havering 020,E02000483,E,7108,427,342,338,477,0.6,0.8,11.2914,2.767882
Havering 021,E02000484,E,7652,460,368,364,514,0.6,0.8,12.1616,2.881008
Havering 022,E02000485,E,7454,448,359,355,500,0.8,1.0,11.1252,2.746276
Havering 023,E02000486,E,6874,413,331,327,461,0.8,1.0,10.2562,2.633306
Havering 024,E02000487,E,7321,440,352,348,491,0.8,1.0,10.9213,2.7197690000000003
Havering 025,E02000488,E,6936,417,334,330,466,0.8,1.0,10.358799999999999,2.646644
Havering 026,E02000489,E,7359,442,354,350,493,0.4,0.6,12.5237,2.928081
Havering 027,E02000490,E,7304,439,352,348,491,0.4,0.6,12.4572,2.919436
Havering 028,E02000491,E,8235,495,397,392,553,0.2,0.4,16.5705,3.4541649999999997
Havering 029,E02000492,E,5854,352,282,278,393,0.6,0.8,9.301200000000001,2.5091560000000004
Havering 030,E02000493,E,5796,348,279,276,389,0.2,0.4,11.658000000000001,2.8155400000000004
Herefordshire 001,E02002905,E,4884,469,412,385,503,0.4,0.6,12.397200000000002,2.9116360000000006
Herefordshire 002,E02002906,E,4669,448,394,368,480,0.2,0.4,13.5905,3.066765
Herefordshire 003,E02002907,E,4782,459,404,377,492,0.2,0.4,13.927,3.11051
Herefordshire 004,E02002908,E,6917,664,584,545,712,0.4,0.6,17.5531,3.5819030000000005
Herefordshire 005,E02002909,E,8368,803,706,659,860,0.4,0.6,21.2144,4.057872000000001
Herefordshire 006,E02002910,E,6367,611,537,501,655,0.2,0.4,18.5315,3.7090950000000005
Herefordshire 007,E02002911,E,7538,723,636,593,775,0.4,0.6,19.1094,3.7842220000000006
Herefordshire 008,E02002912,E,5775,554,487,455,594,0.6,0.8,13.5975,3.0676750000000004
Herefordshire 009,E02002913,E,4528,434,382,356,466,0.6,0.8,10.6604,2.6858519999999997
Herefordshire 010,E02002914,E,7220,693,609,568,743,0.4,0.6,18.312,3.6805600000000007
Herefordshire 011,E02002915,E,5428,521,458,427,558,0.6,0.8,12.7754,2.960802
Herefordshire 012,E02002916,E,7812,750,659,615,804,0.2,0.4,22.745,4.25685
Herefordshire 013,E02002917,E,5578,535,471,439,574,0.6,0.8,13.1364,3.007732
Herefordshire 014,E02002918,E,4821,463,407,380,495,0.8,1.0,10.5313,2.6690690000000004
Herefordshire 015,E02002919,E,7528,722,635,593,774,0.2,0.4,21.909,4.14817
Herefordshire 016,E02002920,E,5274,506,445,415,543,0.6,0.8,12.4222,2.914886
Herefordshire 017,E02002921,E,6270,602,529,494,645,0.0,0.2,20.615000000000002,3.9799500000000005
Herefordshire 018,E02002922,E,5050,485,426,398,520,0.4,0.6,12.817,2.9662100000000002
Herefordshire 019,E02002923,E,7791,748,657,613,801,0.6,0.8,18.3373,3.6838490000000004
Herefordshire 020,E02002924,E,4910,471,414,387,505,0.4,0.6,12.453,2.91889
Herefordshire 021,E02002925,E,8854,850,747,697,910,0.4,0.6,22.4462,4.218006
Herefordshire 022,E02002926,E,8556,821,722,674,879,0.4,0.6,21.6888,4.119544
Herefordshire 023,E02002927,E,9413,903,794,741,968,0.4,0.6,23.8679,4.402827
Hertsmere 001,E02004896,E,6699,422,367,358,509,0.8,1.0,10.9767,2.726971
Hertsmere 002,E02004897,E,5667,357,311,303,430,0.8,1.0,9.281099999999999,2.5065429999999997
Hertsmere 003,E02004898,E,6246,394,343,334,474,0.4,0.6,11.7258,2.824354
Hertsmere 004,E02004899,E,4683,295,257,250,356,0.6,0.8,8.1889,2.364557
Hertsmere 005,E02004900,E,6944,437,381,371,528,0.8,1.0,11.382200000000001,2.7796860000000003
Hertsmere 006,E02004901,E,7177,452,394,383,546,0.2,0.4,15.753499999999999,3.347955
Hertsmere 007,E02004902,E,6743,425,370,360,513,0.4,0.6,12.6689,2.9469570000000003
Hertsmere 008,E02004903,E,5722,360,314,306,435,0.6,0.8,10.0076,2.600988
Hertsmere 009,E02004904,E,5023,316,276,268,382,0.4,0.6,9.4349,2.5265370000000003
Hertsmere 010,E02004905,E,5752,362,316,307,437,0.8,1.0,9.4236,2.525068
Hertsmere 011,E02004906,E,8237,519,452,440,626,0.4,0.6,15.469100000000001,3.3109830000000002
Hertsmere 012,E02004907,E,7879,496,432,421,599,0.8,1.0,12.913699999999999,2.9787809999999997
Hertsmere 013,E02004908,E,8312,524,456,444,632,0.8,1.0,13.6256,3.0713280000000003
High Peak 001,E02004093,E,5122,442,364,350,401,0.4,0.6,10.7886,2.7025180000000004
High Peak 002,E02004094,E,5854,506,416,400,458,0.2,0.4,14.405000000000001,3.17265
High Peak 003,E02004095,E,7885,681,561,538,616,0.4,0.6,16.5915,3.4568950000000003
High Peak 004,E02004096,E,7584,655,539,518,594,0.8,1.0,13.7872,3.0923360000000004
High Peak 005,E02004097,E,6136,530,436,419,480,0.8,1.0,11.1478,2.7492140000000003
High Peak 006,E02004098,E,5848,505,416,399,458,0.4,0.6,12.3184,2.9013920000000004
High Peak 008,E02004100,E,6081,525,433,415,476,0.8,1.0,11.051300000000001,2.736669
High Peak 010,E02004102,E,6825,590,485,466,533,0.4,0.6,14.3595,3.166735
High Peak 011,E02004103,E,5652,488,402,386,442,0.2,0.4,13.904,3.10752
High Peak 012,E02004104,E,5653,488,402,386,442,0.8,1.0,10.267900000000001,2.6348270000000005
High Peak 013,E02006872,E,9996,864,711,683,782,0.6,0.8,19.5878,3.846414
Hillingdon 001,E02000494,E,7353,370,285,256,363,0.8,1.0,8.7889,2.442557
Hillingdon 002,E02000495,E,9315,469,361,324,461,0.6,0.8,11.8675,2.842775
Hillingdon 003,E02000496,E,7276,366,282,253,359,0.4,0.6,9.8688,2.5829440000000004
Hillingdon 004,E02000497,E,8386,422,325,292,415,0.6,0.8,10.6848,2.689024
Hillingdon 005,E02000498,E,5920,298,229,206,293,0.6,0.8,7.541,2.28033
Hillingdon 006,E02000499,E,7635,385,296,265,377,0.8,1.0,9.1245,2.486185
Hillingdon 007,E02000500,E,7587,382,294,264,375,0.8,1.0,9.0731,2.4795030000000002
Hillingdon 008,E02000501,E,8110,408,314,282,401,0.8,1.0,9.698,2.56074
Hillingdon 009,E02000502,E,7485,377,290,260,370,0.8,1.0,8.9495,2.463435
Hillingdon 010,E02000503,E,8836,445,342,307,437,0.8,1.0,10.5668,2.673684
Hillingdon 011,E02000504,E,7259,366,281,252,359,0.8,1.0,8.6807,2.428491
Hillingdon 013,E02000506,E,7415,374,287,258,367,0.8,1.0,8.8735,2.453555
Hillingdon 014,E02000507,E,7809,393,303,272,386,0.6,0.8,9.9467,2.593071
Hillingdon 015,E02000508,E,9029,455,350,314,447,0.4,0.6,12.2667,2.894671
Hillingdon 016,E02000509,E,9659,487,374,336,478,0.4,0.6,13.119700000000002,3.005561
Hillingdon 017,E02000510,E,8489,428,329,295,420,0.4,0.6,11.5287,2.798731
Hillingdon 018,E02000511,E,9268,467,359,322,458,0.4,0.6,12.5784,2.935192
Hillingdon 019,E02000512,E,7867,396,305,274,388,0.2,0.4,12.915499999999998,2.9790149999999995
Hillingdon 020,E02000513,E,8829,445,342,307,436,0.2,0.4,14.4985,3.184805
Hillingdon 021,E02000514,E,9652,486,374,336,478,0.4,0.6,13.1156,3.0050280000000003
Hillingdon 022,E02000515,E,10265,517,398,357,507,0.2,0.4,16.858500000000003,3.4916050000000007
Hillingdon 023,E02000516,E,8130,410,315,283,402,0.2,0.4,13.36,3.0368
Hillingdon 024,E02000517,E,8481,427,329,295,419,0.2,0.4,13.9305,3.110965
Hillingdon 025,E02000518,E,8460,426,328,294,418,0.2,0.4,13.894,3.1062200000000004
Hillingdon 026,E02000519,E,8513,429,330,296,421,0.2,0.4,13.9875,3.1183750000000003
Hillingdon 027,E02000520,E,11062,557,429,385,547,0.2,0.4,18.177,3.66301
Hillingdon 028,E02000521,E,9745,491,378,339,482,0.2,0.4,16.014499999999998,3.3818849999999996
Hillingdon 029,E02000522,E,8508,429,330,296,421,0.2,0.4,13.985,3.11805
Hillingdon 030,E02000523,E,9474,477,367,329,468,0.4,0.6,12.854200000000002,2.9710460000000003
Hillingdon 031,E02000524,E,6550,330,254,228,323,0.2,0.4,10.753,2.69789
Hillingdon 032,E02000525,E,8677,437,336,302,429,0.2,0.4,14.2555,3.1532150000000003
Hillingdon 033,E02006796,E,8296,418,321,288,411,0.6,0.8,10.5698,2.674074
Hinckley and Bosworth 001,E02005377,E,7346,570,514,521,609,0.6,0.8,14.703800000000001,3.211494
Hinckley and Bosworth 002,E02005378,E,4610,357,322,327,382,0.8,1.0,8.578,2.41514
Hinckley and Bosworth 003,E02005379,E,5377,417,376,382,445,0.8,1.0,10.004100000000001,2.6005330000000004
Hinckley and Bosworth 004,E02005380,E,7424,576,519,527,614,0.8,1.0,13.8062,3.094806
Hinckley and Bosworth 005,E02005381,E,7102,551,497,504,588,0.6,0.8,14.2086,3.147118
Hinckley and Bosworth 006,E02005382,E,8909,691,623,632,737,0.4,0.6,19.1827,3.7937510000000003
Hinckley and Bosworth 007,E02005383,E,7999,620,560,568,662,0.4,0.6,17.2317,3.540121
Hinckley and Bosworth 008,E02005384,E,5693,441,398,404,471,0.6,0.8,11.3829,2.779777
Hinckley and Bosworth 009,E02005385,E,5279,409,369,374,437,0.8,1.0,9.8167,2.5761710000000004
Hinckley and Bosworth 010,E02005386,E,7425,576,520,527,615,0.4,0.6,16.0015,3.3801950000000005
Hinckley and Bosworth 011,E02005387,E,8046,624,563,571,666,0.4,0.6,17.3318,3.553134
Hinckley and Bosworth 012,E02005388,E,5049,391,353,358,418,0.4,0.6,10.8727,2.713451
Hinckley and Bosworth 013,E02005389,E,5062,392,354,359,419,0.4,0.6,10.9006,2.717078
Hinckley and Bosworth 014,E02005390,E,7858,609,550,557,651,0.8,1.0,14.6214,3.2007820000000002
Horsham 001,E02006588,E,6547,545,477,478,639,0.4,0.6,15.4981,3.3147530000000005
Horsham 002,E02006589,E,9806,817,714,716,956,0.8,1.0,20.099800000000002,3.912974
Horsham 003,E02006590,E,7524,627,548,549,733,0.8,1.0,15.415199999999999,3.3039759999999996
Horsham 004,E02006591,E,6989,582,509,510,682,0.8,1.0,14.3307,3.162991
Horsham 005,E02006592,E,5549,462,404,405,541,0.6,0.8,12.180700000000002,2.8834910000000002
Horsham 006,E02006593,E,9153,762,667,668,892,0.6,0.8,20.0899,3.9116870000000006
Horsham 007,E02006594,E,5863,488,427,428,572,0.8,1.0,12.020900000000001,2.862717
Horsham 008,E02006595,E,7455,621,543,544,727,0.8,1.0,15.281500000000001,3.286595
Horsham 009,E02006596,E,7606,633,554,555,741,0.8,1.0,15.5818,3.325634
Horsham 010,E02006597,E,8209,683,598,599,800,0.6,0.8,18.015700000000002,3.6420410000000007
Horsham 011,E02006598,E,4813,401,351,351,470,0.6,0.8,10.5749,2.674737
Horsham 012,E02006599,E,6112,509,445,446,596,0.8,1.0,12.5276,2.928588
Horsham 013,E02006600,E,8119,676,592,593,792,0.6,0.8,17.8327,3.618251
Horsham 014,E02006601,E,7116,593,519,519,694,0.6,0.8,15.625800000000002,3.331354
Horsham 015,E02006602,E,6533,544,476,477,637,0.6,0.8,14.3439,3.164707
Horsham 016,E02006603,E,7504,625,547,548,731,0.8,1.0,15.3762,3.298906
Hounslow 001,E02000526,E,7826,391,313,255,312,0.6,0.8,9.0888,2.4815440000000004
Hounslow 003,E02000528,E,9914,496,396,323,395,0.2,0.4,15.03,3.2539
Hounslow 004,E02000529,E,7891,395,316,257,314,0.2,0.4,11.961500000000001,2.854995
Hounslow 005,E02000530,E,6386,319,255,208,254,0.0,0.2,11.2056,2.756728
Hounslow 006,E02000531,E,9655,483,386,314,384,0.2,0.4,14.6265,3.201445
Hounslow 007,E02000532,E,8556,428,342,279,341,0.6,0.8,9.9368,2.591784
Hounslow 008,E02000533,E,7852,393,314,256,312,0.4,0.6,9.6776,2.558088
Hounslow 009,E02000534,E,7514,376,300,245,299,0.6,0.8,8.7202,2.4336260000000003
Hounslow 010,E02000535,E,8678,434,347,283,345,0.4,0.6,10.697399999999998,2.6906619999999997
Hounslow 011,E02000536,E,8658,433,346,282,345,0.4,0.6,10.679400000000001,2.6883220000000003
Hounslow 012,E02000537,E,8051,403,322,262,320,0.4,0.6,9.9213,2.5897690000000004
Hounslow 013,E02000538,E,8107,405,324,264,323,0.2,0.4,12.288499999999999,2.8975049999999998
Hounslow 014,E02000539,E,10043,502,402,327,399,0.2,0.4,15.2125,3.2776250000000005
Hounslow 015,E02000540,E,8636,432,345,281,343,0.4,0.6,10.636800000000001,2.6827840000000003
Hounslow 016,E02000541,E,8290,415,332,270,329,0.2,0.4,12.556000000000001,2.9322800000000004
Hounslow 017,E02000542,E,8777,439,351,286,349,0.2,0.4,13.299500000000002,3.0289350000000006
Hounslow 018,E02000543,E,10940,547,438,356,435,0.4,0.6,13.483999999999998,3.05292
Hounslow 019,E02000544,E,7659,383,306,249,304,0.6,0.8,8.8767,2.453971
Hounslow 020,E02000545,E,7641,382,306,249,304,0.2,0.4,11.5815,2.8055950000000003
Hounslow 021,E02000546,E,9107,455,364,296,362,0.4,0.6,11.2181,2.758353
Hounslow 022,E02000547,E,8743,437,350,285,348,0.4,0.6,10.782900000000001,2.7017770000000003
Hounslow 023,E02000548,E,8502,425,340,277,339,0.2,0.4,12.893,2.97609
Hounslow 024,E02000549,E,10290,515,412,335,409,0.2,0.4,15.591000000000001,3.32683
Hounslow 025,E02000550,E,9718,486,389,316,387,0.2,0.4,14.729000000000001,3.21477
Hounslow 026,E02000551,E,8047,402,322,262,320,0.0,0.2,14.1222,3.135886
Hounslow 027,E02000552,E,7721,386,309,251,308,0.4,0.6,9.5263,2.538419
Hounslow 028,E02000553,E,6169,309,247,201,246,0.4,0.6,7.6147,2.289911
Hounslow 029,E02006792,E,7841,392,314,255,312,0.6,0.8,9.099300000000001,2.4829090000000003
Huntingdonshire 001,E02003753,E,9253,673,588,597,756,0.6,0.8,17.7749,3.6107370000000003
Huntingdonshire 002,E02003754,E,4827,351,307,311,394,0.6,0.8,9.2671,2.5047230000000003
Huntingdonshire 003,E02003755,E,7105,517,452,458,580,0.4,0.6,14.6815,3.208595
Huntingdonshire 004,E02003756,E,5481,399,348,353,447,0.6,0.8,10.516300000000001,2.6671190000000005
Huntingdonshire 005,E02003757,E,5328,387,338,343,435,0.6,0.8,10.2244,2.629172
Huntingdonshire 006,E02003758,E,7857,572,499,507,642,0.6,0.8,15.0941,3.262233
Huntingdonshire 007,E02003759,E,5133,374,326,331,419,0.8,1.0,9.2039,2.4965070000000003
Huntingdonshire 008,E02003760,E,7021,511,446,453,573,0.2,0.4,16.8745,3.493685
Huntingdonshire 009,E02003761,E,4992,363,317,322,407,0.6,0.8,9.5786,2.545218
Huntingdonshire 010,E02003762,E,7184,523,456,463,586,0.8,1.0,12.8742,2.973646
Huntingdonshire 011,E02003763,E,8272,602,526,533,675,0.6,0.8,15.8796,3.3643479999999997
Huntingdonshire 012,E02003764,E,7879,573,500,508,643,0.6,0.8,15.122700000000002,3.2659510000000003
Huntingdonshire 013,E02003765,E,5460,397,347,352,446,0.8,1.0,9.792,2.57296
Huntingdonshire 014,E02003766,E,5624,409,357,363,459,0.6,0.8,10.7972,2.7036360000000004
Huntingdonshire 015,E02003767,E,5470,398,348,353,447,0.6,0.8,10.511000000000001,2.66643
Huntingdonshire 016,E02003768,E,7777,566,494,501,635,0.8,1.0,13.943100000000001,3.112603
Huntingdonshire 017,E02003769,E,6229,453,396,402,509,0.8,1.0,11.175699999999999,2.752841
Huntingdonshire 018,E02003770,E,6649,484,423,429,543,0.8,1.0,11.9267,2.850471
Huntingdonshire 019,E02003771,E,5256,382,334,339,430,0.6,0.8,10.1018,2.6132340000000003
Huntingdonshire 020,E02003772,E,5712,416,363,368,466,0.8,1.0,10.2376,2.630888
Huntingdonshire 021,E02003773,E,8782,639,558,566,717,0.4,0.6,18.144600000000004,3.658798000000001
Huntingdonshire 022,E02003774,E,4781,348,304,308,390,0.4,0.6,9.8743,2.583659
Hyndburn 001,E02005212,E,8826,571,494,502,566,0.2,0.4,18.408,3.69304
Hyndburn 002,E02005213,E,9573,619,536,545,614,0.2,0.4,19.9705,3.896165
Hyndburn 003,E02005214,E,5415,350,303,308,347,0.2,0.4,11.2895,2.7676350000000003
Hyndburn 004,E02005215,E,9673,626,542,551,620,0.0,0.2,22.940800000000003,4.282304000000001
Hyndburn 005,E02005216,E,4413,285,247,251,283,0.0,0.2,10.460799999999999,2.659904
Hyndburn 006,E02005217,E,9911,641,555,564,636,0.0,0.2,23.506600000000002,4.3558580000000005
Hyndburn 007,E02005218,E,6089,394,341,347,391,0.0,0.2,14.4494,3.1784220000000003
Hyndburn 008,E02005219,E,6919,448,387,394,444,0.2,0.4,14.4375,3.176875
Hyndburn 009,E02005220,E,5164,334,289,294,331,0.4,0.6,9.1092,2.484196
Ipswich 001,E02006245,E,6690,411,348,317,423,0.2,0.4,13.265,3.02445
Ipswich 002,E02006246,E,6213,382,323,294,393,0.6,0.8,9.7129,2.562677
Ipswich 003,E02006247,E,7390,454,384,350,468,0.2,0.4,14.658999999999999,3.20567
Ipswich 004,E02006248,E,6927,426,360,328,439,0.4,0.6,11.6061,2.808793
Ipswich 005,E02006249,E,6556,403,341,311,415,0.6,0.8,10.256799999999998,2.633384
Ipswich 006,E02006250,E,8271,508,430,392,524,0.0,0.2,18.6846,3.728998
Ipswich 007,E02006251,E,8072,496,420,383,511,0.2,0.4,16.017000000000003,3.3822100000000006
Ipswich 008,E02006252,E,7605,467,395,360,481,0.6,0.8,11.8865,2.8452450000000002
Ipswich 009,E02006253,E,5872,361,305,278,372,0.8,1.0,8.5756,2.414828
Ipswich 010,E02006254,E,7345,451,382,348,465,0.0,0.2,16.588,3.4564400000000006
Ipswich 011,E02006255,E,6491,399,338,308,411,0.4,0.6,10.877300000000002,2.714049
Ipswich 012,E02006256,E,7185,441,374,340,455,0.0,0.2,16.226000000000003,3.4093800000000005
Ipswich 013,E02006257,E,5544,340,288,263,351,0.2,0.4,10.997,2.72961
Ipswich 014,E02006258,E,7483,460,389,355,474,0.0,0.2,16.9078,3.4980140000000004
Ipswich 015,E02006259,E,6056,372,315,287,384,0.0,0.2,13.6856,3.0791280000000003
Ipswich 016,E02006260,E,7317,449,381,347,463,0.0,0.2,16.5252,3.448276
Isle of Wight 001,E02003581,E,5722,672,600,599,727,0.4,0.6,17.778599999999997,3.611218
Isle of Wight 002,E02003582,E,5999,705,629,628,763,0.6,0.8,17.258699999999997,3.5436309999999995
Isle of Wight 003,E02003583,E,4721,554,495,494,601,0.2,0.4,16.6725,3.4674250000000004
Isle of Wight 004,E02003584,E,4555,535,478,477,579,0.0,0.2,18.085,3.6510500000000006
Isle of Wight 005,E02003585,E,4867,572,511,509,619,0.6,0.8,14.002099999999999,3.120273
Isle of Wight 006,E02003586,E,5601,658,587,586,712,0.2,0.4,19.7685,3.869905
Isle of Wight 007,E02003587,E,6142,722,644,643,781,0.2,0.4,21.686,4.11918
Isle of Wight 008,E02003588,E,5455,640,572,571,694,0.0,0.2,21.658,4.11554
Isle of Wight 009,E02003589,E,6208,729,651,650,789,0.2,0.4,21.913,4.14869
Isle of Wight 010,E02003590,E,5442,639,571,570,692,0.6,0.8,15.656600000000001,3.3353580000000003
Isle of Wight 011,E02003591,E,6741,792,707,706,857,0.4,0.6,20.954300000000003,4.024059
Isle of Wight 012,E02003592,E,6928,814,727,725,881,0.4,0.6,21.5364,4.099732
Isle of Wight 013,E02003593,E,3880,456,407,406,493,0.4,0.6,12.056000000000001,2.86728
Isle of Wight 014,E02003594,E,6737,791,707,705,857,0.2,0.4,23.7885,4.392505
Isle of Wight 015,E02003595,E,5907,694,620,618,751,0.4,0.6,18.360100000000003,3.686813000000001
Isle of Wight 016,E02003596,E,6378,749,669,667,811,0.2,0.4,22.512999999999998,4.22669
Isle of Wight 017,E02003597,E,4106,482,431,430,522,0.2,0.4,14.497,3.18461
Isle of Wight 018,E02003598,E,5649,663,592,591,718,0.2,0.4,19.9345,3.8914850000000003
Islington 001,E02000554,E,10134,354,261,214,261,0.0,0.2,13.7854,3.0921019999999997
Islington 002,E02000555,E,10383,363,267,219,269,0.2,0.4,12.109499999999999,2.8742349999999997
Islington 003,E02000556,E,11044,386,284,233,285,0.2,0.4,12.866999999999999,2.97271
Islington 004,E02000557,E,8966,313,231,189,231,0.0,0.2,12.194600000000001,2.8852980000000006
Islington 005,E02000558,E,9788,342,252,206,253,0.0,0.2,13.3208,3.0317040000000004
Islington 006,E02000559,E,9687,339,249,204,251,0.4,0.6,8.8161,2.4460930000000003
Islington 007,E02000560,E,7809,273,201,165,201,0.2,0.4,9.0945,2.482285
Islington 008,E02000561,E,8548,299,220,180,221,0.4,0.6,7.774400000000001,2.3106720000000003
Islington 009,E02000562,E,8756,306,225,185,227,0.2,0.4,10.215,2.6279500000000002
Islington 010,E02000563,E,9365,327,241,197,242,0.0,0.2,12.741999999999999,2.95646
Islington 011,E02000564,E,11575,405,298,244,299,0.2,0.4,13.4905,3.0537650000000003
Islington 012,E02000565,E,9035,316,232,190,233,0.2,0.4,10.5195,2.667535
Islington 013,E02000566,E,9010,315,232,190,233,0.4,0.6,8.197,2.36561
Islington 014,E02000567,E,11431,400,294,241,295,0.2,0.4,13.3185,3.0314050000000003
Islington 015,E02000568,E,10622,371,273,224,275,0.0,0.2,14.461200000000002,3.1799560000000002
Islington 016,E02000569,E,11062,387,284,233,285,0.2,0.4,12.879,2.9742699999999997
Islington 017,E02000570,E,9506,332,244,200,245,0.4,0.6,8.6318,2.422134
Islington 018,E02000571,E,8863,310,228,187,229,0.0,0.2,12.064799999999998,2.868424
Islington 019,E02000572,E,9461,331,243,199,245,0.0,0.2,12.879600000000002,2.974348
Islington 020,E02000573,E,9575,335,246,202,247,0.4,0.6,8.7025,2.431325
Islington 021,E02000574,E,9381,328,241,198,243,0.2,0.4,10.9405,2.722265
Islington 022,E02000575,E,13121,459,337,277,339,0.2,0.4,15.2925,3.288025
Islington 023,E02000576,E,10361,362,266,218,267,0.2,0.4,12.060500000000001,2.867865
Kensington and Chelsea 001,E02000577,E,5767,352,291,281,378,0.0,0.2,13.1782,3.013166
Kensington and Chelsea 002,E02000578,E,4646,284,235,227,305,0.0,0.2,10.6316,2.6821080000000004
Kensington and Chelsea 003,E02000579,E,6901,421,349,337,453,0.2,0.4,13.904499999999999,3.1075850000000003
Kensington and Chelsea 004,E02000580,E,6933,423,350,338,455,0.0,0.2,15.8508,3.3606040000000004
Kensington and Chelsea 005,E02000581,E,5846,357,295,285,383,0.0,0.2,13.3586,3.036618
Kensington and Chelsea 006,E02000582,E,6135,375,310,299,402,0.4,0.6,10.448500000000001,2.6583050000000004
Kensington and Chelsea 007,E02000583,E,5851,357,296,285,384,0.4,0.6,9.9713,2.596269
Kensington and Chelsea 008,E02000584,E,6551,400,331,320,429,0.6,0.8,10.4083,2.653079
Kensington and Chelsea 009,E02000585,E,6715,410,339,328,440,0.4,0.6,11.438500000000001,2.787005
Kensington and Chelsea 010,E02000586,E,6223,380,315,304,408,0.8,1.0,9.264899999999999,2.5044370000000002
Kensington and Chelsea 011,E02000587,E,6026,368,305,294,395,0.6,0.8,9.5788,2.5452440000000003
Kensington and Chelsea 012,E02000588,E,6537,399,330,319,429,0.6,0.8,10.3931,2.651103
Kensington and Chelsea 013,E02000589,E,6765,413,342,330,443,0.4,0.6,11.5195,2.797535
Kensington and Chelsea 014,E02000590,E,5619,343,284,274,368,0.4,0.6,9.5677,2.543801
Kensington and Chelsea 015,E02000591,E,5425,331,274,265,356,0.2,0.4,10.9285,2.720705
Kensington and Chelsea 016,E02000592,E,5415,331,274,264,355,0.6,0.8,8.6075,2.418975
Kensington and Chelsea 017,E02000593,E,6107,373,309,298,400,0.4,0.6,10.4021,2.652273
Kensington and Chelsea 018,E02000594,E,5809,355,294,283,380,0.6,0.8,9.223700000000001,2.4990810000000003
Kensington and Chelsea 019,E02000595,E,5872,358,297,287,385,0.6,0.8,9.3356,2.5136279999999998
Kensington and Chelsea 020,E02000596,E,6233,381,315,304,409,0.6,0.8,9.910899999999998,2.5884169999999997
Kensington and Chelsea 021,E02000597,E,5711,349,289,279,374,0.0,0.2,13.0576,2.997488
Kettering 001,E02005639,E,4956,314,280,283,316,0.6,0.8,8.125800000000002,2.3563540000000005
Kettering 002,E02005640,E,10049,636,567,575,641,0.6,0.8,16.4807,3.4424909999999995
Kettering 003,E02005641,E,7227,458,408,413,461,0.4,0.6,12.7261,2.9543930000000005
Kettering 004,E02005642,E,7766,492,438,444,495,0.6,0.8,12.730799999999999,2.9550039999999997
Kettering 005,E02005643,E,7560,479,426,432,482,0.0,0.2,17.869,3.6229700000000005
Kettering 006,E02005644,E,7751,491,437,443,494,0.2,0.4,16.125500000000002,3.3963150000000004
Kettering 007,E02005645,E,10327,654,582,591,659,0.4,0.6,18.188100000000002,3.664453000000001
Kettering 008,E02005646,E,6032,382,340,345,385,0.8,1.0,9.2136,2.4977679999999998
Kettering 009,E02005647,E,6606,418,373,378,421,0.2,0.4,13.747,3.08711
Kettering 010,E02005648,E,6778,429,382,388,432,0.8,1.0,10.3474,2.645162
Kettering 011,E02005649,E,12759,808,720,730,813,0.6,0.8,20.9167,4.019171
King's Lynn and West Norfolk 001,E02005551,E,4102,401,361,365,449,0.2,0.4,12.641,2.94333
King's Lynn and West Norfolk 002,E02005552,E,5350,523,471,476,586,0.2,0.4,16.492,3.4439600000000006
King's Lynn and West Norfolk 003,E02005553,E,6646,649,585,591,728,0.4,0.6,17.913800000000002,3.628794
King's Lynn and West Norfolk 004,E02005554,E,5217,510,460,464,571,0.4,0.6,14.061100000000001,3.127943
King's Lynn and West Norfolk 005,E02005555,E,5227,511,460,465,573,0.8,1.0,12.138100000000001,2.877953
King's Lynn and West Norfolk 006,E02005556,E,5811,568,512,517,637,0.4,0.6,15.673300000000001,3.337529
King's Lynn and West Norfolk 007,E02005557,E,4593,449,405,409,503,0.0,0.2,15.924800000000001,3.3702240000000003
King's Lynn and West Norfolk 008,E02005558,E,5199,508,458,463,569,0.2,0.4,16.0245,3.383185
King's Lynn and West Norfolk 009,E02005559,E,5313,519,468,473,582,0.2,0.4,16.380499999999998,3.4294649999999995
King's Lynn and West Norfolk 010,E02005560,E,6438,629,567,573,706,0.2,0.4,19.857,3.88141
King's Lynn and West Norfolk 011,E02005561,E,7439,727,655,662,815,0.0,0.2,25.787399999999998,4.652362
King's Lynn and West Norfolk 012,E02005562,E,5303,518,467,472,580,0.2,0.4,16.337500000000002,3.4238750000000007
King's Lynn and West Norfolk 013,E02005563,E,5635,551,496,502,618,0.2,0.4,17.3845,3.559985
King's Lynn and West Norfolk 014,E02005564,E,7771,759,684,692,851,0.4,0.6,20.9493,4.023409
King's Lynn and West Norfolk 015,E02005565,E,5313,519,468,473,582,0.2,0.4,16.380499999999998,3.4294649999999995
King's Lynn and West Norfolk 016,E02005566,E,7207,704,635,642,790,0.2,0.4,22.2295,4.189835
King's Lynn and West Norfolk 017,E02005567,E,7562,739,666,673,828,0.4,0.6,20.3846,3.949998
King's Lynn and West Norfolk 018,E02005568,E,5438,532,479,484,595,0.4,0.6,14.6554,3.205202
King's Lynn and West Norfolk 019,E02005569,E,6001,586,529,534,657,0.4,0.6,16.1763,3.4029190000000007
Kingston upon Hull 001,E02002652,E,9256,537,435,390,422,0.0,0.2,18.2076,3.666988
Kingston upon Hull 002,E02002653,E,7101,412,334,299,324,0.0,0.2,13.9716,3.116308
Kingston upon Hull 003,E02002654,E,6519,378,306,275,297,0.0,0.2,12.820400000000001,2.9666520000000003
Kingston upon Hull 004,E02002655,E,7616,442,358,321,347,0.0,0.2,14.9806,3.247478
Kingston upon Hull 005,E02002656,E,4576,265,215,193,209,0.4,0.6,6.4288,2.135744
Kingston upon Hull 006,E02002657,E,6430,373,302,271,294,0.2,0.4,10.967,2.7257100000000003
Kingston upon Hull 007,E02002658,E,5871,340,276,247,268,0.4,0.6,8.243300000000001,2.3716290000000004
Kingston upon Hull 008,E02002659,E,9404,545,442,396,429,0.0,0.2,18.4974,3.704662
Kingston upon Hull 009,E02002660,E,5925,343,278,249,270,0.0,0.2,11.643,2.8135900000000005
Kingston upon Hull 010,E02002661,E,6795,394,319,286,309,0.0,0.2,13.352,3.0357600000000002
Kingston upon Hull 011,E02002662,E,6157,357,289,259,281,0.0,0.2,12.109200000000001,2.8741960000000004
Kingston upon Hull 012,E02002663,E,5845,339,275,246,266,0.4,0.6,8.1995,2.3659350000000003
Kingston upon Hull 013,E02002664,E,6497,377,305,274,296,0.6,0.8,8.5491,2.411383
Kingston upon Hull 014,E02002665,E,7092,411,333,299,324,0.4,0.6,9.9636,2.595268
Kingston upon Hull 015,E02002666,E,7647,443,359,322,349,0.0,0.2,15.040199999999999,3.255226
Kingston upon Hull 016,E02002667,E,6068,352,285,256,277,0.2,0.4,10.346,2.6449800000000003
Kingston upon Hull 017,E02002668,E,7565,439,355,319,345,0.0,0.2,14.882000000000001,3.2346600000000003
Kingston upon Hull 018,E02002669,E,7240,420,340,305,330,0.2,0.4,12.335,2.90355
Kingston upon Hull 019,E02002670,E,6716,389,316,283,307,0.2,0.4,11.454,2.7890200000000003
Kingston upon Hull 020,E02002671,E,7139,414,335,301,326,0.0,0.2,14.0474,3.126162
Kingston upon Hull 021,E02002672,E,6291,365,296,265,287,0.0,0.2,12.378600000000002,2.909218
Kingston upon Hull 022,E02002673,E,6755,392,317,284,308,0.0,0.2,13.282,3.02666
Kingston upon Hull 023,E02002674,E,5892,342,277,248,269,0.2,0.4,10.044,2.6057200000000003
Kingston upon Hull 024,E02002675,E,7223,419,339,304,329,0.0,0.2,14.199800000000002,3.1459740000000003
Kingston upon Hull 025,E02002676,E,6470,375,304,272,295,0.0,0.2,12.721,2.95373
Kingston upon Hull 026,E02002677,E,7184,417,338,303,328,0.0,0.2,14.1424,3.1385120000000004
Kingston upon Hull 027,E02002678,E,6564,381,308,276,299,0.0,0.2,12.903400000000001,2.9774420000000004
Kingston upon Hull 028,E02002679,E,6326,367,297,266,288,0.2,0.4,10.77,2.7001
Kingston upon Hull 029,E02002680,E,7568,439,356,319,345,0.0,0.2,14.8888,3.235544
Kingston upon Hull 030,E02002681,E,7263,421,341,306,331,0.0,0.2,14.281799999999999,3.156634
Kingston upon Hull 031,E02002682,E,6786,393,319,286,309,0.0,0.2,13.3416,3.034408
Kingston upon Hull 033,E02006813,E,7014,407,330,295,320,0.0,0.2,13.7984,3.0937920000000005
Kingston upon Thames 001,E02000598,E,7531,380,307,285,384,0.8,1.0,9.2823,2.5066990000000002
Kingston upon Thames 002,E02000599,E,6985,352,285,264,356,0.8,1.0,8.605500000000001,2.418715
Kingston upon Thames 003,E02000600,E,7901,399,322,299,403,0.8,1.0,9.740300000000001,2.5662390000000004
Kingston upon Thames 004,E02000601,E,10001,504,408,378,510,0.8,1.0,12.3243,2.902159
Kingston upon Thames 005,E02000602,E,9022,455,368,341,460,0.4,0.6,12.654600000000002,2.9450980000000007
Kingston upon Thames 006,E02000603,E,7552,381,308,286,385,0.4,0.6,10.595600000000001,2.677428
Kingston upon Thames 007,E02000604,E,8250,416,336,312,421,0.6,0.8,10.841999999999999,2.70946
Kingston upon Thames 008,E02000605,E,7556,381,308,286,385,0.6,0.8,9.925799999999999,2.590354
Kingston upon Thames 009,E02000606,E,9711,490,396,367,495,0.8,1.0,11.9653,2.855489
Kingston upon Thames 010,E02000607,E,6562,331,267,248,335,0.8,1.0,8.0896,2.351648
Kingston upon Thames 011,E02000608,E,6719,339,274,254,343,0.6,0.8,8.832699999999999,2.448251
Kingston upon Thames 012,E02000609,E,7146,360,291,270,364,0.6,0.8,9.3818,2.519634
Kingston upon Thames 013,E02000610,E,7331,370,299,277,373,0.6,0.8,9.6233,2.551029
Kingston upon Thames 014,E02000611,E,7027,354,286,266,358,0.8,1.0,8.6561,2.425293
Kingston upon Thames 015,E02000612,E,7713,389,314,292,394,0.8,1.0,9.5139,2.536807
Kingston upon Thames 016,E02000613,E,7533,380,307,285,384,0.6,0.8,9.896899999999999,2.586597
Kingston upon Thames 017,E02000614,E,8074,407,329,305,411,0.6,0.8,10.5982,2.677766
Kingston upon Thames 018,E02000615,E,7178,362,293,271,366,0.8,1.0,8.8444,2.4497720000000003
Kingston upon Thames 019,E02000616,E,5794,292,236,219,296,0.8,1.0,7.145199999999999,2.228876
Kingston upon Thames 020,E02000617,E,8200,414,334,310,419,0.4,0.6,11.512,2.7965600000000004
Kirklees 001,E02002271,E,6088,395,333,322,387,0.6,0.8,9.8154,2.576002
Kirklees 002,E02002272,E,8099,525,443,429,514,0.2,0.4,16.5675,3.4537750000000003
Kirklees 003,E02002273,E,5292,343,290,280,336,0.4,0.6,9.1456,2.488928
Kirklees 004,E02002274,E,6000,389,328,318,381,0.6,0.8,9.671,2.55723
Kirklees 005,E02002275,E,7339,476,402,389,466,0.2,0.4,15.0205,3.2526650000000004
Kirklees 006,E02002276,E,6243,405,342,331,397,0.2,0.4,12.785499999999999,2.962115
Kirklees 007,E02002277,E,5579,362,305,296,354,0.2,0.4,11.4155,2.784015
Kirklees 008,E02002278,E,5462,354,299,289,347,0.2,0.4,11.176,2.75288
Kirklees 009,E02002279,E,5292,343,290,280,336,0.0,0.2,12.3322,2.903186
Kirklees 010,E02002280,E,5356,347,293,284,340,0.0,0.2,12.4816,2.9226080000000003
Kirklees 011,E02002281,E,9773,634,535,518,621,0.2,0.4,20.0065,3.9008450000000003
Kirklees 012,E02002282,E,6176,400,338,327,393,0.0,0.2,14.4006,3.172078
Kirklees 013,E02002283,E,6715,435,368,356,427,0.0,0.2,15.66,3.3358
Kirklees 014,E02002284,E,5191,337,284,275,330,0.2,0.4,10.6275,2.681575
Kirklees 015,E02002285,E,6851,444,375,363,435,0.6,0.8,11.0433,2.7356290000000003
Kirklees 016,E02002286,E,5209,338,285,276,331,0.0,0.2,12.1444,2.8787719999999997
Kirklees 017,E02002287,E,5944,385,325,315,378,0.0,0.2,13.857400000000002,3.1014620000000006
Kirklees 018,E02002288,E,7949,515,435,421,504,0.0,0.2,18.514400000000002,3.7068720000000006
Kirklees 019,E02002289,E,5624,365,308,298,357,0.0,0.2,13.1094,3.0042220000000004
Kirklees 020,E02002290,E,5339,346,292,283,339,0.6,0.8,8.6057,2.4187410000000003
Kirklees 021,E02002291,E,5616,364,307,297,357,0.4,0.6,9.7068,2.561884
Kirklees 022,E02002292,E,4895,317,268,259,311,0.4,0.6,8.4605,2.399865
Kirklees 023,E02002293,E,6800,441,372,360,432,0.0,0.2,15.849,3.3603700000000005
Kirklees 024,E02002294,E,9166,594,502,485,582,0.0,0.2,21.358600000000003,4.076618000000001
Kirklees 025,E02002295,E,5736,372,314,304,364,0.0,0.2,13.367600000000001,3.0377880000000004
Kirklees 026,E02002296,E,5815,377,318,308,370,0.4,0.6,10.0585,2.6076050000000004
Kirklees 027,E02002297,E,5916,384,324,313,376,0.4,0.6,10.2288,2.629744
Kirklees 028,E02002298,E,5785,375,317,306,368,0.2,0.4,11.8435,2.8396550000000005
Kirklees 029,E02002299,E,5616,364,307,297,357,0.0,0.2,13.087600000000002,3.0013880000000004
Kirklees 030,E02002300,E,5730,372,314,303,364,0.6,0.8,9.238,2.50094
Kirklees 031,E02002301,E,6561,426,359,348,416,0.0,0.2,15.2896,3.287648
Kirklees 032,E02002302,E,5473,355,300,290,347,0.6,0.8,8.8189,2.4464569999999997
Kirklees 033,E02002303,E,5545,360,304,294,352,0.4,0.6,9.5875,2.5463750000000003
Kirklees 034,E02002304,E,5608,364,307,297,356,0.2,0.4,11.475000000000001,2.7917500000000004
Kirklees 035,E02002305,E,5206,337,285,276,330,0.0,0.2,12.125599999999999,2.876328
Kirklees 036,E02002306,E,5455,354,299,289,347,0.6,0.8,8.8025,2.444325
Kirklees 037,E02002307,E,5149,334,282,273,327,0.2,0.4,10.5395,2.670135
Kirklees 038,E02002308,E,5539,359,303,293,351,0.4,0.6,9.5617,2.5430210000000004
Kirklees 039,E02002309,E,5802,376,318,307,368,0.0,0.2,13.516200000000001,3.057106
Kirklees 040,E02002310,E,5216,338,285,276,331,0.2,0.4,10.666,2.68658
Kirklees 041,E02002311,E,5510,357,302,292,350,0.2,0.4,11.277999999999999,2.76614
Kirklees 042,E02002312,E,6977,452,382,369,443,0.2,0.4,14.2715,3.1552949999999997
Kirklees 043,E02002313,E,6571,426,360,348,418,0.0,0.2,15.3246,3.292198
Kirklees 044,E02002314,E,5151,334,282,273,327,0.4,0.6,8.9033,2.4574290000000003
Kirklees 045,E02002315,E,5808,377,318,308,368,0.2,0.4,11.879000000000001,2.8442700000000003
Kirklees 046,E02002316,E,5515,358,302,292,351,0.6,0.8,8.8995,2.456935
Kirklees 047,E02002317,E,6036,391,330,320,383,0.0,0.2,14.062600000000002,3.1281380000000003
Kirklees 048,E02002318,E,5490,356,300,291,349,0.0,0.2,12.799,2.96387
Kirklees 049,E02002319,E,5615,364,307,297,357,0.4,0.6,9.7065,2.561845
Kirklees 050,E02002320,E,5485,356,300,290,349,0.4,0.6,9.4855,2.533115
Kirklees 051,E02002321,E,6199,402,339,328,393,0.8,1.0,9.3047,2.509611
Kirklees 052,E02002322,E,5486,356,300,291,349,0.4,0.6,9.491800000000001,2.5339340000000004
Kirklees 053,E02002323,E,7238,469,396,383,460,0.6,0.8,11.6684,2.816892
Kirklees 054,E02002324,E,5589,362,306,296,355,0.6,0.8,9.009699999999999,2.471261
Kirklees 055,E02002325,E,7315,474,400,387,464,0.6,0.8,11.781500000000001,2.831595
Kirklees 056,E02002326,E,5370,348,294,284,341,0.8,1.0,8.066,2.34858
Kirklees 057,E02002327,E,8440,547,462,447,536,0.6,0.8,13.605,3.06865
Kirklees 058,E02002328,E,5980,388,327,317,380,0.6,0.8,9.643,2.5535900000000002
Kirklees 059,E02002329,E,10249,665,561,543,651,0.6,0.8,16.5247,3.4482109999999997
Knowsley 001,E02001327,E,6409,491,369,284,347,0.0,0.2,14.2974,3.158662
Knowsley 002,E02001328,E,8727,669,503,387,473,0.2,0.4,16.7675,3.479775
Knowsley 003,E02001329,E,6541,501,377,290,354,0.0,0.2,14.592600000000001,3.197038
Knowsley 004,E02001330,E,7490,574,431,332,406,0.0,0.2,16.715000000000003,3.472950000000001
Knowsley 005,E02001331,E,8656,663,499,384,469,0.0,0.2,19.3196,3.811548
Knowsley 006,E02001332,E,5716,438,329,254,310,0.0,0.2,12.7626,2.9591380000000003
Knowsley 007,E02001333,E,7053,540,406,313,382,0.0,0.2,15.736799999999999,3.345784
Knowsley 008,E02001334,E,4972,381,286,221,269,0.0,0.2,11.0932,2.742116
Knowsley 009,E02001335,E,6596,505,380,293,357,0.2,0.4,12.668,2.94684
Knowsley 010,E02001336,E,5878,450,339,261,318,0.0,0.2,13.1148,3.004924
Knowsley 011,E02001337,E,5103,391,294,226,277,0.0,0.2,11.3928,2.7810639999999998
Knowsley 012,E02001338,E,5108,391,294,226,277,0.0,0.2,11.3958,2.781454
Knowsley 013,E02001339,E,5797,444,334,257,314,0.0,0.2,12.9352,2.981576
Knowsley 014,E02001340,E,7739,593,446,343,419,0.4,0.6,12.3777,2.909101
Knowsley 015,E02001341,E,5900,452,340,262,320,0.0,0.2,13.174000000000001,3.01262
Knowsley 016,E02001342,E,6171,473,355,274,334,0.4,0.6,9.869299999999999,2.5830089999999997
Knowsley 017,E02001343,E,6122,469,353,272,332,0.4,0.6,9.8026,2.574338
Knowsley 018,E02001344,E,4597,352,265,204,248,0.0,0.2,10.2472,2.632136
Knowsley 019,E02001345,E,4850,372,279,215,262,0.4,0.6,7.7490000000000006,2.30737
Knowsley 020,E02001346,E,6083,466,350,270,330,0.0,0.2,13.579800000000002,3.0653740000000003
Lambeth 002,E02000619,E,8014,297,204,156,217,0.2,0.4,9.41,2.5233
Lambeth 003,E02000620,E,9322,346,237,182,253,0.2,0.4,10.957,2.72441
Lambeth 004,E02000621,E,10374,385,264,202,281,0.2,0.4,12.184000000000001,2.8839200000000003
Lambeth 005,E02000622,E,8053,299,205,157,219,0.2,0.4,9.470500000000001,2.5311650000000006
Lambeth 006,E02000623,E,7948,295,202,155,215,0.2,0.4,9.332,2.51316
Lambeth 007,E02000624,E,7934,294,202,155,215,0.2,0.4,9.322,2.51186
Lambeth 008,E02000625,E,8316,309,212,162,225,0.2,0.4,9.767000000000001,2.56971
Lambeth 009,E02000626,E,8257,306,210,161,223,0.0,0.2,11.337200000000001,2.773836
Lambeth 010,E02000627,E,9522,353,242,185,258,0.2,0.4,11.179,2.75327
Lambeth 011,E02000628,E,9680,359,246,189,262,0.0,0.2,13.3,3.029
Lambeth 012,E02000629,E,8985,333,229,175,244,0.2,0.4,10.560500000000001,2.6728650000000003
Lambeth 013,E02000630,E,7229,268,184,141,196,0.2,0.4,8.4935,2.4041550000000003
Lambeth 014,E02000631,E,8786,326,224,171,238,0.4,0.6,8.0658,2.348554
Lambeth 015,E02000632,E,9468,351,241,184,257,0.2,0.4,11.123,2.74599
Lambeth 016,E02000633,E,8597,319,219,167,233,0.0,0.2,11.813200000000002,2.8357160000000006
Lambeth 017,E02000634,E,6812,253,173,133,185,0.2,0.4,8.008000000000001,2.3410400000000005
Lambeth 018,E02000635,E,9111,338,232,177,247,0.2,0.4,10.7005,2.691065
Lambeth 019,E02000636,E,7598,282,193,148,206,0.4,0.6,6.9754000000000005,2.206802
Lambeth 020,E02000637,E,8641,321,220,168,234,0.2,0.4,10.1475,2.6191750000000003
Lambeth 021,E02000638,E,9846,365,251,192,266,0.2,0.4,11.558,2.80254
Lambeth 022,E02000639,E,8077,300,206,157,219,0.2,0.4,9.4895,2.5336350000000003
Lambeth 023,E02000640,E,9075,337,231,177,246,0.4,0.6,8.3345,2.3834850000000003
Lambeth 024,E02000641,E,8732,324,222,170,236,0.0,0.2,11.9912,2.8588560000000003
Lambeth 025,E02000642,E,9576,355,244,187,259,0.2,0.4,11.246,2.7619800000000003
Lambeth 026,E02000643,E,8326,309,212,162,225,0.2,0.4,9.772,2.57036
Lambeth 027,E02000644,E,8577,318,218,167,232,0.4,0.6,7.867100000000001,2.322723
Lambeth 028,E02000645,E,8973,333,228,175,243,0.2,0.4,10.5385,2.670005
Lambeth 029,E02000646,E,9074,337,231,177,246,0.4,0.6,8.334200000000001,2.383446
Lambeth 030,E02000647,E,8439,313,215,164,229,0.4,0.6,7.749700000000001,2.307461
Lambeth 031,E02000648,E,7750,288,197,151,210,0.0,0.2,10.652,2.68476
Lambeth 032,E02000649,E,11121,413,283,217,302,0.2,0.4,13.0745,2.9996850000000004
Lambeth 033,E02000650,E,7385,274,188,144,200,0.2,0.4,8.6745,2.4276850000000003
Lambeth 034,E02000651,E,8546,317,218,166,232,0.4,0.6,7.8498,2.320474
Lambeth 035,E02000652,E,7327,272,187,143,198,0.4,0.6,6.7241,2.1741330000000003
Lambeth 036,E02006801,E,8040,298,205,157,217,0.4,0.6,7.3740000000000006,2.25862
Lancaster 001,E02005221,E,8457,617,533,525,634,0.4,0.6,16.6611,3.465943
Lancaster 002,E02005222,E,5103,372,322,317,383,0.6,0.8,9.3609,2.5169170000000003
Lancaster 003,E02005223,E,6161,449,388,382,462,0.8,1.0,10.5143,2.666859
Lancaster 004,E02005224,E,4409,321,278,274,330,0.4,0.6,8.680700000000002,2.428491
Lancaster 005,E02005225,E,4443,324,280,276,333,0.8,1.0,7.5839,2.285907
Lancaster 006,E02005226,E,6636,484,418,412,497,0.0,0.2,17.3396,3.5541480000000005
Lancaster 008,E02005228,E,4915,359,310,305,368,0.2,0.4,11.3255,2.772315
Lancaster 009,E02005229,E,4782,349,301,297,358,0.0,0.2,12.4942,2.924246
Lancaster 010,E02005230,E,5576,407,351,346,418,0.0,0.2,14.5736,3.1945680000000003
Lancaster 011,E02005231,E,6800,496,429,422,510,0.0,0.2,17.779,3.61127
Lancaster 013,E02005233,E,5155,376,325,320,387,0.2,0.4,11.889500000000002,2.8456350000000006
Lancaster 014,E02005234,E,6410,467,404,398,480,0.2,0.4,14.767999999999999,3.21984
Lancaster 015,E02005235,E,4560,332,287,283,341,0.6,0.8,8.346,2.38498
Lancaster 016,E02005236,E,10835,790,683,673,812,0.2,0.4,24.9745,4.546685
Lancaster 017,E02005237,E,8357,609,527,519,626,0.4,0.6,16.4591,3.4396829999999996
Lancaster 018,E02005238,E,4875,355,307,303,366,0.4,0.6,9.610500000000002,2.5493650000000003
Lancaster 019,E02005239,E,9931,724,626,616,744,0.6,0.8,18.1953,3.6653890000000002
Lancaster 020,E02006871,E,10131,739,639,629,759,0.2,0.4,23.3495,4.335435
Leeds 001,E02002330,E,5930,312,266,256,318,0.8,1.0,7.712999999999999,2.30269
Leeds 002,E02002331,E,5924,312,266,256,317,0.4,0.6,8.805200000000001,2.4446760000000003
Leeds 003,E02002332,E,5257,277,236,227,282,0.4,0.6,7.8210999999999995,2.3167429999999998
Leeds 004,E02002333,E,7028,370,315,303,377,0.6,0.8,9.770399999999999,2.570152
Leeds 005,E02002334,E,6395,337,287,276,343,0.8,1.0,8.3195,2.381535
Leeds 006,E02002335,E,6788,357,305,293,364,0.8,1.0,8.8294,2.447822
Leeds 007,E02002336,E,6081,320,273,263,326,0.8,1.0,7.911300000000001,2.328469
Leeds 008,E02002337,E,6032,318,271,260,323,0.8,1.0,7.8406,2.319278
Leeds 009,E02002338,E,6112,322,274,264,328,0.6,0.8,8.5016,2.405208
Leeds 010,E02002339,E,5139,271,231,222,276,0.2,0.4,9.172500000000001,2.4924250000000003
Leeds 011,E02002340,E,4976,262,223,215,266,0.4,0.6,7.3908000000000005,2.2608040000000003
Leeds 012,E02002341,E,6604,348,296,285,354,0.8,1.0,8.5882,2.4164660000000002
Leeds 013,E02002342,E,5170,272,232,223,277,0.6,0.8,7.185,2.23405
Leeds 014,E02002343,E,5149,271,231,222,276,0.8,1.0,6.694700000000001,2.1703110000000003
Leeds 015,E02002344,E,6900,363,310,298,370,0.8,1.0,8.975999999999999,2.4668799999999997
Leeds 016,E02002345,E,4945,260,222,214,266,0.8,1.0,6.4435,2.137655
Leeds 017,E02002346,E,5377,283,241,232,288,0.2,0.4,9.5815,2.545595
Leeds 018,E02002347,E,5390,284,242,233,289,0.0,0.2,10.963000000000001,2.7251900000000004
Leeds 019,E02002348,E,5492,289,247,237,295,0.2,0.4,9.8,2.5740000000000003
Leeds 020,E02002349,E,5064,267,227,219,272,0.6,0.8,7.0482000000000005,2.216266
Leeds 021,E02002350,E,5575,293,250,241,299,0.8,1.0,7.2524999999999995,2.242825
Leeds 022,E02002351,E,4851,255,218,210,260,0.8,1.0,6.311299999999999,2.120469
Leeds 023,E02002352,E,6624,349,297,286,356,0.8,1.0,8.6252,2.4212759999999998
Leeds 024,E02002353,E,5228,275,235,226,280,0.8,1.0,6.798400000000001,2.1837920000000004
Leeds 025,E02002354,E,7032,370,316,304,377,0.4,0.6,10.4616,2.6600080000000004
Leeds 027,E02002356,E,6761,356,303,292,362,0.8,1.0,8.7883,2.442479
Leeds 028,E02002357,E,6996,368,314,302,375,0.4,0.6,10.402800000000001,2.6523640000000004
Leeds 029,E02002358,E,6608,348,297,285,354,0.2,0.4,11.779,2.83127
Leeds 030,E02002359,E,5745,302,258,248,309,0.8,1.0,7.4825,2.2727250000000003
Leeds 031,E02002360,E,6065,319,272,262,325,0.4,0.6,9.0175,2.472275
Leeds 032,E02002361,E,5167,272,232,223,277,0.4,0.6,7.684100000000001,2.2989330000000003
Leeds 033,E02002362,E,6915,364,310,299,371,0.0,0.2,14.064,3.1283200000000004
Leeds 034,E02002363,E,6270,330,281,271,336,0.6,0.8,8.716000000000001,2.4330800000000004
Leeds 035,E02002364,E,5183,273,233,224,278,0.0,0.2,10.543800000000001,2.670694
Leeds 037,E02002366,E,6980,367,313,301,374,0.4,0.6,10.374,2.64862
Leeds 038,E02002367,E,5314,280,239,230,285,0.0,0.2,10.813400000000001,2.7057420000000003
Leeds 039,E02002368,E,7146,376,321,309,383,0.8,1.0,9.2958,2.508454
Leeds 040,E02002369,E,6236,328,280,269,334,0.0,0.2,12.6726,2.947438
Leeds 041,E02002370,E,5980,315,268,258,321,0.0,0.2,12.161000000000001,2.88093
Leeds 042,E02002371,E,8640,455,388,373,463,0.0,0.2,17.566,3.5835799999999995
Leeds 044,E02002373,E,7690,405,345,332,413,0.4,0.6,11.445,2.78785
Leeds 045,E02002374,E,5963,314,268,258,320,0.2,0.4,10.6415,2.683395
Leeds 046,E02002375,E,5738,302,258,248,307,0.0,0.2,11.6628,2.816164
Leeds 047,E02002376,E,6174,325,277,267,331,0.0,0.2,12.555399999999999,2.932202
Leeds 048,E02002377,E,6351,334,285,274,340,0.0,0.2,12.9036,2.977468
Leeds 050,E02002379,E,4712,248,212,203,252,0.0,0.2,9.5722,2.5443860000000003
Leeds 051,E02002380,E,4735,249,213,204,254,0.2,0.4,8.442499999999999,2.397525
Leeds 052,E02002381,E,5482,289,246,237,294,0.2,0.4,9.779,2.57127
Leeds 053,E02002382,E,5393,284,242,233,289,0.0,0.2,10.9648,2.7254240000000003
Leeds 054,E02002383,E,6862,361,308,296,368,0.2,0.4,12.234000000000002,2.8904200000000007
Leeds 055,E02002384,E,9698,511,435,419,520,0.0,0.2,19.7218,3.8638340000000007
Leeds 056,E02002385,E,7186,378,323,310,385,0.0,0.2,14.6066,3.1988580000000004
Leeds 057,E02002386,E,7499,395,337,324,402,0.4,0.6,11.1557,2.750241
Leeds 058,E02002387,E,4902,258,220,212,262,0.0,0.2,9.959200000000001,2.594696
Leeds 059,E02002388,E,6610,348,297,285,354,0.0,0.2,13.434000000000001,3.0464200000000003
Leeds 060,E02002389,E,5930,312,266,256,318,0.0,0.2,12.056000000000001,2.86728
Leeds 061,E02002390,E,5441,286,244,235,292,0.0,0.2,11.0636,2.7382679999999997
Leeds 062,E02002391,E,6986,368,314,302,375,0.4,0.6,10.3998,2.651974
Leeds 063,E02002392,E,8335,439,374,360,447,0.2,0.4,14.8645,3.232385
Leeds 064,E02002393,E,6819,359,306,294,366,0.0,0.2,13.866399999999999,3.102632
Leeds 065,E02002394,E,6088,320,273,263,326,0.0,0.2,12.3708,2.908204
Leeds 066,E02002395,E,5700,300,256,246,305,0.4,0.6,8.47,2.4011000000000005
Leeds 067,E02002396,E,7608,401,342,329,408,0.0,0.2,15.478800000000003,3.3122440000000006
Leeds 068,E02002397,E,6677,352,300,288,358,0.2,0.4,11.906500000000001,2.8478450000000004
Leeds 069,E02002398,E,6688,352,300,289,358,0.4,0.6,9.9404,2.5922520000000002
Leeds 070,E02002399,E,5577,294,250,241,299,0.0,0.2,11.3412,2.774356
Leeds 071,E02002400,E,7390,389,332,319,397,0.0,0.2,15.036000000000001,3.2546800000000005
Leeds 072,E02002401,E,5577,293,250,241,299,0.0,0.2,11.336200000000002,2.7737060000000002
Leeds 073,E02002402,E,5187,273,233,224,278,0.8,1.0,6.7461,2.176993
Leeds 074,E02002403,E,5454,287,245,236,293,0.6,0.8,7.5932,2.287116
Leeds 075,E02002404,E,7799,410,350,337,418,0.0,0.2,15.8544,3.361072
Leeds 076,E02002405,E,6725,354,302,290,360,0.4,0.6,9.993500000000001,2.599155
Leeds 077,E02002406,E,6306,332,283,272,338,0.8,1.0,8.1998,2.365974
Leeds 078,E02002407,E,5744,302,258,248,307,0.0,0.2,11.6664,2.8166320000000002
Leeds 079,E02002408,E,6502,342,292,281,348,0.4,0.6,9.6646,2.556398
Leeds 080,E02002409,E,5338,281,240,230,286,0.0,0.2,10.8498,2.710474
Leeds 081,E02002410,E,5923,312,266,256,317,0.2,0.4,10.557500000000001,2.6724750000000004
Leeds 082,E02002411,E,6341,334,285,274,340,0.0,0.2,12.8976,2.9766880000000002
Leeds 083,E02002412,E,6108,322,274,264,328,0.2,0.4,10.9,2.717
Leeds 085,E02002414,E,5143,271,231,222,276,0.0,0.2,10.4618,2.660034
Leeds 086,E02002415,E,5827,307,262,252,313,0.0,0.2,11.8612,2.841956
Leeds 087,E02002416,E,5677,299,255,245,305,0.4,0.6,8.4511,2.398643
Leeds 088,E02002417,E,5687,299,255,246,305,0.4,0.6,8.4601,2.399813
Leeds 089,E02002418,E,6502,342,292,281,348,0.4,0.6,9.6646,2.556398
Leeds 090,E02002419,E,7040,371,316,304,377,0.0,0.2,14.311,3.16043
Leeds 091,E02002420,E,7058,372,317,305,379,0.2,0.4,12.596,2.93748
Leeds 092,E02002421,E,5328,281,239,230,286,0.0,0.2,10.8388,2.7090440000000005
Leeds 093,E02002422,E,5552,292,249,240,297,0.6,0.8,7.7126,2.302638
Leeds 094,E02002423,E,5072,267,228,219,272,0.0,0.2,10.3152,2.640976
Leeds 095,E02002424,E,6841,360,307,295,367,0.4,0.6,10.1743,2.622659
Leeds 096,E02002425,E,7592,400,341,328,407,0.4,0.6,11.293600000000001,2.768168
Leeds 097,E02002426,E,6885,362,309,297,369,0.4,0.6,10.2355,2.630615
Leeds 098,E02002427,E,6161,324,277,266,330,0.2,0.4,10.982500000000002,2.7277250000000004
Leeds 099,E02002428,E,6181,325,278,267,331,0.2,0.4,11.0185,2.732405
Leeds 100,E02002429,E,7410,390,333,320,397,0.4,0.6,11.019,2.73247
Leeds 101,E02002430,E,6449,339,290,278,346,0.0,0.2,13.112400000000001,3.0046120000000003
Leeds 102,E02002431,E,7184,378,322,310,385,0.2,0.4,12.804000000000002,2.9645200000000003
Leeds 103,E02002432,E,6470,341,291,279,347,0.4,0.6,9.625,2.55125
Leeds 104,E02002433,E,5551,292,249,240,297,0.2,0.4,9.8915,2.5858950000000003
Leeds 105,E02002434,E,7747,408,348,335,415,0.4,0.6,11.522100000000002,2.797873
Leeds 106,E02002435,E,6645,350,298,287,356,0.4,0.6,9.8795,2.5843350000000003
Leeds 107,E02002436,E,5936,313,267,256,318,0.2,0.4,10.583,2.67579
Leeds 108,E02002437,E,5564,293,250,240,299,0.8,1.0,7.2442,2.241746
Leeds 109,E02006852,E,11158,587,501,482,598,0.6,0.8,15.513399999999999,3.3167419999999996
Leeds 110,E02006861,E,11244,592,505,486,603,0.4,0.6,16.7292,3.4747959999999996
Leeds 111,E02006875,E,6725,354,302,290,360,0.4,0.6,9.993500000000001,2.599155
Leeds 112,E02006876,E,6421,338,288,277,344,0.0,0.2,13.0496,2.996448
Leicester 001,E02002827,E,6226,288,235,185,238,0.2,0.4,9.068,2.47884
Leicester 002,E02002828,E,7340,340,277,218,280,0.4,0.6,8.658000000000001,2.4255400000000003
Leicester 003,E02002829,E,10271,476,388,305,392,0.0,0.2,17.3216,3.5518080000000003
Leicester 004,E02002830,E,9729,450,368,289,371,0.0,0.2,16.4024,3.4323120000000005
Leicester 005,E02002831,E,6613,306,250,197,253,0.2,0.4,9.6395,2.553135
Leicester 006,E02002832,E,7816,362,295,232,299,0.2,0.4,11.386,2.78018
Leicester 007,E02002833,E,7900,366,299,235,302,0.2,0.4,11.513,2.79669
Leicester 008,E02002834,E,9421,436,356,280,360,0.4,0.6,11.1223,2.745899
Leicester 009,E02002835,E,12227,566,462,364,467,0.4,0.6,14.4361,3.176693
Leicester 010,E02002836,E,9032,418,342,269,345,0.2,0.4,13.161000000000001,3.01093
Leicester 011,E02002837,E,7209,334,272,214,275,0.0,0.2,12.153400000000001,2.8799420000000002
Leicester 012,E02002838,E,7476,346,283,222,285,0.0,0.2,12.6046,2.938598
Leicester 013,E02002839,E,7395,342,280,220,283,0.2,0.4,10.7795,2.7013350000000003
Leicester 016,E02002842,E,7416,343,280,220,283,0.0,0.2,12.500600000000002,2.925078
Leicester 017,E02002843,E,12635,585,478,376,482,0.2,0.4,18.4005,3.6920650000000004
Leicester 018,E02002844,E,11574,536,438,344,442,0.0,0.2,19.526400000000002,3.838432
Leicester 019,E02002845,E,10022,464,379,298,383,0.0,0.2,16.9102,3.4983260000000005
Leicester 020,E02002846,E,7150,331,270,213,273,0.4,0.6,8.441,2.39733
Leicester 021,E02002847,E,9944,461,376,296,380,0.2,0.4,14.491000000000001,3.1838300000000004
Leicester 022,E02002848,E,10843,502,410,322,414,0.0,0.2,18.287799999999997,3.6774139999999997
Leicester 023,E02002849,E,12036,557,455,358,460,0.2,0.4,17.535,3.5795500000000002
Leicester 025,E02002851,E,7729,358,292,230,295,0.6,0.8,8.5977,2.417701
Leicester 026,E02002852,E,6872,318,260,204,262,0.0,0.2,11.5852,2.806076
Leicester 027,E02002853,E,12392,574,468,369,473,0.4,0.6,14.627600000000001,3.201588
Leicester 028,E02002854,E,7963,369,301,237,304,0.0,0.2,13.434800000000001,3.0465240000000002
Leicester 029,E02002855,E,6375,295,241,190,243,0.2,0.4,9.2825,2.5067250000000003
Leicester 030,E02002856,E,11252,521,425,335,430,0.6,0.8,12.5226,2.927938
Leicester 031,E02002857,E,6031,279,228,179,230,0.0,0.2,10.1666,2.621658
Leicester 032,E02002858,E,7225,335,273,215,276,0.8,1.0,7.4945,2.274285
Leicester 034,E02002860,E,7691,356,291,229,293,0.2,0.4,11.1965,2.755545
Leicester 035,E02002861,E,7505,347,284,223,287,0.0,0.2,12.663,2.94619
Leicester 036,E02002862,E,8052,373,304,239,308,0.0,0.2,13.5852,3.0660760000000002
Leicester 037,E02006815,E,8891,412,336,264,339,0.0,0.2,14.9906,3.248778
Leicester 038,E02006817,E,7854,364,297,234,300,0.4,0.6,9.2762,2.505906
Leicester 039,E02006819,E,7850,363,297,233,300,0.0,0.2,13.241,3.02133
Leicester 040,E02006850,E,9542,442,361,284,364,0.2,0.4,13.897,3.10661
Leicester 041,E02006851,E,5839,270,221,174,224,0.2,0.4,8.5195,2.407535
Lewes 001,E02004379,E,6047,557,520,526,718,0.6,0.8,15.536100000000001,3.319693
Lewes 002,E02004380,E,6946,639,597,605,823,0.8,1.0,16.6338,3.4623940000000006
Lewes 003,E02004381,E,7586,698,652,660,899,0.4,0.6,21.0278,4.033614
Lewes 004,E02004382,E,5078,467,436,442,602,0.4,0.6,14.0774,3.130062
Lewes 005,E02004383,E,6089,560,523,530,722,0.8,1.0,14.584699999999998,3.196011
Lewes 006,E02004384,E,5910,544,508,515,701,0.6,0.8,15.179,3.27327
Lewes 007,E02004385,E,6000,552,515,522,712,0.4,0.6,16.64,3.4632000000000005
Lewes 008,E02004386,E,4970,457,427,433,589,0.2,0.4,15.663,3.33619
Lewes 009,E02004387,E,4702,433,404,409,557,0.2,0.4,14.812999999999999,3.22569
Lewes 010,E02004388,E,5120,471,440,446,607,0.2,0.4,16.139,3.3980699999999997
Lewes 011,E02004389,E,7494,690,644,652,889,0.8,1.0,17.9552,3.634176
Lewes 012,E02004390,E,6209,571,533,540,736,0.6,0.8,15.9327,3.371251
Lewes 013,E02004391,E,4932,454,424,429,585,0.4,0.6,13.677600000000002,3.078088
Lewisham 001,E02000653,E,8808,352,237,189,256,0.2,0.4,10.803,2.70439
Lewisham 002,E02000654,E,8307,332,224,178,241,0.0,0.2,11.9022,2.8472860000000004
Lewisham 003,E02000655,E,8461,338,228,181,245,0.0,0.2,12.1136,2.874768
Lewisham 005,E02000657,E,9359,374,252,200,272,0.2,0.4,11.473500000000001,2.7915550000000002
Lewisham 006,E02000658,E,8571,342,231,183,249,0.2,0.4,10.5045,2.665585
Lewisham 007,E02000659,E,7935,317,214,170,230,0.2,0.4,9.724499999999999,2.564185
Lewisham 008,E02000660,E,8328,333,224,178,241,0.2,0.4,10.197,2.62561
Lewisham 009,E02000661,E,6536,261,176,140,190,0.4,0.6,6.3068,2.119884
Lewisham 010,E02000662,E,8350,333,225,179,243,0.2,0.4,10.243,2.63159
Lewisham 011,E02000663,E,7415,296,200,159,216,0.4,0.6,7.1625,2.231125
Lewisham 012,E02000664,E,10236,409,275,219,297,0.0,0.2,14.6586,3.2056180000000003
Lewisham 013,E02000665,E,8160,326,220,175,237,0.4,0.6,7.8740000000000006,2.32362
Lewisham 014,E02000666,E,7547,301,203,162,219,0.4,0.6,7.2781,2.246153
Lewisham 015,E02000667,E,6736,269,181,144,195,0.4,0.6,6.486800000000001,2.1432840000000004
Lewisham 016,E02000668,E,6861,274,185,147,199,0.4,0.6,6.6163,2.160119
Lewisham 017,E02000669,E,7751,309,209,166,225,0.2,0.4,9.5005,2.5350650000000003
Lewisham 018,E02000670,E,6740,269,181,144,195,0.0,0.2,9.642,2.5534600000000003
Lewisham 019,E02000671,E,8663,346,233,185,252,0.4,0.6,8.356900000000001,2.3863970000000005
Lewisham 020,E02000672,E,8636,345,232,185,251,0.0,0.2,12.373600000000001,2.9085680000000003
Lewisham 021,E02000673,E,8253,330,222,177,239,0.4,0.6,7.953900000000001,2.334007
Lewisham 022,E02000674,E,8263,330,222,177,239,0.4,0.6,7.956900000000001,2.334397
Lewisham 023,E02000675,E,8457,338,228,181,245,0.4,0.6,8.151100000000001,2.359643
Lewisham 024,E02000676,E,7952,318,214,170,231,0.4,0.6,7.669600000000001,2.297048
Lewisham 025,E02000677,E,7422,296,200,159,216,0.2,0.4,9.104000000000001,2.4835200000000004
Lewisham 026,E02000678,E,6276,251,169,134,182,0.2,0.4,7.689,2.29957
Lewisham 027,E02000679,E,8150,325,219,174,237,0.2,0.4,9.988,2.59844
Lewisham 028,E02000680,E,7059,282,190,151,205,0.2,0.4,8.6525,2.4248250000000002
Lewisham 029,E02000681,E,8346,333,225,179,243,0.0,0.2,11.9666,2.855658
Lewisham 030,E02000682,E,8414,336,226,180,244,0.2,0.4,10.306999999999999,2.63991
Lewisham 031,E02000683,E,6643,265,179,142,193,0.0,0.2,9.515799999999999,2.537054
Lewisham 033,E02000685,E,7915,316,213,169,230,0.2,0.4,9.7005,2.561065
Lewisham 034,E02000686,E,6889,275,185,147,200,0.0,0.2,9.8624,2.582112
Lewisham 035,E02000687,E,8170,326,220,175,237,0.2,0.4,10.011999999999999,2.60156
Lewisham 037,E02006783,E,7430,297,200,159,216,0.0,0.2,10.648000000000001,2.68424
Lewisham 038,E02006784,E,7585,303,204,162,220,0.0,0.2,10.860000000000001,2.7118
Lewisham 039,E02006798,E,7780,311,209,167,226,0.0,0.2,11.149,2.74937
Lichfield 001,E02006146,E,5673,450,419,443,581,0.6,0.8,12.8839,2.974907
Lichfield 002,E02006147,E,6064,481,448,474,621,0.8,1.0,12.8782,2.9741660000000003
Lichfield 003,E02006148,E,5761,457,426,450,590,0.8,1.0,12.2343,2.890459
Lichfield 004,E02006149,E,8337,661,616,651,855,0.2,0.4,23.4325,4.3462250000000004
Lichfield 005,E02006150,E,9231,732,682,721,946,0.8,1.0,19.6083,3.8490789999999997
Lichfield 006,E02006151,E,6992,554,517,546,716,0.4,0.6,17.1416,3.5284079999999998
Lichfield 007,E02006152,E,8047,638,595,629,825,0.8,1.0,17.100099999999998,3.5230129999999997
Lichfield 008,E02006153,E,5607,445,414,438,574,0.8,1.0,11.9041,2.8475330000000003
Lichfield 009,E02006154,E,7861,623,581,614,805,0.8,1.0,16.6913,3.469869
Lichfield 010,E02006155,E,4585,364,339,358,469,0.2,0.4,12.874500000000001,2.9736850000000006
Lichfield 011,E02006156,E,6195,491,458,484,635,0.8,1.0,13.1615,3.0109950000000003
Lichfield 012,E02006157,E,5677,450,420,444,582,0.4,0.6,13.9311,3.1110430000000004
Lincoln 001,E02005442,E,5114,271,240,220,289,0.0,0.2,10.631400000000001,2.6820820000000003
Lincoln 002,E02005443,E,6069,322,285,261,344,0.2,0.4,11.0955,2.7424150000000003
Lincoln 003,E02005444,E,10657,565,501,459,602,0.4,0.6,16.3091,3.4201830000000006
Lincoln 004,E02005445,E,10340,548,486,445,584,0.0,0.2,21.497,4.09461
Lincoln 005,E02005446,E,7552,400,355,325,427,0.4,0.6,11.5596,2.8027480000000002
Lincoln 006,E02005447,E,6025,319,283,259,340,0.0,0.2,12.518,2.92734
Lincoln 007,E02005448,E,6411,340,301,276,362,0.0,0.2,13.3276,3.032588
Lincoln 008,E02005449,E,7058,374,332,304,399,0.4,0.6,10.8054,2.704702
Lincoln 009,E02005450,E,7565,401,356,326,427,0.6,0.8,10.8225,2.706925
Lincoln 010,E02005451,E,6809,361,320,293,385,0.0,0.2,14.1614,3.140982
Lincoln 011,E02005452,E,9780,518,460,421,553,0.4,0.6,14.972000000000001,3.24636
Liverpool 001,E02001347,E,7148,400,322,274,328,0.0,0.2,13.7528,3.087864
Liverpool 002,E02001348,E,6743,378,304,258,310,0.0,0.2,12.981800000000002,2.9876340000000003
Liverpool 003,E02001349,E,7439,417,335,285,342,0.0,0.2,14.322399999999998,3.161912
Liverpool 004,E02001350,E,7338,411,330,281,337,0.0,0.2,14.118800000000002,3.1354440000000006
Liverpool 005,E02001351,E,8306,465,374,318,382,0.0,0.2,15.988599999999998,3.3785179999999997
Liverpool 006,E02001352,E,6925,388,312,265,318,0.0,0.2,13.326000000000002,3.0323800000000003
Liverpool 007,E02001353,E,7071,396,319,271,324,0.4,0.6,9.7033,2.5614290000000004
Liverpool 008,E02001354,E,7110,398,320,272,326,0.0,0.2,13.672,3.07736
Liverpool 009,E02001355,E,6224,349,280,238,286,0.0,0.2,11.977400000000001,2.857062
Liverpool 010,E02001356,E,5215,292,235,200,240,0.0,0.2,10.044,2.6057200000000003
Liverpool 011,E02001357,E,6519,365,294,250,300,0.0,0.2,12.5564,2.932332
Liverpool 012,E02001358,E,6601,370,297,253,303,0.0,0.2,12.7026,2.9513380000000002
Liverpool 013,E02001359,E,5372,301,242,206,246,0.2,0.4,8.951,2.46363
Liverpool 014,E02001360,E,7806,437,352,299,358,0.0,0.2,15.017600000000002,3.252288
Liverpool 015,E02001361,E,7114,399,320,272,326,0.0,0.2,13.679400000000001,3.078322
Liverpool 016,E02001362,E,6913,387,311,265,318,0.0,0.2,13.308800000000002,3.0301440000000004
Liverpool 017,E02001363,E,7274,408,328,278,334,0.0,0.2,13.9984,3.1197920000000003
Liverpool 018,E02001364,E,4960,278,223,190,228,0.0,0.2,9.547,2.54111
Liverpool 019,E02001365,E,8450,474,381,324,388,0.0,0.2,16.269000000000002,3.4149700000000003
Liverpool 020,E02001366,E,8390,470,378,321,386,0.0,0.2,16.153,3.39989
Liverpool 021,E02001367,E,8687,487,391,333,399,0.4,0.6,11.9301,2.8509130000000003
Liverpool 022,E02001368,E,5461,306,246,209,250,0.0,0.2,10.499600000000001,2.6649480000000003
Liverpool 023,E02001369,E,7150,401,322,274,328,0.0,0.2,13.759,3.0886700000000005
Liverpool 024,E02001370,E,5776,324,260,221,266,0.0,0.2,11.124600000000001,2.746198
Liverpool 025,E02001371,E,6954,390,313,266,320,0.0,0.2,13.3894,3.040622
Liverpool 026,E02001372,E,5809,326,262,222,266,0.0,0.2,11.1714,2.752282
Liverpool 027,E02001373,E,8643,484,389,331,397,0.0,0.2,16.631800000000002,3.4621340000000007
Liverpool 028,E02001374,E,7660,429,345,293,352,0.0,0.2,14.741,3.21633
Liverpool 029,E02001375,E,6720,377,303,257,308,0.0,0.2,12.927,2.9805099999999998
Liverpool 030,E02001376,E,7909,443,356,303,364,0.0,0.2,15.2294,3.2798220000000002
Liverpool 031,E02001377,E,10708,600,482,410,492,0.0,0.2,20.608800000000002,3.9791440000000007
Liverpool 032,E02001378,E,7445,417,335,285,342,0.0,0.2,14.326,3.16238
Liverpool 034,E02001380,E,7029,394,317,269,322,0.2,0.4,11.711500000000001,2.822495
Liverpool 035,E02001381,E,8670,486,391,332,398,0.0,0.2,16.687,3.46931
Liverpool 036,E02001382,E,6628,371,299,254,304,0.6,0.8,8.5404,2.410252
Liverpool 037,E02001383,E,7005,393,316,268,322,0.0,0.2,13.488,3.05344
Liverpool 038,E02001384,E,10051,563,453,385,462,0.0,0.2,19.349600000000002,3.815448000000001
Liverpool 039,E02001385,E,7618,427,343,292,350,0.0,0.2,14.6648,3.206424
Liverpool 040,E02001386,E,7046,395,317,270,324,0.0,0.2,13.5656,3.063528
Liverpool 041,E02001387,E,7494,420,338,287,344,0.6,0.8,9.659199999999998,2.555696
Liverpool 042,E02001388,E,8274,464,373,317,380,0.2,0.4,13.8,3.0940000000000003
Liverpool 043,E02001389,E,5819,326,262,223,268,0.0,0.2,11.208400000000001,2.757092
Liverpool 044,E02001390,E,8178,458,368,313,376,0.0,0.2,15.739800000000002,3.3461740000000004
Liverpool 045,E02001391,E,5573,312,251,213,256,0.0,0.2,10.721800000000002,2.6938340000000003
Liverpool 046,E02001392,E,5340,299,241,204,246,0.6,0.8,6.890000000000001,2.1957
Liverpool 047,E02001393,E,7242,406,326,277,332,0.8,1.0,8.6736,2.427568
Liverpool 048,E02001394,E,9473,531,427,363,435,0.2,0.4,15.7985,3.3538050000000004
Liverpool 049,E02001395,E,5655,317,255,217,260,0.6,0.8,7.2955000000000005,2.248415
Liverpool 050,E02001396,E,7504,420,338,287,344,0.0,0.2,14.429400000000001,3.175822
Liverpool 051,E02001397,E,7127,399,321,273,328,0.2,0.4,11.8915,2.8458950000000005
Liverpool 052,E02001398,E,7246,406,326,277,332,0.2,0.4,12.068,2.86884
Liverpool 053,E02001399,E,6795,381,306,260,312,0.6,0.8,8.756499999999999,2.438345
Liverpool 054,E02001400,E,6176,346,278,236,284,0.0,0.2,11.885600000000002,2.8451280000000003
Liverpool 055,E02001401,E,7351,412,331,281,338,0.4,0.6,10.0953,2.6123890000000003
Liverpool 056,E02001402,E,7829,439,353,300,360,0.4,0.6,10.758700000000001,2.6986310000000002
Liverpool 057,E02001403,E,5635,316,254,216,258,0.0,0.2,10.839,2.70907
Liverpool 058,E02001404,E,6779,380,305,260,312,0.0,0.2,13.0564,2.997332
Liverpool 059,E02001405,E,8976,503,404,344,412,0.0,0.2,17.2726,3.545438
Liverpool 060,E02006932,E,9292,521,419,356,426,0.2,0.4,15.488999999999999,3.3135700000000003
Liverpool 061,E02006933,E,5078,284,229,194,234,0.2,0.4,8.473,2.40149
Liverpool 062,E02006934,E,4857,272,219,186,223,0.4,0.6,6.6691,2.166983
Luton 001,E02003258,E,7529,352,274,232,351,0.8,1.0,8.5317,2.409121
Luton 002,E02003259,E,5705,267,208,176,266,0.4,0.6,7.325500000000001,2.2523150000000003
Luton 003,E02003260,E,7446,348,271,229,347,0.0,0.2,13.3296,3.032848
Luton 004,E02003261,E,5357,251,195,165,250,0.4,0.6,6.8791,2.194283
Luton 005,E02003262,E,8704,407,317,268,406,0.2,0.4,13.589,3.0665700000000005
Luton 006,E02003263,E,10434,488,380,321,486,0.4,0.6,13.3842,3.039946
Luton 007,E02003264,E,8276,387,301,255,386,0.8,1.0,9.3798,2.519374
Luton 008,E02003265,E,7305,342,266,225,340,0.4,0.6,9.3695,2.5180350000000002
Luton 009,E02003266,E,8221,385,300,253,383,0.0,0.2,14.724600000000002,3.2141980000000006
Luton 010,E02003267,E,11758,550,428,362,548,0.2,0.4,18.351000000000003,3.6856300000000006
Luton 011,E02003268,E,9678,453,353,298,451,0.2,0.4,15.108,3.2640400000000005
Luton 012,E02003269,E,8860,414,323,273,412,0.4,0.6,11.36,2.7767999999999997
Luton 013,E02003270,E,7097,332,259,218,331,0.4,0.6,9.1091,2.484183
Luton 014,E02003271,E,8672,406,316,267,404,0.6,0.8,10.456600000000002,2.659358
Luton 015,E02003272,E,9307,435,339,286,434,0.0,0.2,16.6642,3.4663460000000006
Luton 016,E02003273,E,9125,427,332,281,425,0.2,0.4,14.238500000000002,3.1510050000000005
Luton 017,E02003274,E,9626,450,351,296,448,0.0,0.2,17.228600000000004,3.5397180000000006
Luton 018,E02003275,E,10409,487,379,320,485,0.0,0.2,18.6354,3.722602
Luton 019,E02003276,E,7492,350,273,231,350,0.2,0.4,11.705,2.82165
Luton 020,E02003277,E,9043,423,329,278,421,0.0,0.2,16.1838,3.403894
Luton 021,E02003278,E,10240,479,373,315,477,0.2,0.4,15.978,3.37714
Maidstone 001,E02005068,E,6627,426,369,385,489,0.6,0.8,11.6201,2.810613
Maidstone 002,E02005069,E,8065,519,448,468,595,0.8,1.0,13.2385,3.021005
Maidstone 003,E02005070,E,8089,520,450,469,597,0.8,1.0,13.2787,3.026231
Maidstone 004,E02005071,E,9793,630,544,568,723,0.2,0.4,21.6145,4.109885
Maidstone 005,E02005072,E,7177,462,399,416,529,0.8,1.0,11.7741,2.830633
Maidstone 006,E02005073,E,9982,642,555,579,737,0.4,0.6,18.8166,3.7461580000000003
Maidstone 007,E02005074,E,7510,483,418,436,554,0.8,1.0,12.329,2.9027700000000003
Maidstone 008,E02005075,E,8905,573,495,517,658,0.4,0.6,16.7955,3.483415
Maidstone 009,E02005076,E,8077,520,449,468,596,0.4,0.6,15.219100000000001,3.2784830000000005
Maidstone 010,E02005077,E,7371,474,410,428,544,0.2,0.4,16.271500000000003,3.4152950000000004
Maidstone 011,E02005078,E,7462,480,415,433,551,0.4,0.6,14.0686,3.128918
Maidstone 012,E02005079,E,7408,477,412,430,547,0.8,1.0,12.1674,2.881762
Maidstone 013,E02005080,E,10359,666,576,601,764,0.0,0.2,25.800400000000003,4.654052000000001
Maidstone 014,E02005081,E,6210,400,345,360,458,0.6,0.8,10.881,2.71453
Maidstone 015,E02005082,E,8982,578,499,521,663,0.6,0.8,15.7446,3.3467979999999997
Maidstone 016,E02005083,E,6347,408,353,368,468,0.6,0.8,11.1201,2.7456130000000005
Maidstone 017,E02005084,E,6065,390,337,352,448,0.4,0.6,11.435500000000001,2.7866150000000003
Maidstone 018,E02005085,E,6012,387,334,349,444,0.4,0.6,11.3356,2.773628
Maidstone 019,E02005086,E,5597,360,311,325,413,0.6,0.8,9.8111,2.575443
Maldon 001,E02004555,E,4806,464,407,428,510,0.6,0.8,11.7478,2.827214
Maldon 002,E02004556,E,5698,550,482,507,605,0.8,1.0,12.9634,2.9852420000000004
Maldon 003,E02004557,E,6504,628,550,579,690,0.6,0.8,15.8922,3.3659860000000004
Maldon 004,E02004558,E,5114,494,433,455,543,0.4,0.6,13.5002,3.055026
Maldon 005,E02004559,E,6200,598,525,552,658,0.6,0.8,15.154,3.27002
Maldon 006,E02004560,E,6631,640,561,590,705,0.4,0.6,17.5133,3.5767290000000003
Maldon 007,E02004561,E,7979,770,675,710,847,0.6,0.8,19.500700000000002,3.8350910000000002
Maldon 008,E02004562,E,6105,589,517,543,648,0.6,0.8,14.9205,3.2396650000000005
Malvern Hills 001,E02006710,E,6138,644,584,595,820,0.4,0.6,18.8754,3.7538020000000003
Malvern Hills 002,E02006711,E,6119,642,582,593,818,0.6,0.8,17.4107,3.563391
Malvern Hills 003,E02006712,E,5405,567,514,524,722,0.6,0.8,15.3735,3.2985550000000003
Malvern Hills 004,E02006713,E,4802,504,457,465,641,0.4,0.6,14.758600000000001,3.218618
Malvern Hills 005,E02006714,E,4107,431,390,398,548,0.6,0.8,11.6721,2.817373
Malvern Hills 006,E02006715,E,6414,673,610,621,856,0.6,0.8,18.2312,3.6700560000000007
Malvern Hills 007,E02006716,E,5013,526,477,486,669,0.0,0.2,19.452800000000003,3.8288640000000003
Malvern Hills 008,E02006717,E,4440,466,422,430,593,0.6,0.8,12.625,2.94125
Malvern Hills 009,E02006718,E,4784,502,455,463,639,0.6,0.8,13.6032,3.068416
Malvern Hills 010,E02006719,E,5674,595,539,550,758,0.8,1.0,15.0582,3.2575659999999997
Malvern Hills 011,E02006720,E,5325,559,506,516,712,0.4,0.6,16.3795,3.429335
Manchester 001,E02001045,E,7999,283,214,171,209,0.0,0.2,10.9894,2.728622
Manchester 002,E02001046,E,9474,336,253,202,248,0.0,0.2,13.019400000000001,2.992522
Manchester 003,E02001047,E,9958,353,266,213,261,0.0,0.2,13.6928,3.080064
Manchester 004,E02001048,E,8548,303,228,183,224,0.0,0.2,11.752800000000002,2.8278640000000004
Manchester 005,E02001049,E,9719,344,260,208,255,0.0,0.2,13.3674,3.037762
Manchester 006,E02001050,E,7232,256,193,154,189,0.0,0.2,9.930200000000001,2.5909260000000005
Manchester 007,E02001051,E,8110,287,217,173,212,0.0,0.2,11.141,2.74833
Manchester 008,E02001052,E,12884,457,344,275,337,0.0,0.2,17.7044,3.601572
Manchester 009,E02001053,E,10131,359,271,216,265,0.0,0.2,13.9206,3.109678
Manchester 011,E02001055,E,8679,308,232,185,228,0.0,0.2,11.938400000000001,2.851992
Manchester 012,E02001056,E,8242,292,220,176,216,0.0,0.2,11.3292,2.772796
Manchester 013,E02001057,E,8179,290,219,175,214,0.0,0.2,11.2454,2.761902
Manchester 015,E02001059,E,9890,351,264,211,259,0.0,0.2,13.594000000000001,3.0672200000000003
Manchester 017,E02001061,E,9082,322,243,194,238,0.0,0.2,12.4882,2.9234660000000003
Manchester 018,E02001062,E,10048,356,268,215,263,0.0,0.2,13.809800000000003,3.0952740000000007
Manchester 019,E02001063,E,10653,378,285,228,279,0.2,0.4,12.5445,2.930785
Manchester 020,E02001064,E,9210,326,246,197,241,0.0,0.2,12.657,2.94541
Manchester 021,E02001065,E,8755,310,234,187,230,0.0,0.2,12.042,2.86546
Manchester 022,E02001066,E,12030,426,322,257,315,0.0,0.2,16.537,3.4498100000000003
Manchester 023,E02001067,E,9600,340,257,205,251,0.0,0.2,13.192000000000002,3.0149600000000003
Manchester 024,E02001068,E,9753,346,261,208,255,0.0,0.2,13.402800000000001,3.042364
Manchester 025,E02001069,E,11094,393,296,237,290,0.0,0.2,15.240400000000003,3.2812520000000003
Manchester 026,E02001070,E,12002,425,321,256,314,0.0,0.2,16.4912,3.4438560000000003
Manchester 027,E02001071,E,13371,474,357,286,350,0.0,0.2,18.379600000000003,3.6893480000000007
Manchester 028,E02001072,E,8681,308,232,185,228,0.2,0.4,10.223500000000001,2.629055
Manchester 029,E02001073,E,9775,346,261,209,256,0.4,0.6,8.994499999999999,2.469285
Manchester 030,E02001074,E,11681,414,312,250,306,0.0,0.2,16.0606,3.3878780000000006
Manchester 031,E02001075,E,8345,296,223,178,218,0.0,0.2,11.464,2.7903200000000004
Manchester 032,E02001076,E,11681,414,312,250,306,0.2,0.4,13.752500000000001,3.0878250000000005
Manchester 033,E02001077,E,7820,277,209,167,205,0.2,0.4,9.206,2.49678
Manchester 034,E02001078,E,10567,375,282,226,277,0.2,0.4,12.4425,2.9175250000000004
Manchester 035,E02001079,E,9061,321,242,194,238,0.0,0.2,12.4656,2.920528
Manchester 036,E02001080,E,9617,341,257,205,252,0.2,0.4,11.3185,2.771405
Manchester 037,E02001081,E,6268,222,168,134,164,0.4,0.6,5.768400000000001,2.0498920000000003
Manchester 038,E02001082,E,6851,243,183,146,179,0.2,0.4,8.0565,2.347345
Manchester 039,E02001083,E,7996,283,214,171,209,0.2,0.4,9.408000000000001,2.52304
Manchester 040,E02001084,E,8696,308,232,186,228,0.2,0.4,10.238000000000001,2.6309400000000003
Manchester 041,E02001085,E,8314,295,222,178,218,0.0,0.2,11.4354,2.7866020000000002
Manchester 042,E02001086,E,6652,236,178,142,174,0.0,0.2,9.1432,2.4886160000000004
Manchester 043,E02001087,E,9552,339,255,204,250,0.6,0.8,8.3336,2.383368
Manchester 044,E02001088,E,8969,318,240,192,235,0.0,0.2,12.3354,2.9036020000000002
Manchester 045,E02001089,E,8089,287,216,173,212,0.4,0.6,7.4467,2.268071
Manchester 046,E02001090,E,6746,239,180,144,177,0.2,0.4,7.942,2.33246
Manchester 047,E02001091,E,8230,292,220,176,216,0.2,0.4,9.695,2.56035
Manchester 048,E02001092,E,8581,304,229,183,224,0.0,0.2,11.7826,2.831738
Manchester 049,E02001093,E,9290,329,248,198,243,0.0,0.2,12.761000000000003,2.9589300000000005
Manchester 050,E02001094,E,9080,322,243,194,238,0.0,0.2,12.487000000000002,2.9233100000000003
Manchester 051,E02001095,E,8377,297,224,179,220,0.0,0.2,11.5242,2.798146
Manchester 052,E02001096,E,7462,264,199,159,195,0.0,0.2,10.2452,2.631876
Manchester 053,E02001097,E,8126,288,217,174,213,0.0,0.2,11.174600000000002,2.7526980000000005
Manchester 054,E02006902,E,6115,217,163,131,160,0.0,0.2,8.406,2.39278
Manchester 055,E02006912,E,8906,316,238,190,234,0.2,0.4,10.491000000000001,2.6638300000000004
Manchester 056,E02006913,E,6739,239,180,144,177,0.0,0.2,9.2704,2.505152
Manchester 057,E02006914,E,6996,248,187,149,183,0.2,0.4,8.229000000000001,2.36977
Manchester 058,E02006915,E,8798,312,235,188,230,0.0,0.2,12.089800000000002,2.8716740000000005
Manchester 059,E02006916,E,5801,206,155,124,152,0.0,0.2,7.977600000000001,2.3370880000000005
Manchester 060,E02006917,E,5109,181,137,109,134,0.4,0.6,4.704700000000001,1.9116110000000002
Mansfield 001,E02005880,E,5331,410,345,303,370,0.0,0.2,13.534600000000001,3.0594980000000005
Mansfield 002,E02005881,E,4925,379,319,280,342,0.0,0.2,12.509,2.92617
Mansfield 003,E02005882,E,6744,519,437,383,468,0.4,0.6,12.723200000000002,2.954016
Mansfield 004,E02005883,E,6597,508,427,374,458,0.0,0.2,16.7472,3.477136
Mansfield 005,E02005884,E,5234,403,339,297,364,0.4,0.6,9.882200000000001,2.5846860000000005
Mansfield 006,E02005885,E,7078,545,459,402,492,0.0,0.2,17.9848,3.6380239999999997
Mansfield 007,E02005886,E,8845,681,573,502,614,0.4,0.6,16.6875,3.4693750000000003
Mansfield 008,E02005887,E,7788,599,504,442,540,0.0,0.2,19.7618,3.869034
Mansfield 009,E02005888,E,6985,537,452,396,485,0.0,0.2,17.728,3.6046400000000007
Mansfield 010,E02005889,E,8694,669,563,494,603,0.2,0.4,19.3,3.809
Mansfield 011,E02005890,E,5730,441,371,325,398,0.6,0.8,10.088000000000001,2.61144
Mansfield 012,E02005891,E,5405,416,350,307,375,0.0,0.2,13.722000000000001,3.0838600000000005
Mansfield 013,E02005892,E,9934,764,644,564,690,0.8,1.0,16.206200000000003,3.4068060000000004
Medway 001,E02003314,E,5599,327,268,264,299,0.2,0.4,10.288499999999999,2.637505
Medway 002,E02003315,E,4930,288,236,232,263,0.6,0.8,7.052,2.21676
Medway 003,E02003316,E,8598,503,412,405,459,0.4,0.6,13.171399999999998,3.012282
Medway 004,E02003317,E,5237,306,251,247,280,0.4,0.6,8.0291,2.343783
Medway 005,E02003318,E,5322,311,255,251,284,0.6,0.8,7.6176,2.2902880000000003
Medway 006,E02003319,E,6893,403,330,325,368,0.2,0.4,12.666500000000001,2.946645
Medway 007,E02003320,E,7327,428,351,345,391,0.2,0.4,13.4585,3.049605
Medway 008,E02003321,E,5401,316,259,255,288,0.0,0.2,11.3566,2.776358
Medway 009,E02003322,E,6188,362,297,292,330,0.0,0.2,13.011800000000001,2.991534
Medway 010,E02003323,E,6446,377,309,304,344,0.0,0.2,13.5536,3.0619680000000002
Medway 011,E02003324,E,7975,466,382,376,426,0.2,0.4,14.6575,3.2054750000000003
Medway 012,E02003325,E,6211,363,298,293,331,0.0,0.2,13.0546,2.9970980000000003
Medway 013,E02003326,E,6908,404,331,326,368,0.2,0.4,12.688,2.94944
Medway 014,E02003327,E,6490,379,311,306,346,0.2,0.4,11.919999999999998,2.8495999999999997
Medway 015,E02003328,E,7345,430,352,346,392,0.0,0.2,15.443000000000001,3.3075900000000003
Medway 016,E02003329,E,5905,345,283,278,315,0.2,0.4,10.845500000000001,2.7099150000000005
Medway 017,E02003330,E,5995,350,287,283,320,0.2,0.4,11.0165,2.732145
Medway 018,E02003331,E,7798,456,374,368,416,0.2,0.4,14.331,3.16303
Medway 019,E02003332,E,5326,311,255,251,284,0.2,0.4,9.780999999999999,2.57153
Medway 020,E02003333,E,5948,348,285,280,317,0.0,0.2,12.4978,2.924714
Medway 021,E02003334,E,5289,309,254,249,282,0.2,0.4,9.714500000000001,2.5628850000000005
Medway 022,E02003335,E,6332,370,303,299,338,0.0,0.2,13.313200000000002,3.0307160000000004
Medway 023,E02003336,E,5196,304,249,245,277,0.6,0.8,7.4348,2.266524
Medway 024,E02003337,E,6264,366,300,295,334,0.4,0.6,9.589200000000002,2.546596
Medway 025,E02003338,E,6237,365,299,294,333,0.2,0.4,11.4635,2.790255
Medway 026,E02003339,E,5569,326,267,263,297,0.4,0.6,8.5327,2.4092510000000003
Medway 027,E02003340,E,6915,404,331,326,369,0.2,0.4,12.703500000000002,2.951455
Medway 028,E02003341,E,4832,283,232,228,258,0.6,0.8,6.9216,2.199808
Medway 029,E02003342,E,5562,325,267,262,297,0.6,0.8,7.9636,2.335268
Medway 030,E02003343,E,5283,309,253,249,282,0.8,1.0,7.055899999999999,2.217267
Medway 031,E02003344,E,6230,364,299,294,332,0.2,0.4,11.445,2.78785
Medway 032,E02003345,E,5237,306,251,247,280,0.8,1.0,7.0001,2.210013
Medway 033,E02003346,E,5527,323,265,261,295,0.4,0.6,8.4701,2.401113
Medway 034,E02003347,E,5527,323,265,261,295,0.6,0.8,7.9140999999999995,2.328833
Medway 035,E02003348,E,7101,415,340,335,379,0.8,1.0,9.484300000000001,2.532959
Medway 036,E02003349,E,6635,388,318,313,354,0.6,0.8,9.4975,2.534675
Medway 037,E02003350,E,5582,326,268,263,298,0.4,0.6,8.5526,2.4118380000000004
Medway 038,E02003351,E,7010,410,336,331,374,0.4,0.6,10.741,2.69633
Melton 001,E02005391,E,7332,684,629,580,669,0.8,1.0,15.0846,3.260998
Melton 002,E02005392,E,6791,633,583,537,620,0.8,1.0,13.9743,3.1166590000000003
Melton 003,E02005393,E,5334,498,458,422,487,0.6,0.8,11.895199999999999,2.8463760000000002
Melton 004,E02005394,E,7154,667,614,566,652,0.4,0.6,17.1562,3.5303059999999995
Melton 005,E02005395,E,6762,631,580,535,617,0.4,0.6,16.2246,3.409198
Melton 006,E02005396,E,5035,470,432,399,459,0.6,0.8,11.2225,2.758925
Mendip 001,E02006047,E,6732,597,541,524,656,0.4,0.6,16.3936,3.4311680000000004
Mendip 002,E02006048,E,5737,508,461,447,558,0.6,0.8,12.9541,2.984033
Mendip 003,E02006049,E,6104,541,491,475,595,0.8,1.0,12.8152,2.9659760000000004
Mendip 004,E02006050,E,6801,603,547,529,662,0.2,0.4,19.0445,3.775785
Mendip 005,E02006051,E,6306,559,507,491,614,0.6,0.8,14.2468,3.1520840000000003
Mendip 006,E02006052,E,6411,568,516,499,625,0.6,0.8,14.493300000000001,3.1841290000000004
Mendip 007,E02006053,E,7557,670,608,588,737,0.4,0.6,18.411099999999998,3.6934430000000003
Mendip 008,E02006054,E,6306,559,507,491,614,0.4,0.6,15.3518,3.2957340000000004
Mendip 009,E02006055,E,7224,641,581,562,704,0.4,0.6,17.5932,3.587116
Mendip 010,E02006056,E,6054,537,487,471,589,0.6,0.8,13.6722,3.077386
Mendip 011,E02006057,E,6118,542,492,476,596,0.2,0.4,17.137,3.5278100000000006
Mendip 012,E02006058,E,6957,617,559,542,677,0.6,0.8,15.714099999999998,3.3428329999999997
Mendip 013,E02006059,E,5330,473,429,415,520,0.4,0.6,12.991,2.98883
Mendip 014,E02006060,E,6272,556,504,488,612,0.4,0.6,15.281600000000001,3.286608
Merton 001,E02000689,E,7354,358,275,241,326,0.8,1.0,8.2632,2.374216
Merton 002,E02000690,E,5040,245,189,165,223,0.8,1.0,5.658,2.03554
Merton 003,E02000691,E,6531,318,245,214,289,0.8,1.0,7.334300000000001,2.2534590000000003
Merton 004,E02000692,E,6823,332,256,224,303,0.8,1.0,7.6759,2.297867
Merton 005,E02000693,E,8169,398,306,268,362,0.6,0.8,9.7927,2.573051
Merton 006,E02000694,E,7773,378,291,255,344,0.8,1.0,8.7289,2.4347570000000003
Merton 007,E02000695,E,7380,359,276,242,327,0.6,0.8,8.843,2.44959
Merton 008,E02000696,E,7188,350,269,236,318,0.4,0.6,9.1644,2.491372
Merton 009,E02000697,E,7317,356,274,240,324,0.8,1.0,8.2191,2.368483
Merton 010,E02000698,E,6961,339,261,228,309,0.8,1.0,7.8273,2.317549
Merton 011,E02000699,E,6849,333,256,225,303,0.8,1.0,7.6907,2.299791
Merton 012,E02000700,E,7382,359,277,242,327,0.2,0.4,11.494000000000002,2.79422
Merton 013,E02000701,E,7494,365,281,246,332,0.4,0.6,9.5622,2.543086
Merton 014,E02000702,E,6803,331,255,223,301,0.2,0.4,10.5875,2.676375
Merton 015,E02000703,E,6969,339,261,229,309,0.8,1.0,7.834700000000001,2.318511
Merton 016,E02000704,E,6893,336,258,226,305,0.6,0.8,8.2569,2.3733969999999998
Merton 017,E02000705,E,7235,352,271,237,320,0.6,0.8,8.663499999999999,2.4262550000000003
Merton 018,E02000706,E,7661,373,287,251,340,0.2,0.4,11.9345,2.8514850000000003
Merton 019,E02000707,E,6669,325,250,219,295,0.2,0.4,10.3825,2.649725
Merton 020,E02000708,E,7380,359,276,242,327,0.8,1.0,8.291,2.3778300000000003
Merton 021,E02000709,E,6858,334,257,225,304,0.8,1.0,7.708400000000001,2.302092
Merton 022,E02000710,E,7418,361,278,243,328,0.2,0.4,11.541,2.80033
Merton 023,E02000711,E,7266,354,272,238,322,0.2,0.4,11.312999999999999,2.77069
Merton 024,E02000712,E,7755,378,290,254,344,0.2,0.4,12.0775,2.870075
Merton 025,E02000713,E,6671,325,250,219,295,0.8,1.0,7.491299999999999,2.273869
Mid Devon 001,E02004164,E,5616,483,432,405,494,0.4,0.6,12.736799999999999,2.955784
Mid Devon 002,E02004165,E,6861,590,527,494,604,0.6,0.8,14.4603,3.1798390000000003
Mid Devon 003,E02004166,E,5530,475,425,399,487,0.6,0.8,11.661,2.81593
Mid Devon 004,E02004167,E,6138,528,472,442,540,0.2,0.4,16.115000000000002,3.3949500000000006
Mid Devon 005,E02004168,E,5192,446,399,374,457,0.2,0.4,13.632,3.0721600000000002
Mid Devon 006,E02004169,E,6058,521,466,436,533,0.6,0.8,12.766399999999999,2.959632
Mid Devon 007,E02004170,E,6516,560,501,470,573,0.6,0.8,13.7318,3.085134
Mid Devon 008,E02004171,E,6447,554,496,465,567,0.6,0.8,13.5881,3.066453
Mid Devon 009,E02004172,E,5246,451,403,378,462,0.4,0.6,11.8998,2.8469740000000003
Mid Devon 010,E02004173,E,6206,534,477,447,546,0.4,0.6,14.0718,3.129334
Mid Devon 011,E02004174,E,6480,557,498,467,571,0.6,0.8,13.666,3.07658
Mid Suffolk 001,E02006261,E,6261,583,533,540,643,0.4,0.6,16.1323,3.3971990000000005
Mid Suffolk 002,E02006262,E,7051,656,600,608,724,0.6,0.8,16.8313,3.4880690000000003
Mid Suffolk 003,E02006263,E,5927,552,504,511,609,0.6,0.8,14.1521,3.139773
Mid Suffolk 004,E02006264,E,6641,618,565,573,682,0.8,1.0,14.7253,3.214289
Mid Suffolk 005,E02006265,E,5664,527,482,488,582,0.6,0.8,13.5232,3.0580160000000003
Mid Suffolk 006,E02006266,E,7434,692,632,641,764,0.6,0.8,17.7512,3.6076560000000004
Mid Suffolk 007,E02006267,E,6825,635,581,588,701,0.6,0.8,16.2925,3.418025
Mid Suffolk 008,E02006268,E,5111,476,435,441,525,0.2,0.4,15.110499999999998,3.2643649999999997
Mid Suffolk 009,E02006269,E,5657,526,481,488,581,0.6,0.8,13.5041,3.055533
Mid Suffolk 010,E02006270,E,9257,861,787,798,951,0.6,0.8,22.0981,4.172753
Mid Suffolk 011,E02006271,E,6914,643,588,596,710,0.6,0.8,16.5022,3.4452860000000003
Mid Suffolk 012,E02006272,E,6026,561,513,520,619,0.6,0.8,14.390799999999999,3.170804
Mid Sussex 001,E02006604,E,10896,763,672,686,945,0.6,0.8,21.3078,4.0700140000000005
Mid Sussex 002,E02006605,E,5696,399,351,359,495,0.8,1.0,10.448799999999999,2.6583439999999996
Mid Sussex 003,E02006606,E,7148,501,441,450,620,0.8,1.0,13.098399999999998,3.002792
Mid Sussex 004,E02006607,E,6589,461,406,415,571,0.8,1.0,12.0667,2.868671
Mid Sussex 005,E02006608,E,5039,353,311,317,437,0.8,1.0,9.2317,2.500121
Mid Sussex 006,E02006609,E,6265,439,387,395,544,0.8,1.0,11.4905,2.7937650000000005
Mid Sussex 007,E02006610,E,6189,433,382,390,536,0.6,0.8,12.0967,2.872571
Mid Sussex 008,E02006611,E,8861,621,547,558,769,0.8,1.0,16.243299999999998,3.4116289999999996
Mid Sussex 009,E02006612,E,8861,621,547,558,769,0.8,1.0,16.243299999999998,3.4116289999999996
Mid Sussex 010,E02006613,E,6299,441,389,397,546,0.6,0.8,12.3187,2.901431
Mid Sussex 011,E02006614,E,8756,613,540,551,759,0.8,1.0,16.0368,3.384784
Mid Sussex 012,E02006615,E,5914,414,365,372,513,0.8,1.0,10.8352,2.708576
Mid Sussex 013,E02006616,E,7040,493,434,443,611,0.8,1.0,12.901999999999997,2.97726
Mid Sussex 014,E02006617,E,7930,555,489,499,688,0.6,0.8,15.508,3.31604
Mid Sussex 015,E02006618,E,5403,378,333,340,469,0.8,1.0,9.9019,2.587247
Mid Sussex 016,E02006619,E,7181,503,443,452,622,0.6,0.8,14.034300000000002,3.1244590000000003
Mid Sussex 017,E02006620,E,8026,562,495,505,696,0.8,1.0,14.7028,3.211364
Middlesbrough 001,E02002496,E,9617,636,512,452,541,0.0,0.2,21.1662,4.0516060000000005
Middlesbrough 002,E02002497,E,5175,342,276,243,291,0.0,0.2,11.388000000000002,2.7804400000000005
Middlesbrough 003,E02002498,E,7088,469,378,333,398,0.0,0.2,15.594800000000001,3.327324
Middlesbrough 004,E02002499,E,6208,411,331,292,349,0.0,0.2,13.666800000000002,3.076684
Middlesbrough 005,E02002500,E,4888,323,260,230,275,0.0,0.2,10.757800000000001,2.6985140000000003
Middlesbrough 006,E02002501,E,4415,292,235,208,248,0.0,0.2,9.716000000000001,2.5630800000000002
Middlesbrough 007,E02002502,E,7941,525,423,373,446,0.0,0.2,17.4676,3.5707880000000003
Middlesbrough 008,E02002503,E,5380,356,287,253,302,0.0,0.2,11.838000000000001,2.83894
Middlesbrough 009,E02002504,E,8018,531,427,377,451,0.4,0.6,12.8494,2.970422
Middlesbrough 010,E02002505,E,5164,342,275,243,290,0.0,0.2,11.364400000000002,2.7773720000000006
Middlesbrough 011,E02002506,E,4899,324,261,230,275,0.0,0.2,10.7744,2.700672
Middlesbrough 012,E02002507,E,4976,329,265,234,279,0.6,0.8,7.449800000000001,2.2684740000000003
Middlesbrough 013,E02002508,E,4188,277,223,197,235,0.6,0.8,6.2724,2.115412
Middlesbrough 014,E02002509,E,4610,305,246,217,260,0.2,0.4,8.843,2.44959
Middlesbrough 015,E02002510,E,4718,312,251,222,265,0.6,0.8,7.0684000000000005,2.2188920000000003
Middlesbrough 017,E02002512,E,4382,290,233,206,246,0.8,1.0,6.0966000000000005,2.0925580000000004
Middlesbrough 018,E02002513,E,7306,483,389,343,410,0.0,0.2,16.0646,3.3883979999999996
Middlesbrough 019,E02002514,E,7405,490,395,348,416,0.2,0.4,14.180500000000002,3.1434650000000004
Middlesbrough 020,E02006811,E,7922,524,422,372,446,0.8,1.0,11.034600000000001,2.7344980000000003
Milton Keynes 001,E02003459,E,8110,457,386,339,393,0.8,1.0,10.137,2.6178100000000004
Milton Keynes 002,E02003460,E,8573,483,408,358,416,0.6,0.8,11.5359,2.7996670000000003
Milton Keynes 003,E02003461,E,6863,387,327,287,333,0.6,0.8,9.238900000000001,2.5010570000000003
Milton Keynes 004,E02003462,E,7170,404,342,300,348,0.8,1.0,8.971,2.4662300000000004
Milton Keynes 005,E02003463,E,6271,354,299,262,304,0.4,0.6,9.0053,2.470689
Milton Keynes 006,E02003464,E,6262,353,298,262,304,0.2,0.4,10.864,2.71232
Milton Keynes 007,E02003465,E,5770,325,275,241,280,0.6,0.8,7.766,2.3095800000000004
Milton Keynes 008,E02003466,E,6737,380,321,282,327,0.4,0.6,9.6811,2.5585430000000002
Milton Keynes 009,E02003467,E,5916,333,282,247,288,0.2,0.4,10.270000000000001,2.6351000000000004
Milton Keynes 010,E02003468,E,6851,386,327,286,333,0.6,0.8,9.228299999999999,2.499679
Milton Keynes 011,E02003469,E,5385,304,257,225,261,0.6,0.8,7.2475000000000005,2.242175
Milton Keynes 012,E02003470,E,5216,294,249,218,253,0.0,0.2,10.406600000000001,2.652858
Milton Keynes 013,E02003471,E,6094,344,290,255,296,0.4,0.6,8.7582,2.4385660000000002
Milton Keynes 014,E02003472,E,7979,450,380,333,387,0.2,0.4,13.8345,3.098485
Milton Keynes 015,E02003473,E,5275,297,251,220,257,0.8,1.0,6.605500000000001,2.158715
Milton Keynes 016,E02003474,E,8024,452,382,335,389,0.4,0.6,11.517199999999999,2.797236
Milton Keynes 017,E02003475,E,13811,779,658,577,671,0.8,1.0,17.2833,3.546829
Milton Keynes 018,E02003476,E,8025,453,382,335,389,0.0,0.2,16.003,3.3803900000000002
Milton Keynes 019,E02003477,E,10565,596,503,442,513,0.6,0.8,14.226500000000001,3.149445
Milton Keynes 020,E02003478,E,6404,361,305,268,311,0.6,0.8,8.6242,2.4211460000000002
Milton Keynes 021,E02003479,E,6904,389,329,288,335,0.2,0.4,11.971,2.85623
Milton Keynes 022,E02003480,E,7599,428,362,318,369,0.6,0.8,10.232700000000001,2.6302510000000003
Milton Keynes 023,E02003481,E,6623,373,316,277,321,0.0,0.2,13.209800000000001,3.0172740000000005
Milton Keynes 024,E02003482,E,5781,326,276,242,280,0.8,1.0,7.228300000000001,2.239679
Milton Keynes 025,E02003483,E,10120,571,482,423,492,0.8,1.0,12.669,2.9469700000000003
Milton Keynes 026,E02003484,E,6725,379,320,281,327,0.6,0.8,9.057500000000001,2.477475
Milton Keynes 027,E02003485,E,7485,422,357,313,364,0.4,0.6,10.7635,2.699255
Milton Keynes 028,E02003486,E,8261,466,394,345,401,0.8,1.0,10.3343,2.643459
Milton Keynes 029,E02003487,E,6712,378,320,280,326,0.4,0.6,9.6416,2.553408
Milton Keynes 030,E02003488,E,6552,369,312,274,319,0.2,0.4,11.377,2.7790100000000004
Milton Keynes 031,E02003489,E,6425,362,306,268,312,0.6,0.8,8.6475,2.424175
Milton Keynes 032,E02003490,E,6496,366,309,271,315,0.0,0.2,12.9496,2.983448
Mole Valley 001,E02006362,E,5034,449,375,382,547,0.8,1.0,11.0852,2.741076
Mole Valley 002,E02006363,E,4456,397,332,338,484,0.8,1.0,9.8088,2.575144
Mole Valley 003,E02006364,E,5324,474,397,404,579,0.6,0.8,12.5222,2.927886
Mole Valley 004,E02006365,E,4473,398,333,339,486,0.8,1.0,9.844899999999999,2.579837
Mole Valley 005,E02006366,E,6052,539,451,459,657,0.8,1.0,13.317599999999999,3.031288
Mole Valley 006,E02006367,E,4375,390,326,332,475,0.8,1.0,9.6295,2.551835
Mole Valley 007,E02006368,E,4235,377,316,321,460,0.8,1.0,9.3215,2.511795
Mole Valley 008,E02006369,E,4912,437,366,372,534,0.8,1.0,10.813600000000001,2.705768
Mole Valley 009,E02006370,E,4656,415,347,353,506,0.8,1.0,10.2518,2.632734
Mole Valley 010,E02006371,E,5296,472,395,402,575,0.8,1.0,11.6578,2.8155140000000003
Mole Valley 011,E02006372,E,4856,433,362,368,528,0.4,0.6,12.3148,2.900924
Mole Valley 012,E02006373,E,5723,510,426,434,622,0.6,0.8,13.4529,3.048877
Mole Valley 013,E02006374,E,5221,465,389,396,567,0.6,0.8,12.269300000000001,2.895009
New Forest 001,E02004779,E,7667,816,778,816,1146,0.6,0.8,23.7301,4.384913
New Forest 002,E02004780,E,4247,452,431,452,635,0.4,0.6,14.234100000000002,3.1504330000000005
New Forest 003,E02004781,E,5820,620,591,620,871,0.6,0.8,18.031,3.64403
New Forest 004,E02004782,E,5393,574,547,574,806,0.4,0.6,18.0699,3.6490870000000006
New Forest 005,E02004783,E,4962,528,503,528,742,0.6,0.8,15.3586,3.296618
New Forest 006,E02004784,E,4061,433,412,433,607,0.6,0.8,12.574300000000001,2.934659
New Forest 007,E02004785,E,3910,416,397,416,584,0.6,0.8,12.097,2.87261
New Forest 008,E02004786,E,6215,662,631,662,929,0.6,0.8,19.241500000000002,3.8013950000000003
New Forest 009,E02004787,E,5200,554,528,554,777,0.8,1.0,15.040999999999999,3.25533
New Forest 010,E02004788,E,5072,540,515,540,758,0.6,0.8,15.6996,3.340948
New Forest 011,E02004789,E,7383,786,749,786,1104,0.4,0.6,24.7469,4.517097000000001
New Forest 012,E02004790,E,5420,577,550,577,810,0.4,0.6,18.162,3.66106
New Forest 013,E02004791,E,3950,420,401,421,590,0.4,0.6,13.235,3.02055
New Forest 014,E02004792,E,6123,652,621,652,916,0.6,0.8,18.9609,3.7649169999999996
New Forest 015,E02004793,E,5240,558,532,558,783,0.8,1.0,15.155,3.27015
New Forest 016,E02004794,E,4877,519,495,519,729,0.6,0.8,15.0951,3.262363
New Forest 017,E02004795,E,5939,632,603,633,888,0.6,0.8,18.3907,3.690791
New Forest 018,E02004796,E,6796,723,690,724,1016,0.8,1.0,19.660800000000002,3.8559040000000007
New Forest 019,E02004797,E,5537,589,562,590,828,0.4,0.6,18.5631,3.713203
New Forest 020,E02004798,E,4324,460,439,461,647,0.2,0.4,16.289,3.4175700000000004
New Forest 021,E02004799,E,5612,597,569,598,839,0.6,0.8,17.3726,3.5584379999999998
New Forest 022,E02004800,E,5259,560,533,560,786,0.8,1.0,15.2097,3.277261
New Forest 023,E02004801,E,5391,574,547,574,806,0.8,1.0,15.5953,3.327389
Newark and Sherwood 001,E02005893,E,8532,707,603,603,717,0.2,0.4,21.624000000000002,4.1111200000000006
Newark and Sherwood 002,E02005894,E,8387,695,592,592,704,0.4,0.6,18.2741,3.6756330000000004
Newark and Sherwood 003,E02005895,E,6799,563,480,480,571,0.6,0.8,13.7667,3.089671
Newark and Sherwood 004,E02005896,E,6250,518,441,441,524,0.6,0.8,12.644,2.94372
Newark and Sherwood 005,E02005897,E,7600,630,537,537,637,0.6,0.8,15.38,3.2994000000000003
Newark and Sherwood 006,E02005898,E,9170,760,648,648,770,0.2,0.4,23.233000000000004,4.320290000000001
Newark and Sherwood 007,E02005899,E,9061,751,640,640,761,0.2,0.4,22.9555,4.2842150000000006
Newark and Sherwood 008,E02005900,E,6211,515,439,439,522,0.8,1.0,11.708300000000001,2.8220790000000004
Newark and Sherwood 009,E02005901,E,7552,626,533,533,634,0.4,0.6,16.4556,3.439228
Newark and Sherwood 010,E02005902,E,6965,577,492,492,585,0.2,0.4,17.6455,3.593915
Newark and Sherwood 011,E02005903,E,8306,688,587,587,697,0.4,0.6,18.1018,3.6532340000000003
Newark and Sherwood 012,E02005904,E,7052,584,498,498,592,0.6,0.8,14.2776,3.156088
Newark and Sherwood 013,E02005905,E,5856,485,414,414,491,0.8,1.0,11.0258,2.7333540000000003
Newcastle upon Tyne 001,E02001708,E,8957,479,378,353,457,0.4,0.6,12.7591,2.958683
Newcastle upon Tyne 002,E02001709,E,9419,503,397,371,481,0.8,1.0,11.7717,2.830321
Newcastle upon Tyne 003,E02001710,E,9041,483,381,356,462,0.0,0.2,17.7806,3.611478
Newcastle upon Tyne 004,E02001711,E,8927,477,376,351,456,0.0,0.2,17.550200000000004,3.581526
Newcastle upon Tyne 005,E02001712,E,9130,488,385,359,466,0.8,1.0,11.405999999999999,2.78278
Newcastle upon Tyne 006,E02001713,E,9653,516,407,380,493,0.6,0.8,12.878900000000002,2.9742570000000006
Newcastle upon Tyne 007,E02001714,E,9030,483,381,356,461,0.8,1.0,11.288,2.76744
Newcastle upon Tyne 008,E02001715,E,10418,557,439,410,532,0.0,0.2,20.484800000000003,3.9630240000000008
Newcastle upon Tyne 011,E02001718,E,5205,278,219,205,265,0.0,0.2,10.222999999999999,2.62899
Newcastle upon Tyne 012,E02001719,E,8591,459,362,338,439,0.6,0.8,11.462299999999999,2.7900989999999997
Newcastle upon Tyne 013,E02001720,E,8948,478,377,352,457,0.8,1.0,11.1814,2.753582
Newcastle upon Tyne 014,E02001721,E,9441,505,398,372,482,0.2,0.4,16.2155,3.408015
Newcastle upon Tyne 015,E02001722,E,8893,475,375,350,455,0.0,0.2,17.495800000000003,3.5744540000000002
Newcastle upon Tyne 016,E02001723,E,5858,313,247,231,299,0.0,0.2,11.5198,2.797574
Newcastle upon Tyne 017,E02001724,E,8474,453,357,334,432,0.6,0.8,11.298200000000001,2.7687660000000003
Newcastle upon Tyne 018,E02001725,E,9509,508,401,374,486,0.2,0.4,16.3325,3.4232250000000004
Newcastle upon Tyne 019,E02001726,E,10891,582,459,429,557,0.2,0.4,18.7145,3.7328850000000005
Newcastle upon Tyne 020,E02001727,E,7848,419,331,309,401,0.0,0.2,15.433800000000002,3.306394
Newcastle upon Tyne 021,E02001728,E,8953,479,378,352,457,0.0,0.2,17.6048,3.5886240000000003
Newcastle upon Tyne 022,E02001729,E,11313,605,477,445,578,0.2,0.4,19.430500000000002,3.825965
Newcastle upon Tyne 023,E02001730,E,11891,636,501,468,607,0.4,0.6,16.9353,3.501589
Newcastle upon Tyne 024,E02001731,E,11299,604,476,445,577,0.0,0.2,22.218400000000003,4.188392
Newcastle upon Tyne 025,E02001732,E,4627,247,195,182,236,0.0,0.2,9.0922,2.481986
Newcastle upon Tyne 026,E02001733,E,10935,584,461,430,559,0.0,0.2,21.504,4.0955200000000005
Newcastle upon Tyne 027,E02001734,E,7050,377,297,277,361,0.0,0.2,13.871000000000002,3.1032300000000004
Newcastle upon Tyne 028,E02001735,E,6086,325,257,240,311,0.0,0.2,11.973600000000001,2.856568
Newcastle upon Tyne 029,E02001736,E,11952,639,504,470,610,0.0,0.2,23.4962,4.354506000000001
Newcastle upon Tyne 030,E02001737,E,5573,298,235,219,284,0.0,0.2,10.9498,2.723474
Newcastle upon Tyne 031,E02006893,E,9855,527,416,388,503,0.4,0.6,14.038499999999999,3.125005
Newcastle-under-Lyme 001,E02006158,E,7178,504,445,443,577,0.6,0.8,13.5034,3.055442
Newcastle-under-Lyme 002,E02006159,E,4868,342,301,300,392,0.2,0.4,11.468,2.79084
Newcastle-under-Lyme 003,E02006160,E,7070,497,438,436,568,0.2,0.4,16.646,3.4639800000000003
Newcastle-under-Lyme 004,E02006161,E,5950,418,368,367,478,0.6,0.8,11.186,2.75418
Newcastle-under-Lyme 005,E02006162,E,7139,501,442,440,573,0.4,0.6,14.427700000000002,3.1756010000000003
Newcastle-under-Lyme 006,E02006163,E,6795,477,421,419,546,0.2,0.4,15.997500000000002,3.3796750000000007
Newcastle-under-Lyme 007,E02006164,E,6279,441,389,387,505,0.0,0.2,16.6864,3.469232
Newcastle-under-Lyme 008,E02006165,E,6247,439,387,385,502,0.4,0.6,12.6341,2.9424330000000003
Newcastle-under-Lyme 009,E02006166,E,6087,428,377,375,489,0.6,0.8,11.444099999999999,2.7877330000000002
Newcastle-under-Lyme 010,E02006167,E,7380,518,457,455,593,0.0,0.2,19.604000000000003,3.8485200000000006
Newcastle-under-Lyme 011,E02006168,E,7145,502,443,441,575,0.2,0.4,16.8375,3.488875
Newcastle-under-Lyme 012,E02006169,E,6832,480,423,421,549,0.4,0.6,13.8156,3.096028
Newcastle-under-Lyme 013,E02006170,E,4354,306,270,268,350,0.6,0.8,8.1882,2.364466
Newcastle-under-Lyme 014,E02006171,E,7543,530,467,465,606,0.4,0.6,15.2529,3.282877
Newcastle-under-Lyme 015,E02006172,E,8057,566,499,497,648,0.8,1.0,14.1601,3.140813
Newcastle-under-Lyme 016,E02006173,E,5880,413,364,362,472,0.6,0.8,11.047999999999998,2.7362399999999996
Newham 001,E02000714,E,8833,316,221,160,202,0.2,0.4,9.7925,2.5730250000000003
Newham 002,E02000715,E,8017,287,201,146,183,0.2,0.4,8.8915,2.455895
Newham 003,E02000716,E,7987,286,200,145,183,0.2,0.4,8.862499999999999,2.4521249999999997
Newham 004,E02000717,E,8797,315,220,160,201,0.2,0.4,9.755500000000001,2.5682150000000004
Newham 005,E02000718,E,7434,266,186,135,170,0.0,0.2,9.705400000000001,2.5617020000000004
Newham 006,E02000719,E,8922,319,223,162,204,0.2,0.4,9.892000000000001,2.58596
Newham 007,E02000720,E,8127,291,204,148,185,0.2,0.4,9.008500000000002,2.4711050000000006
Newham 008,E02000721,E,10496,375,263,191,240,0.0,0.2,13.7046,3.081598
Newham 009,E02000722,E,8933,320,224,162,204,0.2,0.4,9.9045,2.5875850000000002
Newham 010,E02000723,E,11512,412,288,209,263,0.2,0.4,12.763,2.95919
Newham 011,E02000724,E,10224,366,256,186,234,0.2,0.4,11.344,2.7747200000000003
Newham 012,E02000725,E,9640,345,241,175,221,0.2,0.4,10.696000000000002,2.69048
Newham 013,E02000726,E,9658,345,242,175,221,0.2,0.4,10.709,2.69217
Newham 014,E02000727,E,9020,323,226,164,206,0.2,0.4,10.003,2.60039
Newham 015,E02000728,E,8934,320,224,162,205,0.2,0.4,9.917000000000002,2.5892100000000005
Newham 016,E02000729,E,7690,275,193,140,175,0.2,0.4,8.522,2.4078600000000003
Newham 017,E02000730,E,9767,349,245,177,223,0.2,0.4,10.8255,2.7073150000000004
Newham 018,E02000731,E,10939,391,274,199,250,0.2,0.4,12.1315,2.877095
Newham 019,E02000732,E,8216,294,206,149,188,0.0,0.2,10.7286,2.694718
Newham 020,E02000733,E,10592,379,265,192,242,0.2,0.4,11.741,2.82633
Newham 021,E02000734,E,8301,297,208,151,189,0.2,0.4,9.198500000000001,2.4958050000000003
Newham 022,E02000735,E,8234,295,206,149,189,0.2,0.4,9.137,2.48781
Newham 023,E02000736,E,9310,333,233,169,213,0.0,0.2,12.155000000000001,2.8801500000000004
Newham 024,E02000737,E,10247,366,257,186,234,0.2,0.4,11.359499999999999,2.776735
Newham 025,E02000738,E,9195,329,230,167,210,0.2,0.4,10.1935,2.6251550000000003
Newham 026,E02000739,E,7487,268,187,136,171,0.2,0.4,8.2995,2.3789350000000002
Newham 027,E02000740,E,7362,263,184,134,169,0.0,0.2,9.6182,2.5503660000000004
Newham 028,E02000741,E,8972,321,225,163,205,0.2,0.4,9.95,2.5934999999999997
Newham 029,E02000742,E,8693,311,218,158,199,0.2,0.4,9.645499999999998,2.553915
Newham 030,E02000743,E,8543,306,214,155,195,0.0,0.2,11.1508,2.749604
Newham 031,E02000744,E,8719,312,218,158,199,0.0,0.2,11.3754,2.778802
Newham 032,E02000745,E,8842,316,221,161,202,0.2,0.4,9.804,2.57452
Newham 033,E02000746,E,8018,287,201,146,183,0.0,0.2,10.4688,2.6609439999999998
Newham 034,E02000747,E,11561,414,290,210,264,0.0,0.2,15.0946,3.2622980000000004
Newham 035,E02000748,E,6778,242,170,123,155,0.2,0.4,7.516,2.27708
Newham 036,E02000749,E,8888,318,223,161,203,0.0,0.2,11.600800000000001,2.808104
Newham 037,E02000750,E,11599,415,290,211,265,0.2,0.4,12.8615,2.9719949999999997
North Devon 001,E02004175,E,4351,416,359,371,470,0.0,0.2,14.7226,3.213938
North Devon 002,E02004176,E,4405,421,364,376,477,0.2,0.4,13.2775,3.026075
North Devon 003,E02004177,E,4725,452,390,403,511,0.2,0.4,14.2315,3.1500950000000003
North Devon 004,E02004178,E,4313,413,356,368,466,0.6,0.8,10.5099,2.666287
North Devon 005,E02004179,E,7158,685,591,611,774,0.8,1.0,16.2684,3.414892
North Devon 006,E02004180,E,4651,445,384,397,503,0.4,0.6,12.2393,2.891109
North Devon 007,E02004181,E,4612,441,381,394,498,0.4,0.6,12.1296,2.876848
North Devon 008,E02004182,E,4887,468,404,417,529,0.0,0.2,16.5592,3.4526960000000004
North Devon 009,E02004183,E,4558,436,377,389,493,0.4,0.6,11.9974,2.859662
North Devon 010,E02004184,E,6791,650,561,580,734,0.2,0.4,20.457500000000003,3.9594750000000003
North Devon 011,E02004185,E,4581,438,378,391,496,0.6,0.8,11.1733,2.752529
North Devon 012,E02004186,E,6483,620,536,554,701,0.6,0.8,15.809899999999999,3.3552869999999997
North Devon 013,E02004187,E,7361,704,608,629,796,0.4,0.6,19.374299999999998,3.8186590000000002
North Devon 014,E02004188,E,4971,476,411,424,538,0.2,0.4,14.9815,3.2475950000000005
North Dorset 001,E02004255,E,5455,618,567,588,750,0.6,0.8,16.3305,3.4229650000000005
North Dorset 002,E02004256,E,6692,758,696,721,920,0.6,0.8,20.032600000000002,3.9042380000000003
North Dorset 003,E02004257,E,5318,602,553,573,731,0.4,0.6,17.221400000000003,3.5387820000000003
North Dorset 004,E02004258,E,7510,851,781,809,1033,0.6,0.8,22.487000000000002,4.223310000000001
North Dorset 005,E02004259,E,5158,584,536,556,710,0.4,0.6,16.7154,3.473002
North Dorset 006,E02004260,E,6865,778,714,740,944,0.6,0.8,20.555500000000002,3.9722150000000003
North Dorset 007,E02004261,E,7258,822,754,782,999,0.6,0.8,21.7364,4.125732
North Dorset 008,E02004262,E,5607,635,583,604,771,0.4,0.6,18.1601,3.660813
North East Derbyshire 001,E02004105,E,7302,679,605,616,741,0.6,0.8,17.1996,3.5359480000000003
North East Derbyshire 002,E02004106,E,5400,502,447,456,548,0.8,1.0,11.826,2.8373800000000005
North East Derbyshire 004,E02004108,E,5827,542,483,492,591,0.4,0.6,14.808100000000001,3.2250530000000004
North East Derbyshire 005,E02004109,E,5213,485,432,440,529,0.8,1.0,11.4169,2.784197
North East Derbyshire 006,E02004110,E,5772,537,478,487,586,0.8,1.0,12.6426,2.943538
North East Derbyshire 007,E02004111,E,4234,394,351,357,429,0.4,0.6,10.7522,2.697786
North East Derbyshire 008,E02004112,E,5044,469,418,426,511,0.8,1.0,11.0382,2.734966
North East Derbyshire 009,E02004113,E,7104,661,588,600,721,0.0,0.2,23.3594,4.336722
North East Derbyshire 010,E02004114,E,5629,524,466,475,571,0.6,0.8,13.256699999999999,3.023371
North East Derbyshire 011,E02004115,E,6971,649,578,588,707,0.4,0.6,17.7133,3.602729
North East Derbyshire 012,E02004116,E,6098,567,505,514,619,0.2,0.4,17.796,3.61348
North East Derbyshire 013,E02004117,E,5653,526,468,477,573,0.2,0.4,16.491500000000002,3.4438950000000004
North East Derbyshire 014,E02006804,E,6303,586,522,532,639,0.4,0.6,16.0109,3.381417
North East Lincolnshire 001,E02002726,E,7961,627,532,516,651,0.2,0.4,19.413500000000003,3.8237550000000002
North East Lincolnshire 002,E02002727,E,4568,360,305,296,373,0.0,0.2,12.613800000000001,2.939794
North East Lincolnshire 003,E02002728,E,6008,473,402,389,491,0.0,0.2,16.5948,3.457324
North East Lincolnshire 004,E02002729,E,4609,363,308,298,377,0.2,0.4,11.235499999999998,2.7606149999999996
North East Lincolnshire 005,E02002730,E,5889,464,394,381,482,0.0,0.2,16.2744,3.415672
North East Lincolnshire 006,E02002731,E,4603,363,308,298,376,0.0,0.2,12.7148,2.9529240000000003
North East Lincolnshire 007,E02002732,E,5881,463,393,381,481,0.6,0.8,11.4583,2.789579
North East Lincolnshire 008,E02002733,E,4689,369,314,304,383,0.2,0.4,11.4315,2.786095
North East Lincolnshire 009,E02002734,E,3989,314,267,258,326,0.2,0.4,9.7225,2.5639250000000002
North East Lincolnshire 010,E02002735,E,4148,327,277,269,340,0.0,0.2,11.4718,2.791334
North East Lincolnshire 011,E02002736,E,4550,358,304,295,372,0.0,0.2,12.569,2.9339700000000004
North East Lincolnshire 012,E02002737,E,5755,453,385,373,470,0.2,0.4,14.0275,3.1235749999999998
North East Lincolnshire 013,E02002738,E,5549,437,371,359,454,0.4,0.6,11.6247,2.811211
North East Lincolnshire 014,E02002739,E,4630,365,309,300,379,0.2,0.4,11.294,2.7682200000000003
North East Lincolnshire 015,E02002740,E,4344,342,290,281,355,0.0,0.2,11.9934,2.8591420000000003
North East Lincolnshire 016,E02002741,E,7130,562,477,462,583,0.2,0.4,17.389000000000003,3.5605700000000002
North East Lincolnshire 017,E02002742,E,4412,348,295,286,361,0.4,0.6,9.2476,2.5021880000000003
North East Lincolnshire 018,E02002743,E,4231,333,283,274,346,0.2,0.4,10.316500000000001,2.6411450000000003
North East Lincolnshire 019,E02002744,E,5521,435,369,358,452,0.0,0.2,15.262599999999999,3.284138
North East Lincolnshire 020,E02002745,E,5906,465,395,383,483,0.6,0.8,11.5098,2.7962740000000004
North East Lincolnshire 021,E02002746,E,6846,539,458,443,560,0.6,0.8,13.338799999999999,3.0340439999999997
North East Lincolnshire 022,E02002747,E,6200,488,414,402,507,0.8,1.0,11.251000000000001,2.7626300000000006
North East Lincolnshire 023,E02002748,E,6281,495,420,407,513,0.6,0.8,12.232299999999999,2.890199
North Hertfordshire 001,E02004909,E,4338,289,244,250,348,0.6,0.8,7.933399999999999,2.3313420000000002
North Hertfordshire 002,E02004910,E,9036,602,509,522,725,0.8,1.0,15.5178,3.3173139999999997
North Hertfordshire 003,E02004911,E,5542,369,312,320,445,0.4,0.6,10.9086,2.718118
North Hertfordshire 004,E02004912,E,8712,580,491,503,699,0.8,1.0,14.959599999999998,3.244748
North Hertfordshire 005,E02004913,E,12493,832,704,721,1003,0.8,1.0,21.457900000000002,4.089527
North Hertfordshire 006,E02004914,E,6248,416,352,361,502,0.4,0.6,12.304400000000001,2.899572
North Hertfordshire 007,E02004915,E,4584,305,258,265,368,0.4,0.6,9.023200000000001,2.4730160000000003
North Hertfordshire 008,E02004916,E,6218,414,350,359,499,0.6,0.8,11.377400000000002,2.7790620000000006
North Hertfordshire 009,E02004917,E,5587,372,315,322,448,0.4,0.6,10.9881,2.728453
North Hertfordshire 010,E02004918,E,6862,457,387,396,551,0.8,1.0,11.787600000000001,2.8323880000000003
North Hertfordshire 011,E02004919,E,6177,411,348,357,496,0.6,0.8,11.3081,2.770053
North Hertfordshire 012,E02004920,E,9031,601,509,521,725,0.6,0.8,16.5273,3.448549
North Hertfordshire 013,E02004921,E,6408,427,361,370,515,0.8,1.0,11.0134,2.731742
North Hertfordshire 014,E02004922,E,8013,534,451,463,643,0.6,0.8,14.663899999999998,3.206307
North Hertfordshire 015,E02004923,E,8484,565,478,490,681,0.8,1.0,14.5722,3.194386
North Kesteven 001,E02005453,E,9102,746,676,708,871,0.8,1.0,18.6956,3.730428
North Kesteven 003,E02005455,E,10574,866,786,823,1013,0.8,1.0,21.7342,4.125446
North Kesteven 004,E02005456,E,8422,690,626,655,807,0.6,0.8,18.5626,3.713138
North Kesteven 005,E02005457,E,7184,589,534,559,688,0.6,0.8,15.8322,3.358186
North Kesteven 006,E02005458,E,5621,461,418,437,538,0.6,0.8,12.3833,2.909829
North Kesteven 007,E02005459,E,6893,565,512,536,660,0.2,0.4,18.8615,3.751995
North Kesteven 008,E02005460,E,5380,441,400,419,515,0.8,1.0,11.056000000000001,2.73728
North Kesteven 009,E02005461,E,5390,442,401,419,516,0.6,0.8,11.876000000000001,2.8438800000000004
North Kesteven 010,E02005462,E,7806,640,580,607,747,0.4,0.6,18.547800000000002,3.711214
North Kesteven 011,E02005463,E,7412,607,551,577,709,0.8,1.0,15.2236,3.279068
North Kesteven 012,E02005464,E,7059,578,525,549,676,0.4,0.6,16.7797,3.4813609999999997
North Kesteven 013,E02006866,E,5574,457,414,434,534,0.6,0.8,12.286200000000001,2.897206
North Kesteven 014,E02006867,E,6383,523,474,497,611,0.8,1.0,13.114899999999999,3.004937
North Lincolnshire 001,E02002749,E,8878,754,643,586,714,0.4,0.6,18.827399999999997,3.7475619999999994
North Lincolnshire 002,E02002750,E,5039,428,365,333,405,0.4,0.6,10.6857,2.6891410000000002
North Lincolnshire 003,E02002751,E,5175,440,375,342,416,0.4,0.6,10.976500000000001,2.726945
North Lincolnshire 004,E02002752,E,5456,463,395,360,439,0.4,0.6,11.5708,2.8042040000000004
North Lincolnshire 005,E02002753,E,6973,592,505,461,561,0.4,0.6,14.7939,3.2232070000000004
North Lincolnshire 006,E02002754,E,6649,565,481,439,535,0.4,0.6,14.1027,3.133351
North Lincolnshire 007,E02002755,E,5646,480,409,373,454,0.0,0.2,15.8916,3.365908
North Lincolnshire 008,E02002756,E,6837,581,495,452,551,0.0,0.2,19.258200000000002,3.803566
North Lincolnshire 009,E02002757,E,4964,422,359,328,399,0.4,0.6,10.5252,2.668276
North Lincolnshire 010,E02002758,E,5091,433,369,336,410,0.2,0.4,12.5925,2.937025
North Lincolnshire 011,E02002759,E,7710,655,558,509,621,0.4,0.6,16.361,3.4269300000000005
North Lincolnshire 012,E02002760,E,4715,400,341,311,380,0.2,0.4,11.6585,2.815605
North Lincolnshire 013,E02002761,E,5449,463,395,360,439,0.6,0.8,10.7697,2.700061
North Lincolnshire 014,E02002762,E,5381,457,390,355,433,0.2,0.4,13.3025,3.029325
North Lincolnshire 015,E02002763,E,5919,503,429,391,477,0.0,0.2,16.6724,3.4674120000000004
North Lincolnshire 016,E02002764,E,4668,397,338,308,376,0.0,0.2,13.1438,3.008694
North Lincolnshire 017,E02002765,E,5114,434,370,338,412,0.2,0.4,12.649000000000001,2.94437
North Lincolnshire 018,E02002766,E,7348,624,532,485,591,0.6,0.8,14.5064,3.185832
North Lincolnshire 019,E02002767,E,5447,463,394,360,439,0.8,1.0,9.9771,2.597023
North Lincolnshire 020,E02002768,E,5815,494,421,384,468,0.6,0.8,11.4845,2.7929850000000003
North Lincolnshire 021,E02002769,E,4688,398,339,310,377,0.6,0.8,9.255399999999998,2.503202
North Lincolnshire 022,E02002770,E,5628,478,407,372,452,0.4,0.6,11.9284,2.850692
North Lincolnshire 023,E02002771,E,5745,488,416,380,462,0.6,0.8,11.345500000000001,2.774915
North Norfolk 001,E02005570,E,5131,684,631,636,821,0.6,0.8,17.6423,3.5934989999999996
North Norfolk 002,E02005571,E,4145,553,510,513,663,0.4,0.6,15.4235,3.3050550000000003
North Norfolk 003,E02005572,E,5351,714,658,663,856,0.2,0.4,22.3625,4.2071250000000004
North Norfolk 004,E02005573,E,3976,530,489,492,636,0.4,0.6,14.7928,3.223064
North Norfolk 005,E02005574,E,4707,628,579,583,753,0.4,0.6,17.518099999999997,3.5773529999999996
North Norfolk 006,E02005575,E,4864,648,598,602,777,0.4,0.6,18.083199999999998,3.650816
North Norfolk 007,E02005576,E,4628,617,570,573,741,0.2,0.4,19.348,3.81524
North Norfolk 008,E02005577,E,4144,552,510,513,662,0.4,0.6,15.409199999999998,3.303196
North Norfolk 009,E02005578,E,3991,532,491,494,638,0.2,0.4,16.6695,3.467035
North Norfolk 010,E02005579,E,8801,1174,1083,1090,1407,0.4,0.6,32.744299999999996,5.556759
North Norfolk 011,E02005580,E,5305,708,653,657,848,0.4,0.6,19.7375,3.865875
North Norfolk 012,E02005581,E,5365,716,660,665,858,0.4,0.6,19.9675,3.8957750000000004
North Norfolk 013,E02005582,E,4530,604,557,561,724,0.2,0.4,18.92,3.7596000000000007
North Norfolk 014,E02005583,E,5764,769,709,714,922,0.4,0.6,21.4512,4.088656
North Somerset 001,E02003065,E,7080,565,513,544,719,0.8,1.0,14.908999999999999,3.23817
North Somerset 002,E02003066,E,5009,399,363,385,508,0.8,1.0,10.5397,2.6701610000000002
North Somerset 003,E02003067,E,6269,500,454,482,636,0.8,1.0,13.194700000000001,3.0153110000000005
North Somerset 004,E02003068,E,5150,410,373,396,522,0.6,0.8,11.579,2.80527
North Somerset 005,E02003069,E,4506,359,326,346,457,0.8,1.0,9.4788,2.532244
North Somerset 006,E02003070,E,10084,804,730,775,1024,0.8,1.0,21.2322,4.060186
North Somerset 007,E02003071,E,6580,525,476,506,668,0.6,0.8,14.806000000000001,3.22478
North Somerset 008,E02003072,E,7533,601,545,579,765,0.6,0.8,16.9519,3.5037469999999997
North Somerset 009,E02003073,E,5484,437,397,421,556,0.8,1.0,11.5342,2.799446
North Somerset 010,E02003074,E,6637,529,481,510,673,0.8,1.0,13.964099999999998,3.1153329999999997
North Somerset 011,E02003075,E,4820,384,349,370,489,0.8,1.0,10.141,2.6183300000000003
North Somerset 012,E02003076,E,7721,616,559,594,784,0.8,1.0,16.2603,3.4138390000000003
North Somerset 013,E02003077,E,4977,397,360,382,505,0.8,1.0,10.472100000000001,2.661373
North Somerset 014,E02003078,E,5727,457,415,440,581,0.6,0.8,12.8831,2.974803
North Somerset 015,E02003079,E,7995,637,579,614,811,0.6,0.8,17.9795,3.637335
North Somerset 016,E02003080,E,7154,570,518,550,726,0.4,0.6,17.3702,3.5581260000000006
North Somerset 017,E02003081,E,7630,609,553,587,775,0.6,0.8,17.179000000000002,3.533270000000001
North Somerset 018,E02003082,E,7145,570,517,549,725,0.2,0.4,19.893500000000003,3.8861550000000005
North Somerset 020,E02003084,E,7917,631,573,608,804,0.0,0.2,24.6742,4.507646
North Somerset 021,E02003085,E,6274,500,454,482,637,0.0,0.2,19.5524,3.841812
North Somerset 022,E02003086,E,5040,402,365,387,512,0.2,0.4,14.039,3.12507
North Somerset 023,E02003087,E,7637,609,553,587,775,0.6,0.8,17.1811,3.533543
North Somerset 024,E02003088,E,6962,555,504,535,707,0.8,1.0,14.6586,3.2056180000000003
North Somerset 025,E02003089,E,4811,384,348,370,489,0.2,0.4,13.4075,3.042975
North Somerset 026,E02006845,E,6636,529,480,510,673,0.6,0.8,14.921800000000001,3.239834
North Somerset 027,E02006846,E,5917,472,428,455,600,0.4,0.6,14.3611,3.166943
North Tyneside 001,E02001738,E,4677,373,321,290,334,0.8,1.0,7.915100000000001,2.328963
North Tyneside 002,E02001739,E,6246,497,428,387,444,0.2,0.4,14.363,3.1671899999999997
North Tyneside 003,E02001740,E,4815,383,330,298,342,0.8,1.0,8.122499999999999,2.355925
North Tyneside 004,E02001741,E,5797,461,397,359,413,0.6,0.8,10.5871,2.676323
North Tyneside 005,E02001742,E,5022,400,344,311,358,0.8,1.0,8.4876,2.403388
North Tyneside 006,E02001743,E,6295,501,431,390,448,0.4,0.6,12.3305,2.902965
North Tyneside 007,E02001744,E,5433,433,372,337,387,0.4,0.6,10.6499,2.684487
North Tyneside 008,E02001745,E,5289,421,362,328,377,0.4,0.6,10.3687,2.6479310000000003
North Tyneside 009,E02001746,E,6933,552,475,429,493,0.4,0.6,13.573900000000002,3.0646070000000005
North Tyneside 010,E02001747,E,5142,409,352,318,366,0.8,1.0,8.6806,2.428478
North Tyneside 011,E02001748,E,6265,499,429,388,446,0.2,0.4,14.4135,3.1737550000000003
North Tyneside 012,E02001749,E,5127,408,351,317,365,0.6,0.8,9.3581,2.516553
North Tyneside 013,E02001750,E,5520,440,378,342,393,0.6,0.8,10.081,2.61053
North Tyneside 014,E02001751,E,5024,400,344,311,358,0.4,0.6,9.845200000000002,2.5798760000000005
North Tyneside 015,E02001752,E,5227,416,358,324,372,0.0,0.2,13.7382,3.085966
North Tyneside 016,E02001753,E,5245,418,359,325,373,0.4,0.6,10.2715,2.635295
North Tyneside 017,E02001754,E,5013,399,343,310,357,0.8,1.0,8.4649,2.400437
North Tyneside 018,E02001755,E,6643,529,455,411,473,0.6,0.8,12.1289,2.876757
North Tyneside 019,E02001756,E,7702,613,528,477,548,0.2,0.4,17.717,3.60321
North Tyneside 020,E02001757,E,4923,392,337,305,350,0.2,0.4,11.3205,2.771665
North Tyneside 021,E02001758,E,4657,371,319,289,332,0.4,0.6,9.133099999999999,2.487303
North Tyneside 022,E02001759,E,5236,417,359,324,373,0.2,0.4,12.049,2.86637
North Tyneside 023,E02001760,E,6466,515,443,401,460,0.0,0.2,16.9966,3.509558
North Tyneside 024,E02001761,E,4488,357,308,278,320,0.4,0.6,8.8004,2.444052
North Tyneside 025,E02001762,E,4650,370,318,288,331,0.6,0.8,8.488,2.40344
North Tyneside 026,E02001763,E,5246,418,359,325,373,0.0,0.2,13.7836,3.091868
North Tyneside 027,E02001764,E,6287,501,431,390,448,0.0,0.2,16.538200000000003,3.4499660000000008
North Tyneside 028,E02001765,E,6057,482,415,375,431,0.0,0.2,15.9162,3.3691060000000004
North Tyneside 029,E02001766,E,5762,459,395,357,410,0.0,0.2,15.1462,3.269006
North Tyneside 030,E02001767,E,5856,466,401,363,417,0.0,0.2,15.3936,3.3011679999999997
North Warwickshire 001,E02006468,E,9097,714,621,608,778,0.6,0.8,18.2391,3.6710830000000003
North Warwickshire 002,E02006469,E,7557,593,515,505,647,0.4,0.6,16.3071,3.419923
North Warwickshire 003,E02006470,E,9548,750,651,638,817,0.2,0.4,23.898000000000003,4.406740000000001
North Warwickshire 004,E02006471,E,6010,472,410,402,514,0.6,0.8,12.051,2.86663
North Warwickshire 005,E02006472,E,7758,609,529,519,664,0.4,0.6,16.7434,3.476642
North Warwickshire 006,E02006473,E,8612,676,587,576,737,0.6,0.8,17.270599999999998,3.545178
North Warwickshire 007,E02006474,E,5230,411,357,350,448,0.4,0.6,11.295000000000002,2.7683500000000003
North West Leicestershire 001,E02005397,E,7978,577,511,493,533,0.6,0.8,13.9194,3.109522
North West Leicestershire 002,E02005398,E,5870,424,376,363,392,0.8,1.0,9.488,2.53344
North West Leicestershire 003,E02005399,E,6128,443,393,379,409,0.6,0.8,10.6904,2.6897520000000004
North West Leicestershire 004,E02005400,E,5430,393,348,336,363,0.4,0.6,10.179,2.62327
North West Leicestershire 005,E02005401,E,5502,398,353,340,367,0.6,0.8,9.595600000000001,2.547428
North West Leicestershire 006,E02005402,E,5939,429,381,367,397,0.6,0.8,10.3657,2.6475410000000004
North West Leicestershire 007,E02005403,E,6614,478,424,409,442,0.6,0.8,11.5432,2.800616
North West Leicestershire 008,E02005404,E,7282,526,467,450,486,0.4,0.6,13.636600000000001,3.0727580000000003
North West Leicestershire 009,E02005405,E,6651,481,426,411,444,0.2,0.4,14.677499999999998,3.208075
North West Leicestershire 010,E02005406,E,7121,515,456,440,475,0.4,0.6,13.330300000000001,3.0329390000000003
North West Leicestershire 011,E02005407,E,8356,604,535,517,558,0.8,1.0,13.5078,3.0560140000000002
North West Leicestershire 012,E02005408,E,7186,520,461,444,479,0.6,0.8,12.5288,2.928744
North West Leicestershire 013,E02005409,E,9966,721,639,616,665,0.6,0.8,17.3828,3.5597640000000004
Northampton 001,E02005650,E,6165,344,290,277,330,0.6,0.8,8.712499999999999,2.432625
Northampton 002,E02005651,E,5645,315,265,253,302,0.6,0.8,7.9704999999999995,2.3361650000000003
Northampton 003,E02005652,E,5367,300,252,241,288,0.4,0.6,8.1201,2.355613
Northampton 004,E02005653,E,7304,408,343,328,391,0.0,0.2,15.125400000000003,3.2663020000000005
Northampton 005,E02005654,E,7397,413,347,332,397,0.2,0.4,13.413499999999999,3.043755
Northampton 006,E02005655,E,5226,292,246,235,280,0.4,0.6,7.905799999999999,2.3277539999999997
Northampton 007,E02005656,E,5308,297,249,238,284,0.0,0.2,10.9888,2.7285440000000003
Northampton 008,E02005657,E,5482,306,257,246,294,0.4,0.6,8.2886,2.3775180000000002
Northampton 009,E02005658,E,5656,316,266,254,303,0.0,0.2,11.717600000000001,2.8232880000000002
Northampton 010,E02005659,E,4555,254,214,204,244,0.4,0.6,6.8825,2.194725
Northampton 011,E02005660,E,5092,284,239,228,273,0.0,0.2,10.542200000000001,2.6704860000000004
Northampton 012,E02005661,E,5831,326,274,262,313,0.0,0.2,12.088600000000001,2.871518
Northampton 013,E02005662,E,6057,338,284,272,324,0.4,0.6,9.1491,2.489383
Northampton 014,E02005663,E,4901,274,230,220,262,0.8,1.0,6.4603,2.1398390000000003
Northampton 015,E02005664,E,5405,302,254,242,290,0.2,0.4,9.7985,2.573805
Northampton 016,E02005665,E,6626,370,311,297,355,0.4,0.6,10.0138,2.601794
Northampton 017,E02005666,E,7353,411,345,330,393,0.0,0.2,15.2178,3.278314
Northampton 018,E02005667,E,5423,303,255,243,290,0.2,0.4,9.8215,2.576795
Northampton 019,E02005668,E,5496,307,258,247,294,0.6,0.8,7.7638,2.309294
Northampton 020,E02005669,E,5122,286,241,230,275,0.8,1.0,6.765600000000001,2.1795280000000004
Northampton 021,E02005670,E,7355,411,346,330,394,0.0,0.2,15.236,3.2806800000000003
Northampton 022,E02005671,E,6556,366,308,294,351,0.4,0.6,9.9068,2.587884
Northampton 023,E02005672,E,6593,368,310,296,353,0.2,0.4,11.9485,2.8533049999999998
Northampton 024,E02005673,E,6448,360,303,289,345,0.2,0.4,11.678999999999998,2.81827
Northampton 025,E02005674,E,6344,354,298,285,340,0.0,0.2,13.1414,3.008382
Northampton 026,E02005675,E,5158,288,242,231,276,0.0,0.2,10.6738,2.687594
Northampton 027,E02005676,E,5320,297,250,239,285,0.2,0.4,9.644,2.55372
Northampton 028,E02005677,E,7245,405,340,325,388,0.4,0.6,10.9495,2.7234350000000003
Northampton 029,E02005678,E,8741,488,411,392,468,0.6,0.8,12.3503,2.905539
Northampton 030,E02005679,E,7944,444,373,356,425,0.8,1.0,10.4722,2.6613860000000003
Northampton 031,E02005680,E,7678,429,361,344,411,0.8,1.0,10.124400000000001,2.616172
Northumberland 001,E02005706,E,7235,767,654,621,720,0.2,0.4,21.5215,4.0977950000000005
Northumberland 002,E02005707,E,5188,550,469,445,515,0.4,0.6,13.3824,3.039712
Northumberland 003,E02005708,E,7860,833,711,675,782,0.4,0.6,20.302,3.93926
Northumberland 004,E02005702,E,4930,523,446,423,490,0.8,1.0,10.922,2.71986
Northumberland 005,E02005703,E,5089,540,460,437,506,0.4,0.6,13.140699999999999,3.008291
Northumberland 006,E02005704,E,9332,990,844,801,928,0.4,0.6,24.0976,4.432688
Northumberland 007,E02005705,E,5647,599,511,485,562,0.4,0.6,14.5901,3.196713
Northumberland 008,E02005720,E,9095,964,822,781,904,0.2,0.4,27.042500000000004,4.815525000000001
Northumberland 009,E02005734,E,4744,503,429,407,472,0.0,0.2,16.0194,3.382522
Northumberland 010,E02005735,E,5972,633,540,513,594,0.0,0.2,20.1672,3.921736
Northumberland 011,E02005721,E,3897,413,352,335,387,0.4,0.6,10.0571,2.607423
Northumberland 012,E02005737,E,5435,576,491,467,541,0.2,0.4,16.1705,3.402165
Northumberland 013,E02005736,E,5681,603,514,488,565,0.0,0.2,19.189600000000002,3.7946480000000005
Northumberland 014,E02005738,E,3811,404,345,327,379,0.4,0.6,9.8413,2.5793690000000002
Northumberland 015,E02005722,E,5350,567,484,460,532,0.6,0.8,12.827000000000002,2.9675100000000003
Northumberland 016,E02005723,E,4725,501,427,406,470,0.2,0.4,14.055499999999999,3.1272149999999996
Northumberland 017,E02005739,E,7118,755,644,611,708,0.2,0.4,21.173000000000002,4.052490000000001
Northumberland 018,E02005724,E,4621,490,418,397,460,0.8,1.0,10.2473,2.632149
Northumberland 019,E02005727,E,4812,510,435,413,479,0.4,0.6,12.4296,2.9158480000000004
Northumberland 020,E02005740,E,7727,819,699,664,768,0.0,0.2,26.090200000000003,4.691726000000001
Northumberland 021,E02005741,E,6405,679,579,550,637,0.4,0.6,16.5395,3.4501350000000004
Northumberland 022,E02005709,E,5160,547,466,443,513,0.0,0.2,17.418,3.5643399999999996
Northumberland 023,E02005710,E,6341,672,573,545,630,0.0,0.2,21.404600000000002,4.082598000000001
Northumberland 024,E02005711,E,6274,665,567,539,624,0.0,0.2,21.1854,4.054102
Northumberland 025,E02005712,E,5289,561,478,454,526,0.0,0.2,17.858400000000003,3.6215920000000006
Northumberland 026,E02005713,E,5021,533,454,431,500,0.8,1.0,11.1353,2.7475890000000005
Northumberland 027,E02005714,E,4048,429,366,348,402,0.8,1.0,8.9664,2.4656320000000003
Northumberland 028,E02005716,E,6605,700,597,567,656,0.4,0.6,17.0435,3.5156550000000006
Northumberland 029,E02005715,E,6494,689,587,558,645,0.0,0.2,21.922400000000003,4.1499120000000005
Northumberland 030,E02005717,E,5870,622,531,504,584,0.4,0.6,15.160999999999998,3.27093
Northumberland 031,E02005718,E,4976,528,450,427,494,0.6,0.8,11.9178,2.849314
Northumberland 032,E02005719,E,5730,607,518,492,569,0.2,0.4,17.03,3.5139000000000005
Northumberland 033,E02005725,E,4901,520,443,421,487,0.8,1.0,10.8583,2.711579
Northumberland 034,E02005726,E,5796,615,524,498,577,0.8,1.0,12.8538,2.970994
Northumberland 035,E02005730,E,9848,1045,891,846,979,0.6,0.8,23.6074,4.368962
Northumberland 036,E02005729,E,4226,448,382,363,421,0.6,0.8,10.137799999999999,2.617914
Northumberland 037,E02005728,E,5342,566,483,459,531,0.4,0.6,13.7926,3.093038
Northumberland 038,E02005731,E,8162,866,738,701,812,0.6,0.8,19.569599999999998,3.844048
Northumberland 039,E02005732,E,6808,722,616,585,677,0.8,1.0,15.090399999999999,3.261752
Northumberland 040,E02005733,E,6120,649,553,526,609,0.6,0.8,14.675,3.20775
Norwich 001,E02005584,E,9748,462,408,398,544,0.2,0.4,17.206,3.5367800000000003
Norwich 002,E02005585,E,9801,465,410,400,546,0.0,0.2,19.6076,3.8489880000000003
Norwich 003,E02005586,E,9140,433,382,373,509,0.2,0.4,16.116,3.39508
Norwich 004,E02005587,E,9069,430,379,370,505,0.0,0.2,18.136400000000002,3.657732
Norwich 005,E02005588,E,10748,510,450,439,599,0.0,0.2,21.509800000000002,4.096274
Norwich 006,E02005589,E,10587,502,443,432,591,0.0,0.2,21.193200000000004,4.055116000000001
Norwich 007,E02005590,E,8871,421,371,362,495,0.0,0.2,17.756600000000002,3.608358000000001
Norwich 009,E02005592,E,8553,406,358,349,477,0.8,1.0,11.0859,2.741167
Norwich 010,E02005593,E,9456,448,396,386,527,0.4,0.6,13.956800000000001,3.1143840000000003
Norwich 011,E02005594,E,9572,454,400,391,534,0.4,0.6,14.133600000000001,3.1373680000000004
Norwich 012,E02005595,E,8078,383,338,330,450,0.8,1.0,10.465399999999999,2.660502
Norwich 013,E02005596,E,8580,407,359,350,478,0.0,0.2,17.164,3.53132
Norwich 014,E02006907,E,4724,224,198,193,264,0.2,0.4,8.345,2.38485
Norwich 015,E02006908,E,4986,236,209,204,278,0.2,0.4,8.801,2.4441300000000004
Nottingham 001,E02002868,E,5600,241,196,161,205,0.2,0.4,7.894,2.32622
Nottingham 002,E02002869,E,7202,310,252,208,264,0.0,0.2,11.755199999999999,2.828176
Nottingham 004,E02002871,E,7606,327,266,219,278,0.0,0.2,12.3976,2.9116880000000003
Nottingham 005,E02002872,E,8470,364,296,244,310,0.0,0.2,13.810000000000002,3.0953000000000004
Nottingham 006,E02002873,E,8771,377,307,253,321,0.0,0.2,14.305600000000002,3.1597280000000003
Nottingham 007,E02002874,E,7720,332,270,223,282,0.0,0.2,12.587000000000002,2.93631
Nottingham 008,E02002875,E,8001,344,280,231,293,0.0,0.2,13.053600000000001,2.9969680000000003
Nottingham 009,E02002876,E,7717,332,270,223,282,0.0,0.2,12.5852,2.936076
Nottingham 010,E02002877,E,7302,314,255,211,268,0.4,0.6,8.3206,2.381678
Nottingham 011,E02002878,E,8712,375,305,251,319,0.0,0.2,14.2122,3.147586
Nottingham 012,E02002879,E,8834,380,309,255,323,0.2,0.4,12.453999999999999,2.9190199999999997
Nottingham 013,E02002880,E,8378,361,293,242,307,0.0,0.2,13.674800000000001,3.0777240000000003
Nottingham 014,E02002881,E,5991,258,210,173,219,0.0,0.2,9.773600000000002,2.5705680000000006
Nottingham 015,E02002882,E,7954,342,278,229,291,0.2,0.4,11.21,2.7573000000000003
Nottingham 016,E02002883,E,7346,316,257,212,268,0.0,0.2,11.9726,2.856438
Nottingham 017,E02002884,E,5946,256,208,171,217,0.0,0.2,9.688600000000001,2.559518
Nottingham 018,E02002885,E,7904,340,277,228,290,0.0,0.2,12.903400000000001,2.9774420000000004
Nottingham 019,E02002886,E,8523,367,298,246,312,0.2,0.4,12.0205,2.862665
Nottingham 020,E02002887,E,6270,270,219,181,229,0.0,0.2,10.222000000000001,2.6288600000000004
Nottingham 021,E02002888,E,6357,274,222,183,233,0.0,0.2,10.371200000000002,2.6482560000000004
Nottingham 022,E02002889,E,8330,358,291,240,305,0.0,0.2,13.583,3.0657900000000002
Nottingham 023,E02002890,E,10834,466,379,312,396,0.0,0.2,17.6614,3.5959820000000002
Nottingham 024,E02002891,E,8082,348,283,233,296,0.2,0.4,11.4,2.782
Nottingham 025,E02002892,E,5889,253,206,170,215,0.0,0.2,9.598400000000002,2.5477920000000003
Nottingham 026,E02002893,E,13016,560,455,375,477,0.0,0.2,21.233600000000003,4.060368
Nottingham 027,E02002894,E,6639,286,232,191,243,0.6,0.8,7.1197,2.225561
Nottingham 028,E02002895,E,7755,334,271,224,284,0.4,0.6,8.8305,2.447965
Nottingham 029,E02002896,E,9714,418,340,280,355,0.0,0.2,15.838399999999998,3.3589919999999998
Nottingham 030,E02002897,E,7658,330,268,221,280,0.6,0.8,8.214400000000001,2.367872
Nottingham 031,E02002898,E,10591,456,371,305,388,0.4,0.6,12.0593,2.867709
Nottingham 032,E02002899,E,9652,415,338,278,353,0.2,0.4,13.605,3.06865
Nottingham 034,E02002901,E,5564,239,195,160,203,0.4,0.6,6.3232,2.122016
Nottingham 035,E02002902,E,8361,360,293,241,306,0.0,0.2,13.640600000000001,3.073278
Nottingham 036,E02002903,E,6154,265,215,177,225,0.0,0.2,10.031400000000001,2.604082
Nottingham 037,E02002904,E,5953,256,208,172,217,0.0,0.2,9.6998,2.560974
Nottingham 038,E02006834,E,7480,322,262,216,274,0.0,0.2,12.208000000000002,2.8870400000000003
Nottingham 039,E02006904,E,6839,294,239,197,250,0.2,0.4,9.6365,2.552745
Nottingham 040,E02006905,E,7393,318,259,213,270,0.0,0.2,12.0518,2.866734
Nuneaton and Bedworth 001,E02006475,E,6230,412,361,347,428,0.8,1.0,9.858,2.5815400000000004
Nuneaton and Bedworth 002,E02006476,E,6284,416,364,350,432,0.0,0.2,15.304400000000001,3.289572
Nuneaton and Bedworth 003,E02006477,E,5958,394,345,332,410,0.8,1.0,9.4354,2.526602
Nuneaton and Bedworth 004,E02006478,E,7068,467,409,394,486,0.4,0.6,12.8864,2.975232
Nuneaton and Bedworth 005,E02006479,E,7484,495,433,417,515,0.0,0.2,18.229400000000002,3.669822000000001
Nuneaton and Bedworth 006,E02006480,E,6396,423,370,356,440,0.2,0.4,13.719000000000001,3.08347
Nuneaton and Bedworth 007,E02006481,E,5903,391,342,329,406,0.0,0.2,14.3818,3.1696340000000003
Nuneaton and Bedworth 008,E02006482,E,5783,382,335,322,398,0.4,0.6,10.546899999999999,2.671097
Nuneaton and Bedworth 009,E02006483,E,6685,442,387,372,459,0.0,0.2,16.268,3.41484
Nuneaton and Bedworth 010,E02006484,E,6590,436,381,367,453,0.2,0.4,14.132,3.13716
Nuneaton and Bedworth 011,E02006485,E,5903,390,342,329,406,0.8,1.0,9.3459,2.5149670000000004
Nuneaton and Bedworth 012,E02006486,E,6045,400,350,337,416,0.4,0.6,11.0275,2.733575
Nuneaton and Bedworth 013,E02006487,E,5723,379,331,319,393,0.2,0.4,12.2715,2.895295
Nuneaton and Bedworth 014,E02006488,E,5276,349,305,294,362,0.6,0.8,8.9528,2.463864
Nuneaton and Bedworth 015,E02006489,E,6904,457,400,385,475,0.2,0.4,14.818000000000001,3.2263400000000004
Nuneaton and Bedworth 016,E02006490,E,6417,424,371,357,441,0.4,0.6,11.6911,2.819843
Nuneaton and Bedworth 018,E02006806,E,6873,455,398,383,473,0.2,0.4,14.7505,3.2175650000000005
Oadby and Wigston 003,E02005412,E,6599,464,400,402,630,0.6,0.8,13.4477,3.0482009999999997
Oadby and Wigston 005,E02005414,E,6275,441,380,382,599,0.2,0.4,15.842499999999998,3.3595249999999997
Oadby and Wigston 006,E02005415,E,6045,425,366,368,577,0.2,0.4,15.261500000000002,3.283995
Oadby and Wigston 007,E02005416,E,7104,499,430,432,678,0.8,1.0,13.607199999999999,3.068936
Oadby and Wigston 008,E02006818,E,6663,468,403,405,636,0.6,0.8,13.567900000000002,3.0638270000000003
Oadby and Wigston 009,E02006911,E,12648,889,766,769,1208,0.8,1.0,24.2374,4.450862
Oldham 001,E02001098,E,5475,312,258,247,299,0.4,0.6,8.368500000000001,2.387905
Oldham 002,E02001099,E,5456,310,258,246,298,0.2,0.4,9.988000000000001,2.59844
Oldham 003,E02001100,E,5523,314,261,249,302,0.2,0.4,10.114500000000001,2.614885
Oldham 004,E02001101,E,5398,307,255,243,295,0.4,0.6,8.2514,2.372682
Oldham 005,E02001102,E,5522,314,261,249,302,0.4,0.6,8.4466,2.398058
Oldham 006,E02001103,E,5002,285,236,226,274,0.6,0.8,7.1586,2.230618
Oldham 007,E02001104,E,6267,357,296,283,342,0.2,0.4,11.473500000000001,2.7915550000000002
Oldham 008,E02001105,E,5417,308,256,244,296,0.2,0.4,9.9165,2.5891450000000003
Oldham 009,E02001106,E,5458,311,258,246,298,0.2,0.4,9.992,2.59896
Oldham 010,E02001107,E,5551,316,262,251,304,0.2,0.4,10.176499999999999,2.6229449999999996
Oldham 011,E02001108,E,4591,261,217,207,251,0.0,0.2,9.6056,2.548728
Oldham 012,E02001109,E,6605,376,312,298,361,0.0,0.2,13.821000000000002,3.09673
Oldham 013,E02001110,E,5639,321,266,254,308,0.8,1.0,7.5237,2.2780810000000002
Oldham 014,E02001111,E,6032,343,285,272,329,0.0,0.2,12.6112,2.939456
Oldham 015,E02001112,E,5365,305,253,242,293,0.8,1.0,7.1585,2.230605
Oldham 016,E02001113,E,8614,490,407,388,471,0.0,0.2,18.021400000000003,3.6427820000000004
Oldham 017,E02001114,E,7363,419,347,332,403,0.2,0.4,13.486500000000001,3.0532450000000004
Oldham 018,E02001115,E,5380,306,254,243,294,0.2,0.4,9.853000000000002,2.58089
Oldham 019,E02001116,E,5837,332,275,263,319,0.0,0.2,12.206199999999999,2.886806
Oldham 020,E02001117,E,5334,303,252,241,291,0.8,1.0,7.116199999999999,2.225106
Oldham 021,E02001118,E,5653,322,267,255,309,0.6,0.8,8.081900000000001,2.3506470000000004
Oldham 022,E02001119,E,9802,558,463,442,536,0.0,0.2,20.5122,3.9665860000000004
Oldham 024,E02001121,E,5891,335,278,266,322,0.0,0.2,12.325600000000001,2.9023280000000002
Oldham 026,E02001123,E,5825,331,275,263,319,0.0,0.2,12.193999999999999,2.88522
Oldham 027,E02001124,E,5183,295,245,234,283,0.0,0.2,10.843800000000002,2.7096940000000003
Oldham 028,E02001125,E,7260,413,343,327,397,0.2,0.4,13.294,3.02822
Oldham 029,E02001126,E,6743,384,318,304,369,0.0,0.2,14.111800000000002,3.1345340000000004
Oldham 030,E02001127,E,6394,364,302,288,350,0.0,0.2,13.3824,3.039712
Oldham 031,E02001128,E,6739,383,318,304,369,0.0,0.2,14.104400000000002,3.133572
Oldham 032,E02001129,E,5240,298,247,236,287,0.0,0.2,10.965,2.7254500000000004
Oldham 033,E02001130,E,5218,297,246,235,285,0.2,0.4,9.549,2.54137
Oldham 034,E02001131,E,4789,273,226,216,262,0.4,0.6,7.326700000000001,2.252471
Oldham 035,E02006860,E,12563,715,593,567,686,0.0,0.2,26.2788,4.7162440000000005
Oxford 001,E02005940,E,4969,220,180,164,236,0.8,1.0,5.7067,2.041871
Oxford 002,E02005941,E,6105,271,221,202,290,0.8,1.0,7.015499999999999,2.212015
Oxford 003,E02005942,E,5717,253,207,189,272,0.8,1.0,6.5721,2.154373
Oxford 004,E02005943,E,5301,235,192,175,252,0.8,1.0,6.0913,2.091869
Oxford 005,E02005944,E,5940,263,215,196,282,0.2,0.4,9.375,2.51875
Oxford 006,E02005945,E,8889,394,322,294,423,0.8,1.0,10.221699999999998,2.628821
Oxford 007,E02005946,E,6767,300,245,224,322,0.8,1.0,7.7821,2.311673
Oxford 008,E02005947,E,13841,613,501,457,657,0.4,0.6,18.008300000000002,3.6410790000000004
Oxford 009,E02005948,E,5776,256,209,191,274,0.6,0.8,7.049799999999999,2.216474
Oxford 010,E02005949,E,6186,274,224,204,294,0.4,0.6,8.0518,2.346734
Oxford 011,E02005950,E,9554,423,346,316,454,0.4,0.6,12.4402,2.9172260000000003
Oxford 012,E02005951,E,5034,223,182,166,240,0.6,0.8,6.1541999999999994,2.100046
Oxford 013,E02005952,E,12153,538,440,402,577,0.4,0.6,15.817899999999998,3.3563270000000003
Oxford 014,E02005953,E,4836,214,175,160,230,0.6,0.8,5.908799999999999,2.068144
Oxford 015,E02005954,E,8165,362,295,270,388,0.4,0.6,10.6295,2.6818350000000004
Oxford 016,E02005955,E,8353,370,302,276,396,0.2,0.4,13.1785,3.013205
Oxford 017,E02005956,E,5194,230,188,172,247,0.0,0.2,9.374400000000001,2.5186720000000005
Oxford 018,E02005957,E,5875,260,213,194,280,0.0,0.2,10.608,2.67904
Pendle 001,E02005240,E,4521,313,275,258,292,0.4,0.6,8.1343,2.357459
Pendle 002,E02005241,E,4612,319,280,263,298,0.4,0.6,8.2956,2.3784280000000004
Pendle 003,E02005242,E,5136,356,312,293,333,0.4,0.6,9.2548,2.503124
Pendle 004,E02005243,E,4229,293,257,241,274,0.0,0.2,10.262400000000001,2.634112
Pendle 005,E02005244,E,4841,335,294,276,313,0.2,0.4,10.2895,2.6376350000000004
Pendle 006,E02005245,E,5769,399,351,329,374,0.6,0.8,9.6917,2.559921
Pendle 007,E02005246,E,4302,298,262,245,279,0.0,0.2,10.444199999999999,2.657746
Pendle 008,E02005247,E,8261,572,502,471,534,0.6,0.8,13.859300000000001,3.1017090000000005
Pendle 009,E02005248,E,5390,373,328,307,349,0.0,0.2,13.076,2.99988
Pendle 010,E02005249,E,7852,544,478,448,508,0.0,0.2,19.0532,3.776916
Pendle 011,E02005250,E,6400,443,389,365,415,0.0,0.2,15.535,3.3195500000000004
Pendle 012,E02005251,E,5744,398,349,328,372,0.2,0.4,12.222000000000001,2.88886
Pendle 013,E02005252,E,7252,502,441,414,469,0.0,0.2,17.5922,3.5869859999999996
Peterborough 001,E02003237,E,6125,320,272,244,312,0.6,0.8,8.2175,2.3682749999999997
Peterborough 002,E02003238,E,5840,305,259,233,298,0.4,0.6,8.372,2.38836
Peterborough 003,E02003239,E,7783,407,345,310,396,0.6,0.8,10.434899999999999,2.656537
Peterborough 004,E02003240,E,6533,342,290,260,333,0.6,0.8,8.7669,2.439697
Peterborough 005,E02003241,E,6049,316,268,241,308,0.2,0.4,10.4275,2.655575
Peterborough 006,E02003242,E,7810,408,346,311,398,0.4,0.6,11.185,2.7540500000000003
Peterborough 007,E02003243,E,9599,502,425,382,489,0.0,0.2,18.9364,3.7617320000000003
Peterborough 008,E02003244,E,8697,455,386,346,443,0.0,0.2,17.1612,3.5309560000000006
Peterborough 009,E02003245,E,7546,395,335,301,384,0.0,0.2,14.892600000000002,3.2360380000000006
Peterborough 010,E02003246,E,8964,469,397,357,457,0.0,0.2,17.6914,3.599882
Peterborough 011,E02003247,E,7747,405,343,309,395,0.0,0.2,15.2912,3.287856
Peterborough 012,E02003248,E,10184,533,452,406,519,0.2,0.4,17.569000000000003,3.5839700000000008
Peterborough 013,E02003249,E,10408,544,461,415,530,0.0,0.2,20.5348,3.969524
Peterborough 014,E02003250,E,9876,516,438,393,503,0.0,0.2,19.4826,3.832738
Peterborough 015,E02003251,E,7013,367,311,279,357,0.6,0.8,9.4039,2.522507
Peterborough 016,E02003252,E,10103,528,448,402,514,0.2,0.4,17.4095,3.5632350000000006
Peterborough 017,E02003253,E,8268,432,367,329,421,0.2,0.4,14.253,3.15289
Peterborough 018,E02003254,E,8518,446,378,339,434,0.6,0.8,11.4284,2.785692
Peterborough 019,E02003255,E,8677,454,385,346,442,0.2,0.4,14.9665,3.245645
Peterborough 021,E02003257,E,8500,445,377,338,433,0.0,0.2,16.772,3.48036
Peterborough 022,E02006877,E,7786,407,345,310,396,0.4,0.6,11.1418,2.748434
Peterborough 023,E02006878,E,8919,466,395,355,454,0.4,0.6,12.7657,2.959541
Plymouth 001,E02003122,E,5583,381,315,308,396,0.6,0.8,9.5929,2.547077
Plymouth 002,E02003123,E,6665,455,375,367,472,0.2,0.4,14.4305,3.175965
Plymouth 003,E02003124,E,6480,442,365,357,459,0.0,0.2,15.93,3.3709
Plymouth 004,E02003125,E,4974,339,280,274,352,0.0,0.2,12.221400000000001,2.888782
Plymouth 005,E02003126,E,6027,411,339,332,427,0.4,0.6,11.1021,2.7432730000000003
Plymouth 006,E02003127,E,6283,428,354,346,445,0.0,0.2,15.4418,3.3074339999999998
Plymouth 007,E02003128,E,7180,490,405,396,509,0.0,0.2,17.663000000000004,3.596190000000001
Plymouth 008,E02003129,E,5412,369,305,298,384,0.4,0.6,9.9776,2.5970880000000003
Plymouth 009,E02003130,E,8484,579,478,468,602,0.0,0.2,20.8754,4.013802
Plymouth 010,E02003131,E,6222,424,351,343,441,0.2,0.4,13.48,3.0524000000000004
Plymouth 011,E02003132,E,6586,449,371,363,467,0.4,0.6,12.139800000000001,2.8781740000000005
Plymouth 012,E02003133,E,6096,416,343,336,433,0.4,0.6,11.2448,2.761824
Plymouth 013,E02003134,E,5749,392,324,317,407,0.0,0.2,14.1324,3.137212
Plymouth 014,E02003135,E,6207,423,350,342,440,0.0,0.2,15.263200000000001,3.2842160000000002
Plymouth 015,E02003136,E,6560,447,369,361,465,0.6,0.8,11.258,2.76354
Plymouth 016,E02003137,E,6467,441,364,356,458,0.8,1.0,10.3681,2.647853
Plymouth 017,E02003138,E,6204,423,349,342,439,0.6,0.8,10.642199999999999,2.6834860000000003
Plymouth 018,E02003139,E,5399,368,304,298,382,0.8,1.0,8.6557,2.4252409999999998
Plymouth 019,E02003140,E,6387,436,360,352,453,0.8,1.0,10.2511,2.632643
Plymouth 020,E02003141,E,6650,454,375,366,471,0.0,0.2,16.349,3.42537
Plymouth 021,E02003142,E,7538,514,425,415,534,0.0,0.2,18.530800000000003,3.709004
Plymouth 022,E02003143,E,6466,441,364,356,458,0.6,0.8,11.0958,2.7424540000000004
Plymouth 023,E02003144,E,7503,512,423,413,532,0.2,0.4,16.2545,3.4130849999999997
Plymouth 024,E02003145,E,5790,395,326,319,410,0.2,0.4,12.537,2.9298100000000002
Plymouth 025,E02003146,E,7483,510,422,412,531,0.2,0.4,16.2155,3.408015
Plymouth 026,E02003147,E,6345,433,357,350,449,0.0,0.2,15.595,3.32735
Plymouth 027,E02003148,E,8204,559,462,452,581,0.0,0.2,20.1634,3.9212420000000003
Plymouth 028,E02003149,E,7749,529,437,427,549,0.0,0.2,19.056400000000004,3.7773320000000004
Plymouth 029,E02003150,E,9517,649,536,524,675,0.0,0.2,23.4032,4.342416
Plymouth 030,E02003151,E,6181,422,348,341,438,0.8,1.0,9.917300000000001,2.589249
Plymouth 031,E02003152,E,7820,533,441,431,555,0.6,0.8,13.436,3.0466800000000003
Plymouth 032,E02003153,E,6541,446,368,360,464,0.6,0.8,11.2303,2.759939
Poole 001,E02003194,E,5085,378,335,344,466,0.8,1.0,9.7975,2.5736749999999997
Poole 002,E02003195,E,4575,340,301,310,419,0.4,0.6,10.1445,2.618785
Poole 003,E02003196,E,8397,623,553,569,770,0.8,1.0,16.1861,3.4041930000000002
Poole 004,E02003197,E,5555,412,365,376,510,0.4,0.6,12.3265,2.902445
Poole 005,E02003198,E,5919,440,390,401,543,0.4,0.6,13.1377,3.0079010000000004
Poole 006,E02003199,E,7480,556,492,507,687,0.4,0.6,16.61,3.4593
Poole 007,E02003200,E,8118,603,534,550,745,0.2,0.4,20.794,4.00322
Poole 008,E02003201,E,8618,640,567,583,790,0.2,0.4,22.058,4.16754
Poole 009,E02003202,E,5058,376,333,342,464,0.6,0.8,10.4154,2.654002
Poole 010,E02003203,E,6044,449,398,409,554,0.4,0.6,13.4052,3.042676
Poole 011,E02003204,E,7082,526,466,480,649,0.4,0.6,15.7086,3.342118
Poole 012,E02003205,E,6715,499,442,455,616,0.6,0.8,13.8315,3.098095
Poole 013,E02003206,E,7821,581,515,530,717,0.6,0.8,16.1053,3.393689
Poole 014,E02003207,E,5787,430,381,392,530,0.2,0.4,14.811500000000002,3.2254950000000004
Poole 015,E02003208,E,8707,646,573,590,798,0.2,0.4,22.2895,4.197635
Poole 016,E02003209,E,4924,366,324,333,452,0.4,0.6,10.927200000000001,2.720536
Poole 017,E02003210,E,7419,551,488,502,681,0.8,1.0,14.3047,3.159611
Poole 018,E02003211,E,7023,522,462,476,645,0.8,1.0,13.549900000000001,3.0614870000000005
Portsmouth 001,E02003524,E,7233,372,289,286,357,0.0,0.2,13.930800000000001,3.1110040000000003
Portsmouth 002,E02003525,E,5649,291,226,223,279,0.0,0.2,10.8834,2.714842
Portsmouth 003,E02003526,E,5893,303,235,233,291,0.8,1.0,7.2099,2.2372870000000002
Portsmouth 004,E02003527,E,5313,273,212,210,263,0.2,0.4,8.9495,2.463435
Portsmouth 006,E02003529,E,7011,361,280,277,346,0.6,0.8,9.1363,2.4877190000000002
Portsmouth 007,E02003530,E,6813,350,272,270,337,0.2,0.4,11.4785,2.792205
Portsmouth 008,E02003531,E,7197,370,287,285,355,0.4,0.6,10.0171,2.602223
Portsmouth 009,E02003532,E,6823,351,273,270,337,0.2,0.4,11.4905,2.7937650000000005
Portsmouth 010,E02003533,E,5043,259,201,200,249,0.0,0.2,9.7138,2.5627940000000002
Portsmouth 011,E02003534,E,7984,411,319,316,394,0.2,0.4,13.440999999999999,3.0473299999999997
Portsmouth 012,E02003535,E,8593,442,343,340,424,0.2,0.4,14.462500000000002,3.1801250000000003
Portsmouth 013,E02003536,E,6803,350,272,269,336,0.0,0.2,13.1068,3.003884
Portsmouth 014,E02003537,E,9477,487,378,375,468,0.4,0.6,13.1951,3.015363
Portsmouth 015,E02003538,E,9240,475,369,366,456,0.0,0.2,17.798000000000002,3.61374
Portsmouth 016,E02003539,E,11196,576,447,443,553,0.0,0.2,21.569599999999998,4.104048
Portsmouth 017,E02003540,E,8258,425,330,327,408,0.2,0.4,13.909000000000002,3.1081700000000003
Portsmouth 018,E02003541,E,10528,541,420,417,520,0.0,0.2,20.2808,3.9365040000000002
Portsmouth 019,E02003542,E,8563,440,342,339,423,0.4,0.6,11.926900000000002,2.8504970000000003
Portsmouth 020,E02003543,E,8104,417,324,321,400,0.4,0.6,11.2872,2.7673360000000002
Portsmouth 021,E02003544,E,5839,300,233,231,289,0.4,0.6,8.1377,2.357901
Portsmouth 022,E02003545,E,6473,333,258,256,319,0.2,0.4,10.8875,2.715375
Portsmouth 023,E02003546,E,7719,397,308,305,381,0.4,0.6,10.7437,2.696681
Portsmouth 024,E02003547,E,7826,402,313,310,386,0.4,0.6,10.895800000000001,2.716454
Portsmouth 025,E02003548,E,6151,316,246,243,303,0.4,0.6,8.555299999999999,2.4121889999999997
Portsmouth 026,E02006821,E,5927,305,237,234,293,0.8,1.0,7.2551,2.243163
Preston 001,E02005253,E,5124,280,219,193,242,0.6,0.8,6.600199999999999,2.158026
Preston 002,E02005254,E,5547,303,237,209,261,0.8,1.0,6.6601,2.165813
Preston 003,E02005255,E,7719,422,329,291,364,0.8,1.0,9.2767,2.505971
Preston 004,E02005256,E,6144,336,262,232,289,0.6,0.8,7.902200000000001,2.327286
Preston 005,E02005257,E,5181,283,221,195,244,0.0,0.2,9.921600000000002,2.5898080000000006
Preston 006,E02005258,E,7026,384,300,265,330,0.6,0.8,9.0308,2.474004
Preston 007,E02005259,E,8919,487,380,336,419,0.0,0.2,17.0664,3.518632
Preston 008,E02005260,E,5954,325,254,224,280,0.4,0.6,8.1562,2.360306
Preston 009,E02005261,E,8710,476,372,328,410,0.0,0.2,16.682000000000002,3.4686600000000007
Preston 010,E02005262,E,5396,295,230,203,254,0.6,0.8,6.937800000000001,2.2019140000000004
Preston 011,E02005263,E,6175,337,263,233,290,0.0,0.2,11.816,2.83608
Preston 012,E02005264,E,10912,596,465,411,513,0.2,0.4,18.137,3.6578100000000004
Preston 013,E02005265,E,9447,516,403,356,444,0.2,0.4,15.703500000000002,3.3414550000000007
Preston 014,E02005266,E,7128,389,304,269,335,0.0,0.2,13.6448,3.073824
Preston 015,E02005267,E,6001,328,256,226,282,0.0,0.2,11.486600000000001,2.7932580000000002
Preston 016,E02005268,E,8070,441,344,304,379,0.0,0.2,15.443000000000001,3.3075900000000003
Preston 017,E02005269,E,8613,471,367,325,406,0.0,0.2,16.504800000000003,3.4456240000000005
Purbeck 001,E02004263,E,4139,469,430,446,569,0.6,0.8,12.3887,2.910531
Purbeck 002,E02004264,E,5802,658,603,625,798,0.6,0.8,17.3716,3.5583080000000002
Purbeck 003,E02004265,E,6012,681,625,648,827,0.4,0.6,19.4776,3.8320879999999997
Purbeck 004,E02004266,E,6102,691,634,658,840,0.4,0.6,19.776600000000002,3.870958000000001
Purbeck 005,E02004267,E,3661,415,381,394,504,0.4,0.6,11.8643,2.842359
Purbeck 006,E02004268,E,6980,791,726,752,960,0.6,0.8,20.9,4.017
Reading 001,E02003389,E,7089,322,253,232,319,0.8,1.0,7.9457,2.332941
Reading 002,E02003390,E,6925,315,248,227,311,0.8,1.0,7.759499999999999,2.308735
Reading 003,E02003391,E,7500,341,268,245,337,0.8,1.0,8.399999999999999,2.392
Reading 004,E02003392,E,7396,336,264,242,332,0.4,0.6,9.3828,2.5197640000000003
Reading 005,E02003393,E,7131,324,255,233,321,0.8,1.0,7.9933,2.339129
Reading 006,E02003394,E,6865,312,245,225,308,0.2,0.4,10.6195,2.680535
Reading 007,E02003395,E,8612,391,308,282,386,0.4,0.6,10.9216,2.719808
Reading 008,E02003396,E,8390,381,300,275,376,0.4,0.6,10.641000000000002,2.68333
Reading 009,E02003397,E,6782,308,242,222,305,0.2,0.4,10.497,2.66461
Reading 010,E02003398,E,9584,435,343,314,430,0.4,0.6,12.161200000000001,2.8809560000000003
Reading 011,E02003399,E,10782,490,386,353,484,0.2,0.4,16.683999999999997,3.46892
Reading 012,E02003400,E,7709,350,276,252,346,0.6,0.8,9.1827,2.493751
Reading 013,E02003401,E,7567,344,271,248,339,0.4,0.6,9.598100000000002,2.547753
Reading 014,E02003402,E,8695,395,311,285,390,0.4,0.6,11.032499999999999,2.734225
Reading 015,E02003403,E,7787,354,278,255,349,0.2,0.4,12.0405,2.865265
Reading 016,E02003404,E,7186,327,257,235,323,0.2,0.4,11.123,2.74599
Reading 017,E02003405,E,9048,411,324,296,406,0.0,0.2,16.0478,3.386214
Reading 018,E02003406,E,6795,309,243,222,305,0.2,0.4,10.5105,2.666365
Redbridge 001,E02000751,E,9904,492,386,318,435,0.8,1.0,11.1022,2.7432860000000003
Redbridge 002,E02000752,E,6475,322,252,208,285,0.2,0.4,10.0875,2.6113750000000002
Redbridge 003,E02000753,E,5833,290,227,187,256,0.2,0.4,9.075500000000002,2.4798150000000003
Redbridge 004,E02000754,E,6120,304,238,197,269,0.6,0.8,7.34,2.2542
Redbridge 005,E02000755,E,4958,247,193,159,218,0.4,0.6,6.3234,2.122042
Redbridge 006,E02000756,E,12003,597,468,386,527,0.4,0.6,15.3069,3.2898970000000003
Redbridge 007,E02000757,E,10941,544,426,352,481,0.8,1.0,12.273299999999999,2.895529
Redbridge 008,E02000758,E,5658,281,220,182,248,0.4,0.6,7.207400000000001,2.236962
Redbridge 009,E02000759,E,11444,569,446,368,503,0.4,0.6,14.5992,3.197896
Redbridge 010,E02000760,E,6611,329,258,212,290,0.2,0.4,10.288499999999999,2.637505
Redbridge 012,E02000762,E,5977,297,233,192,263,0.8,1.0,6.7061,2.171793
Redbridge 013,E02000763,E,6582,327,256,212,290,0.4,0.6,8.4046,2.3925980000000004
Redbridge 014,E02000764,E,11275,561,439,362,496,0.6,0.8,13.5265,3.058445
Redbridge 015,E02000765,E,6005,299,234,193,264,0.6,0.8,7.2045,2.2365850000000003
Redbridge 017,E02000767,E,7237,360,282,233,318,0.4,0.6,9.2331,2.500303
Redbridge 018,E02000768,E,5378,267,210,173,236,0.8,1.0,6.0283999999999995,2.083692
Redbridge 019,E02000769,E,13548,674,528,435,596,0.4,0.6,17.2864,3.547232
Redbridge 020,E02000770,E,7186,357,280,231,316,0.4,0.6,9.1678,2.4918139999999998
Redbridge 022,E02000772,E,7550,375,294,243,332,0.4,0.6,9.633,2.55229
Redbridge 023,E02000773,E,8742,435,340,281,384,0.4,0.6,11.146600000000001,2.7490580000000002
Redbridge 024,E02000774,E,6860,341,267,220,302,0.2,0.4,10.685,2.68905
Redbridge 026,E02000776,E,6055,301,236,195,266,0.4,0.6,7.724500000000001,2.3041850000000004
Redbridge 027,E02000777,E,5591,278,218,180,246,0.4,0.6,7.1373,2.227849
Redbridge 029,E02000779,E,7366,366,287,237,323,0.2,0.4,11.464,2.7903200000000004
Redbridge 030,E02000780,E,13937,693,543,448,613,0.2,0.4,21.7115,4.122495000000001
Redbridge 031,E02000781,E,12992,646,506,417,571,0.4,0.6,16.5676,3.4537880000000003
Redbridge 032,E02000782,E,8828,439,344,284,388,0.2,0.4,13.751000000000001,3.0876300000000003
Redbridge 033,E02000783,E,6894,343,269,221,303,0.2,0.4,10.735,2.69555
Redbridge 034,E02006800,E,12419,617,484,399,546,0.4,0.6,15.8417,3.359421
Redbridge 035,E02006924,E,12145,604,473,390,534,0.4,0.6,15.491500000000002,3.3138950000000005
Redbridge 036,E02006925,E,12583,626,490,404,553,0.6,0.8,15.0899,3.2616870000000002
Redcar and Cleveland 001,E02002515,E,5316,469,392,387,482,0.0,0.2,15.9876,3.378388
Redcar and Cleveland 002,E02002516,E,4475,395,330,326,406,0.0,0.2,13.464,3.05032
Redcar and Cleveland 003,E02002517,E,4200,371,310,306,381,0.0,0.2,12.639,2.94307
Redcar and Cleveland 004,E02002518,E,8371,739,617,610,759,0.6,0.8,17.8563,3.6213190000000006
Redcar and Cleveland 005,E02002519,E,5497,486,405,401,498,0.0,0.2,16.5362,3.449706
Redcar and Cleveland 006,E02002520,E,10282,908,758,749,933,0.4,0.6,23.6226,4.370938
Redcar and Cleveland 007,E02002521,E,4651,411,343,339,421,0.2,0.4,12.355500000000001,2.9062150000000004
Redcar and Cleveland 009,E02002523,E,5082,449,375,370,461,0.0,0.2,15.2912,3.287856
Redcar and Cleveland 010,E02002524,E,4209,372,310,307,381,0.2,0.4,11.1815,2.753595
Redcar and Cleveland 011,E02002525,E,6523,576,481,475,592,0.0,0.2,19.6278,3.8516140000000005
Redcar and Cleveland 012,E02002526,E,5818,514,429,424,528,0.2,0.4,15.471000000000002,3.31123
Redcar and Cleveland 013,E02002527,E,4041,357,298,294,366,0.0,0.2,12.1496,2.879448
Redcar and Cleveland 015,E02002529,E,4477,395,330,326,406,0.2,0.4,11.8975,2.8466750000000003
Redcar and Cleveland 016,E02002530,E,5090,449,375,371,461,0.0,0.2,15.303,3.28939
Redcar and Cleveland 018,E02002532,E,4885,432,360,356,443,0.0,0.2,14.699000000000002,3.2108700000000003
Redcar and Cleveland 019,E02002533,E,4494,397,331,327,408,0.8,1.0,8.9272,2.4605360000000003
Redcar and Cleveland 020,E02002534,E,4494,397,331,327,408,0.8,1.0,8.9272,2.4605360000000003
Redcar and Cleveland 021,E02006812,E,5739,507,423,418,521,0.2,0.4,15.2605,3.2838650000000005
Redcar and Cleveland 022,E02006910,E,7859,694,579,573,713,0.0,0.2,23.6474,4.374162
Redditch 001,E02006721,E,4606,311,295,263,295,0.6,0.8,7.7437999999999985,2.306694
Redditch 002,E02006722,E,4433,299,284,253,284,0.0,0.2,10.7538,2.697994
Redditch 003,E02006723,E,6686,451,429,381,429,0.0,0.2,16.226599999999998,3.409458
Redditch 004,E02006724,E,5552,375,356,317,356,0.0,0.2,13.477200000000002,3.052036
Redditch 005,E02006725,E,4571,308,293,261,293,0.2,0.4,9.724499999999999,2.564185
Redditch 006,E02006726,E,5175,349,332,295,332,0.4,0.6,9.3325,2.5132250000000003
Redditch 007,E02006727,E,4912,331,315,280,315,0.6,0.8,8.2606,2.3738780000000004
Redditch 008,E02006728,E,5700,385,365,325,366,0.8,1.0,8.861,2.45193
Redditch 009,E02006729,E,5879,397,377,335,377,0.4,0.6,10.599700000000002,2.6779610000000003
Redditch 010,E02006730,E,4997,337,320,285,320,0.0,0.2,12.118200000000002,2.8753660000000005
Redditch 011,E02006731,E,4706,317,302,268,302,0.2,0.4,10.012,2.60156
Redditch 012,E02006732,E,5888,397,377,336,378,0.6,0.8,9.9064,2.587832
Redditch 013,E02006733,E,4886,330,313,279,313,0.6,0.8,8.2158,2.368054
Reigate and Banstead 001,E02006375,E,5646,350,294,291,407,0.8,1.0,8.913799999999998,2.458794
Reigate and Banstead 002,E02006376,E,8240,511,429,425,595,0.8,1.0,13.022,2.9928600000000003
Reigate and Banstead 003,E02006377,E,5249,325,274,271,379,0.8,1.0,8.296700000000001,2.378571
Reigate and Banstead 004,E02006378,E,7980,495,416,412,576,0.6,0.8,13.443999999999999,3.04772
Reigate and Banstead 005,E02006379,E,5273,327,275,272,380,0.2,0.4,11.1815,2.753595
Reigate and Banstead 006,E02006380,E,6442,399,336,333,465,0.8,1.0,10.1826,2.6237380000000003
Reigate and Banstead 007,E02006381,E,6232,386,325,322,450,0.8,1.0,9.8516,2.580708
Reigate and Banstead 008,E02006382,E,5905,366,308,305,426,0.4,0.6,10.6775,2.6880750000000004
Reigate and Banstead 009,E02006383,E,8530,529,445,440,616,0.8,1.0,13.483,3.05279
Reigate and Banstead 010,E02006384,E,9093,563,474,469,656,0.6,0.8,15.3109,3.290417
Reigate and Banstead 011,E02006385,E,9024,559,470,466,651,0.8,1.0,14.2562,3.153306
Reigate and Banstead 012,E02006386,E,7107,441,370,367,513,0.8,1.0,11.232099999999999,2.760173
Reigate and Banstead 013,E02006387,E,5814,360,303,300,419,0.6,0.8,9.7852,2.572076
Reigate and Banstead 014,E02006388,E,8010,496,418,414,578,0.6,0.8,13.495000000000001,3.0543500000000003
Reigate and Banstead 015,E02006389,E,6150,381,321,318,444,0.4,0.6,11.127,2.7465100000000002
Reigate and Banstead 016,E02006390,E,7103,440,370,367,513,0.6,0.8,11.9689,2.855957
Reigate and Banstead 017,E02006391,E,5357,332,279,277,386,0.8,1.0,8.4601,2.399813
Reigate and Banstead 018,E02006392,E,7504,465,391,387,541,0.4,0.6,13.5592,3.062696
Ribble Valley 001,E02005270,E,6044,567,463,479,624,0.6,0.8,14.0582,3.127566
Ribble Valley 002,E02005271,E,6158,577,472,488,636,0.8,1.0,13.3814,3.0395820000000002
Ribble Valley 003,E02005272,E,5900,553,452,468,609,0.4,0.6,14.8,3.224
Ribble Valley 004,E02005273,E,4697,440,360,372,485,0.8,1.0,10.2041,2.6265330000000002
Ribble Valley 005,E02005274,E,5411,507,415,429,559,0.8,1.0,11.7613,2.828969
Ribble Valley 006,E02005275,E,4403,413,337,349,454,0.6,0.8,10.2339,2.630407
Ribble Valley 007,E02005276,E,6746,632,517,535,696,0.8,1.0,14.6528,3.2048639999999997
Ribble Valley 008,E02005277,E,7299,684,559,579,753,0.8,1.0,15.8537,3.3609809999999998
Richmond upon Thames 001,E02000784,E,9193,548,452,419,542,0.8,1.0,12.8149,2.9659370000000003
Richmond upon Thames 002,E02000785,E,8656,516,425,394,510,0.8,1.0,12.0588,2.8676440000000003
Richmond upon Thames 003,E02000786,E,9747,581,479,444,575,0.8,1.0,13.5891,3.066583
Richmond upon Thames 004,E02000787,E,9612,573,472,438,567,0.6,0.8,14.3446,3.1647980000000002
Richmond upon Thames 005,E02000788,E,7758,462,381,353,458,0.8,1.0,10.816400000000002,2.706132
Richmond upon Thames 006,E02000789,E,5529,329,272,252,326,0.8,1.0,7.7067,2.3018710000000002
Richmond upon Thames 007,E02000790,E,5528,329,272,252,326,0.8,1.0,7.7064,2.301832
Richmond upon Thames 008,E02000791,E,5479,326,269,250,323,0.8,1.0,7.6367,2.292771
Richmond upon Thames 009,E02000792,E,6240,372,306,284,367,0.8,1.0,8.684999999999999,2.42905
Richmond upon Thames 010,E02000793,E,7249,432,356,330,427,0.6,0.8,10.8097,2.705261
Richmond upon Thames 011,E02000794,E,5900,351,290,269,347,0.8,1.0,8.214,2.36782
Richmond upon Thames 012,E02000795,E,6157,367,302,281,363,0.8,1.0,8.5831,2.4158030000000004
Richmond upon Thames 013,E02000796,E,9207,548,452,419,543,0.4,0.6,14.6961,3.210493
Richmond upon Thames 014,E02000797,E,6229,371,306,284,367,0.8,1.0,8.6797,2.428361
Richmond upon Thames 015,E02000798,E,9398,560,462,428,554,0.8,1.0,13.0974,3.002662
Richmond upon Thames 016,E02000799,E,5728,341,281,261,337,0.8,1.0,7.9744,2.336672
Richmond upon Thames 017,E02000800,E,4629,276,227,211,273,0.4,0.6,7.390700000000001,2.260791
Richmond upon Thames 018,E02000801,E,5899,351,290,269,347,0.8,1.0,8.2137,2.367781
Richmond upon Thames 019,E02000802,E,6022,359,296,274,355,0.8,1.0,8.3916,2.390908
Richmond upon Thames 020,E02000803,E,8380,499,412,382,494,0.4,0.6,13.379999999999999,3.0393999999999997
Richmond upon Thames 021,E02000804,E,6342,378,312,289,373,0.8,1.0,8.8306,2.447978
Richmond upon Thames 022,E02000805,E,9125,543,448,416,538,0.8,1.0,12.7175,2.953275
Richmond upon Thames 023,E02000806,E,8914,531,438,406,525,0.8,1.0,12.417200000000001,2.9142360000000003
Richmondshire 001,E02005782,E,5792,552,447,413,518,0.6,0.8,12.392600000000002,2.9110380000000005
Richmondshire 002,E02005783,E,6432,612,496,459,574,0.6,0.8,13.7466,3.0870580000000003
Richmondshire 003,E02005784,E,4762,453,367,340,425,0.8,1.0,9.4436,2.5276680000000002
Richmondshire 004,E02005785,E,11681,1112,901,833,1044,0.6,0.8,24.981299999999997,4.547569
Richmondshire 005,E02005786,E,4673,445,361,333,417,0.6,0.8,9.9879,2.598427
Richmondshire 006,E02005787,E,6383,608,492,455,570,0.6,0.8,13.6439,3.073707
Rochdale 001,E02001132,E,5819,354,296,263,310,0.2,0.4,10.7165,2.6931450000000003
Rochdale 002,E02001133,E,5557,338,283,251,297,0.4,0.6,8.545100000000001,2.410863
Rochdale 003,E02001134,E,5645,344,287,255,301,0.4,0.6,8.671500000000002,2.427295
Rochdale 004,E02001135,E,6846,417,348,310,366,0.0,0.2,14.494600000000002,3.184298
Rochdale 005,E02001136,E,8271,504,421,374,441,0.2,0.4,15.2415,3.281395
Rochdale 006,E02001137,E,5579,340,284,252,297,0.6,0.8,8.0167,2.342171
Rochdale 007,E02001138,E,8052,490,409,364,429,0.6,0.8,11.5706,2.8041780000000003
Rochdale 008,E02001139,E,8330,507,424,377,444,0.0,0.2,17.62,3.5906000000000002
Rochdale 009,E02001140,E,6808,415,346,308,364,0.0,0.2,14.413800000000002,3.1737940000000004
Rochdale 010,E02001141,E,11197,682,569,507,597,0.0,0.2,23.686200000000003,4.379206000000001
Rochdale 011,E02001142,E,5334,325,271,241,284,0.6,0.8,7.6632,2.2962160000000003
Rochdale 012,E02001143,E,9572,583,487,433,511,0.0,0.2,20.256200000000003,3.933306000000001
Rochdale 013,E02001144,E,5520,336,281,250,295,0.2,0.4,10.182,2.62366
Rochdale 014,E02001145,E,6397,390,325,290,341,0.4,0.6,9.831100000000001,2.578043
Rochdale 015,E02001146,E,8218,501,418,372,438,0.0,0.2,17.3858,3.560154
Rochdale 016,E02001147,E,8142,496,414,368,434,0.0,0.2,17.2192,3.5384960000000003
Rochdale 017,E02001148,E,9016,549,458,408,480,0.0,0.2,19.0606,3.7778780000000003
Rochdale 018,E02001149,E,8716,531,443,394,465,0.0,0.2,18.437600000000003,3.6968880000000004
Rochdale 019,E02001150,E,7641,465,389,346,408,0.0,0.2,16.1726,3.402438
Rochdale 020,E02001151,E,8473,516,431,383,452,0.4,0.6,13.0199,2.9925870000000003
Rochdale 021,E02001152,E,8190,499,416,371,437,0.0,0.2,17.33,3.5529
Rochdale 022,E02001153,E,8999,548,458,407,480,0.0,0.2,19.038400000000003,3.774992
Rochdale 023,E02001154,E,9203,560,468,416,491,0.2,0.4,16.9575,3.5044750000000002
Rochdale 024,E02001155,E,6268,382,319,284,334,0.0,0.2,13.261800000000001,3.0240340000000003
Rochdale 025,E02001156,E,8743,533,445,396,467,0.4,0.6,13.448900000000002,3.048357
Rochford 001,E02004563,E,5412,427,389,416,492,0.6,0.8,11.5256,2.798328
Rochford 002,E02004564,E,6607,521,475,508,601,0.8,1.0,13.1251,3.006263
Rochford 003,E02004565,E,12337,973,886,948,1123,0.8,1.0,24.5121,4.486573
Rochford 004,E02004566,E,4746,374,341,365,432,0.2,0.4,12.597999999999999,2.93774
Rochford 005,E02004567,E,6759,533,485,520,616,0.8,1.0,13.4397,3.047161
Rochford 006,E02004568,E,7084,559,509,545,644,0.8,1.0,14.0702,3.1291260000000003
Rochford 007,E02004569,E,6053,477,435,465,551,0.4,0.6,13.9119,3.1085469999999997
Rochford 008,E02004570,E,7200,568,517,553,655,0.8,1.0,14.3,3.1590000000000003
Rochford 009,E02004571,E,6551,517,470,504,596,0.8,1.0,13.0153,2.9919890000000002
Rochford 010,E02004572,E,6315,498,453,485,575,0.6,0.8,13.4525,3.048825
Rossendale 001,E02005278,E,6732,469,401,377,417,0.6,0.8,11.0336,2.734368
Rossendale 002,E02005279,E,8962,625,534,502,555,0.2,0.4,18.666,3.7265800000000002
Rossendale 003,E02005280,E,8825,615,526,495,546,0.0,0.2,21.017,4.03221
Rossendale 004,E02005281,E,7207,502,429,404,445,0.2,0.4,14.9935,3.249155
Rossendale 007,E02005284,E,5068,353,302,284,313,0.6,0.8,8.2974,2.3786620000000003
Rossendale 008,E02005285,E,5470,381,326,307,339,0.6,0.8,8.971,2.4662300000000004
Rossendale 009,E02005286,E,6548,457,390,367,404,0.2,0.4,13.622,3.07086
Rossendale 010,E02006884,E,10549,735,629,591,652,0.0,0.2,25.1104,4.5643519999999995
Rother 001,E02004392,E,6808,826,778,854,1100,0.6,0.8,23.1764,4.312932
Rother 002,E02004393,E,4494,546,514,564,727,0.2,0.4,18.613,3.71969
Rother 003,E02004394,E,5741,697,656,720,928,0.4,0.6,21.1963,4.055519
Rother 004,E02004395,E,5564,675,636,698,900,0.2,0.4,23.037000000000003,4.294810000000001
Rother 005,E02004396,E,6356,771,726,797,1027,0.4,0.6,23.4588,4.3496440000000005
Rother 006,E02004397,E,5865,712,670,736,948,0.4,0.6,21.6555,4.115215
Rother 007,E02004398,E,6410,778,732,804,1035,0.0,0.2,29.444000000000003,5.127720000000001
Rother 008,E02004399,E,5691,690,650,714,920,0.4,0.6,21.0113,4.0314689999999995
Rother 009,E02004400,E,7504,911,858,941,1213,0.6,0.8,25.5532,4.621916000000001
Rother 010,E02004401,E,5627,683,643,706,910,0.6,0.8,19.1661,3.7915929999999998
Rother 011,E02004402,E,6389,775,730,801,1033,0.2,0.4,26.442500000000003,4.737525000000001
Rotherham 001,E02001578,E,7935,574,477,463,586,0.2,0.4,17.8705,3.623165
Rotherham 002,E02001579,E,7720,559,464,451,571,0.2,0.4,17.402,3.56226
Rotherham 003,E02001580,E,6928,501,417,404,513,0.2,0.4,15.619,3.33047
Rotherham 004,E02001581,E,4908,355,295,287,363,0.0,0.2,12.559800000000001,2.932774
Rotherham 005,E02001582,E,6051,438,364,353,447,0.2,0.4,13.630500000000001,3.0719650000000005
Rotherham 006,E02001583,E,4749,344,286,277,352,0.2,0.4,10.7135,2.692755
Rotherham 007,E02001584,E,5960,431,358,348,440,0.6,0.8,10.662,2.6860600000000003
Rotherham 008,E02001585,E,5251,380,316,307,388,0.0,0.2,13.4356,3.046628
Rotherham 009,E02001586,E,6817,493,410,398,504,0.0,0.2,17.4392,3.5670960000000003
Rotherham 010,E02001587,E,4885,353,294,285,361,0.0,0.2,12.493000000000002,2.9240900000000005
Rotherham 011,E02001588,E,5997,434,361,350,444,0.0,0.2,15.351199999999999,3.295656
Rotherham 012,E02001589,E,6853,496,412,400,507,0.6,0.8,12.2729,2.895477
Rotherham 013,E02001590,E,6284,455,378,367,464,0.0,0.2,16.072400000000002,3.389412
Rotherham 014,E02001591,E,6959,504,419,406,515,0.0,0.2,17.812400000000004,3.6156120000000005
Rotherham 015,E02001592,E,7463,540,449,436,552,0.2,0.4,16.823500000000003,3.4870550000000007
Rotherham 016,E02001593,E,5950,431,358,347,440,0.0,0.2,15.224,3.27912
Rotherham 017,E02001594,E,5769,417,347,337,427,0.0,0.2,14.764399999999998,3.219372
Rotherham 018,E02001595,E,7351,532,442,429,543,0.4,0.6,14.1273,3.136549
Rotherham 019,E02001596,E,7254,525,436,424,537,0.4,0.6,13.958200000000001,3.1145660000000004
Rotherham 020,E02001597,E,7991,578,481,466,591,0.0,0.2,20.443600000000004,3.957668000000001
Rotherham 021,E02001598,E,8076,584,486,471,597,0.2,0.4,18.195,3.66535
Rotherham 022,E02001599,E,5250,380,316,306,388,0.6,0.8,9.397,2.52161
Rotherham 023,E02001600,E,9036,654,544,528,668,0.4,0.6,17.3788,3.5592439999999996
Rotherham 024,E02001601,E,4227,306,254,247,313,0.4,0.6,8.1341,2.3574330000000003
Rotherham 025,E02001602,E,7514,544,452,439,556,0.4,0.6,14.456199999999999,3.179306
Rotherham 026,E02001603,E,5520,399,332,322,408,0.0,0.2,14.117,3.1352100000000003
Rotherham 027,E02001604,E,7192,520,433,420,532,0.4,0.6,13.8336,3.0983680000000002
Rotherham 028,E02001605,E,6065,439,365,354,449,0.2,0.4,13.6755,3.077815
Rotherham 029,E02001606,E,6717,486,404,392,496,0.2,0.4,15.1285,3.266705
Rotherham 030,E02001607,E,7391,535,445,431,547,0.2,0.4,16.6615,3.4659950000000004
Rotherham 031,E02001608,E,5763,417,347,336,427,0.4,0.6,11.0909,2.741817
Rotherham 032,E02001609,E,7018,508,422,410,519,0.4,0.6,13.497399999999999,3.054662
Rotherham 033,E02001610,E,6912,500,416,404,511,0.6,0.8,12.378599999999999,2.909218
Rugby 001,E02006492,E,10151,606,538,537,782,0.6,0.8,17.6963,3.6005190000000002
Rugby 002,E02006493,E,8269,494,439,438,638,0.6,0.8,14.4327,3.176251
Rugby 003,E02006494,E,6174,369,327,327,476,0.2,0.4,13.503,3.05539
Rugby 004,E02006495,E,7024,419,373,372,541,0.6,0.8,12.2482,2.8922660000000002
Rugby 005,E02006496,E,6341,379,336,336,489,0.4,0.6,11.888300000000001,2.845479
Rugby 006,E02006497,E,7095,424,376,376,547,0.4,0.6,13.3005,3.029065
Rugby 007,E02006498,E,10351,618,549,548,798,0.6,0.8,18.0553,3.647189
Rugby 008,E02006499,E,5406,323,287,286,416,0.8,1.0,8.8478,2.450214
Rugby 009,E02006500,E,5361,320,284,284,414,0.6,0.8,9.3583,2.516579
Rugby 010,E02006501,E,8251,493,437,437,636,0.6,0.8,14.3903,3.170739
Rugby 011,E02006502,E,9875,590,524,523,761,0.6,0.8,17.2245,3.539185
Rugby 012,E02006503,E,7184,429,381,380,554,0.8,1.0,11.7692,2.829996
Runnymede 001,E02006393,E,5924,332,267,269,392,0.6,0.8,9.1662,2.491606
Runnymede 002,E02006394,E,9844,552,444,446,652,0.6,0.8,15.235199999999999,3.280576
Runnymede 003,E02006395,E,8462,475,382,384,561,0.6,0.8,13.1076,3.003988
Runnymede 004,E02006396,E,5351,300,241,243,355,0.6,0.8,8.2893,2.377609
Runnymede 005,E02006397,E,5511,309,249,250,365,0.8,1.0,8.0343,2.344459
Runnymede 006,E02006398,E,7027,394,317,319,465,0.6,0.8,10.874099999999999,2.7136329999999997
Runnymede 007,E02006399,E,9884,555,446,448,654,0.6,0.8,15.293199999999999,3.288116
Runnymede 008,E02006400,E,5264,295,237,239,349,0.6,0.8,8.1512,2.359656
Runnymede 009,E02006401,E,8544,479,385,387,566,0.6,0.8,13.2222,3.018886
Runnymede 010,E02006402,E,8897,499,401,403,589,0.8,1.0,12.9631,2.9852030000000003
Rushcliffe 001,E02005906,E,6242,440,400,401,531,0.8,1.0,11.398599999999998,2.781818
Rushcliffe 002,E02005907,E,8102,571,519,521,689,0.8,1.0,14.794599999999999,3.2232979999999998
Rushcliffe 003,E02005908,E,7878,556,505,507,670,0.8,1.0,14.3904,3.1707520000000002
Rushcliffe 004,E02005909,E,7268,513,466,467,618,0.8,1.0,13.2714,3.025282
Rushcliffe 005,E02005910,E,7979,563,511,513,679,0.8,1.0,14.5757,3.1948410000000003
Rushcliffe 006,E02005911,E,7608,537,487,489,647,0.8,1.0,13.892400000000002,3.1060120000000007
Rushcliffe 007,E02005912,E,7850,554,503,505,668,0.8,1.0,14.341999999999999,3.16446
Rushcliffe 008,E02005913,E,6057,427,388,390,515,0.8,1.0,11.062100000000001,2.738073
Rushcliffe 009,E02005914,E,6391,451,410,411,543,0.6,0.8,12.487300000000001,2.923349
Rushcliffe 010,E02005915,E,5063,357,324,326,430,0.8,1.0,9.2409,2.5013170000000002
Rushcliffe 011,E02005916,E,6404,452,410,412,545,0.8,1.0,11.700199999999999,2.821026
Rushcliffe 012,E02005917,E,5094,359,326,328,434,0.8,1.0,9.3122,2.510586
Rushcliffe 013,E02005918,E,4521,319,290,291,384,0.8,1.0,8.2533,2.372929
Rushcliffe 014,E02005919,E,5660,399,363,364,481,0.8,1.0,10.333,2.6432900000000004
Rushcliffe 015,E02005920,E,6491,458,416,417,552,0.8,1.0,11.8523,2.840799
Rushmoor 001,E02004802,E,5681,320,259,244,322,0.4,0.6,8.708300000000001,2.4320790000000003
Rushmoor 002,E02004803,E,6257,353,286,268,354,0.2,0.4,11.4555,2.7892150000000004
Rushmoor 003,E02004804,E,5978,337,273,256,339,0.8,1.0,8.0224,2.342912
Rushmoor 004,E02004805,E,6844,386,312,294,388,0.8,1.0,9.1872,2.494336
Rushmoor 005,E02004806,E,6775,382,309,290,384,0.8,1.0,9.0885,2.4815050000000003
Rushmoor 006,E02004807,E,7503,423,342,322,425,0.6,0.8,10.7499,2.697487
Rushmoor 007,E02004808,E,8603,485,393,369,487,0.6,0.8,12.3249,2.902237
Rushmoor 008,E02004809,E,7307,412,333,313,413,0.2,0.4,13.368500000000001,3.0379050000000003
Rushmoor 009,E02004810,E,6248,352,285,268,353,0.6,0.8,8.9414,2.462382
Rushmoor 010,E02004811,E,6173,348,282,265,349,0.4,0.6,9.4539,2.529007
Rushmoor 011,E02004812,E,5366,303,245,230,304,0.8,1.0,7.1998,2.235974
Rushmoor 012,E02004813,E,5009,282,228,215,283,0.2,0.4,9.163499999999999,2.4912549999999998
Rutland 001,E02002863,E,6464,576,521,555,720,0.6,0.8,15.8702,3.3631260000000003
Rutland 002,E02002864,E,4843,431,390,415,540,0.8,1.0,11.1099,2.744287
Rutland 003,E02002865,E,6540,582,527,561,728,0.8,1.0,14.993,3.2490900000000003
Rutland 004,E02002866,E,6111,544,493,524,681,0.8,1.0,14.0183,3.122379
Rutland 005,E02002867,E,6968,621,562,598,777,0.8,1.0,15.9934,3.379142
Ryedale 001,E02005788,E,5103,544,472,460,590,0.4,0.6,14.3469,3.1650970000000003
Ryedale 002,E02005789,E,8041,858,743,725,931,0.6,0.8,20.9663,4.025619
Ryedale 003,E02005790,E,5506,587,509,496,638,0.4,0.6,15.4938,3.3141940000000005
Ryedale 004,E02005791,E,5334,569,493,481,617,0.4,0.6,15.0002,3.250026
Ryedale 007,E02005794,E,7494,799,693,676,868,0.6,0.8,19.5462,3.841006
Ryedale 008,E02006870,E,9787,1044,905,883,1134,0.4,0.6,27.5501,4.881513
Salford 001,E02001157,E,7235,357,278,260,320,0.0,0.2,13.176,3.01288
Salford 002,E02001158,E,5924,292,228,213,262,0.0,0.2,10.7894,2.702622
Salford 003,E02001159,E,5703,281,219,205,253,0.0,0.2,10.3928,2.651064
Salford 004,E02001160,E,6197,305,238,223,275,0.0,0.2,11.294200000000002,2.7682460000000004
Salford 005,E02001161,E,5837,288,225,210,258,0.2,0.4,9.2485,2.502305
Salford 006,E02001162,E,5798,286,223,208,257,0.2,0.4,9.189,2.4945700000000004
Salford 007,E02001163,E,9294,458,358,334,412,0.2,0.4,14.735,3.2155500000000004
Salford 008,E02001164,E,7101,350,273,255,314,0.0,0.2,12.928600000000001,2.9807180000000004
Salford 009,E02001165,E,6138,302,236,221,272,0.2,0.4,9.73,2.5649
Salford 010,E02001166,E,6984,344,269,251,310,0.2,0.4,11.077,2.74001
Salford 011,E02001167,E,6344,313,244,228,281,0.0,0.2,11.5594,2.802722
Salford 012,E02001168,E,9389,463,361,337,416,0.0,0.2,17.104400000000002,3.5235720000000006
Salford 013,E02001169,E,10527,519,405,378,466,0.8,1.0,12.0221,2.862873
Salford 014,E02001170,E,9676,477,372,348,428,0.8,1.0,11.0488,2.736344
Salford 015,E02001171,E,5587,275,215,201,247,0.6,0.8,6.8081,2.185053
Salford 016,E02001172,E,11925,588,459,429,528,0.0,0.2,21.729,4.12477
Salford 017,E02001173,E,8347,411,321,300,370,0.0,0.2,15.208200000000001,3.2770660000000005
Salford 018,E02001174,E,5631,277,217,202,249,0.4,0.6,7.311300000000001,2.2504690000000003
Salford 019,E02001175,E,6926,341,267,249,307,0.0,0.2,12.622600000000002,2.940938
Salford 020,E02001176,E,10910,538,420,392,483,0.2,0.4,17.289,3.5475700000000003
Salford 021,E02001177,E,11636,574,448,418,516,0.0,0.2,21.209600000000002,4.057248
Salford 022,E02001178,E,10639,524,409,382,472,0.0,0.2,19.386400000000002,3.8202320000000007
Salford 023,E02001179,E,5788,285,223,208,256,0.0,0.2,10.5408,2.6703040000000002
Salford 024,E02001180,E,5868,289,226,211,260,0.0,0.2,10.692800000000002,2.6900640000000005
Salford 025,E02001181,E,5680,280,219,204,252,0.0,0.2,10.355,2.6461500000000004
Salford 026,E02001182,E,5994,295,231,215,266,0.0,0.2,10.9234,2.7200420000000003
Salford 027,E02001183,E,6034,297,232,217,268,0.0,0.2,11.0004,2.730052
Salford 028,E02001184,E,10386,512,400,373,460,0.0,0.2,18.922600000000003,3.759938000000001
Salford 029,E02001185,E,10087,497,388,363,447,0.2,0.4,15.991499999999998,3.378895
Salford 030,E02001186,E,9946,490,383,357,441,0.2,0.4,15.766,3.3495800000000004
Sandwell 001,E02002043,E,7928,410,334,293,408,0.0,0.2,15.4238,3.3050940000000004
Sandwell 002,E02002044,E,7010,362,295,259,361,0.2,0.4,11.916,2.84908
Sandwell 003,E02002045,E,7252,375,305,268,373,0.2,0.4,12.323,2.90199
Sandwell 004,E02002046,E,5261,272,221,195,271,0.0,0.2,10.238600000000002,2.631018
Sandwell 005,E02002047,E,6045,312,254,224,311,0.0,0.2,11.757000000000001,2.8284100000000003
Sandwell 006,E02002048,E,6003,310,253,222,309,0.4,0.6,8.4729,2.401477
Sandwell 007,E02002049,E,5546,287,233,205,286,0.2,0.4,9.433000000000002,2.5262900000000004
Sandwell 009,E02002051,E,5157,267,217,191,265,0.0,0.2,10.0312,2.604056
Sandwell 010,E02002052,E,9957,515,419,368,513,0.0,0.2,19.3762,3.818906
Sandwell 011,E02002053,E,5586,289,235,207,288,0.2,0.4,9.505,2.5356500000000004
Sandwell 012,E02002054,E,5220,270,220,193,269,0.2,0.4,8.879,2.45427
Sandwell 013,E02002055,E,8467,437,356,313,436,0.0,0.2,16.4682,3.4408659999999998
Sandwell 014,E02002056,E,8064,417,339,298,415,0.0,0.2,15.6844,3.338972
Sandwell 015,E02002057,E,8410,435,354,311,433,0.0,0.2,16.363999999999997,3.42732
Sandwell 016,E02002058,E,10917,564,460,404,562,0.0,0.2,21.2422,4.061486
Sandwell 017,E02002059,E,9850,509,414,364,507,0.0,0.2,19.157,3.7904100000000005
Sandwell 018,E02002060,E,5866,303,247,217,302,0.0,0.2,11.412600000000001,2.7836380000000003
Sandwell 019,E02002061,E,5426,280,228,201,279,0.0,0.2,10.5506,2.6715780000000002
Sandwell 020,E02002062,E,6701,346,282,248,344,0.0,0.2,13.024600000000001,2.9931980000000005
Sandwell 021,E02002063,E,8575,443,361,317,442,0.2,0.4,14.5835,3.195855
Sandwell 022,E02002064,E,11192,578,471,414,576,0.2,0.4,19.024,3.7731200000000005
Sandwell 023,E02002065,E,11356,587,478,420,584,0.0,0.2,22.0866,4.171258
Sandwell 024,E02002066,E,6742,348,284,249,348,0.0,0.2,13.1242,3.006146
Sandwell 025,E02002067,E,5150,266,217,191,265,0.2,0.4,8.758000000000001,2.43854
Sandwell 026,E02002068,E,11204,579,472,414,577,0.0,0.2,21.7994,4.133922
Sandwell 027,E02002069,E,6141,317,258,227,316,0.0,0.2,11.9406,2.852278
Sandwell 028,E02002070,E,8546,442,360,316,440,0.0,0.2,16.6296,3.461848
Sandwell 029,E02002071,E,6085,314,256,225,313,0.0,0.2,11.832,2.8381600000000002
Sandwell 030,E02002072,E,7804,403,328,289,402,0.2,0.4,13.270000000000001,3.0251
Sandwell 031,E02002073,E,7059,365,297,261,363,0.0,0.2,13.7284,3.0846920000000004
Sandwell 032,E02002074,E,7503,388,316,278,386,0.0,0.2,14.5998,3.1979740000000003
Sandwell 033,E02002075,E,7983,413,336,295,411,0.0,0.2,15.5318,3.319134
Sandwell 034,E02002076,E,9636,498,406,356,496,0.2,0.4,16.380000000000003,3.4294000000000002
Sandwell 035,E02002077,E,9519,492,401,352,490,0.2,0.4,16.1835,3.403855
Sandwell 036,E02002078,E,5802,300,244,215,298,0.4,0.6,8.1826,2.363738
Sandwell 037,E02002079,E,7465,386,314,276,384,0.2,0.4,12.6865,2.9492450000000003
Sandwell 038,E02002080,E,6231,322,262,230,321,0.0,0.2,12.1206,2.8756779999999997
Sandwell 039,E02006810,E,9380,485,395,347,483,0.2,0.4,15.95,3.3735
Scarborough 001,E02005795,E,5040,574,505,490,577,0.2,0.4,16.616,3.4600800000000005
Scarborough 002,E02005796,E,4928,562,494,479,564,0.2,0.4,16.247,3.41211
Scarborough 003,E02005797,E,4412,503,443,429,506,0.2,0.4,14.562000000000001,3.19306
Scarborough 004,E02005798,E,6097,695,612,593,698,0.4,0.6,17.6011,3.5881429999999996
Scarborough 005,E02005799,E,6431,733,645,626,736,0.6,0.8,17.2013,3.536169
Scarborough 006,E02005800,E,5764,657,578,561,659,0.0,0.2,21.4684,4.090892
Scarborough 007,E02005801,E,4023,459,404,391,461,0.0,0.2,14.9978,3.249714
Scarborough 008,E02005802,E,5978,681,600,581,684,0.2,0.4,19.707,3.86191
Scarborough 009,E02005803,E,6497,741,652,632,744,0.2,0.4,21.4315,4.086095
Scarborough 010,E02005804,E,5865,669,588,570,672,0.0,0.2,21.858,4.14154
Scarborough 011,E02005805,E,5065,578,508,493,580,0.4,0.6,14.625499999999999,3.201315
Scarborough 012,E02005806,E,5125,584,514,499,587,0.0,0.2,19.102,3.7832600000000003
Scarborough 013,E02005807,E,4437,506,445,432,508,0.6,0.8,11.8711,2.843243
Scarborough 014,E02005808,E,8149,929,818,793,933,0.2,0.4,26.8805,4.794465000000001
Sedgemoor 001,E02006061,E,7383,656,598,578,751,0.8,1.0,15.873899999999999,3.363607
Sedgemoor 002,E02006062,E,8833,785,715,692,898,0.6,0.8,20.4179,3.954327
Sedgemoor 003,E02006063,E,5807,516,470,455,591,0.6,0.8,13.4301,3.045913
Sedgemoor 004,E02006064,E,6477,576,524,507,659,0.4,0.6,16.1411,3.3983430000000006
Sedgemoor 005,E02006065,E,7022,624,568,550,714,0.2,0.4,20.073,3.90949
Sedgemoor 006,E02006066,E,6372,567,516,499,648,0.4,0.6,15.8796,3.3643479999999997
Sedgemoor 007,E02006067,E,5799,516,469,454,590,0.4,0.6,14.4517,3.1787210000000004
Sedgemoor 008,E02006068,E,6289,559,509,492,640,0.0,0.2,20.2374,3.9308620000000003
Sedgemoor 009,E02006069,E,8083,719,654,633,823,0.2,0.4,23.121499999999997,4.305795
Sedgemoor 010,E02006070,E,5619,500,455,440,572,0.4,0.6,14.009699999999999,3.1212609999999996
Sedgemoor 011,E02006071,E,7029,625,569,551,716,0.6,0.8,16.265700000000002,3.4145410000000007
Sedgemoor 012,E02006072,E,7589,675,614,594,772,0.4,0.6,18.9107,3.7583909999999996
Sedgemoor 013,E02006073,E,5833,518,472,457,594,0.0,0.2,18.7768,3.740984
Sedgemoor 014,E02006074,E,6934,616,561,543,706,0.4,0.6,17.2862,3.547206
Sefton 001,E02001429,E,5146,476,401,375,516,0.4,0.6,12.5418,2.930434
Sefton 002,E02001430,E,5446,503,424,397,546,0.6,0.8,12.326799999999999,2.902484
Sefton 003,E02001431,E,5557,513,433,405,558,0.2,0.4,15.580499999999999,3.3254650000000003
Sefton 004,E02001432,E,6402,592,499,466,643,0.0,0.2,20.2742,3.935646
Sefton 005,E02001433,E,5823,538,454,424,585,0.2,0.4,16.3295,3.422835
Sefton 006,E02001434,E,5495,508,428,400,552,0.4,0.6,13.400500000000001,3.042065
Sefton 007,E02001435,E,6142,568,479,447,617,0.2,0.4,17.224,3.5391200000000005
Sefton 008,E02001436,E,6636,613,517,483,666,0.4,0.6,16.1748,3.402724
Sefton 009,E02001437,E,7308,675,569,532,734,0.6,0.8,16.5524,3.4518120000000003
Sefton 010,E02001438,E,5718,528,445,416,574,0.6,0.8,12.9454,2.982902
Sefton 011,E02001439,E,4796,443,374,349,481,0.2,0.4,13.438,3.04694
Sefton 012,E02001440,E,4431,409,345,323,445,0.8,1.0,9.3473,2.515149
Sefton 013,E02001441,E,5004,462,390,365,502,0.8,1.0,10.5522,2.671786
Sefton 014,E02001442,E,4487,415,350,327,451,0.6,0.8,10.1721,2.622373
Sefton 015,E02001443,E,4319,399,336,315,433,0.8,1.0,9.1037,2.4834810000000003
Sefton 016,E02001444,E,4368,404,340,318,439,0.6,0.8,9.897400000000001,2.5866620000000005
Sefton 017,E02001445,E,5352,495,417,390,538,0.6,0.8,12.131599999999999,2.8771079999999998
Sefton 018,E02001446,E,5211,482,406,380,524,0.6,0.8,11.8153,2.835989
Sefton 019,E02001447,E,4545,420,354,331,457,0.4,0.6,11.089500000000001,2.7416350000000005
Sefton 020,E02001448,E,5283,488,412,385,530,0.6,0.8,11.963899999999999,2.855307
Sefton 021,E02001449,E,7044,651,549,513,707,0.2,0.4,19.746000000000002,3.8669800000000008
Sefton 022,E02001450,E,6242,577,486,455,627,0.8,1.0,13.1706,3.0121780000000005
Sefton 023,E02001451,E,4730,437,369,345,475,0.0,0.2,14.983,3.24779
Sefton 024,E02001452,E,5048,467,393,368,506,0.0,0.2,15.9768,3.376984
Sefton 025,E02001453,E,6613,611,515,482,664,0.6,0.8,14.9799,3.2473870000000002
Sefton 026,E02001454,E,5619,519,438,409,564,0.4,0.6,13.697700000000001,3.0807010000000004
Sefton 027,E02001455,E,5487,507,427,400,551,0.4,0.6,13.3801,3.039413
Sefton 028,E02001456,E,5734,530,447,418,575,0.4,0.6,13.9762,3.116906
Sefton 029,E02001457,E,5162,477,402,376,518,0.0,0.2,16.3402,3.424226
Sefton 030,E02001458,E,5847,540,455,426,587,0.2,0.4,16.3895,3.4306350000000005
Sefton 031,E02001459,E,5540,512,432,404,556,0.0,0.2,17.544,3.5807200000000003
Sefton 032,E02001460,E,5738,530,447,418,576,0.0,0.2,18.1658,3.6615540000000006
Sefton 033,E02001461,E,4825,446,376,351,484,0.2,0.4,13.5195,3.057535
Sefton 034,E02001462,E,5738,530,447,418,576,0.0,0.2,18.1658,3.6615540000000006
Sefton 035,E02001463,E,5224,483,407,380,524,0.0,0.2,16.532400000000003,3.449212
Sefton 036,E02001464,E,5235,484,408,381,526,0.0,0.2,16.580000000000002,3.4554
Sefton 037,E02001465,E,4874,451,380,355,490,0.0,0.2,15.444400000000002,3.307772
Sefton 038,E02001466,E,6548,605,510,477,657,0.0,0.2,20.7268,3.994484
Selby 001,E02005809,E,6466,508,432,417,482,0.6,0.8,12.070799999999998,2.869204
Selby 002,E02005810,E,7875,619,526,507,587,0.8,1.0,13.6445,3.073785
Selby 003,E02005811,E,8112,637,542,523,604,0.8,1.0,14.0506,3.1265780000000003
Selby 004,E02005812,E,8038,631,537,518,599,0.8,1.0,13.926400000000001,3.1104320000000003
Selby 005,E02005813,E,9694,762,648,624,723,0.2,0.4,22.769000000000002,4.25997
Selby 006,E02005814,E,5716,449,382,368,426,0.6,0.8,10.6668,2.686684
Selby 007,E02005815,E,7316,575,489,471,545,0.8,1.0,12.672799999999999,2.947464
Selby 008,E02005816,E,7494,589,501,483,559,0.6,0.8,13.9942,3.119246
Selby 009,E02005817,E,6345,498,424,409,473,0.8,1.0,10.9955,2.7294150000000004
Selby 010,E02005818,E,7262,570,485,468,541,0.6,0.8,13.5496,3.0614480000000004
Sevenoaks 001,E02005087,E,5840,416,370,387,510,0.6,0.8,11.609,2.80917
Sevenoaks 002,E02005088,E,7540,537,478,499,657,0.2,0.4,18.67,3.7271
Sevenoaks 003,E02005089,E,5243,373,332,347,458,0.6,0.8,10.4199,2.6545870000000003
Sevenoaks 004,E02005090,E,4891,348,310,324,426,0.8,1.0,9.0893,2.4816089999999997
Sevenoaks 005,E02005091,E,5553,395,352,367,484,0.6,0.8,11.0229,2.732977
Sevenoaks 007,E02005093,E,5078,362,322,336,444,0.6,0.8,10.0994,2.612922
Sevenoaks 008,E02005094,E,7085,505,449,469,619,0.6,0.8,14.0855,3.1311150000000003
Sevenoaks 009,E02005095,E,6218,443,394,411,543,0.8,1.0,11.5674,2.803762
Sevenoaks 010,E02005096,E,7966,567,505,527,695,0.6,0.8,15.8238,3.357094
Sevenoaks 011,E02005097,E,7874,560,499,521,687,0.8,1.0,14.642199999999999,3.203486
Sevenoaks 012,E02005098,E,8205,584,520,543,716,0.8,1.0,15.2605,3.2838650000000005
Sevenoaks 013,E02005099,E,6520,464,413,431,569,0.6,0.8,12.95,2.9835000000000003
Sevenoaks 014,E02005100,E,7464,531,473,494,651,0.4,0.6,15.9692,3.3759959999999998
Sevenoaks 015,E02005101,E,5631,401,357,373,492,0.6,0.8,11.1963,2.7555190000000005
Sevenoaks 016,E02006832,E,5165,368,327,342,450,0.6,0.8,10.253499999999999,2.632955
Sheffield 001,E02001611,E,6916,371,308,297,402,0.2,0.4,12.706,2.9517800000000003
Sheffield 002,E02001612,E,5333,286,238,229,310,0.6,0.8,7.6789000000000005,2.298257
Sheffield 003,E02001613,E,9506,510,424,408,554,0.2,0.4,17.483,3.5727900000000004
Sheffield 004,E02001614,E,10218,548,455,438,596,0.4,0.6,15.761400000000002,3.3489820000000003
Sheffield 005,E02001615,E,6844,367,305,293,398,0.6,0.8,9.850200000000001,2.5805260000000003
Sheffield 006,E02001616,E,6455,346,288,277,376,0.2,0.4,11.868500000000001,2.842905
Sheffield 007,E02001617,E,5113,274,228,219,298,0.0,0.2,10.6868,2.689284
Sheffield 008,E02001618,E,8807,472,392,378,513,0.6,0.8,12.687100000000001,2.949323
Sheffield 009,E02001619,E,8577,460,382,368,500,0.0,0.2,17.9322,3.6311860000000005
Sheffield 010,E02001620,E,5979,320,266,256,349,0.0,0.2,12.497399999999999,2.9246619999999997
Sheffield 011,E02001621,E,4982,267,222,214,290,0.0,0.2,10.4122,2.6535860000000002
Sheffield 012,E02001622,E,8088,433,360,347,471,0.0,0.2,16.8988,3.4968440000000003
Sheffield 013,E02001623,E,7534,404,336,323,439,0.0,0.2,15.749400000000001,3.347422
Sheffield 014,E02001624,E,8813,472,393,378,513,0.2,0.4,16.1965,3.405545
Sheffield 015,E02001625,E,7127,382,318,306,415,0.0,0.2,14.898200000000001,3.2367660000000003
Sheffield 016,E02001626,E,5379,288,240,231,313,0.6,0.8,7.7477,2.307201
Sheffield 017,E02001627,E,5526,296,246,237,322,0.2,0.4,10.158,2.62054
Sheffield 018,E02001628,E,5762,309,257,247,335,0.0,0.2,12.036200000000001,2.864706
Sheffield 019,E02001629,E,5907,317,263,253,345,0.0,0.2,12.3552,2.9061760000000003
Sheffield 020,E02001630,E,7901,424,352,339,460,0.0,0.2,16.5136,3.4467680000000005
Sheffield 021,E02001631,E,7080,379,315,304,412,0.4,0.6,10.91,2.7183
Sheffield 022,E02001632,E,11196,600,499,480,652,0.0,0.2,23.3966,4.341558
Sheffield 023,E02001633,E,6759,362,301,290,394,0.8,1.0,9.137699999999999,2.487901
Sheffield 024,E02001634,E,8388,450,374,360,488,0.6,0.8,12.0804,2.8704520000000002
Sheffield 025,E02001635,E,5490,294,245,235,320,0.2,0.4,10.092,2.61196
Sheffield 026,E02001636,E,8737,468,389,375,509,0.0,0.2,18.2602,3.673826
Sheffield 027,E02001637,E,6305,338,281,270,367,0.0,0.2,13.172,3.01236
Sheffield 028,E02001638,E,5791,310,258,248,337,0.8,1.0,7.8203,2.3166390000000003
Sheffield 029,E02001639,E,5606,300,250,240,327,0.8,1.0,7.578799999999999,2.285244
Sheffield 030,E02001640,E,7556,405,337,324,441,0.6,0.8,10.895800000000001,2.716454
Sheffield 032,E02001642,E,8798,471,392,377,512,0.2,0.4,16.163000000000004,3.4011900000000006
Sheffield 033,E02001643,E,5730,307,255,246,333,0.8,1.0,7.736000000000001,2.30568
Sheffield 036,E02001646,E,7759,416,346,333,452,0.8,1.0,10.4887,2.663531
Sheffield 037,E02001647,E,5562,298,248,239,324,0.2,0.4,10.228,2.62964
Sheffield 038,E02001648,E,8040,431,358,345,468,0.8,1.0,10.863,2.71219
Sheffield 039,E02001649,E,8582,460,382,368,500,0.0,0.2,17.935200000000002,3.631576
Sheffield 040,E02001650,E,8289,444,369,355,482,0.2,0.4,15.221499999999999,3.2787949999999997
Sheffield 041,E02001651,E,7423,398,331,318,433,0.8,1.0,10.0379,2.604927
Sheffield 042,E02001652,E,11223,602,500,481,654,0.2,0.4,20.6325,3.9822250000000006
Sheffield 043,E02001653,E,6508,349,290,279,379,0.0,0.2,13.600800000000001,3.0681040000000004
Sheffield 044,E02001654,E,5828,312,260,250,339,0.2,0.4,10.708000000000002,2.6920400000000004
Sheffield 045,E02001655,E,6969,373,310,299,406,0.0,0.2,14.561399999999999,3.1929819999999998
Sheffield 046,E02001656,E,7100,381,316,304,414,0.8,1.0,9.597999999999999,2.54774
Sheffield 047,E02001657,E,8180,438,364,351,476,0.8,1.0,11.049,2.73637
Sheffield 048,E02001658,E,4899,262,218,210,286,0.0,0.2,10.2414,2.6313820000000003
Sheffield 049,E02001659,E,5576,299,248,239,325,0.0,0.2,11.6536,2.8149680000000004
Sheffield 050,E02001660,E,8949,480,399,384,521,0.4,0.6,13.796700000000001,3.0935710000000003
Sheffield 051,E02001661,E,7145,383,318,306,416,0.0,0.2,14.926000000000002,3.24038
Sheffield 052,E02001662,E,6959,373,310,298,406,0.2,0.4,12.7965,2.963545
Sheffield 053,E02001663,E,7004,375,312,300,408,0.4,0.6,10.795200000000001,2.7033760000000004
Sheffield 054,E02001664,E,5606,300,250,240,327,0.4,0.6,8.6458,2.423954
Sheffield 055,E02001665,E,8626,462,384,370,502,0.8,1.0,11.651799999999998,2.8147339999999996
Sheffield 056,E02001666,E,5640,302,251,242,329,0.2,0.4,10.372,2.6483600000000003
Sheffield 059,E02001669,E,7014,376,313,301,408,0.6,0.8,10.101199999999999,2.613156
Sheffield 060,E02001670,E,5419,290,241,232,316,0.0,0.2,11.3224,2.7719120000000004
Sheffield 061,E02001671,E,5429,291,242,233,316,0.4,0.6,8.3687,2.387931
Sheffield 062,E02001672,E,5612,301,250,241,327,0.4,0.6,8.6556,2.4252279999999997
Sheffield 063,E02001673,E,5093,273,227,218,296,0.6,0.8,7.3279,2.252627
Sheffield 064,E02001674,E,7923,425,353,340,461,0.6,0.8,11.4099,2.783287
Sheffield 065,E02001675,E,8238,441,367,353,480,0.0,0.2,17.2138,3.537794
Sheffield 066,E02001676,E,5488,294,245,235,320,0.8,1.0,7.4193999999999996,2.264522
Sheffield 068,E02001678,E,9119,489,406,391,531,0.8,1.0,12.3217,2.901821
Sheffield 069,E02001679,E,5712,306,254,245,333,0.0,0.2,11.9382,2.851966
Sheffield 070,E02001680,E,5577,299,248,239,325,0.0,0.2,11.654200000000001,2.815046
Sheffield 071,E02001681,E,6790,364,302,291,396,0.6,0.8,9.784,2.5719200000000004
Sheffield 072,E02006803,E,8007,429,357,343,466,0.6,0.8,11.5291,2.7987830000000002
Sheffield 073,E02006843,E,8427,452,375,361,490,0.4,0.6,12.978100000000001,2.987153
Sheffield 074,E02006844,E,7950,426,354,341,463,0.2,0.4,14.612000000000002,3.1995600000000004
Sheffield 075,E02006868,E,11070,593,493,475,645,0.0,0.2,23.137,4.30781
Sheffield 076,E02006869,E,10188,546,454,437,594,0.2,0.4,18.735,3.73555
Shepway 001,E02005102,E,5046,466,421,436,501,0.6,0.8,11.820800000000002,2.836704
Shepway 002,E02005103,E,7658,708,639,661,761,0.4,0.6,19.3674,3.817762
Shepway 003,E02005104,E,6713,620,560,580,667,0.0,0.2,21.9918,4.158934
Shepway 004,E02005105,E,6227,575,520,538,618,0.0,0.2,20.3932,3.951116
Shepway 005,E02005106,E,7310,676,610,631,726,0.4,0.6,18.482999999999997,3.7027899999999994
Shepway 006,E02005107,E,9861,911,823,851,979,0.6,0.8,23.0963,4.302519
Shepway 008,E02005109,E,5276,487,440,456,524,0.8,1.0,11.480799999999999,2.792504
Shepway 009,E02005110,E,5446,503,454,470,541,0.4,0.6,13.767800000000001,3.0898140000000005
Shepway 010,E02005111,E,5837,539,487,504,580,0.2,0.4,16.9715,3.5062949999999997
Shepway 011,E02005112,E,5586,516,466,482,555,0.2,0.4,16.239,3.4110700000000005
Shepway 012,E02005113,E,5626,520,469,486,559,0.4,0.6,14.2278,3.149614
Shepway 013,E02005114,E,5280,488,441,456,524,0.2,0.4,15.348,3.29524
Shepway 014,E02006879,E,5387,498,449,465,535,0.0,0.2,17.642200000000003,3.5934860000000004
Shepway 015,E02006880,E,5566,514,464,480,553,0.2,0.4,16.177,3.40301
Shropshire 001,E02006015,E,8061,769,684,655,847,0.4,0.6,20.7863,4.002219
Shropshire 002,E02006016,E,6126,585,520,498,644,0.4,0.6,15.803799999999999,3.354494
Shropshire 003,E02006023,E,7939,757,674,645,834,0.4,0.6,20.469700000000003,3.961061000000001
Shropshire 004,E02006017,E,6095,581,517,495,640,0.4,0.6,15.7085,3.342105
Shropshire 005,E02006018,E,9615,917,816,781,1010,0.4,0.6,24.788500000000003,4.522505000000001
Shropshire 006,E02006024,E,7820,746,664,635,822,0.4,0.6,20.168,3.9218400000000004
Shropshire 007,E02006025,E,7489,714,635,608,786,0.4,0.6,19.2947,3.808311
Shropshire 008,E02006019,E,4795,457,407,389,503,0.4,0.6,12.3505,2.905565
Shropshire 009,E02006020,E,5806,554,493,471,610,0.4,0.6,14.9678,3.245814
Shropshire 010,E02006021,E,6487,619,550,527,682,0.4,0.6,16.7301,3.474913
Shropshire 011,E02006026,E,5711,545,485,464,600,0.4,0.6,14.7273,3.214549
Shropshire 012,E02006027,E,4335,414,368,352,456,0.4,0.6,11.1845,2.753985
Shropshire 013,E02006022,E,4878,465,414,396,513,0.6,0.8,11.6724,2.817412
Shropshire 014,E02006028,E,7490,715,636,608,787,0.4,0.6,19.313000000000002,3.81069
Shropshire 015,E02006029,E,6729,642,571,546,707,0.2,0.4,19.880499999999998,3.8844649999999996
Shropshire 016,E02006030,E,5833,556,495,474,613,0.4,0.6,15.0419,3.255447
Shropshire 017,E02006031,E,6030,575,511,489,633,0.4,0.6,15.533000000000001,3.3192900000000005
Shropshire 018,E02006032,E,7370,703,625,598,774,0.2,0.4,21.768,4.129840000000001
Shropshire 019,E02006033,E,6563,626,557,533,689,0.6,0.8,15.692900000000002,3.340077
Shropshire 020,E02006034,E,6959,664,590,565,731,0.6,0.8,16.6417,3.4634210000000003
Shropshire 021,E02006035,E,4664,445,396,379,490,0.6,0.8,11.1582,2.750566
Shropshire 022,E02006036,E,4988,476,423,405,524,0.6,0.8,11.9294,2.850822
Shropshire 023,E02006037,E,8244,786,699,669,866,0.6,0.8,19.712200000000003,3.8625860000000003
Shropshire 024,E02006038,E,6217,593,527,505,653,0.6,0.8,14.8671,3.232723
Shropshire 025,E02006008,E,6124,584,520,497,644,0.6,0.8,14.6542,3.2050460000000003
Shropshire 026,E02006039,E,6401,611,543,520,672,0.6,0.8,15.3063,3.289819
Shropshire 027,E02006009,E,5819,555,494,472,611,0.6,0.8,13.912700000000001,3.108651
Shropshire 028,E02006040,E,6131,585,520,498,644,0.4,0.6,15.805299999999999,3.3546889999999996
Shropshire 029,E02006010,E,9106,869,773,739,957,0.4,0.6,23.479799999999997,4.352374
Shropshire 030,E02006041,E,4795,458,407,389,503,0.2,0.4,14.1585,3.140605
Shropshire 031,E02006011,E,4853,463,412,394,509,0.6,0.8,11.5989,2.8078570000000003
Shropshire 032,E02006042,E,4799,458,407,390,505,0.6,0.8,11.4887,2.7935309999999998
Shropshire 033,E02006012,E,5013,478,425,407,526,0.4,0.6,12.913900000000002,2.9788070000000006
Shropshire 034,E02006013,E,6324,603,537,513,664,0.4,0.6,16.2972,3.4186360000000002
Shropshire 035,E02006014,E,7523,718,638,611,790,0.4,0.6,19.390900000000002,3.820817000000001
Shropshire 036,E02006043,E,5615,536,476,456,590,0.2,0.4,16.5915,3.4568950000000003
Shropshire 037,E02006044,E,5098,486,433,414,536,0.4,0.6,13.1494,3.009422
Shropshire 038,E02006045,E,8933,852,758,725,938,0.4,0.6,23.021900000000002,4.292847
Shropshire 039,E02006046,E,7242,691,614,588,761,0.4,0.6,18.6706,3.7271780000000003
Slough 001,E02003407,E,8995,367,288,220,281,0.2,0.4,11.662500000000001,2.8161250000000004
Slough 002,E02003408,E,9914,405,317,243,309,0.2,0.4,12.849,2.97037
Slough 003,E02003409,E,9937,406,318,243,311,0.4,0.6,10.2551,2.633163
Slough 004,E02003410,E,10988,449,352,269,343,0.2,0.4,14.247999999999998,3.15224
Slough 005,E02003411,E,10571,432,338,259,331,0.2,0.4,13.7185,3.083405
Slough 006,E02003412,E,9065,370,290,222,283,0.6,0.8,8.842500000000001,2.4495250000000004
Slough 007,E02003413,E,11863,484,380,290,371,0.2,0.4,15.385499999999999,3.300115
Slough 008,E02003414,E,11625,475,372,284,363,0.4,0.6,11.985499999999998,2.8581149999999997
Slough 009,E02003415,E,11627,475,372,285,363,0.2,0.4,15.077499999999999,3.260075
Slough 010,E02003416,E,7752,317,248,190,242,0.6,0.8,7.5636,2.283268
Slough 011,E02003417,E,9007,368,288,220,281,0.4,0.6,9.2821,2.506673
Slough 012,E02003418,E,9120,372,292,223,285,0.2,0.4,11.825000000000001,2.83725
Slough 013,E02003419,E,8155,333,261,200,255,0.2,0.4,10.5805,2.675465
Slough 014,E02003420,E,5907,241,189,145,185,0.2,0.4,7.6675,2.2967750000000002
Solihull 001,E02002081,E,4584,311,273,277,397,0.4,0.6,9.5152,2.536976
Solihull 002,E02002082,E,5036,341,300,304,435,0.0,0.2,13.5746,3.064698
Solihull 003,E02002083,E,4975,337,296,300,431,0.6,0.8,9.5915,2.546895
Solihull 004,E02002084,E,5268,357,314,318,456,0.0,0.2,14.213800000000003,3.147794
Solihull 005,E02002085,E,5328,361,317,322,461,0.0,0.2,14.3728,3.168464
Solihull 006,E02002086,E,4637,314,276,280,401,0.0,0.2,12.5042,2.925546
Solihull 007,E02002087,E,5144,349,306,310,445,0.0,0.2,13.871400000000001,3.103282
Solihull 008,E02002088,E,7947,539,474,480,688,0.0,0.2,21.4492,4.088396
Solihull 009,E02002089,E,6590,447,393,398,570,0.2,0.4,15.834,3.3584199999999997
Solihull 010,E02002090,E,4947,335,295,299,428,0.4,0.6,10.2641,2.634333
Solihull 011,E02002091,E,6204,420,369,374,536,0.6,0.8,11.943200000000001,2.8526160000000003
Solihull 012,E02002092,E,6084,412,363,367,526,0.2,0.4,14.611,3.1994300000000004
Solihull 013,E02002093,E,5590,379,333,337,484,0.4,0.6,11.597000000000001,2.8076100000000004
Solihull 014,E02002094,E,5081,344,303,307,439,0.8,1.0,9.182300000000001,2.4936990000000003
Solihull 015,E02002095,E,7275,493,433,439,629,0.6,0.8,14.014499999999998,3.121885
Solihull 016,E02002096,E,8528,578,508,515,737,0.8,1.0,15.4124,3.303612
Solihull 017,E02002097,E,5587,379,333,337,483,0.6,0.8,10.7641,2.699333
Solihull 018,E02002098,E,8028,544,478,484,694,0.6,0.8,15.462399999999999,3.310112
Solihull 019,E02002099,E,5590,379,333,337,484,0.8,1.0,10.11,2.6143
Solihull 021,E02002101,E,4981,338,297,300,431,0.4,0.6,10.3303,2.642939
Solihull 022,E02002102,E,7324,496,436,442,633,0.6,0.8,14.1062,3.133806
Solihull 023,E02002103,E,5134,348,306,310,444,0.8,1.0,9.2822,2.506686
Solihull 024,E02002104,E,5254,356,313,317,455,0.8,1.0,9.5042,2.535546
Solihull 025,E02002105,E,6661,451,397,402,576,0.8,1.0,12.040299999999998,2.865239
Solihull 026,E02002106,E,7905,536,471,477,684,0.8,1.0,14.2945,3.1582850000000002
Solihull 027,E02002107,E,4930,334,294,297,427,0.8,1.0,8.917000000000002,2.4592100000000006
Solihull 028,E02002108,E,8349,566,497,504,722,0.8,1.0,15.0927,3.2620510000000005
Solihull 029,E02002109,E,7974,540,475,481,690,0.8,1.0,14.417200000000001,3.1742360000000005
Solihull 030,E02006808,E,5199,352,310,314,450,0.6,0.8,10.0237,2.603081
South Bucks 001,E02003688,E,9797,732,607,585,964,0.8,1.0,19.1461,3.7889930000000005
South Bucks 002,E02003689,E,7050,527,436,421,693,0.8,1.0,13.769,3.08997
South Bucks 003,E02003690,E,5241,392,324,313,515,0.6,0.8,10.8823,2.7146990000000004
South Bucks 004,E02003691,E,5560,416,344,332,546,0.8,1.0,10.854,2.71102
South Bucks 005,E02003692,E,6874,514,426,410,675,0.8,1.0,13.417200000000001,3.044236
South Bucks 006,E02003693,E,5032,376,312,300,495,0.8,1.0,9.8306,2.577978
South Bucks 007,E02003694,E,6364,476,394,380,625,0.6,0.8,13.212200000000001,3.0175860000000005
South Bucks 008,E02003695,E,8309,621,514,496,817,0.6,0.8,17.2577,3.543501
South Cambridgeshire 001,E02003775,E,5915,396,350,362,470,0.8,1.0,10.246500000000001,2.632045
South Cambridgeshire 002,E02003776,E,5626,377,333,344,448,0.8,1.0,9.7558,2.5682540000000005
South Cambridgeshire 003,E02003777,E,5718,383,338,350,455,0.8,1.0,9.912400000000002,2.5886120000000004
South Cambridgeshire 004,E02003778,E,5171,346,306,317,411,0.8,1.0,8.961300000000001,2.464969
South Cambridgeshire 005,E02003779,E,4342,291,257,266,345,0.8,1.0,7.5236,2.278068
South Cambridgeshire 006,E02003780,E,9114,610,539,558,726,0.8,1.0,15.8082,3.355066
South Cambridgeshire 007,E02003781,E,5470,366,324,335,435,0.6,0.8,10.129000000000001,2.6167700000000003
South Cambridgeshire 009,E02003783,E,6076,407,359,372,484,0.8,1.0,10.5388,2.670044
South Cambridgeshire 010,E02003784,E,7433,498,440,455,591,0.8,1.0,12.8819,2.974647
South Cambridgeshire 011,E02003785,E,7478,501,442,458,595,0.8,1.0,12.964400000000001,2.9853720000000004
South Cambridgeshire 012,E02003786,E,5249,351,311,321,418,0.8,1.0,9.101700000000001,2.4832210000000003
South Cambridgeshire 013,E02003787,E,6215,416,368,380,494,0.8,1.0,10.7665,2.6996450000000003
South Cambridgeshire 014,E02003788,E,5469,366,324,335,435,0.8,1.0,9.4807,2.5324910000000003
South Cambridgeshire 015,E02003789,E,6143,411,364,376,488,0.8,1.0,10.640899999999998,2.6833169999999997
South Cambridgeshire 016,E02003790,E,8194,549,485,501,652,0.8,1.0,14.203199999999999,3.146416
South Cambridgeshire 017,E02003791,E,6723,450,398,411,535,0.8,1.0,11.6529,2.814877
South Cambridgeshire 018,E02003792,E,8055,539,477,493,641,0.8,1.0,13.9645,3.115385
South Cambridgeshire 019,E02003793,E,6443,431,381,394,512,0.6,0.8,11.9209,2.849717
South Cambridgeshire 020,E02006873,E,6179,414,366,378,492,0.8,1.0,10.715700000000002,2.693041
South Cambridgeshire 021,E02006874,E,6909,463,409,423,550,0.8,1.0,11.9817,2.857621
South Derbyshire 001,E02004118,E,6734,445,390,376,434,0.6,0.8,11.1242,2.7461460000000004
South Derbyshire 002,E02004119,E,10729,709,621,598,692,0.8,1.0,16.4807,3.4424909999999995
South Derbyshire 003,E02004120,E,7164,473,415,400,462,0.6,0.8,11.8372,2.8388359999999997
South Derbyshire 004,E02004121,E,6586,435,381,367,425,0.8,1.0,10.117799999999999,2.6153139999999997
South Derbyshire 005,E02004122,E,6464,427,374,361,417,0.8,1.0,9.9332,2.591316
South Derbyshire 006,E02004123,E,6307,417,365,352,407,0.8,1.0,9.6931,2.560103
South Derbyshire 007,E02004124,E,7521,497,435,420,485,0.4,0.6,13.330300000000001,3.0329390000000003
South Derbyshire 008,E02004125,E,8879,587,514,495,573,0.2,0.4,18.5975,3.717675
South Derbyshire 009,E02004126,E,6817,450,394,380,440,0.4,0.6,12.081100000000001,2.8705430000000005
South Derbyshire 011,E02004128,E,10131,669,586,565,653,0.4,0.6,17.9473,3.6331489999999995
South Derbyshire 012,E02006919,E,8425,557,488,470,543,0.4,0.6,14.9295,3.240835
South Derbyshire 013,E02006920,E,7709,509,446,430,497,0.4,0.6,13.6587,3.075631
South Gloucestershire 001,E02003090,E,6502,388,337,339,469,0.8,1.0,10.2546,2.6330980000000004
South Gloucestershire 002,E02003091,E,6177,369,320,322,446,0.8,1.0,9.7471,2.567123
South Gloucestershire 003,E02003092,E,7440,444,386,388,537,0.8,1.0,11.739,2.8260700000000005
South Gloucestershire 004,E02003093,E,6186,370,321,323,446,0.8,1.0,9.7588,2.568644
South Gloucestershire 005,E02003094,E,7848,469,407,409,567,0.6,0.8,13.2024,3.016312
South Gloucestershire 006,E02003095,E,6694,400,347,349,484,0.8,1.0,10.571200000000001,2.674256
South Gloucestershire 007,E02003096,E,6065,362,315,316,438,0.6,0.8,10.2015,2.626195
South Gloucestershire 008,E02003097,E,5846,349,303,305,422,0.8,1.0,9.2248,2.499224
South Gloucestershire 009,E02003098,E,9433,564,489,492,681,0.8,1.0,14.8869,3.235297
South Gloucestershire 010,E02003099,E,6413,383,333,335,463,0.6,0.8,10.7899,2.702687
South Gloucestershire 011,E02003100,E,9879,590,512,515,713,0.4,0.6,17.8377,3.618901
South Gloucestershire 012,E02003101,E,9926,593,515,518,717,0.8,1.0,15.6708,3.337204
South Gloucestershire 013,E02003102,E,6125,366,318,320,442,0.8,1.0,9.6675,2.556775
South Gloucestershire 014,E02003103,E,6780,405,352,354,490,0.6,0.8,11.411999999999999,2.78356
South Gloucestershire 015,E02003104,E,7191,430,373,375,520,0.6,0.8,12.104299999999999,2.873559
South Gloucestershire 016,E02003105,E,5919,354,307,309,427,0.8,1.0,9.3397,2.514161
South Gloucestershire 017,E02003106,E,9874,590,512,515,713,0.8,1.0,15.5842,3.325946
South Gloucestershire 018,E02003107,E,9970,596,517,520,719,0.6,0.8,16.759999999999998,3.4787999999999997
South Gloucestershire 019,E02003108,E,8746,523,454,456,632,0.6,0.8,14.7178,3.2133140000000004
South Gloucestershire 020,E02003109,E,5626,336,292,293,406,0.8,1.0,8.8748,2.4537240000000002
South Gloucestershire 021,E02003110,E,9745,582,505,508,704,0.8,1.0,15.381499999999999,3.299595
South Gloucestershire 022,E02003111,E,5917,353,307,309,427,0.8,1.0,9.3371,2.513823
South Gloucestershire 023,E02003112,E,5998,358,311,313,433,0.4,0.6,10.833400000000001,2.708342
South Gloucestershire 024,E02003113,E,9553,571,496,498,690,0.6,0.8,16.0719,3.389347
South Gloucestershire 025,E02003114,E,6567,392,341,343,474,0.4,0.6,11.8641,2.842333
South Gloucestershire 026,E02003115,E,8609,514,447,449,622,0.4,0.6,15.556700000000001,3.3223710000000004
South Gloucestershire 027,E02003116,E,7103,424,368,371,512,0.2,0.4,15.0365,3.254745
South Gloucestershire 028,E02003117,E,8065,482,418,421,582,0.4,0.6,14.5655,3.193515
South Gloucestershire 029,E02003118,E,9584,573,497,500,692,0.6,0.8,16.121199999999998,3.3957559999999996
South Gloucestershire 030,E02003119,E,9719,581,504,507,702,0.4,0.6,17.5597,3.5827609999999996
South Gloucestershire 031,E02003120,E,7887,471,409,411,569,0.8,1.0,12.440100000000001,2.9172130000000003
South Gloucestershire 032,E02003121,E,9558,571,496,499,690,0.8,1.0,15.086400000000001,3.2612320000000006
South Hams 001,E02004189,E,4529,512,460,456,539,0.6,0.8,12.4317,2.916121
South Hams 002,E02004190,E,6028,682,613,607,717,0.4,0.6,17.870400000000004,3.623152
South Hams 003,E02004191,E,6174,698,628,622,734,0.4,0.6,18.3002,3.6790260000000004
South Hams 004,E02004192,E,5476,619,557,552,651,0.6,0.8,15.0298,3.253874
South Hams 005,E02004193,E,9061,1025,921,913,1077,0.8,1.0,23.0223,4.292899
South Hams 006,E02004194,E,4769,539,485,480,566,0.4,0.6,14.1207,3.135691
South Hams 007,E02004195,E,4285,485,436,432,509,0.4,0.6,12.6995,2.9509350000000003
South Hams 008,E02004196,E,5442,616,553,548,647,0.6,0.8,14.933600000000002,3.2413680000000005
South Hams 009,E02004197,E,4794,542,487,483,570,0.8,1.0,12.1812,2.8835560000000005
South Hams 010,E02004198,E,4911,555,499,495,584,0.4,0.6,14.557300000000001,3.1924490000000003
South Hams 011,E02004199,E,4090,463,416,412,487,0.4,0.6,12.133,2.87729
South Hams 012,E02004200,E,4003,453,407,403,476,0.6,0.8,10.9859,2.728167
South Holland 001,E02005465,E,7188,617,539,542,679,0.4,0.6,16.9464,3.503032
South Holland 002,E02005466,E,5542,475,416,418,523,0.2,0.4,15.062,3.25806
South Holland 003,E02005467,E,6055,519,454,456,571,0.4,0.6,14.258500000000002,3.153605
South Holland 004,E02005468,E,6380,547,479,481,602,0.4,0.6,15.034,3.2544200000000005
South Holland 005,E02005469,E,6317,542,474,476,596,0.4,0.6,14.8831,3.2348030000000003
South Holland 006,E02005470,E,8841,758,663,666,835,0.6,0.8,19.3353,3.8135890000000003
South Holland 007,E02005471,E,7733,663,580,583,730,0.4,0.6,18.2239,3.6691070000000003
South Holland 008,E02005472,E,8372,718,628,631,790,0.2,0.4,22.749000000000002,4.257370000000001
South Holland 009,E02005473,E,7891,677,592,595,745,0.6,0.8,17.2593,3.5437089999999998
South Holland 010,E02005474,E,5575,478,418,420,527,0.4,0.6,13.1445,3.0087850000000005
South Holland 011,E02005475,E,5288,454,397,399,499,0.4,0.6,12.464400000000001,2.9203720000000004
South Kesteven 001,E02005476,E,5914,526,467,468,581,0.6,0.8,13.4252,3.0452760000000003
South Kesteven 002,E02005477,E,7223,643,570,571,710,0.8,1.0,15.2579,3.2835270000000003
South Kesteven 003,E02005478,E,8092,720,639,640,795,0.4,0.6,19.803600000000003,3.8744680000000002
South Kesteven 004,E02005479,E,6760,602,533,535,665,0.6,0.8,15.354000000000001,3.2960200000000004
South Kesteven 005,E02005480,E,5989,533,473,474,589,0.0,0.2,19.0094,3.771222
South Kesteven 006,E02005481,E,8953,797,707,708,881,0.4,0.6,21.9279,4.150627
South Kesteven 007,E02005482,E,7981,710,630,631,785,0.8,1.0,16.8643,3.4923590000000004
South Kesteven 008,E02005483,E,6395,569,505,506,629,0.6,0.8,14.525500000000001,3.1883150000000002
South Kesteven 009,E02005484,E,5679,505,448,449,558,0.4,0.6,13.8957,3.1064410000000002
South Kesteven 010,E02005485,E,4946,440,390,391,486,0.8,1.0,10.4448,2.657824
South Kesteven 011,E02005486,E,6862,611,541,543,675,0.6,0.8,15.584600000000002,3.3259980000000002
South Kesteven 012,E02005487,E,7514,669,593,594,738,0.8,1.0,15.866200000000001,3.3626060000000004
South Kesteven 013,E02005488,E,5114,455,404,405,503,0.6,0.8,11.6182,2.810366
South Kesteven 014,E02005489,E,5759,512,454,456,566,0.8,1.0,12.165700000000001,2.8815410000000004
South Kesteven 015,E02005490,E,7458,664,589,590,734,0.6,0.8,16.9454,3.5029019999999997
South Kesteven 016,E02005491,E,8631,768,681,683,849,0.8,1.0,18.2413,3.6713690000000003
South Lakeland 001,E02004015,E,4677,510,448,475,599,0.6,0.8,13.1791,3.0132830000000004
South Lakeland 002,E02004016,E,6050,659,579,615,775,0.6,0.8,17.049,3.51637
South Lakeland 003,E02004017,E,6042,659,579,614,773,0.6,0.8,17.0196,3.512548
South Lakeland 004,E02004018,E,5868,639,562,596,752,0.4,0.6,17.886400000000002,3.6252320000000005
South Lakeland 005,E02004019,E,5756,627,551,585,737,0.8,1.0,15.1148,3.264924
South Lakeland 006,E02004020,E,5963,650,571,606,764,0.8,1.0,15.6649,3.336437
South Lakeland 007,E02004021,E,3797,414,364,386,487,0.4,0.6,11.5831,2.805803
South Lakeland 008,E02004022,E,4014,438,384,408,514,0.6,0.8,11.3102,2.770326
South Lakeland 009,E02004023,E,4499,490,431,457,576,0.6,0.8,12.6747,2.947711
South Lakeland 010,E02004024,E,5174,564,496,526,662,0.8,1.0,13.5842,3.0659460000000003
South Lakeland 011,E02004025,E,5815,634,557,591,744,0.8,1.0,15.2655,3.284515
South Lakeland 012,E02004026,E,5777,630,553,587,740,0.4,0.6,17.607100000000003,3.5889230000000003
South Lakeland 013,E02004027,E,5626,613,539,572,721,0.8,1.0,14.7828,3.2217640000000003
South Lakeland 014,E02004028,E,5587,609,535,568,716,0.6,0.8,15.7501,3.347513
South Norfolk 001,E02005597,E,11559,965,849,881,1151,0.6,0.8,25.859700000000004,4.661761
South Norfolk 002,E02005598,E,7205,601,529,549,717,0.6,0.8,16.1115,3.394495
South Norfolk 003,E02005599,E,5278,441,388,402,526,0.8,1.0,11.0374,2.734862
South Norfolk 004,E02005600,E,5766,481,423,439,574,0.4,0.6,13.9058,3.107754
South Norfolk 005,E02005601,E,5299,442,389,404,528,0.6,0.8,11.8577,2.841501
South Norfolk 006,E02005602,E,9606,802,705,732,956,0.8,1.0,20.071800000000003,3.9093340000000003
South Norfolk 007,E02005603,E,8061,673,592,614,802,0.6,0.8,18.0243,3.643159
South Norfolk 008,E02005604,E,7608,635,559,580,757,0.6,0.8,17.0154,3.512002
South Norfolk 009,E02005605,E,9441,788,693,720,940,0.6,0.8,21.1203,4.045639
South Norfolk 010,E02005606,E,5189,433,381,396,516,0.4,0.6,12.514700000000001,2.9269110000000005
South Norfolk 011,E02005607,E,10162,848,746,775,1011,0.4,0.6,24.5106,4.486378
South Norfolk 012,E02005608,E,6806,568,500,519,677,0.4,0.6,16.4158,3.4340540000000006
South Norfolk 013,E02005609,E,6346,530,466,484,631,0.6,0.8,14.1888,3.1445440000000002
South Norfolk 014,E02005610,E,7404,618,544,564,737,0.4,0.6,17.8612,3.621956
South Norfolk 015,E02005611,E,9297,776,683,709,925,0.4,0.6,22.427100000000003,4.215523
South Northamptonshire 001,E02005681,E,7460,553,487,496,549,0.8,1.0,12.837,2.9688100000000004
South Northamptonshire 002,E02005682,E,5836,433,381,388,429,0.8,1.0,10.037799999999999,2.604914
South Northamptonshire 003,E02005683,E,12167,903,794,809,895,0.8,1.0,20.9341,4.021433
South Northamptonshire 004,E02005684,E,7330,544,478,487,539,0.8,1.0,12.607,2.93891
South Northamptonshire 005,E02005685,E,7403,549,483,492,545,0.6,0.8,13.7059,3.081767
South Northamptonshire 006,E02005686,E,6849,508,447,455,504,0.8,1.0,11.7837,2.831881
South Northamptonshire 007,E02005687,E,5435,403,355,361,400,0.8,1.0,9.3515,2.515695
South Northamptonshire 008,E02005688,E,7960,590,520,529,586,0.8,1.0,13.699,3.08087
South Northamptonshire 009,E02005689,E,7014,520,458,466,516,0.8,1.0,12.066199999999998,2.8686059999999998
South Northamptonshire 010,E02005690,E,4937,366,322,328,363,0.8,1.0,8.4901,2.4037129999999998
South Northamptonshire 011,E02005691,E,5808,431,379,386,427,0.8,1.0,9.9894,2.5986219999999998
South Oxfordshire 001,E02005958,E,4716,338,298,319,445,0.8,1.0,9.1768,2.492984
South Oxfordshire 002,E02005959,E,4615,331,292,312,437,0.6,0.8,9.581499999999998,2.5455949999999996
South Oxfordshire 003,E02005960,E,4891,351,309,331,462,0.8,1.0,9.5243,2.5381590000000003
South Oxfordshire 004,E02005961,E,5517,396,349,373,521,0.8,1.0,10.7411,2.6963429999999997
South Oxfordshire 005,E02005962,E,6893,494,436,466,652,0.8,1.0,13.4299,3.045887
South Oxfordshire 006,E02005963,E,6787,487,429,459,642,0.4,0.6,15.1841,3.2739330000000004
South Oxfordshire 007,E02005964,E,6034,433,381,408,570,0.8,1.0,11.7482,2.8272660000000003
South Oxfordshire 008,E02005965,E,4531,325,286,306,428,0.6,0.8,9.3913,2.5208690000000002
South Oxfordshire 009,E02005966,E,6683,479,422,452,632,0.8,1.0,13.0189,2.992457
South Oxfordshire 010,E02005967,E,4763,342,301,322,450,0.6,0.8,9.8769,2.583997
South Oxfordshire 011,E02005968,E,6376,457,403,431,603,0.8,1.0,12.4208,2.9147040000000004
South Oxfordshire 012,E02005969,E,7596,545,480,514,718,0.8,1.0,14.7968,3.223584
South Oxfordshire 013,E02005970,E,4684,336,296,317,443,0.4,0.6,10.4792,2.6622960000000004
South Oxfordshire 014,E02005971,E,4763,342,301,322,450,0.6,0.8,9.8769,2.583997
South Oxfordshire 015,E02005972,E,6633,476,419,449,627,0.8,1.0,12.9219,2.9798470000000004
South Oxfordshire 016,E02005973,E,4613,331,291,312,435,0.8,1.0,8.9729,2.4664770000000003
South Oxfordshire 017,E02005974,E,5043,362,319,341,476,0.8,1.0,9.8159,2.576067
South Oxfordshire 018,E02005975,E,6573,472,415,445,621,0.8,1.0,12.8019,2.9642470000000003
South Oxfordshire 019,E02005976,E,5094,365,322,344,482,0.8,1.0,9.924199999999999,2.590146
South Oxfordshire 020,E02005977,E,4767,342,301,322,451,0.8,1.0,9.287099999999999,2.507323
South Ribble 001,E02005287,E,4238,333,297,291,348,0.8,1.0,7.8144,2.315872
South Ribble 002,E02005288,E,4791,376,336,329,393,0.6,0.8,9.5013,2.5351690000000002
South Ribble 003,E02005289,E,4890,384,343,336,401,0.8,1.0,9.012,2.47156
South Ribble 004,E02005290,E,5707,448,400,392,469,0.6,0.8,11.3271,2.772523
South Ribble 005,E02005291,E,4512,354,316,310,370,0.4,0.6,9.625600000000002,2.5513280000000003
South Ribble 006,E02005292,E,4605,362,323,316,378,0.2,0.4,11.4285,2.785705
South Ribble 007,E02005293,E,4428,348,310,304,363,0.4,0.6,9.4444,2.527772
South Ribble 008,E02005294,E,5012,394,351,344,412,0.4,0.6,10.7036,2.691468
South Ribble 009,E02005295,E,5883,462,412,404,482,0.4,0.6,12.544899999999998,2.930837
South Ribble 010,E02005296,E,4584,360,321,315,376,0.8,1.0,8.4482,2.398266
South Ribble 011,E02005297,E,6496,510,455,446,533,0.8,1.0,11.9718,2.8563340000000004
South Ribble 012,E02005298,E,5682,446,398,390,467,0.6,0.8,11.2756,2.765828
South Ribble 013,E02005299,E,5707,448,400,392,469,0.4,0.6,12.1881,2.884453
South Ribble 014,E02005300,E,4139,325,290,284,340,0.6,0.8,8.2117,2.367521
South Ribble 015,E02005301,E,5097,400,357,350,418,0.2,0.4,12.6425,2.943525
South Ribble 016,E02005302,E,5518,434,387,379,453,0.8,1.0,10.1754,2.622802
South Ribble 017,E02005303,E,5043,396,353,346,414,0.0,0.2,14.160800000000002,3.1409040000000004
South Somerset 001,E02006075,E,4128,398,374,371,453,0.6,0.8,10.368400000000001,2.647892
South Somerset 002,E02006076,E,6566,633,595,589,720,0.6,0.8,16.480800000000002,3.4425040000000005
South Somerset 003,E02006077,E,4169,402,378,374,457,0.6,0.8,10.4637,2.660281
South Somerset 004,E02006078,E,4400,424,399,395,483,0.4,0.6,11.93,2.8509
South Somerset 005,E02006079,E,5446,525,493,489,597,0.6,0.8,13.6678,3.076814
South Somerset 006,E02006080,E,5450,525,494,489,598,0.6,0.8,13.684,3.07892
South Somerset 007,E02006081,E,4089,394,370,367,449,0.4,0.6,11.0847,2.7410110000000003
South Somerset 008,E02006082,E,4990,481,452,448,547,0.6,0.8,12.524000000000001,2.9281200000000003
South Somerset 009,E02006083,E,4418,426,400,397,485,0.6,0.8,11.0974,2.742662
South Somerset 010,E02006084,E,5462,527,495,490,599,0.4,0.6,14.8006,3.224078
South Somerset 011,E02006085,E,4534,437,411,407,498,0.6,0.8,11.3912,2.780856
South Somerset 012,E02006086,E,5336,515,484,479,585,0.4,0.6,14.460800000000003,3.1799040000000005
South Somerset 013,E02006087,E,4735,457,429,425,519,0.2,0.4,14.6575,3.2054750000000003
South Somerset 014,E02006088,E,5676,548,514,510,623,0.2,0.4,17.584,3.5859199999999998
South Somerset 015,E02006089,E,4933,476,447,443,541,0.2,0.4,15.275500000000001,3.2858150000000004
South Somerset 016,E02006090,E,5416,523,491,486,594,0.4,0.6,14.6788,3.208244
South Somerset 017,E02006091,E,7544,727,683,677,827,0.6,0.8,18.9312,3.761056
South Somerset 018,E02006092,E,4770,460,432,428,523,0.8,1.0,11.108,2.74404
South Somerset 019,E02006093,E,6517,628,590,585,714,0.6,0.8,16.350099999999998,3.4255129999999996
South Somerset 020,E02006094,E,4098,395,371,368,449,0.4,0.6,11.0994,2.742922
South Somerset 021,E02006095,E,6038,582,547,542,662,0.4,0.6,16.3594,3.426722
South Somerset 022,E02006096,E,5173,499,469,464,568,0.4,0.6,14.0259,3.123367
South Somerset 023,E02006097,E,4916,474,445,441,539,0.2,0.4,15.215,3.27795
South Somerset 024,E02006098,E,5621,542,509,505,617,0.4,0.6,15.240300000000001,3.2812390000000002
South Staffordshire 001,E02006174,E,8073,718,644,656,862,0.6,0.8,19.1959,3.7954670000000004
South Staffordshire 002,E02006175,E,5161,459,412,419,552,0.4,0.6,13.252300000000002,3.022799
South Staffordshire 003,E02006176,E,5727,509,457,465,611,0.6,0.8,13.6101,3.069313
South Staffordshire 004,E02006177,E,7676,682,612,623,819,0.6,0.8,18.2388,3.671044
South Staffordshire 005,E02006178,E,6136,545,489,498,655,0.4,0.6,15.7348,3.345524
South Staffordshire 006,E02006179,E,5737,510,458,466,613,0.6,0.8,13.6461,3.073993
South Staffordshire 007,E02006180,E,5227,465,417,425,558,0.4,0.6,13.4121,3.0435730000000003
South Staffordshire 008,E02006181,E,4481,398,357,364,479,0.4,0.6,11.5003,2.795039
South Staffordshire 009,E02006182,E,5264,468,420,428,563,0.8,1.0,11.6882,2.8194660000000002
South Staffordshire 010,E02006183,E,5854,520,467,475,625,0.8,1.0,12.9802,2.987426
South Staffordshire 011,E02006184,E,4236,377,338,344,453,0.6,0.8,10.079799999999999,2.610374
South Staffordshire 012,E02006185,E,5614,499,448,456,600,0.4,0.6,14.4102,3.1733260000000003
South Staffordshire 013,E02006186,E,9531,847,760,774,1018,0.8,1.0,21.1413,4.048369
South Staffordshire 014,E02006187,E,5637,501,449,458,602,0.6,0.8,13.4011,3.0421430000000003
South Tyneside 001,E02001768,E,6839,573,462,420,475,0.0,0.2,17.918400000000002,3.629392
South Tyneside 002,E02001769,E,5990,501,405,368,415,0.0,0.2,15.680000000000001,3.3384
South Tyneside 003,E02001770,E,5305,444,359,326,368,0.4,0.6,10.287500000000001,2.6373750000000005
South Tyneside 004,E02001771,E,5188,434,351,319,360,0.2,0.4,11.853,2.84089
South Tyneside 005,E02001772,E,4383,367,296,269,304,0.2,0.4,10.0075,2.600975
South Tyneside 006,E02001773,E,4420,370,299,272,306,0.6,0.8,7.9879999999999995,2.3384400000000003
South Tyneside 007,E02001774,E,4450,373,301,273,308,0.0,0.2,11.647,2.8141100000000003
South Tyneside 008,E02001775,E,4565,382,309,281,317,0.0,0.2,11.965000000000002,2.8554500000000003
South Tyneside 009,E02001776,E,6792,569,459,417,471,0.0,0.2,17.7862,3.6122060000000005
South Tyneside 010,E02001777,E,5126,429,347,315,356,0.2,0.4,11.715,2.82295
South Tyneside 011,E02001778,E,4982,417,337,306,346,0.0,0.2,13.0532,2.996916
South Tyneside 012,E02001779,E,4413,369,298,271,306,0.0,0.2,11.5518,2.801734
South Tyneside 013,E02001780,E,4204,352,284,258,292,0.2,0.4,9.604000000000001,2.54852
South Tyneside 014,E02001781,E,4388,367,297,270,304,0.0,0.2,11.4908,2.793804
South Tyneside 015,E02001782,E,7009,587,474,431,486,0.0,0.2,18.3594,3.6867220000000005
South Tyneside 016,E02001783,E,5409,453,366,332,375,0.0,0.2,14.1644,3.1413720000000005
South Tyneside 017,E02001784,E,5537,464,374,340,384,0.0,0.2,14.500200000000001,3.1850260000000006
South Tyneside 018,E02001785,E,6398,536,433,393,444,0.2,0.4,14.618000000000002,3.2003400000000006
South Tyneside 019,E02001786,E,5681,476,384,349,394,0.0,0.2,14.8796,3.234348
South Tyneside 020,E02001787,E,4553,381,308,280,316,0.2,0.4,10.403500000000001,2.6524550000000002
South Tyneside 021,E02001788,E,4777,400,323,294,331,0.2,0.4,10.910499999999999,2.718365
South Tyneside 022,E02001789,E,4720,395,319,290,327,0.8,1.0,7.891,2.32583
South Tyneside 023,E02001790,E,4822,404,326,296,335,0.6,0.8,8.723600000000001,2.434068
Southampton 001,E02003549,E,7950,373,299,278,358,0.6,0.8,9.655000000000001,2.5551500000000003
Southampton 002,E02003550,E,7409,348,278,259,334,0.2,0.4,11.6815,2.818595
Southampton 003,E02003551,E,6259,294,235,219,282,0.2,0.4,9.868500000000001,2.5829050000000002
Southampton 004,E02003552,E,5801,272,218,203,262,0.0,0.2,10.4956,2.664428
Southampton 005,E02003553,E,6593,309,248,230,297,0.2,0.4,10.3895,2.6506350000000003
Southampton 006,E02003554,E,5719,268,215,200,258,0.4,0.6,7.4077,2.263001
Southampton 007,E02003555,E,6890,323,259,241,311,0.0,0.2,12.463000000000001,2.9201900000000003
Southampton 008,E02003556,E,5587,262,210,195,252,0.4,0.6,7.2341,2.240433
Southampton 009,E02003557,E,6488,304,244,227,293,0.8,1.0,7.4004,2.262052
Southampton 010,E02003558,E,6219,292,233,217,280,0.0,0.2,11.2354,2.7606020000000004
Southampton 011,E02003559,E,7348,345,276,257,332,0.6,0.8,8.9354,2.461602
Southampton 012,E02003560,E,6740,316,253,235,304,0.0,0.2,12.182,2.88366
Southampton 013,E02003561,E,7463,350,280,261,337,0.2,0.4,11.7725,2.830425
Southampton 014,E02003562,E,7606,357,286,266,343,0.4,0.6,9.8518,2.580734
Southampton 015,E02003563,E,7257,341,273,254,327,0.2,0.4,11.445500000000001,2.787915
Southampton 016,E02003564,E,7524,353,283,263,340,0.2,0.4,11.873999999999999,2.84362
Southampton 017,E02003565,E,6227,292,234,218,281,0.4,0.6,8.068100000000001,2.348853
Southampton 018,E02003566,E,5676,266,213,198,256,0.2,0.4,8.946000000000002,2.46298
Southampton 019,E02003567,E,7209,338,271,252,325,0.0,0.2,13.0344,2.994472
Southampton 020,E02003568,E,8003,376,300,280,361,0.4,0.6,10.364899999999999,2.647437
Southampton 021,E02003569,E,6986,328,262,244,315,0.2,0.4,11.013000000000002,2.7316900000000004
Southampton 022,E02003570,E,9615,451,361,336,434,0.0,0.2,17.389000000000003,3.5605700000000002
Southampton 023,E02003571,E,6738,316,253,235,304,0.4,0.6,8.7234,2.434042
Southampton 024,E02003572,E,5764,270,216,201,260,0.4,0.6,7.4592,2.269696
Southampton 025,E02003573,E,7010,329,263,245,317,0.0,0.2,12.685,2.94905
Southampton 026,E02003574,E,7296,342,274,255,329,0.4,0.6,9.4468,2.5280839999999998
Southampton 027,E02003575,E,5971,280,224,209,270,0.0,0.2,10.805600000000002,2.7047280000000002
Southampton 028,E02003576,E,7597,357,285,265,342,0.2,0.4,11.968500000000002,2.8559050000000004
Southampton 029,E02003577,E,10911,512,410,381,493,0.2,0.4,17.2145,3.537885
Southampton 030,E02003578,E,5922,278,222,207,268,0.2,0.4,9.347999999999999,2.51524
Southampton 031,E02003579,E,7358,345,276,257,332,0.2,0.4,11.601,2.8081300000000002
Southampton 032,E02003580,E,5674,266,213,198,256,0.0,0.2,10.2574,2.633462
Southend-on-Sea 001,E02003279,E,8193,533,460,468,613,0.6,0.8,14.4469,3.178097
Southend-on-Sea 002,E02003280,E,8508,554,478,486,637,0.2,0.4,18.874000000000002,3.7536200000000006
Southend-on-Sea 003,E02003281,E,8067,525,453,460,603,0.6,0.8,14.2151,3.147963
Southend-on-Sea 004,E02003282,E,8727,568,490,498,653,0.4,0.6,16.5381,3.449953
Southend-on-Sea 005,E02003283,E,9166,597,515,523,685,0.4,0.6,17.361800000000002,3.5570340000000007
Southend-on-Sea 006,E02003284,E,9813,639,551,560,734,0.2,0.4,21.755499999999998,4.128215
Southend-on-Sea 007,E02003285,E,9492,618,533,542,710,0.2,0.4,21.046,4.03598
Southend-on-Sea 008,E02003286,E,8009,521,450,457,599,0.8,1.0,13.2187,3.018431
Southend-on-Sea 009,E02003287,E,8497,553,477,485,635,0.2,0.4,18.8305,3.7479650000000007
Southend-on-Sea 010,E02003288,E,9629,627,541,550,721,0.0,0.2,24.119400000000002,4.435522000000001
Southend-on-Sea 011,E02003289,E,8823,574,495,504,660,0.8,1.0,14.5649,3.1934370000000003
Southend-on-Sea 012,E02003290,E,8791,572,494,502,657,0.4,0.6,16.6533,3.4649290000000006
Southend-on-Sea 013,E02003291,E,9765,635,548,557,731,0.2,0.4,21.6505,4.114565000000001
Southend-on-Sea 014,E02003292,E,9740,634,547,556,729,0.0,0.2,24.388999999999996,4.4705699999999995
Southend-on-Sea 015,E02003293,E,9681,630,544,552,724,0.0,0.2,24.230600000000003,4.449978000000001
Southend-on-Sea 016,E02003294,E,8065,525,453,460,603,0.8,1.0,13.308499999999999,3.030105
Southend-on-Sea 017,E02003295,E,8996,585,505,513,673,0.4,0.6,17.0428,3.5155640000000004
Southwark 001,E02000807,E,8683,349,228,176,225,0.4,0.6,7.9709,2.3362170000000004
Southwark 002,E02000808,E,9504,382,249,193,246,0.4,0.6,8.7212,2.433756
Southwark 003,E02000809,E,12232,492,321,248,317,0.6,0.8,10.6646,2.686398
Southwark 004,E02000810,E,9552,384,251,194,248,0.2,0.4,11.266000000000002,2.7645800000000005
Southwark 006,E02000812,E,10749,432,282,218,278,0.2,0.4,12.6605,2.9458650000000004
Southwark 007,E02000813,E,8972,361,235,182,232,0.2,0.4,10.567,2.67371
Southwark 008,E02000814,E,9036,363,237,183,234,0.4,0.6,8.2908,2.3778040000000003
Southwark 009,E02000815,E,6788,273,178,138,176,0.0,0.2,9.4058,2.522754
Southwark 010,E02000816,E,9445,380,248,192,244,0.2,0.4,11.1265,2.746445
Southwark 011,E02000817,E,6785,273,178,138,176,0.0,0.2,9.404,2.52252
Southwark 012,E02000818,E,7870,316,206,160,204,0.0,0.2,10.900000000000002,2.7170000000000005
Southwark 013,E02000819,E,8684,349,228,176,225,0.2,0.4,10.233,2.6302900000000005
Southwark 014,E02000820,E,8882,357,233,180,230,0.2,0.4,10.464,2.6603200000000005
Southwark 015,E02000821,E,8758,352,230,178,227,0.0,0.2,12.1348,2.877524
Southwark 016,E02000822,E,8473,340,222,172,220,0.0,0.2,11.737800000000002,2.825914
Southwark 017,E02000823,E,8079,325,212,164,210,0.2,0.4,9.5305,2.538965
Southwark 018,E02000824,E,9994,402,262,203,259,0.0,0.2,13.845400000000001,3.099902
Southwark 019,E02000825,E,10078,405,264,205,262,0.0,0.2,13.9708,3.116204
Southwark 020,E02000826,E,9282,373,244,188,240,0.2,0.4,10.931999999999999,2.72116
Southwark 021,E02000827,E,10818,435,284,220,280,0.2,0.4,12.75,2.9575
Southwark 022,E02000828,E,8757,352,230,178,227,0.0,0.2,12.134200000000002,2.8774460000000004
Southwark 023,E02000829,E,10851,436,285,220,282,0.0,0.2,15.0396,3.255148
Southwark 024,E02000830,E,9265,372,243,188,240,0.4,0.6,8.503499999999999,2.405455
Southwark 025,E02000831,E,9797,394,257,199,254,0.2,0.4,11.549500000000002,2.8014350000000006
Southwark 026,E02000832,E,10403,418,273,211,270,0.2,0.4,12.264500000000002,2.8943850000000007
Southwark 027,E02000833,E,8100,326,212,164,210,0.4,0.6,7.433999999999999,2.26642
Southwark 028,E02000834,E,9609,386,252,195,249,0.4,0.6,8.8207,2.4466910000000004
Southwark 029,E02000835,E,7559,304,198,153,196,0.4,0.6,6.9376999999999995,2.201901
Southwark 030,E02000836,E,8606,346,226,175,223,0.6,0.8,7.505800000000001,2.275754
Southwark 031,E02000837,E,9488,381,249,193,246,0.8,1.0,7.7774,2.311062
Southwark 032,E02000838,E,9589,385,252,195,248,0.4,0.6,8.800699999999999,2.4440910000000002
Southwark 033,E02000839,E,8393,337,220,170,218,0.4,0.6,7.7079,2.302027
Southwark 034,E02006802,E,8031,323,211,163,208,0.0,0.2,11.1256,2.746328
Spelthorne 001,E02006403,E,5099,335,271,269,378,0.2,0.4,11.057500000000001,2.7374750000000003
Spelthorne 002,E02006404,E,5589,367,297,295,414,0.2,0.4,12.1165,2.875145
Spelthorne 003,E02006405,E,8756,575,465,463,647,0.8,1.0,14.1388,3.138044
Spelthorne 004,E02006406,E,6641,436,352,351,491,0.6,0.8,11.4283,2.785679
Spelthorne 005,E02006407,E,7431,488,394,393,550,0.6,0.8,12.796299999999999,2.963519
Spelthorne 006,E02006408,E,6948,456,369,367,514,0.6,0.8,11.961400000000001,2.8549820000000006
Spelthorne 007,E02006409,E,5688,374,302,301,420,0.4,0.6,10.5084,2.666092
Spelthorne 008,E02006410,E,6823,448,362,360,505,0.2,0.4,14.7835,3.221855
Spelthorne 009,E02006411,E,6003,394,319,317,444,0.8,1.0,9.695899999999998,2.560467
Spelthorne 010,E02006412,E,5742,377,305,303,424,0.8,1.0,9.2656,2.504528
Spelthorne 011,E02006413,E,5159,339,274,273,382,0.6,0.8,8.8887,2.455531
Spelthorne 012,E02006414,E,5245,344,278,277,388,0.6,0.8,9.0265,2.473445
Spelthorne 013,E02006415,E,5641,370,299,298,418,0.8,1.0,9.1183,2.485379
St Albans 001,E02004924,E,6261,353,301,303,441,0.8,1.0,9.552299999999999,2.541799
St Albans 002,E02004925,E,6650,375,320,322,468,0.8,1.0,10.143,2.61859
St Albans 003,E02004926,E,6694,378,322,324,472,0.8,1.0,10.220199999999998,2.6286259999999997
St Albans 004,E02004927,E,5543,313,267,268,391,0.8,1.0,8.463899999999999,2.4003069999999997
St Albans 005,E02004928,E,5856,330,282,284,413,0.8,1.0,8.9438,2.462694
St Albans 006,E02004929,E,5382,304,259,261,379,0.6,0.8,8.7326,2.435238
St Albans 007,E02004930,E,5901,333,284,286,415,0.8,1.0,8.9993,2.4699090000000004
St Albans 008,E02004931,E,5619,317,271,272,396,0.8,1.0,8.5777,2.415101
St Albans 009,E02004932,E,6660,376,321,323,469,0.6,0.8,10.808,2.7050400000000003
St Albans 010,E02004933,E,5973,337,288,289,421,0.8,1.0,9.117899999999999,2.485327
St Albans 011,E02004934,E,6189,349,298,300,436,0.8,1.0,9.4467,2.528071
St Albans 012,E02004935,E,6574,371,317,318,463,0.8,1.0,10.0312,2.604056
St Albans 013,E02004936,E,5342,301,257,259,376,0.8,1.0,8.1496,2.359448
St Albans 014,E02004937,E,5537,312,267,268,390,0.8,1.0,8.449100000000001,2.398383
St Albans 015,E02004938,E,5157,291,248,250,363,0.6,0.8,8.3641,2.387333
St Albans 016,E02004939,E,5720,323,275,277,403,0.6,0.8,9.280000000000001,2.5064
St Albans 017,E02004940,E,6361,359,306,308,449,0.6,0.8,10.3293,2.642809
St Albans 018,E02004941,E,8222,464,396,398,579,0.6,0.8,13.3376,3.033888
St Albans 019,E02004942,E,5300,299,255,257,374,0.6,0.8,8.607,2.41891
St Albans 020,E02004943,E,6689,377,322,324,471,0.8,1.0,10.2057,2.626741
St Edmundsbury 001,E02006273,E,5268,369,335,355,480,0.6,0.8,10.7134,2.692742
St Edmundsbury 002,E02006274,E,5988,419,380,403,545,0.4,0.6,13.112400000000001,3.0046120000000003
St Edmundsbury 003,E02006275,E,5991,419,381,404,546,0.2,0.4,15.156500000000001,3.2703450000000003
St Edmundsbury 004,E02006276,E,5460,382,347,368,498,0.6,0.8,11.108,2.74404
St Edmundsbury 005,E02006277,E,6632,464,421,447,604,0.8,1.0,12.6386,2.9430180000000004
St Edmundsbury 006,E02006278,E,7013,491,445,472,639,0.4,0.6,15.3659,3.297567
St Edmundsbury 007,E02006279,E,7534,527,478,507,686,0.6,0.8,15.3072,3.289936
St Edmundsbury 008,E02006280,E,7744,542,492,522,706,0.6,0.8,15.7512,3.3476560000000006
St Edmundsbury 009,E02006281,E,7042,493,447,474,641,0.6,0.8,14.3076,3.1599880000000002
St Edmundsbury 010,E02006282,E,5163,361,328,348,471,0.6,0.8,10.503900000000002,2.6655070000000003
St Edmundsbury 011,E02006283,E,6035,422,383,407,549,0.6,0.8,12.2605,2.893865
St Edmundsbury 012,E02006284,E,6488,454,412,437,591,0.4,0.6,14.2164,3.1481320000000004
St Edmundsbury 013,E02006285,E,6633,464,421,447,604,0.4,0.6,14.5319,3.189147
St Edmundsbury 014,E02006286,E,9379,656,596,632,854,0.4,0.6,20.5497,3.9714610000000006
St. Helens 001,E02001406,E,6439,473,412,409,477,0.6,0.8,11.8177,2.836301
St. Helens 002,E02001407,E,5115,375,328,324,378,0.6,0.8,9.374500000000001,2.5186850000000005
St. Helens 003,E02001408,E,4761,350,305,302,352,0.4,0.6,9.3843,2.519959
St. Helens 004,E02001409,E,8123,596,520,515,600,0.2,0.4,18.7345,3.7354850000000006
St. Helens 005,E02001410,E,4831,355,309,307,357,0.2,0.4,11.1495,2.749435
St. Helens 006,E02001411,E,4859,357,311,308,359,0.2,0.4,11.208499999999999,2.757105
St. Helens 007,E02001412,E,7302,536,468,463,540,0.2,0.4,16.852,3.49076
St. Helens 008,E02001413,E,8014,588,513,508,593,0.2,0.4,18.495,3.7043500000000007
St. Helens 009,E02001414,E,4432,325,284,281,328,0.8,1.0,7.5606,2.282878
St. Helens 010,E02001415,E,5456,401,350,346,403,0.0,0.2,14.286600000000002,3.1572580000000006
St. Helens 011,E02001416,E,4905,360,314,311,363,0.0,0.2,12.846,2.96998
St. Helens 012,E02001417,E,5948,437,381,377,440,0.0,0.2,15.5778,3.325114
St. Helens 013,E02001418,E,4333,318,278,275,321,0.0,0.2,11.3568,2.776384
St. Helens 014,E02001419,E,5643,414,361,358,417,0.0,0.2,14.770800000000001,3.2202040000000003
St. Helens 015,E02001420,E,8449,620,541,536,625,0.2,0.4,19.500500000000002,3.835065
St. Helens 016,E02001421,E,8699,639,557,552,644,0.2,0.4,20.0865,3.911245
St. Helens 017,E02001422,E,5264,387,337,334,389,0.0,0.2,13.784400000000002,3.091972
St. Helens 018,E02001423,E,5234,384,335,332,387,0.4,0.6,10.3142,2.640846
St. Helens 019,E02001424,E,11198,822,717,710,828,0.0,0.2,29.3198,5.111574
St. Helens 020,E02001425,E,8660,636,555,549,640,0.0,0.2,22.674,4.24762
St. Helens 021,E02001426,E,4469,328,286,284,330,0.2,0.4,10.310500000000001,2.640365
St. Helens 022,E02001427,E,8453,621,542,536,625,0.0,0.2,22.138800000000003,4.178044000000001
St. Helens 023,E02001428,E,4515,331,289,286,334,0.6,0.8,8.2765,2.375945
Stafford 001,E02006188,E,4958,389,353,350,454,0.6,0.8,10.4214,2.654782
Stafford 002,E02006189,E,5994,470,426,423,549,0.6,0.8,12.5962,2.937506
Stafford 003,E02006190,E,8637,678,615,610,792,0.4,0.6,19.5711,3.8442430000000005
Stafford 004,E02006191,E,6691,525,476,472,613,0.8,1.0,13.112300000000001,3.0045990000000002
Stafford 005,E02006192,E,6779,532,482,478,621,0.6,0.8,14.2467,3.1520710000000003
Stafford 006,E02006193,E,5408,425,385,382,495,0.8,1.0,10.5974,2.677662
Stafford 007,E02006194,E,6403,503,456,452,587,0.4,0.6,14.506900000000002,3.1858970000000006
Stafford 008,E02006195,E,6951,546,495,490,637,0.8,1.0,13.6243,3.071159
Stafford 009,E02006196,E,6007,472,427,424,550,0.4,0.6,13.598100000000002,3.0677530000000006
Stafford 010,E02006197,E,6881,540,490,486,631,0.2,0.4,17.9945,3.639285
Stafford 011,E02006198,E,7087,556,504,500,649,0.8,1.0,13.8851,3.1050630000000004
Stafford 012,E02006199,E,6861,539,488,484,628,0.8,1.0,13.4403,3.0472390000000003
Stafford 013,E02006200,E,6673,524,475,471,611,0.2,0.4,17.4375,3.5668750000000005
Stafford 014,E02006201,E,10198,800,726,720,934,0.8,1.0,19.9854,3.8981019999999997
Stafford 015,E02006202,E,7248,569,516,511,664,0.6,0.8,15.235399999999998,3.280602
Stafford 016,E02006203,E,6613,519,471,467,606,0.2,0.4,17.2885,3.547505
Staffordshire Moorlands 001,E02006204,E,5498,501,454,490,553,0.2,0.4,16.134,3.3974200000000003
Staffordshire Moorlands 002,E02006205,E,5290,482,437,471,531,0.8,1.0,11.620999999999999,2.81073
Staffordshire Moorlands 003,E02006206,E,6280,572,518,559,632,0.2,0.4,18.425,3.6952500000000006
Staffordshire Moorlands 004,E02006207,E,4736,432,391,422,476,0.6,0.8,11.1948,2.755324
Staffordshire Moorlands 005,E02006208,E,6131,559,506,546,616,0.2,0.4,17.9805,3.6374649999999997
Staffordshire Moorlands 006,E02006209,E,8168,744,674,727,822,0.8,1.0,17.9634,3.635242
Staffordshire Moorlands 007,E02006210,E,4123,376,340,367,415,0.4,0.6,10.5309,2.669017
Staffordshire Moorlands 008,E02006211,E,4864,443,401,433,489,0.8,1.0,10.6912,2.689856
Staffordshire Moorlands 009,E02006212,E,5917,539,489,527,595,0.8,1.0,13.0111,2.9914430000000003
Staffordshire Moorlands 010,E02006213,E,4927,449,407,439,496,0.4,0.6,12.5901,2.936713
Staffordshire Moorlands 011,E02006214,E,4597,419,380,409,462,0.4,0.6,11.735100000000001,2.8255630000000003
Staffordshire Moorlands 012,E02006215,E,5894,537,487,525,593,0.6,0.8,13.9382,3.1119660000000002
Staffordshire Moorlands 013,E02006216,E,6544,596,540,583,658,0.8,1.0,14.388200000000001,3.1704660000000002
Stevenage 001,E02004944,E,5973,351,253,232,342,0.4,0.6,9.001900000000001,2.4702470000000005
Stevenage 002,E02004945,E,10443,614,443,406,598,0.4,0.6,15.7449,3.346837
Stevenage 003,E02004946,E,5603,330,238,218,320,0.2,0.4,10.1095,2.614235
Stevenage 004,E02004947,E,5602,329,238,218,320,0.8,1.0,7.4246,2.265198
Stevenage 005,E02004948,E,5131,302,218,199,294,0.4,0.6,7.737299999999999,2.3058490000000003
Stevenage 006,E02004949,E,7086,417,300,275,406,0.2,0.4,12.791,2.9628300000000003
Stevenage 007,E02004950,E,6001,353,255,233,344,0.4,0.6,9.0523,2.476799
Stevenage 008,E02004951,E,6213,365,263,241,356,0.2,0.4,11.212500000000002,2.7576250000000004
Stevenage 009,E02004952,E,5897,347,250,229,337,0.4,0.6,8.8811,2.454543
Stevenage 010,E02004953,E,5502,323,233,214,315,0.2,0.4,9.93,2.5909
Stevenage 011,E02004954,E,5664,333,240,220,324,0.4,0.6,8.5332,2.4093160000000005
Stevenage 012,E02004955,E,5231,308,222,203,300,0.4,0.6,7.891299999999999,2.325869
Stockport 001,E02001187,E,6016,417,356,352,463,0.2,0.4,13.703,3.08139
Stockport 002,E02001188,E,6644,461,393,389,512,0.0,0.2,17.123400000000004,3.5260420000000003
Stockport 003,E02001189,E,7014,487,415,411,540,0.4,0.6,13.6842,3.078946
Stockport 004,E02001190,E,5594,388,331,327,431,0.0,0.2,14.412400000000002,3.1736120000000003
Stockport 005,E02001191,E,4887,339,289,286,377,0.2,0.4,11.142500000000002,2.7485250000000003
Stockport 006,E02001192,E,5392,374,319,316,415,0.6,0.8,9.7866,2.572258
Stockport 007,E02001193,E,5103,354,302,299,393,0.0,0.2,13.1508,3.0096040000000004
Stockport 008,E02001194,E,4925,342,292,288,379,0.6,0.8,8.938500000000001,2.4620050000000004
Stockport 009,E02001195,E,6233,432,369,365,480,0.2,0.4,14.2035,3.146455
Stockport 010,E02001196,E,6315,438,374,370,487,0.4,0.6,12.3305,2.902965
Stockport 011,E02001197,E,5209,361,308,305,401,0.4,0.6,10.1587,2.620631
Stockport 012,E02001198,E,6313,438,374,370,486,0.2,0.4,14.3885,3.1705050000000004
Stockport 013,E02001199,E,6532,453,387,382,503,0.6,0.8,11.8566,2.841358
Stockport 014,E02001200,E,5373,373,318,314,414,0.0,0.2,13.8448,3.099824
Stockport 015,E02001201,E,4838,336,287,283,373,0.4,0.6,9.4454,2.527902
Stockport 016,E02001202,E,5101,354,302,298,393,0.0,0.2,13.142600000000002,3.0085380000000006
Stockport 017,E02001203,E,4850,336,287,284,373,0.8,1.0,8.224,2.36912
Stockport 018,E02001204,E,7477,519,443,438,576,0.2,0.4,17.0455,3.5159150000000006
Stockport 019,E02001205,E,6513,452,386,381,502,0.2,0.4,14.8475,3.230175
Stockport 020,E02001206,E,5859,406,347,343,451,0.4,0.6,11.4277,2.7856009999999998
Stockport 021,E02001207,E,5870,407,347,343,452,0.6,0.8,10.649999999999999,2.6845
Stockport 022,E02001208,E,6044,419,358,354,466,0.4,0.6,11.7992,2.833896
Stockport 023,E02001209,E,6470,449,383,379,499,0.2,0.4,14.754999999999999,3.21815
Stockport 024,E02001210,E,5774,401,342,338,445,0.0,0.2,14.8854,3.2351020000000004
Stockport 025,E02001211,E,5030,349,298,294,387,0.6,0.8,9.126,2.48638
Stockport 026,E02001212,E,5433,377,322,318,419,0.0,0.2,14.0088,3.121144
Stockport 027,E02001213,E,7639,530,452,447,588,0.6,0.8,13.8627,3.102151
Stockport 028,E02001214,E,6235,433,369,365,480,0.4,0.6,12.1625,2.881125
Stockport 029,E02001215,E,4857,337,288,284,375,0.6,0.8,8.8281,2.447653
Stockport 030,E02001216,E,6118,424,362,358,471,0.8,1.0,10.3784,2.649192
Stockport 031,E02001217,E,5506,382,326,322,425,0.2,0.4,12.557000000000002,2.9324100000000004
Stockport 032,E02001218,E,4903,340,290,287,377,0.8,1.0,8.312899999999999,2.380677
Stockport 033,E02001219,E,4566,317,270,267,351,0.8,1.0,7.7398,2.306174
Stockport 034,E02001220,E,4633,321,274,271,357,0.6,0.8,8.4099,2.393287
Stockport 035,E02001221,E,5022,348,297,294,387,0.8,1.0,8.5236,2.408068
Stockport 036,E02001222,E,5194,360,307,304,400,0.6,0.8,9.426199999999998,2.525406
Stockport 037,E02001223,E,5769,400,342,338,445,0.8,1.0,9.7997,2.5739609999999997
Stockport 038,E02001224,E,4866,338,288,285,375,0.8,1.0,8.261800000000001,2.374034
Stockport 039,E02001225,E,5923,411,351,347,456,0.8,1.0,10.0519,2.6067470000000004
Stockport 040,E02001226,E,5698,395,337,334,439,0.6,0.8,10.3464,2.645032
Stockport 041,E02001227,E,4768,331,282,279,367,0.8,1.0,8.0884,2.3514920000000004
Stockport 042,E02001228,E,4529,314,268,265,349,0.8,1.0,7.6867,2.299271
Stockton-on-Tees 001,E02002535,E,8336,622,510,455,548,0.6,0.8,14.087800000000001,3.1314140000000004
Stockton-on-Tees 002,E02002536,E,7974,595,488,435,523,0.2,0.4,17.045,3.5158500000000004
Stockton-on-Tees 003,E02002537,E,7489,558,458,409,492,0.0,0.2,18.3404,3.684252
Stockton-on-Tees 004,E02002538,E,4976,371,305,272,327,0.2,0.4,10.649,2.68437
Stockton-on-Tees 005,E02002539,E,7308,545,447,399,480,0.8,1.0,11.4514,2.788682
Stockton-on-Tees 006,E02002540,E,5223,390,320,285,343,0.6,0.8,8.8249,2.4472370000000003
Stockton-on-Tees 007,E02002541,E,5234,390,320,286,344,0.2,0.4,11.197000000000001,2.75561
Stockton-on-Tees 008,E02002542,E,6933,517,424,378,456,0.0,0.2,16.9828,3.507764
Stockton-on-Tees 009,E02002543,E,6857,512,420,374,450,0.0,0.2,16.7922,3.4829860000000004
Stockton-on-Tees 010,E02002544,E,7142,533,437,390,469,0.0,0.2,17.4932,3.574116
Stockton-on-Tees 011,E02002545,E,4483,334,274,245,295,0.6,0.8,7.578899999999999,2.285257
Stockton-on-Tees 012,E02002546,E,6430,480,394,351,422,0.0,0.2,15.749000000000002,3.3473700000000006
Stockton-on-Tees 013,E02002547,E,5270,393,323,288,346,0.4,0.6,9.539,2.54007
Stockton-on-Tees 014,E02002548,E,9334,696,571,509,613,0.0,0.2,22.854400000000002,4.271072
Stockton-on-Tees 015,E02002549,E,6516,486,399,356,428,0.6,0.8,11.0108,2.7314040000000004
Stockton-on-Tees 016,E02002550,E,5316,396,325,290,349,0.2,0.4,11.364,2.7773200000000005
Stockton-on-Tees 017,E02002551,E,5427,405,332,296,356,0.0,0.2,13.285200000000001,3.027076
Stockton-on-Tees 018,E02002552,E,5663,422,347,309,372,0.2,0.4,12.1125,2.874625
Stockton-on-Tees 019,E02002553,E,4895,365,300,267,322,0.2,0.4,10.4755,2.661815
Stockton-on-Tees 020,E02002554,E,4573,341,280,250,301,0.0,0.2,11.2108,2.757404
Stockton-on-Tees 021,E02002555,E,8250,615,505,450,542,0.8,1.0,12.927,2.9805099999999998
Stockton-on-Tees 022,E02002556,E,5950,444,364,325,391,0.8,1.0,9.327,2.51251
Stockton-on-Tees 023,E02002557,E,11538,860,706,630,758,0.8,1.0,18.0814,3.650582
Stockton-on-Tees 024,E02002558,E,8098,604,496,442,532,0.8,1.0,12.6914,2.949882
Stoke-on-Trent 001,E02002951,E,6632,416,349,326,372,0.2,0.4,12.706000000000001,2.9517800000000003
Stoke-on-Trent 002,E02002952,E,5872,368,309,288,330,0.0,0.2,12.8842,2.974946
Stoke-on-Trent 003,E02002953,E,6322,396,333,310,355,0.0,0.2,13.8682,3.102866
Stoke-on-Trent 004,E02002954,E,7102,445,374,349,399,0.0,0.2,15.587200000000001,3.3263360000000004
Stoke-on-Trent 005,E02002955,E,6059,380,319,298,340,0.0,0.2,13.2964,3.0285320000000002
Stoke-on-Trent 006,E02002956,E,7979,500,420,392,448,0.0,0.2,17.5074,3.5759620000000005
Stoke-on-Trent 007,E02002957,E,8385,526,441,412,471,0.6,0.8,12.572500000000002,2.934425
Stoke-on-Trent 008,E02002958,E,6862,430,361,337,385,0.2,0.4,13.144000000000002,3.0087200000000003
Stoke-on-Trent 009,E02002959,E,7257,455,382,356,407,0.0,0.2,15.915200000000002,3.368976
Stoke-on-Trent 010,E02002960,E,5076,318,267,249,285,0.2,0.4,9.723,2.5639900000000004
Stoke-on-Trent 011,E02002961,E,5573,349,293,274,313,0.0,0.2,12.227800000000002,2.8896140000000003
Stoke-on-Trent 012,E02002962,E,5985,375,315,294,336,0.0,0.2,13.131,3.0070300000000003
Stoke-on-Trent 013,E02002963,E,6274,393,330,308,352,0.0,0.2,13.759400000000001,3.088722
Stoke-on-Trent 014,E02002964,E,7327,459,386,360,412,0.2,0.4,14.0485,3.1263050000000003
Stoke-on-Trent 015,E02002965,E,6130,384,323,301,344,0.0,0.2,13.448,3.04824
Stoke-on-Trent 016,E02002966,E,7808,489,411,383,439,0.0,0.2,17.1338,3.527394
Stoke-on-Trent 017,E02002967,E,8384,525,441,412,471,0.0,0.2,18.3964,3.6915320000000005
Stoke-on-Trent 018,E02002968,E,7767,487,409,381,435,0.2,0.4,14.8675,3.232775
Stoke-on-Trent 019,E02002969,E,7443,466,392,365,417,0.0,0.2,16.3148,3.4209240000000003
Stoke-on-Trent 020,E02002970,E,6984,438,368,343,392,0.0,0.2,15.325399999999998,3.292302
Stoke-on-Trent 021,E02002971,E,4517,283,238,222,254,0.0,0.2,9.917200000000001,2.5892360000000005
Stoke-on-Trent 022,E02002972,E,5389,338,284,265,303,0.0,0.2,11.834400000000002,2.8384720000000003
Stoke-on-Trent 023,E02002973,E,6921,434,364,340,388,0.2,0.4,13.2545,3.023085
Stoke-on-Trent 024,E02002974,E,4836,303,255,237,272,0.2,0.4,9.27,2.5051
Stoke-on-Trent 025,E02002975,E,6586,413,347,323,369,0.6,0.8,9.863800000000001,2.582294
Stoke-on-Trent 026,E02002976,E,5167,324,272,254,290,0.2,0.4,9.9015,2.5871950000000004
Stoke-on-Trent 027,E02002977,E,5061,317,266,248,284,0.0,0.2,11.095600000000001,2.7424280000000003
Stoke-on-Trent 028,E02002978,E,5486,344,289,269,308,0.0,0.2,12.0356,2.864628
Stoke-on-Trent 029,E02002979,E,4836,303,255,237,272,0.0,0.2,10.614600000000001,2.6798980000000006
Stoke-on-Trent 030,E02002980,E,5232,328,275,257,294,0.6,0.8,7.8446,2.319798
Stoke-on-Trent 031,E02002981,E,7104,445,374,349,399,0.0,0.2,15.588400000000002,3.326492
Stoke-on-Trent 032,E02002982,E,6061,380,319,298,340,0.0,0.2,13.297600000000001,3.0286880000000003
Stoke-on-Trent 033,E02002983,E,4800,301,253,236,269,0.6,0.8,7.193,2.23509
Stoke-on-Trent 034,E02002984,E,4951,310,261,243,278,0.8,1.0,6.9003,2.197039
Stratford-on-Avon 001,E02006504,E,4879,425,384,400,542,0.6,0.8,11.8117,2.835521
Stratford-on-Avon 002,E02006505,E,5719,498,450,468,635,0.6,0.8,13.8367,3.098771
Stratford-on-Avon 003,E02006506,E,5050,440,397,414,561,0.6,0.8,12.224,2.88912
Stratford-on-Avon 004,E02006507,E,7780,678,612,637,864,0.8,1.0,17.603,3.5883900000000004
Stratford-on-Avon 005,E02006508,E,8112,707,638,664,901,0.6,0.8,19.6306,3.851978
Stratford-on-Avon 006,E02006509,E,5224,455,411,428,581,0.6,0.8,12.6522,2.944786
Stratford-on-Avon 007,E02006510,E,5311,463,418,435,590,0.6,0.8,12.856300000000001,2.9713190000000003
Stratford-on-Avon 008,E02006511,E,7872,686,620,645,874,0.6,0.8,19.052599999999998,3.7768379999999997
Stratford-on-Avon 009,E02006512,E,9363,816,737,767,1041,0.6,0.8,22.6749,4.247737
Stratford-on-Avon 010,E02006513,E,6430,560,506,527,715,0.8,1.0,14.561,3.19293
Stratford-on-Avon 011,E02006514,E,7779,678,612,637,864,0.8,1.0,17.6027,3.5883510000000003
Stratford-on-Avon 012,E02006515,E,7923,690,624,649,880,0.6,0.8,19.1779,3.793127
Stratford-on-Avon 013,E02006516,E,7748,675,610,634,861,0.6,0.8,18.7554,3.7382020000000002
Stratford-on-Avon 014,E02006517,E,6321,551,497,518,703,0.8,1.0,14.3153,3.1609890000000003
Stratford-on-Avon 015,E02006518,E,7988,696,629,654,887,0.6,0.8,19.331400000000002,3.8130820000000005
Stroud 001,E02004651,E,6388,546,480,465,557,0.6,0.8,13.3804,3.039452
Stroud 002,E02004652,E,5278,451,397,384,460,0.8,1.0,10.2594,2.633722
Stroud 003,E02004653,E,5488,469,413,399,479,0.6,0.8,11.500399999999999,2.795052
Stroud 004,E02004654,E,9407,804,707,684,819,0.6,0.8,19.6871,3.859323
Stroud 005,E02004655,E,6470,553,486,471,564,0.4,0.6,14.585,3.1960500000000005
Stroud 006,E02004656,E,9291,794,698,676,810,0.4,0.6,20.9433,4.022629
Stroud 007,E02004657,E,5754,492,432,419,501,0.8,1.0,11.1802,2.753426
Stroud 008,E02004658,E,5452,466,410,397,475,0.8,1.0,10.5976,2.677688
Stroud 009,E02004659,E,5244,448,394,381,457,0.8,1.0,10.1892,2.624596
Stroud 010,E02004660,E,5421,463,407,394,472,0.8,1.0,10.5283,2.668679
Stroud 011,E02004661,E,6837,584,514,497,595,0.6,0.8,14.3051,3.159663
Stroud 012,E02004662,E,5077,434,381,369,442,0.6,0.8,10.6221,2.680873
Stroud 013,E02004663,E,5539,473,416,403,483,0.8,1.0,10.767700000000001,2.6998010000000003
Stroud 014,E02004664,E,5611,479,422,408,488,0.4,0.6,12.6333,2.942329
Stroud 015,E02004665,E,7208,616,542,524,627,0.8,1.0,13.9954,3.119402
Suffolk Coastal 001,E02006287,E,4534,470,432,445,564,0.4,0.6,13.4662,3.050606
Suffolk Coastal 002,E02006288,E,6764,701,645,664,841,0.6,0.8,18.5822,3.715686
Suffolk Coastal 003,E02006289,E,6312,654,602,619,784,0.4,0.6,18.7316,3.7351080000000003
Suffolk Coastal 004,E02006290,E,6210,644,592,609,771,0.4,0.6,18.425,3.6952500000000006
Suffolk Coastal 005,E02006291,E,5371,557,512,527,667,0.8,1.0,13.7213,3.083769
Suffolk Coastal 006,E02006292,E,4994,518,476,490,621,0.6,0.8,13.7192,3.0834960000000002
Suffolk Coastal 007,E02006293,E,8168,847,779,801,1015,0.6,0.8,22.4304,4.215952
Suffolk Coastal 008,E02006294,E,6178,640,589,606,768,0.6,0.8,16.9674,3.5057620000000007
Suffolk Coastal 009,E02006295,E,7091,735,676,696,881,0.8,1.0,18.1203,3.655639
Suffolk Coastal 010,E02006296,E,9748,1010,929,956,1211,0.8,1.0,24.903399999999998,4.5374419999999995
Suffolk Coastal 011,E02006297,E,6119,634,583,600,760,0.8,1.0,15.6297,3.331861
Suffolk Coastal 012,E02006298,E,6764,701,645,664,841,0.6,0.8,18.5822,3.715686
Suffolk Coastal 013,E02006299,E,6367,660,607,625,791,0.8,1.0,16.2701,3.415113
Suffolk Coastal 014,E02006300,E,5728,594,546,562,712,0.0,0.2,21.614800000000002,4.109924
Suffolk Coastal 015,E02006301,E,4500,466,429,441,559,0.4,0.6,13.352,3.0357600000000002
Sunderland 001,E02001791,E,4564,373,307,276,310,0.8,1.0,7.5192,2.277496
Sunderland 002,E02001792,E,5624,460,378,341,382,0.6,0.8,10.0262,2.603406
Sunderland 003,E02001793,E,6608,541,444,400,449,0.0,0.2,17.077800000000003,3.5201140000000004
Sunderland 004,E02001794,E,6838,560,459,414,464,0.0,0.2,17.663800000000002,3.5962940000000003
Sunderland 005,E02001795,E,5981,489,402,362,406,0.0,0.2,15.4496,3.3084480000000003
Sunderland 006,E02001796,E,7313,598,491,443,496,0.4,0.6,13.963899999999999,3.115307
Sunderland 007,E02001797,E,4613,377,310,280,313,0.4,0.6,8.8139,2.4458070000000003
Sunderland 008,E02001798,E,6511,533,438,395,442,0.0,0.2,16.8306,3.487978
Sunderland 009,E02001799,E,7887,645,530,478,535,0.0,0.2,20.3732,3.9485160000000006
Sunderland 010,E02001800,E,5734,469,385,348,390,0.2,0.4,12.93,2.9809
Sunderland 011,E02001801,E,5222,427,351,316,354,0.2,0.4,11.756,2.8282800000000003
Sunderland 012,E02001802,E,4969,407,334,301,337,0.0,0.2,12.837400000000002,2.9688620000000006
Sunderland 013,E02001803,E,6812,558,458,413,463,0.0,0.2,17.6142,3.5898460000000005
Sunderland 014,E02001804,E,5090,417,342,308,345,0.0,0.2,13.145,3.00885
Sunderland 015,E02001805,E,4616,378,310,280,313,0.2,0.4,10.398,2.65174
Sunderland 016,E02001806,E,6754,553,454,409,459,0.0,0.2,17.4584,3.569592
Sunderland 017,E02001807,E,5753,471,387,349,390,0.2,0.4,12.9605,2.984865
Sunderland 018,E02001808,E,4774,391,321,289,324,0.4,0.6,9.1202,2.485626
Sunderland 019,E02001809,E,5170,423,347,313,351,0.2,0.4,11.645,2.81385
Sunderland 020,E02001810,E,6767,554,455,410,459,0.4,0.6,12.9261,2.9803930000000003
Sunderland 021,E02001811,E,7239,592,486,439,492,0.0,0.2,18.7104,3.7323520000000006
Sunderland 022,E02001812,E,8251,675,555,500,560,0.6,0.8,14.705300000000001,3.2116890000000002
Sunderland 023,E02001813,E,7957,651,535,482,541,0.0,0.2,20.5702,3.974126
Sunderland 024,E02001814,E,5050,413,339,306,343,0.2,0.4,11.378,2.77914
Sunderland 025,E02001815,E,8142,666,547,493,552,0.4,0.6,15.5446,3.320798
Sunderland 026,E02001816,E,5451,446,366,330,370,0.0,0.2,14.0806,3.130478
Sunderland 027,E02001817,E,4960,406,333,300,336,0.2,0.4,11.162,2.7510600000000003
Sunderland 028,E02001818,E,6650,544,447,403,451,0.2,0.4,14.978000000000002,3.2471400000000004
Sunderland 029,E02001819,E,5472,448,368,332,371,0.6,0.8,9.7506,2.567578
Sunderland 030,E02001820,E,6722,550,452,407,457,0.2,0.4,15.152,3.2697599999999998
Sunderland 031,E02001821,E,4689,384,315,284,319,0.4,0.6,8.9667,2.465671
Sunderland 032,E02001822,E,5988,490,402,363,407,0.2,0.4,13.497000000000002,3.0546100000000003
Sunderland 033,E02001823,E,5620,460,378,341,382,0.2,0.4,12.673000000000002,2.94749
Sunderland 034,E02001824,E,6625,542,445,402,450,0.2,0.4,14.932500000000001,3.241225
Sunderland 035,E02001825,E,5568,456,374,337,378,0.2,0.4,12.543,2.93059
Sunderland 036,E02001826,E,5203,426,350,315,353,0.0,0.2,13.442800000000002,3.0475640000000004
Surrey Heath 001,E02006416,E,6622,456,384,394,591,0.8,1.0,12.137599999999999,2.877888
Surrey Heath 002,E02006417,E,4520,311,262,269,403,0.8,1.0,8.280000000000001,2.3764000000000003
Surrey Heath 003,E02006418,E,5491,378,318,327,490,0.8,1.0,10.0643,2.608359
Surrey Heath 004,E02006419,E,6408,441,371,382,572,0.4,0.6,13.444400000000002,3.047772
Surrey Heath 005,E02006420,E,5990,412,347,357,535,0.8,1.0,10.985,2.72805
Surrey Heath 006,E02006421,E,6999,482,405,417,624,0.8,1.0,12.822700000000001,2.9669510000000003
Surrey Heath 007,E02006422,E,4891,337,283,291,437,0.8,1.0,8.9693,2.466009
Surrey Heath 008,E02006423,E,8367,576,485,498,747,0.6,0.8,16.3091,3.4201830000000006
Surrey Heath 009,E02006424,E,4997,344,289,297,445,0.8,1.0,9.1451,2.4888630000000003
Surrey Heath 010,E02006425,E,4993,344,289,297,445,0.8,1.0,9.143899999999999,2.488707
Surrey Heath 011,E02006426,E,4622,318,268,275,412,0.8,1.0,8.4656,2.4005280000000004
Surrey Heath 012,E02006427,E,5742,395,333,342,512,0.8,1.0,10.5206,2.667678
Sutton 001,E02000840,E,7611,411,335,315,417,0.0,0.2,15.505600000000001,3.315728
Sutton 002,E02000841,E,8125,439,357,336,445,0.2,0.4,14.4995,3.1849350000000003
Sutton 003,E02000842,E,7139,386,314,295,390,0.8,1.0,9.3067,2.509871
Sutton 004,E02000843,E,6981,377,307,289,382,0.4,0.6,10.394300000000001,2.6512590000000005
Sutton 005,E02000844,E,7246,391,319,300,396,0.4,0.6,10.7838,2.7018940000000002
Sutton 006,E02000845,E,8262,446,363,342,452,0.8,1.0,10.7786,2.701218
Sutton 007,E02000846,E,6570,355,289,272,360,0.6,0.8,9.157,2.49041
Sutton 008,E02000847,E,8195,443,361,339,449,0.8,1.0,10.700500000000002,2.691065
Sutton 009,E02000848,E,7350,397,323,304,402,0.8,1.0,9.587,2.54631
Sutton 010,E02000849,E,6973,377,307,288,382,0.6,0.8,9.7159,2.563067
Sutton 011,E02000850,E,9604,519,423,397,526,0.6,0.8,13.382200000000001,3.0396860000000006
Sutton 012,E02000851,E,7760,419,341,321,425,0.4,0.6,11.556000000000001,2.8022800000000005
Sutton 013,E02000852,E,6926,374,305,286,378,0.8,1.0,9.0238,2.473094
Sutton 014,E02000853,E,7073,382,311,293,387,0.6,0.8,9.8519,2.580747
Sutton 015,E02000854,E,6615,357,291,274,362,0.8,1.0,8.6325,2.422225
Sutton 016,E02000855,E,7256,392,319,300,397,0.8,1.0,9.4658,2.530554
Sutton 017,E02000856,E,7614,411,335,315,417,0.6,0.8,10.6082,2.679066
Sutton 018,E02000857,E,7365,398,324,305,403,0.8,1.0,9.6115,2.5494950000000003
Sutton 019,E02000858,E,7165,387,315,296,392,0.0,0.2,14.585,3.1960500000000005
Sutton 020,E02000859,E,7606,411,335,315,416,0.6,0.8,10.5948,2.677324
Sutton 021,E02000860,E,7079,382,311,293,388,0.4,0.6,10.5457,2.670941
Sutton 022,E02000861,E,6984,377,307,289,382,0.8,1.0,9.110199999999999,2.4843260000000003
Sutton 024,E02000863,E,5930,320,261,245,325,0.6,0.8,8.263,2.37419
Sutton 025,E02006836,E,7703,416,339,319,421,0.8,1.0,10.046899999999999,2.606097
Swale 001,E02005115,E,5470,378,315,319,368,0.0,0.2,13.396,3.04148
Swale 002,E02005116,E,5708,394,329,333,385,0.0,0.2,13.9908,3.118804
Swale 003,E02005117,E,5516,381,318,321,372,0.2,0.4,11.884,2.84492
Swale 004,E02005118,E,8521,588,491,496,573,0.2,0.4,18.3365,3.683745
Swale 005,E02005119,E,5341,369,307,311,359,0.0,0.2,13.0696,2.999048
Swale 006,E02005120,E,7180,496,413,418,483,0.0,0.2,17.575,3.5847499999999997
Swale 007,E02005121,E,11597,801,668,676,781,0.4,0.6,21.1811,4.053543
Swale 008,E02005122,E,6517,450,375,380,438,0.4,0.6,11.891100000000002,2.8458430000000003
Swale 009,E02005123,E,10235,706,589,596,689,0.4,0.6,18.6825,3.728725
Swale 010,E02005124,E,7716,533,444,449,520,0.0,0.2,18.897600000000004,3.7566880000000005
Swale 011,E02005125,E,7062,488,407,411,476,0.2,0.4,15.212,3.2775600000000003
Swale 012,E02005126,E,7232,499,416,421,487,0.4,0.6,13.2016,3.016208
Swale 013,E02005127,E,8166,564,470,476,549,0.6,0.8,13.8768,3.103984
Swale 014,E02005128,E,7774,537,448,453,524,0.4,0.6,14.2042,3.146546
Swale 015,E02005129,E,10318,712,594,601,695,0.2,0.4,22.218,4.18834
Swale 016,E02005130,E,7597,524,437,442,511,0.2,0.4,16.3445,3.424785
Swale 017,E02005131,E,5270,364,303,307,354,0.4,0.6,9.611,2.54943
Swindon 001,E02003212,E,7524,476,391,347,433,0.6,0.8,11.2712,2.765256
Swindon 003,E02003214,E,5765,364,299,265,332,0.0,0.2,12.613000000000001,2.9396900000000006
Swindon 004,E02003215,E,6370,403,331,293,366,0.6,0.8,9.532,2.53916
Swindon 005,E02003216,E,8284,524,430,382,476,0.4,0.6,13.257200000000001,3.0234360000000002
Swindon 006,E02003217,E,5934,375,308,273,341,0.2,0.4,11.327000000000002,2.7725100000000005
Swindon 007,E02003218,E,5991,379,311,276,344,0.0,0.2,13.1046,3.003598
Swindon 008,E02003219,E,6092,385,316,281,350,0.8,1.0,8.4846,2.402998
Swindon 009,E02003220,E,9359,592,486,431,538,0.6,0.8,14.0087,3.121131
Swindon 010,E02003221,E,5877,372,305,271,338,0.2,0.4,11.2275,2.759575
Swindon 011,E02003222,E,5745,363,298,265,330,0.8,1.0,8.0005,2.340065
Swindon 012,E02003223,E,8812,557,458,406,506,0.4,0.6,14.0976,3.132688
Swindon 013,E02003224,E,7965,504,414,367,458,0.8,1.0,11.0985,2.7428049999999997
Swindon 014,E02003225,E,5426,343,282,250,312,0.6,0.8,8.123800000000001,2.356094
Swindon 015,E02003226,E,7608,481,395,350,437,0.2,0.4,14.521,3.18773
Swindon 016,E02003227,E,5774,365,300,266,332,0.0,0.2,12.6354,2.942602
Swindon 017,E02003228,E,6005,380,312,276,345,0.4,0.6,9.6055,2.548715
Swindon 018,E02003229,E,5157,326,268,238,297,0.6,0.8,7.7280999999999995,2.304653
Swindon 019,E02003230,E,6624,419,344,305,381,0.4,0.6,10.603200000000001,2.6784160000000004
Swindon 020,E02003231,E,7755,490,403,357,446,0.0,0.2,16.969,3.5059700000000005
Swindon 021,E02003232,E,7421,469,385,342,427,0.6,0.8,11.1113,2.744469
Swindon 022,E02003233,E,8068,510,419,372,464,0.2,0.4,15.412000000000003,3.30356
Swindon 023,E02003234,E,7912,500,411,364,454,0.4,0.6,12.6496,2.944448
Swindon 024,E02003235,E,6651,421,345,306,382,0.8,1.0,9.2593,2.5037089999999997
Swindon 025,E02003236,E,9573,605,497,441,550,0.6,0.8,14.3249,3.162237
Swindon 026,E02006847,E,8432,533,438,388,485,0.8,1.0,11.7466,2.827058
Swindon 027,E02006848,E,6185,391,321,285,355,0.8,1.0,8.6095,2.4192350000000005
Swindon 028,E02006849,E,8225,520,427,379,472,0.8,1.0,11.4485,2.7883050000000003
Tameside 001,E02001229,E,8397,539,444,438,495,0.4,0.6,13.941100000000002,3.112343
Tameside 002,E02001230,E,5304,340,281,277,313,0.4,0.6,8.813200000000002,2.445716
Tameside 003,E02001231,E,6171,396,326,322,364,0.2,0.4,12.1995,2.885935
Tameside 004,E02001232,E,7088,454,375,370,418,0.0,0.2,16.0038,3.3804939999999997
Tameside 005,E02001233,E,6507,417,344,339,384,0.0,0.2,14.6902,3.2097260000000003
Tameside 006,E02001234,E,6573,421,348,343,387,0.0,0.2,14.8338,3.228394
Tameside 007,E02001235,E,5660,363,299,295,333,0.2,0.4,11.176,2.75288
Tameside 008,E02001236,E,4949,317,262,258,292,0.0,0.2,11.1744,2.7526720000000005
Tameside 009,E02001237,E,5916,379,313,309,349,0.2,0.4,11.698,2.8207400000000002
Tameside 010,E02001238,E,6707,430,355,350,395,0.2,0.4,13.2535,3.0229550000000005
Tameside 011,E02001239,E,7832,502,414,409,462,0.0,0.2,17.6862,3.5992059999999997
Tameside 012,E02001240,E,5335,342,282,278,315,0.2,0.4,10.5475,2.671175
Tameside 013,E02001241,E,8182,525,433,427,482,0.0,0.2,18.4722,3.7013860000000003
Tameside 014,E02001242,E,4926,316,261,257,290,0.4,0.6,8.1758,2.3628540000000005
Tameside 015,E02001243,E,6793,436,359,354,400,0.4,0.6,11.2699,2.7650870000000003
Tameside 016,E02001244,E,4756,305,252,248,281,0.4,0.6,7.9048,2.327624
Tameside 017,E02001245,E,6774,434,358,353,399,0.0,0.2,15.2834,3.286842
Tameside 018,E02001246,E,6290,403,333,328,371,0.0,0.2,14.202,3.14626
Tameside 019,E02001247,E,5978,383,316,312,353,0.2,0.4,11.822,2.8368599999999997
Tameside 020,E02001248,E,8852,568,468,462,522,0.0,0.2,19.9892,3.8985960000000004
Tameside 021,E02001249,E,5411,347,286,282,319,0.2,0.4,10.6925,2.6900250000000003
Tameside 022,E02001250,E,5623,361,297,293,331,0.4,0.6,9.3269,2.512497
Tameside 023,E02001251,E,5196,333,275,271,306,0.4,0.6,8.6228,2.420964
Tameside 024,E02001252,E,6466,415,342,337,381,0.4,0.6,10.7318,2.6951340000000004
Tameside 025,E02001253,E,4478,287,237,234,264,0.2,0.4,8.854,2.4510199999999998
Tameside 026,E02001254,E,5024,322,266,262,297,0.2,0.4,9.94,2.5922
Tameside 027,E02001255,E,5238,336,277,273,309,0.0,0.2,11.8268,2.837484
Tameside 028,E02001256,E,8747,561,463,456,516,0.0,0.2,19.752200000000002,3.8677860000000006
Tameside 029,E02001257,E,7858,504,416,410,463,0.0,0.2,17.7408,3.6063039999999997
Tameside 030,E02001258,E,6243,400,330,326,368,0.4,0.6,10.3649,2.647437
Tamworth 001,E02006217,E,6865,497,460,433,483,0.6,0.8,12.371500000000001,2.9082950000000003
Tamworth 002,E02006218,E,6112,442,409,386,430,0.2,0.4,13.879999999999999,3.1044
Tamworth 003,E02006219,E,6140,444,411,388,431,0.4,0.6,11.873999999999999,2.84362
Tamworth 004,E02006220,E,5758,417,386,363,405,0.4,0.6,11.1434,2.7486420000000003
Tamworth 005,E02006221,E,4739,343,317,299,333,0.6,0.8,8.5337,2.4093809999999998
Tamworth 006,E02006222,E,5340,386,358,337,376,0.2,0.4,12.131,2.8770300000000004
Tamworth 007,E02006223,E,5581,404,374,352,393,0.0,0.2,14.418600000000001,3.174418
Tamworth 008,E02006224,E,5988,433,401,378,421,0.4,0.6,11.586400000000001,2.8062320000000005
Tamworth 009,E02006225,E,5743,416,385,362,404,0.8,1.0,9.5789,2.5452570000000003
Tamworth 010,E02006226,E,7532,545,505,475,530,0.4,0.6,14.5796,3.195348
Tandridge 002,E02006429,E,6107,432,375,386,540,0.8,1.0,11.316099999999999,2.771093
Tandridge 003,E02006430,E,7593,537,466,480,672,0.6,0.8,15.0079,3.251027
Tandridge 004,E02006431,E,8871,627,545,561,786,0.8,1.0,16.4563,3.4393190000000002
Tandridge 005,E02006432,E,4653,329,286,294,412,0.8,1.0,8.6279,2.421627
Tandridge 006,E02006433,E,7967,563,489,504,706,0.8,1.0,14.780100000000001,3.221413
Tandridge 007,E02006434,E,5185,366,318,328,459,0.6,0.8,10.2485,2.632305
Tandridge 008,E02006435,E,4915,347,302,311,435,0.4,0.6,10.462499999999999,2.660125
Tandridge 009,E02006436,E,5031,356,309,318,445,0.4,0.6,10.705300000000001,2.691689
Tandridge 010,E02006437,E,6992,494,429,442,619,0.6,0.8,13.820599999999999,3.096678
Tandridge 011,E02006438,E,6596,466,405,417,584,0.4,0.6,14.0408,3.1253040000000003
Tandridge 012,E02006790,E,6299,445,387,398,558,0.6,0.8,12.4557,2.9192410000000004
Taunton Deane 001,E02006099,E,5604,552,500,477,644,0.6,0.8,14.2542,3.1530460000000002
Taunton Deane 002,E02006100,E,6129,603,547,522,705,0.6,0.8,15.5977,3.3277010000000002
Taunton Deane 003,E02006101,E,4597,453,410,391,529,0.4,0.6,12.6191,2.940483
Taunton Deane 004,E02006102,E,5859,577,523,499,673,0.0,0.2,20.584400000000002,3.9759720000000005
Taunton Deane 005,E02006103,E,5935,584,530,505,683,0.6,0.8,15.1065,3.263845
Taunton Deane 006,E02006104,E,6191,609,553,527,711,0.4,0.6,16.9813,3.507569
Taunton Deane 007,E02006105,E,8456,833,755,720,972,0.4,0.6,23.2068,4.316884
Taunton Deane 008,E02006106,E,6320,622,564,538,727,0.6,0.8,16.083,3.39079
Taunton Deane 009,E02006107,E,6698,660,598,570,770,0.0,0.2,23.538800000000002,4.360044
Taunton Deane 010,E02006108,E,7026,692,627,598,807,0.4,0.6,19.271800000000002,3.805334
Taunton Deane 011,E02006109,E,6447,635,575,549,741,0.8,1.0,15.2501,3.282513
Taunton Deane 012,E02006110,E,6478,638,578,551,744,0.4,0.6,17.7654,3.609502
Taunton Deane 013,E02006111,E,8578,844,765,730,985,0.6,0.8,21.8064,4.134832
Taunton Deane 014,E02006112,E,6103,601,545,519,701,0.6,0.8,15.518899999999999,3.317457
Teignbridge 001,E02004201,E,4284,437,392,384,480,0.4,0.6,11.7912,2.832856
Teignbridge 002,E02004202,E,6398,653,586,574,717,0.6,0.8,16.3264,3.4224319999999997
Teignbridge 003,E02004203,E,4649,474,426,417,522,0.6,0.8,11.8737,2.8435810000000004
Teignbridge 004,E02004204,E,7673,783,703,689,860,0.6,0.8,19.584899999999998,3.846037
Teignbridge 005,E02004205,E,5320,543,487,478,597,0.4,0.6,14.662000000000003,3.2060600000000004
Teignbridge 006,E02004206,E,5537,564,507,497,621,0.4,0.6,15.251100000000001,3.282643
Teignbridge 007,E02004207,E,4913,501,450,441,551,0.6,0.8,12.5419,2.930447
Teignbridge 008,E02004208,E,6572,670,602,590,737,0.8,1.0,15.5726,3.324438
Teignbridge 009,E02004209,E,6851,699,627,615,768,0.6,0.8,17.4843,3.572959
Teignbridge 010,E02004210,E,5592,570,512,502,627,0.2,0.4,17.592000000000002,3.5869600000000004
Teignbridge 011,E02004211,E,5360,547,491,481,601,0.8,1.0,12.7,2.951
Teignbridge 012,E02004212,E,4898,500,449,440,549,0.6,0.8,12.5044,2.925572
Teignbridge 013,E02004213,E,4674,477,428,420,524,0.6,0.8,11.9322,2.851186
Teignbridge 014,E02004214,E,4881,498,447,438,547,0.2,0.4,15.352500000000001,3.2958250000000002
Teignbridge 015,E02004215,E,4661,475,427,418,522,0.2,0.4,14.653500000000001,3.204955
Teignbridge 016,E02004216,E,4587,468,420,412,514,0.4,0.6,12.632100000000001,2.9421730000000004
Teignbridge 017,E02004217,E,6366,649,583,571,714,0.4,0.6,17.5338,3.5793939999999997
Teignbridge 018,E02004218,E,4683,478,429,420,526,0.6,0.8,11.9629,2.8551770000000003
Teignbridge 019,E02004219,E,4552,464,417,409,511,0.8,1.0,10.7936,2.703168
Telford and Wrekin 001,E02002928,E,5584,354,314,282,326,0.6,0.8,8.635200000000001,2.4225760000000003
Telford and Wrekin 002,E02002929,E,5796,367,326,293,338,0.8,1.0,8.3078,2.380014
Telford and Wrekin 003,E02002930,E,5146,326,289,260,300,0.6,0.8,7.9517999999999995,2.3337339999999998
Telford and Wrekin 004,E02002931,E,5925,376,333,299,346,0.8,1.0,8.4965,2.4045449999999997
Telford and Wrekin 005,E02002932,E,8017,508,451,405,468,0.0,0.2,18.0562,3.6473060000000004
Telford and Wrekin 006,E02002933,E,7633,484,429,386,446,0.6,0.8,11.809899999999999,2.835287
Telford and Wrekin 007,E02002934,E,5587,354,314,282,326,0.4,0.6,9.2441,2.5017329999999998
Telford and Wrekin 008,E02002935,E,6213,394,349,314,362,0.2,0.4,12.226500000000001,2.8894450000000003
Telford and Wrekin 009,E02002936,E,8013,508,450,405,468,0.2,0.4,15.781500000000001,3.3515950000000005
Telford and Wrekin 010,E02002937,E,9425,598,530,476,550,0.4,0.6,15.599500000000003,3.327935
Telford and Wrekin 011,E02002938,E,6256,397,352,316,365,0.2,0.4,12.318999999999999,2.9014699999999998
Telford and Wrekin 012,E02002939,E,5971,379,336,302,349,0.2,0.4,11.7685,2.829905
Telford and Wrekin 013,E02002940,E,5659,359,318,286,331,0.2,0.4,11.1525,2.7498250000000004
Telford and Wrekin 014,E02002941,E,8878,563,499,448,518,0.2,0.4,17.476000000000003,3.57188
Telford and Wrekin 015,E02002942,E,5883,373,331,297,344,0.8,1.0,8.4419,2.397447
Telford and Wrekin 016,E02002943,E,8853,561,498,447,517,0.4,0.6,14.655899999999999,3.205267
Telford and Wrekin 017,E02002944,E,7247,459,407,366,423,0.0,0.2,16.316200000000002,3.421106
Telford and Wrekin 018,E02002945,E,8726,553,490,441,509,0.2,0.4,17.177,3.53301
Telford and Wrekin 019,E02002946,E,7347,466,413,371,429,0.2,0.4,14.4685,3.180905
Telford and Wrekin 020,E02002947,E,6440,408,362,325,376,0.0,0.2,14.501000000000001,3.18513
Telford and Wrekin 021,E02002948,E,6415,407,361,324,374,0.0,0.2,14.445,3.1778500000000003
Telford and Wrekin 022,E02002949,E,4957,314,279,250,290,0.2,0.4,9.7665,2.5696450000000004
Telford and Wrekin 023,E02002950,E,5028,319,282,254,293,0.0,0.2,11.315800000000001,2.7710540000000004
Tendring 001,E02004573,E,4730,519,479,505,599,0.0,0.2,18.551,3.7116299999999995
Tendring 002,E02004574,E,5694,625,577,608,721,0.2,0.4,19.938000000000002,3.891940000000001
Tendring 003,E02004575,E,8676,952,879,925,1098,0.4,0.6,26.748800000000003,4.777344
Tendring 004,E02004576,E,6877,755,697,734,871,0.4,0.6,21.217100000000002,4.058223000000001
Tendring 005,E02004577,E,4053,445,411,432,514,0.4,0.6,12.509900000000002,2.9262870000000003
Tendring 006,E02004578,E,5569,611,564,594,705,0.2,0.4,19.491500000000002,3.833895
Tendring 007,E02004579,E,5367,589,544,572,679,0.2,0.4,18.7785,3.741205
Tendring 008,E02004580,E,9110,999,923,972,1153,0.4,0.6,28.091,4.95183
Tendring 009,E02004581,E,5771,633,585,616,730,0.6,0.8,16.4473,3.438149
Tendring 010,E02004582,E,5210,572,528,556,660,0.2,0.4,18.244999999999997,3.67185
Tendring 011,E02004583,E,6465,709,655,690,819,0.2,0.4,22.6375,4.242875
Tendring 012,E02004584,E,5016,550,508,535,635,0.4,0.6,15.4668,3.310684
Tendring 013,E02004585,E,5959,654,604,636,755,0.2,0.4,20.869500000000002,4.013035
Tendring 014,E02004586,E,6343,696,643,677,804,0.0,0.2,24.8878,4.535414
Tendring 015,E02004587,E,6031,662,611,643,764,0.0,0.2,23.6526,4.3748380000000004
Tendring 016,E02004588,E,5043,553,511,538,639,0.0,0.2,19.7798,3.8713740000000003
Tendring 017,E02004589,E,5764,632,584,615,730,0.0,0.2,22.6034,4.238442
Tendring 018,E02004590,E,5841,641,592,623,740,0.0,0.2,22.910600000000002,4.278378
Test Valley 001,E02004814,E,6125,461,403,429,576,0.8,1.0,12.046499999999998,2.8660449999999997
Test Valley 002,E02004815,E,6630,499,436,464,624,0.2,0.4,17.292,3.5479600000000007
Test Valley 003,E02004816,E,7948,599,522,556,748,0.4,0.6,17.982400000000002,3.6377120000000005
Test Valley 004,E02004817,E,6749,509,444,473,635,0.6,0.8,14.1687,3.141931
Test Valley 005,E02004818,E,8840,666,581,619,832,0.8,1.0,17.393,3.56109
Test Valley 006,E02004819,E,6869,517,451,481,647,0.8,1.0,13.5187,3.0574310000000002
Test Valley 007,E02004820,E,6409,483,421,449,603,0.6,0.8,13.450700000000001,3.048591
Test Valley 008,E02004821,E,4556,343,299,319,428,0.6,0.8,9.5518,2.541734
Test Valley 009,E02004822,E,6869,517,451,481,647,0.6,0.8,14.4207,3.174691
Test Valley 010,E02004823,E,7799,588,513,546,734,0.8,1.0,15.345699999999999,3.2949409999999997
Test Valley 011,E02004824,E,5042,380,332,353,475,0.6,0.8,10.5906,2.676778
Test Valley 012,E02004825,E,9244,697,608,647,870,0.8,1.0,18.188200000000002,3.664466
Test Valley 013,E02004826,E,5922,446,389,415,558,0.6,0.8,12.4376,2.916888
Test Valley 014,E02004827,E,6708,505,441,470,631,0.8,1.0,13.1954,3.015402
Test Valley 015,E02004828,E,5515,415,362,386,519,0.8,1.0,10.8475,2.710175
Tewkesbury 001,E02004666,E,11333,882,784,750,962,0.8,1.0,21.063899999999997,4.038307
Tewkesbury 002,E02004667,E,10072,784,697,667,855,0.4,0.6,21.6396,4.113148000000001
Tewkesbury 003,E02004668,E,8074,628,559,534,686,0.8,1.0,15.0122,3.251586
Tewkesbury 004,E02004669,E,6462,503,447,428,549,0.6,0.8,12.9116,2.978508
Tewkesbury 005,E02004670,E,12418,966,860,822,1055,0.8,1.0,23.092399999999998,4.3020119999999995
Tewkesbury 006,E02004671,E,5736,446,397,380,487,0.6,0.8,11.457799999999999,2.789514
Tewkesbury 007,E02004672,E,12250,953,848,811,1040,0.8,1.0,22.772,4.26036
Tewkesbury 008,E02004673,E,5300,412,367,351,450,0.4,0.6,11.388,2.78044
Tewkesbury 009,E02004674,E,8532,664,590,565,724,0.4,0.6,18.3256,3.682328
Thanet 001,E02005132,E,7848,677,617,618,712,0.0,0.2,24.0488,4.426344
Thanet 002,E02005133,E,6913,596,543,544,627,0.4,0.6,16.225900000000003,3.4093670000000005
Thanet 003,E02005134,E,5893,508,463,464,535,0.0,0.2,18.058799999999998,3.6476439999999997
Thanet 004,E02005135,E,6324,545,497,498,574,0.0,0.2,19.3784,3.819192
Thanet 005,E02005136,E,6445,556,507,508,585,0.2,0.4,17.4945,3.5742849999999997
Thanet 006,E02005137,E,6383,550,502,503,579,0.0,0.2,19.5588,3.842644
Thanet 007,E02005138,E,6945,599,546,547,630,0.2,0.4,18.8425,3.749525
Thanet 008,E02005139,E,6987,602,549,550,634,0.4,0.6,16.4041,3.4325330000000003
Thanet 009,E02005140,E,6181,533,486,487,561,0.6,0.8,13.4703,3.051139
Thanet 010,E02005141,E,5685,490,447,448,516,0.4,0.6,13.3535,3.0359550000000004
Thanet 011,E02005142,E,5935,512,467,468,538,0.2,0.4,16.1035,3.3934550000000003
Thanet 012,E02005143,E,6689,577,526,527,607,0.2,0.4,18.1525,3.6598250000000005
Thanet 013,E02005144,E,6865,592,540,541,623,0.0,0.2,21.041999999999998,4.03546
Thanet 014,E02005145,E,5535,477,435,436,503,0.4,0.6,13.006499999999999,2.990845
Thanet 015,E02005146,E,6399,552,503,504,581,0.2,0.4,17.3675,3.5577750000000004
Thanet 016,E02005147,E,6995,603,550,551,635,0.0,0.2,21.439,4.08707
Thanet 017,E02005148,E,6214,536,488,489,564,0.4,0.6,14.5902,3.196726
Three Rivers 001,E02004956,E,7596,475,415,399,555,0.8,1.0,12.1588,2.880644
Three Rivers 002,E02004957,E,7525,470,411,395,549,0.6,0.8,12.8555,2.971215
Three Rivers 003,E02004958,E,6200,388,339,326,453,0.8,1.0,9.927,2.59051
Three Rivers 004,E02004959,E,5004,313,273,263,365,0.8,1.0,8.0032,2.3404160000000003
Three Rivers 005,E02004960,E,4796,300,262,252,351,0.8,1.0,7.6838,2.2988939999999998
Three Rivers 006,E02004961,E,7961,498,435,418,581,0.8,1.0,12.735299999999999,2.955589
Three Rivers 007,E02004962,E,7341,459,401,386,536,0.8,1.0,11.7483,2.827279
Three Rivers 008,E02004963,E,6057,379,331,318,442,0.4,0.6,11.1111,2.7444430000000004
Three Rivers 009,E02004964,E,4828,302,264,254,353,0.4,0.6,8.868400000000001,2.4528920000000003
Three Rivers 010,E02004965,E,5627,352,307,296,411,0.6,0.8,9.621099999999998,2.5507429999999998
Three Rivers 011,E02004966,E,6003,375,328,315,438,0.8,1.0,9.5999,2.547987
Three Rivers 012,E02004967,E,6296,394,344,331,460,0.2,0.4,13.543,3.06059
Thurrock 001,E02003296,E,7109,335,277,261,288,0.8,1.0,7.829699999999999,2.3178609999999997
Thurrock 002,E02003297,E,7284,343,283,268,295,0.4,0.6,9.1512,2.489656
Thurrock 003,E02003298,E,7128,336,277,262,289,0.4,0.6,8.958400000000001,2.464592
Thurrock 004,E02003299,E,6174,291,240,227,250,0.6,0.8,7.2792,2.246296
Thurrock 005,E02003300,E,7733,364,301,284,314,0.6,0.8,9.1259,2.486367
Thurrock 006,E02003301,E,9577,451,373,352,388,0.2,0.4,14.753499999999999,3.217955
Thurrock 007,E02003302,E,10073,474,392,370,408,0.2,0.4,15.5125,3.316625
Thurrock 008,E02003303,E,7811,368,304,287,316,0.2,0.4,12.0265,2.8634450000000005
Thurrock 009,E02003304,E,9407,443,366,346,381,0.4,0.6,11.8201,2.836613
Thurrock 010,E02003305,E,5828,274,227,214,235,0.4,0.6,7.308400000000001,2.2500920000000004
Thurrock 012,E02003307,E,9961,469,388,366,404,0.2,0.4,15.349499999999999,3.295435
Thurrock 013,E02003308,E,6427,303,250,236,260,0.4,0.6,8.0701,2.349113
Thurrock 014,E02003309,E,7497,353,292,276,303,0.6,0.8,8.8361,2.448693
Thurrock 015,E02003310,E,11768,554,458,432,476,0.2,0.4,18.114,3.65482
Thurrock 016,E02003311,E,8519,401,331,313,344,0.4,0.6,10.6877,2.689401
Thurrock 017,E02003312,E,8166,385,318,300,331,0.2,0.4,12.582,2.9356600000000004
Thurrock 018,E02003313,E,13182,621,513,484,534,0.0,0.2,23.3752,4.338776
Thurrock 019,E02006859,E,7457,351,290,274,302,0.8,1.0,8.2111,2.367443
Thurrock 020,E02006926,E,8150,384,317,299,331,0.8,1.0,8.983,2.46779
Tonbridge and Malling 001,E02005149,E,9621,642,519,537,693,0.6,0.8,16.554299999999998,3.452059
Tonbridge and Malling 002,E02005150,E,9440,630,510,527,680,0.4,0.6,17.454,3.56902
Tonbridge and Malling 003,E02005151,E,11643,777,628,650,838,0.6,0.8,20.026899999999998,3.9034969999999998
Tonbridge and Malling 005,E02005153,E,7906,528,427,441,569,0.4,0.6,14.6098,3.199274
Tonbridge and Malling 006,E02005154,E,10117,675,546,565,729,0.6,0.8,17.4131,3.5637030000000003
Tonbridge and Malling 007,E02005155,E,10129,676,547,565,729,0.8,1.0,16.3287,3.4227310000000006
Tonbridge and Malling 008,E02005156,E,6740,450,364,376,486,0.6,0.8,11.604,2.8085199999999997
Tonbridge and Malling 009,E02005157,E,6083,406,328,339,438,0.4,0.6,11.238900000000001,2.761057
Tonbridge and Malling 010,E02005158,E,6072,405,328,339,437,0.8,1.0,9.7896,2.572648
Tonbridge and Malling 011,E02005159,E,7187,480,388,401,518,0.6,0.8,12.3711,2.908243
Tonbridge and Malling 012,E02005160,E,9731,649,525,543,701,0.6,0.8,16.743299999999998,3.476629
Tonbridge and Malling 013,E02005161,E,7585,506,409,423,546,0.8,1.0,12.2265,2.8894450000000003
Tonbridge and Malling 014,E02006833,E,9439,630,509,527,680,0.4,0.6,17.4497,3.568461
Torbay 001,E02003154,E,5535,572,498,507,647,0.0,0.2,19.983999999999998,3.89792
Torbay 002,E02003155,E,4489,464,404,411,524,0.2,0.4,14.4175,3.174275
Torbay 003,E02003156,E,7345,759,660,673,858,0.4,0.6,20.6955,3.9904149999999996
Torbay 004,E02003157,E,4798,496,431,440,561,0.0,0.2,17.3258,3.5523540000000002
Torbay 005,E02003158,E,4195,434,377,384,490,0.2,0.4,13.4755,3.0518150000000004
Torbay 006,E02003159,E,4430,458,398,406,518,0.0,0.2,15.996000000000002,3.37948
Torbay 008,E02003161,E,5319,550,478,487,622,0.0,0.2,19.2044,3.7965720000000003
Torbay 010,E02003163,E,5998,620,539,549,701,0.2,0.4,19.270000000000003,3.8051000000000004
Torbay 011,E02003164,E,6805,703,612,623,795,0.4,0.6,19.1735,3.792555
Torbay 012,E02003165,E,5502,568,494,504,643,0.4,0.6,15.502600000000001,3.3153380000000006
Torbay 013,E02003166,E,8078,835,726,740,944,0.0,0.2,29.1598,5.090774000000001
Torbay 014,E02003167,E,6954,719,625,637,812,0.0,0.2,25.0954,4.5624020000000005
Torbay 015,E02003168,E,5326,551,479,488,622,0.4,0.6,15.0078,3.251014
Torbay 016,E02003169,E,5134,531,461,470,599,0.6,0.8,13.385200000000001,3.040076
Torbay 017,E02003170,E,7197,744,647,659,841,0.2,0.4,23.1235,4.306055
Torbay 018,E02003171,E,5676,587,510,520,663,0.2,0.4,18.235,3.6705500000000004
Torbay 019,E02006840,E,8202,848,737,751,958,0.4,0.6,23.1066,4.303858
Torridge 001,E02004220,E,4904,570,488,463,562,0.2,0.4,16.099,3.3928700000000003
Torridge 002,E02004221,E,4662,542,464,440,534,0.4,0.6,13.386600000000001,3.0402580000000006
Torridge 003,E02004222,E,4534,527,451,428,519,0.2,0.4,14.876,3.23388
Torridge 004,E02004223,E,9001,1046,895,849,1031,0.2,0.4,29.5335,5.139355
Torridge 005,E02004224,E,4960,577,493,468,568,0.4,0.6,14.238,3.1509400000000003
Torridge 006,E02004225,E,4530,527,451,427,519,0.4,0.6,13.007,2.99091
Torridge 007,E02004226,E,5484,638,545,517,629,0.2,0.4,18.003,3.64039
Torridge 008,E02004227,E,7081,823,704,668,811,0.2,0.4,23.2335,4.320355
Torridge 009,E02004228,E,5472,636,544,516,627,0.2,0.4,17.956,3.6342800000000004
Tower Hamlets 001,E02000864,E,10799,302,225,152,187,0.0,0.2,12.4224,2.914912
Tower Hamlets 002,E02000865,E,9180,257,192,129,159,0.0,0.2,10.564,2.6733200000000004
Tower Hamlets 003,E02000866,E,12578,352,263,177,218,0.2,0.4,12.252,2.89276
Tower Hamlets 004,E02000867,E,12707,355,265,179,220,0.2,0.4,12.371500000000001,2.9082950000000003
Tower Hamlets 005,E02000868,E,8633,242,180,122,150,0.2,0.4,8.416500000000001,2.394145
Tower Hamlets 006,E02000869,E,7424,208,155,105,129,0.0,0.2,8.552400000000002,2.4118120000000003
Tower Hamlets 007,E02000870,E,8430,236,176,119,146,0.2,0.4,8.212,2.36756
Tower Hamlets 008,E02000871,E,11184,313,233,158,194,0.0,0.2,12.8744,2.973672
Tower Hamlets 009,E02000872,E,9764,273,204,138,169,0.0,0.2,11.237400000000001,2.7608620000000004
Tower Hamlets 010,E02000873,E,11341,317,237,160,196,0.2,0.4,11.041500000000003,2.7353950000000005
Tower Hamlets 011,E02000874,E,9279,260,194,131,160,0.0,0.2,10.6744,2.687672
Tower Hamlets 012,E02000875,E,12289,344,256,173,213,0.0,0.2,14.1404,3.138252
Tower Hamlets 013,E02000876,E,9160,256,191,129,158,0.0,0.2,10.530000000000001,2.6689000000000003
Tower Hamlets 014,E02000877,E,12762,357,266,180,221,0.2,0.4,12.428,2.9156400000000002
Tower Hamlets 015,E02000878,E,13389,375,279,189,232,0.2,0.4,13.042500000000002,2.9955250000000007
Tower Hamlets 016,E02000879,E,9936,278,207,140,172,0.2,0.4,9.674,2.55762
Tower Hamlets 017,E02000880,E,7518,210,157,106,130,0.2,0.4,7.319000000000001,2.2514700000000003
Tower Hamlets 018,E02000881,E,8994,252,188,127,156,0.0,0.2,10.3574,2.646462
Tower Hamlets 019,E02000882,E,11200,313,234,158,194,0.0,0.2,12.889,2.9755700000000003
Tower Hamlets 020,E02000883,E,10348,290,216,146,180,0.0,0.2,11.920800000000002,2.849704
Tower Hamlets 021,E02000884,E,11826,331,247,167,205,0.2,0.4,11.523,2.79799
Tower Hamlets 022,E02000885,E,8976,251,187,126,156,0.0,0.2,10.3296,2.642848
Tower Hamlets 023,E02000886,E,9536,267,199,134,165,0.2,0.4,9.283,2.50679
Tower Hamlets 024,E02000887,E,11273,315,235,159,195,0.0,0.2,12.966800000000001,2.985684
Tower Hamlets 025,E02000888,E,10694,299,223,151,185,0.2,0.4,10.413000000000002,2.65369
Tower Hamlets 026,E02000889,E,8612,241,180,121,149,0.4,0.6,6.2996,2.118948
Tower Hamlets 027,E02000890,E,7543,211,157,106,131,0.8,1.0,4.9699,1.946087
Tower Hamlets 028,E02000891,E,16503,462,344,233,285,0.4,0.6,12.068900000000001,2.868957
Tower Hamlets 030,E02000893,E,8830,247,184,124,153,0.4,0.6,6.4590000000000005,2.13967
Tower Hamlets 031,E02000894,E,13195,369,275,186,229,0.6,0.8,9.2455,2.5019150000000003
Tower Hamlets 032,E02006853,E,9197,257,192,130,160,0.2,0.4,8.967500000000001,2.4657750000000003
Tower Hamlets 033,E02006854,E,7657,214,160,108,132,0.6,0.8,5.357100000000001,1.996423
Trafford 001,E02001259,E,8991,531,439,425,584,0.0,0.2,20.227600000000002,3.9295880000000007
Trafford 002,E02001260,E,6745,398,329,319,438,0.6,0.8,10.5485,2.6713050000000003
Trafford 003,E02001261,E,7314,432,357,346,475,0.2,0.4,14.503,3.18539
Trafford 004,E02001262,E,7478,441,365,353,486,0.2,0.4,14.825,3.2272499999999997
Trafford 005,E02001263,E,7117,420,348,336,462,0.8,1.0,10.4331,2.6563030000000003
Trafford 006,E02001264,E,7201,425,352,340,468,0.4,0.6,12.074300000000001,2.8696590000000004
Trafford 007,E02001265,E,7165,423,350,339,466,0.4,0.6,12.021500000000001,2.862795
Trafford 008,E02001266,E,5877,347,287,278,381,0.2,0.4,11.645499999999998,2.8139149999999997
Trafford 009,E02001267,E,6559,387,320,310,426,0.4,0.6,10.9937,2.729181
Trafford 010,E02001268,E,6360,375,311,301,413,0.6,0.8,9.95,2.5934999999999997
Trafford 011,E02001269,E,7304,431,357,345,474,0.2,0.4,14.475999999999999,3.18188
Trafford 012,E02001270,E,6949,410,339,328,451,0.8,1.0,10.183699999999998,2.623881
Trafford 013,E02001271,E,5786,342,283,273,376,0.4,0.6,9.701800000000002,2.5612340000000007
Trafford 014,E02001272,E,6936,410,339,328,451,0.8,1.0,10.1798,2.623374
Trafford 015,E02001273,E,7849,463,383,371,510,0.8,1.0,11.5117,2.7965210000000003
Trafford 016,E02001274,E,6959,411,340,329,452,0.8,1.0,10.2067,2.626871
Trafford 017,E02001275,E,7420,438,362,351,482,0.0,0.2,16.693,3.47009
Trafford 018,E02001276,E,7007,414,342,331,455,0.4,0.6,11.7441,2.826733
Trafford 019,E02001277,E,7797,460,381,369,507,0.2,0.4,15.4695,3.3110350000000004
Trafford 020,E02001278,E,7174,423,350,339,466,0.8,1.0,10.5192,2.667496
Trafford 021,E02001279,E,7448,440,364,352,484,0.8,1.0,10.926400000000001,2.720432
Trafford 022,E02001280,E,7307,431,357,345,474,0.2,0.4,14.4775,3.182075
Trafford 023,E02001281,E,6852,404,335,324,445,0.8,1.0,10.0486,2.606318
Trafford 024,E02001282,E,7960,470,389,376,517,0.8,1.0,11.672999999999998,2.81749
Trafford 025,E02001283,E,7639,451,373,361,496,0.8,1.0,11.2007,2.756091
Trafford 026,E02001284,E,7141,422,349,338,464,0.8,1.0,10.4783,2.662179
Trafford 027,E02001285,E,6922,409,338,327,449,0.8,1.0,10.1446,2.618798
Trafford 028,E02001286,E,6977,412,341,330,453,0.8,1.0,10.232099999999999,2.630173
Tunbridge Wells 001,E02005162,E,8886,602,501,524,751,0.6,0.8,16.7548,3.478124
Tunbridge Wells 002,E02005163,E,6797,461,383,401,574,0.8,1.0,12.046100000000001,2.8659930000000005
Tunbridge Wells 003,E02005164,E,6503,441,367,383,550,0.6,0.8,12.2659,2.8945670000000003
Tunbridge Wells 004,E02005165,E,6474,439,365,382,547,0.8,1.0,11.4772,2.7920360000000004
Tunbridge Wells 005,E02005166,E,5832,396,329,344,493,0.2,0.4,13.744,3.08672
Tunbridge Wells 006,E02005167,E,6466,438,365,381,546,0.8,1.0,11.4568,2.789384
Tunbridge Wells 007,E02005168,E,6244,423,352,368,527,0.8,1.0,11.0602,2.737826
Tunbridge Wells 008,E02005169,E,7345,498,414,433,620,0.8,1.0,13.0125,2.991625
Tunbridge Wells 009,E02005170,E,7835,531,442,462,662,0.8,1.0,13.8885,3.105505
Tunbridge Wells 010,E02005171,E,5121,347,289,302,432,0.4,0.6,10.3823,2.649699
Tunbridge Wells 011,E02005172,E,7168,486,404,423,606,0.6,0.8,13.519400000000001,3.0575220000000005
Tunbridge Wells 012,E02005173,E,7120,483,402,420,601,0.8,1.0,12.617,2.9402100000000004
Tunbridge Wells 013,E02005174,E,6304,427,356,372,533,0.6,0.8,11.892199999999999,2.845986
Tunbridge Wells 014,E02005175,E,7261,492,410,428,614,0.6,0.8,13.6963,3.0805190000000002
Uttlesford 001,E02004591,E,6572,479,387,386,518,0.8,1.0,11.3316,2.773108
Uttlesford 002,E02004592,E,11616,847,684,682,915,0.8,1.0,20.0218,3.9028340000000004
Uttlesford 003,E02004593,E,7805,569,459,459,615,0.8,1.0,13.4575,3.049475
Uttlesford 004,E02004594,E,7504,547,442,441,591,0.8,1.0,12.9352,2.981576
Uttlesford 005,E02004595,E,11432,833,673,672,900,0.8,1.0,19.7016,3.8612080000000004
Uttlesford 006,E02004596,E,7355,536,433,432,579,0.6,0.8,13.5395,3.060135
Uttlesford 007,E02004597,E,6976,508,411,410,549,0.6,0.8,12.8418,2.9694339999999997
Uttlesford 008,E02004598,E,9934,724,585,584,782,0.8,1.0,17.1202,3.525626
Uttlesford 009,E02004599,E,7058,515,415,415,556,0.8,1.0,12.1684,2.881892
Vale of White Horse 001,E02005978,E,6394,435,381,378,522,0.8,1.0,11.182200000000002,2.753686
Vale of White Horse 002,E02005979,E,8761,597,522,518,716,0.8,1.0,15.3323,3.2931990000000004
Vale of White Horse 003,E02005980,E,11041,752,657,653,902,0.8,1.0,19.3173,3.811249
Vale of White Horse 004,E02005981,E,8611,587,513,509,704,0.8,1.0,15.0723,3.259399
Vale of White Horse 005,E02005982,E,5607,382,334,332,458,0.8,1.0,9.812100000000001,2.5755730000000003
Vale of White Horse 006,E02005983,E,10292,701,613,609,841,0.6,0.8,19.2376,3.8008880000000005
Vale of White Horse 007,E02005984,E,6596,449,393,390,539,0.8,1.0,11.541799999999999,2.800434
Vale of White Horse 008,E02005985,E,7243,493,431,428,591,0.4,0.6,14.542900000000001,3.190577
Vale of White Horse 009,E02005986,E,8618,587,513,510,704,0.6,0.8,16.105400000000003,3.393702
Vale of White Horse 010,E02005987,E,7325,499,436,433,598,0.6,0.8,13.6825,3.078725
Vale of White Horse 011,E02005988,E,6881,469,410,407,562,0.8,1.0,12.0393,2.8651090000000003
Vale of White Horse 014,E02005991,E,9395,640,559,556,767,0.8,1.0,16.433500000000002,3.4363550000000007
Vale of White Horse 015,E02005992,E,8641,588,514,511,706,0.8,1.0,15.1173,3.265249
Vale of White Horse 016,E02006886,E,10566,720,629,625,863,0.8,1.0,18.485799999999998,3.7031539999999996
Wakefield 001,E02002438,E,7169,500,412,395,477,0.0,0.2,17.3504,3.5555520000000005
Wakefield 002,E02002439,E,6956,485,400,383,463,0.0,0.2,16.835600000000003,3.4886280000000003
Wakefield 003,E02002440,E,7060,492,406,389,471,0.0,0.2,17.101000000000003,3.52313
Wakefield 004,E02002441,E,7856,548,452,433,523,0.0,0.2,19.0206,3.772678
Wakefield 005,E02002442,E,6113,426,352,337,407,0.4,0.6,10.9999,2.7299870000000004
Wakefield 006,E02002443,E,5411,378,311,298,361,0.6,0.8,9.0843,2.4809590000000004
Wakefield 007,E02002444,E,5355,374,308,295,357,0.4,0.6,9.6405,2.553265
Wakefield 008,E02002445,E,6379,445,367,351,424,0.4,0.6,11.4657,2.790541
Wakefield 009,E02002446,E,5499,384,316,303,366,0.6,0.8,9.2227,2.498951
Wakefield 010,E02002447,E,5596,390,322,308,372,0.2,0.4,11.876000000000001,2.8438800000000004
Wakefield 011,E02002448,E,6889,481,396,380,458,0.0,0.2,16.6744,3.4676720000000003
Wakefield 012,E02002449,E,7412,517,426,408,493,0.4,0.6,13.3256,3.032328
Wakefield 013,E02002450,E,6152,429,354,339,410,0.4,0.6,11.0736,2.7395680000000002
Wakefield 014,E02002451,E,6544,456,377,361,436,0.6,0.8,10.9842,2.727946
Wakefield 015,E02002452,E,7251,506,417,400,483,0.0,0.2,17.561600000000002,3.5830080000000004
Wakefield 016,E02002453,E,8422,587,485,464,561,0.0,0.2,20.3932,3.951116
Wakefield 017,E02002454,E,6879,480,396,379,458,0.0,0.2,16.6564,3.465332
Wakefield 018,E02002455,E,5600,391,322,309,373,0.0,0.2,13.564,3.06332
Wakefield 019,E02002456,E,6528,455,375,360,435,0.2,0.4,13.869,3.10297
Wakefield 020,E02002457,E,6922,483,398,382,461,0.0,0.2,16.7642,3.4793459999999996
Wakefield 021,E02002458,E,8021,560,462,442,534,0.4,0.6,14.4343,3.1764590000000004
Wakefield 022,E02002459,E,8514,594,490,469,567,0.2,0.4,18.086,3.65118
Wakefield 023,E02002460,E,6426,448,370,354,428,0.6,0.8,10.7818,2.7016340000000003
Wakefield 024,E02002461,E,9162,639,527,505,610,0.2,0.4,19.461,3.82993
Wakefield 025,E02002462,E,6655,464,383,367,443,0.4,0.6,11.974499999999999,2.8566849999999997
Wakefield 026,E02002463,E,8292,578,477,457,552,0.0,0.2,20.0732,3.909516
Wakefield 027,E02002464,E,7147,499,411,394,476,0.0,0.2,17.3082,3.550066
Wakefield 028,E02002465,E,5453,380,314,300,363,0.2,0.4,11.5785,2.805205
Wakefield 029,E02002466,E,8183,571,471,451,545,0.4,0.6,14.7269,3.214497
Wakefield 030,E02002467,E,7500,523,431,413,499,0.0,0.2,18.149,3.65937
Wakefield 031,E02002468,E,5505,384,317,303,366,0.4,0.6,9.8975,2.5866750000000005
Wakefield 032,E02002469,E,5414,378,311,298,361,0.4,0.6,9.7442,2.566746
Wakefield 033,E02002470,E,5594,390,322,308,372,0.8,1.0,8.734200000000001,2.435446
Wakefield 034,E02002471,E,9475,661,545,522,631,0.6,0.8,15.895499999999998,3.366415
Wakefield 035,E02002472,E,5432,379,312,299,361,0.6,0.8,9.1016,2.4832080000000003
Wakefield 036,E02002473,E,5768,402,332,318,385,0.6,0.8,9.6874,2.559362
Wakefield 037,E02002474,E,5568,388,320,307,370,0.2,0.4,11.817,2.8362100000000003
Wakefield 038,E02002475,E,5442,380,313,300,362,0.6,0.8,9.1266,2.486458
Wakefield 039,E02002476,E,5323,371,306,293,355,0.0,0.2,12.8898,2.9756739999999997
Wakefield 040,E02002477,E,5756,402,331,317,383,0.2,0.4,12.222999999999999,2.8889899999999997
Wakefield 041,E02002478,E,5310,370,306,293,353,0.2,0.4,11.276,2.76588
Wakefield 042,E02002479,E,7590,529,437,418,505,0.0,0.2,18.37,3.6881000000000004
Wakefield 043,E02002480,E,5348,373,308,295,357,0.0,0.2,12.962800000000001,2.985164
Wakefield 044,E02002481,E,5761,402,331,317,383,0.0,0.2,13.9366,3.111758
Wakefield 045,E02002482,E,6104,426,351,336,406,0.0,0.2,14.7714,3.220282
Walsall 001,E02002110,E,6124,352,298,276,385,0.2,0.4,11.862000000000002,2.84206
Walsall 002,E02002111,E,5372,309,261,242,338,0.0,0.2,11.8232,2.837016
Walsall 003,E02002112,E,4927,283,240,222,310,0.4,0.6,8.0561,2.347293
Walsall 004,E02002113,E,5865,337,285,264,369,0.2,0.4,11.3595,2.7767350000000004
Walsall 005,E02002114,E,5469,314,266,247,345,0.4,0.6,8.954699999999999,2.464111
Walsall 006,E02002115,E,5952,342,290,268,375,0.0,0.2,13.1072,3.0039360000000004
Walsall 007,E02002116,E,6110,351,297,275,385,0.6,0.8,9.332999999999998,2.5132899999999996
Walsall 008,E02002117,E,5486,315,267,247,345,0.2,0.4,10.625,2.6812500000000004
Walsall 009,E02002118,E,6523,375,318,294,411,0.0,0.2,14.3688,3.1679440000000003
Walsall 010,E02002119,E,5433,312,264,245,341,0.2,0.4,10.5155,2.667015
Walsall 011,E02002120,E,5682,326,277,256,358,0.4,0.6,9.296600000000002,2.5085580000000003
Walsall 012,E02002121,E,5631,324,274,254,354,0.0,0.2,12.3946,2.9112980000000004
Walsall 013,E02002122,E,5002,288,244,226,315,0.0,0.2,11.0232,2.733016
Walsall 014,E02002123,E,5829,335,284,263,367,0.2,0.4,11.3005,2.7690650000000003
Walsall 015,E02002124,E,6250,359,304,282,393,0.2,0.4,12.108,2.87404
Walsall 016,E02002125,E,5364,308,261,242,337,0.2,0.4,10.388000000000002,2.6504400000000006
Walsall 017,E02002126,E,5750,330,280,259,362,0.0,0.2,12.657,2.94541
Walsall 018,E02002127,E,7554,434,368,341,476,0.0,0.2,16.6414,3.463382
Walsall 019,E02002128,E,5029,289,245,227,316,0.2,0.4,9.7425,2.566525
Walsall 020,E02002129,E,5350,308,260,241,337,0.2,0.4,10.370000000000001,2.6481000000000003
Walsall 021,E02002130,E,5980,344,291,270,377,0.0,0.2,13.177,3.01301
Walsall 022,E02002131,E,7113,409,346,321,448,0.8,1.0,10.1769,2.622997
Walsall 023,E02002132,E,5776,332,281,260,364,0.0,0.2,12.7186,2.953418
Walsall 024,E02002133,E,6025,346,293,272,379,0.0,0.2,13.262,3.0240600000000004
Walsall 025,E02002134,E,7454,428,363,336,469,0.0,0.2,16.407400000000003,3.4329620000000007
Walsall 026,E02002135,E,6419,369,313,289,404,0.0,0.2,14.1324,3.137212
Walsall 027,E02002136,E,6856,394,334,309,432,0.0,0.2,15.1006,3.263078
Walsall 028,E02002137,E,5699,327,277,257,358,0.8,1.0,8.140699999999999,2.358291
Walsall 029,E02002138,E,5713,328,278,258,360,0.4,0.6,9.349900000000002,2.5154870000000003
Walsall 030,E02002139,E,8611,495,419,388,543,0.0,0.2,18.968600000000002,3.765918
Walsall 031,E02002140,E,7272,418,354,328,457,0.0,0.2,16.0032,3.3804160000000003
Walsall 032,E02002141,E,6066,349,295,273,381,0.8,1.0,8.6638,2.4262940000000004
Walsall 033,E02002142,E,6158,354,300,278,387,0.0,0.2,13.5548,3.062124
Walsall 034,E02002143,E,9091,522,443,410,572,0.0,0.2,20.0136,3.9017680000000006
Walsall 035,E02002144,E,6078,349,296,274,383,0.8,1.0,8.6964,2.4305320000000004
Walsall 036,E02002145,E,6165,354,300,278,388,0.0,0.2,13.571000000000002,3.0642300000000002
Walsall 037,E02002146,E,5897,339,287,266,371,0.2,0.4,11.4275,2.785575
Walsall 038,E02002147,E,7124,409,347,321,448,0.0,0.2,15.677399999999999,3.338062
Walsall 039,E02002148,E,9982,574,486,450,629,0.6,0.8,15.255600000000001,3.2832280000000003
Waltham Forest 001,E02000895,E,7786,323,247,199,271,0.2,0.4,10.495,2.6643499999999998
Waltham Forest 002,E02000896,E,8600,356,273,220,299,0.6,0.8,8.773,2.44049
Waltham Forest 003,E02000897,E,7882,327,250,202,274,0.2,0.4,10.624,2.68112
Waltham Forest 004,E02000898,E,7561,313,240,194,263,0.2,0.4,10.1935,2.6251550000000003
Waltham Forest 005,E02000899,E,7728,320,245,198,268,0.4,0.6,8.342400000000001,2.384512
Waltham Forest 006,E02000900,E,7893,327,250,202,274,0.2,0.4,10.6295,2.6818350000000004
Waltham Forest 007,E02000901,E,9144,379,290,234,318,0.6,0.8,9.3292,2.512796
Waltham Forest 008,E02000902,E,8033,333,255,206,279,0.2,0.4,10.825499999999998,2.707315
Waltham Forest 009,E02000903,E,8823,366,280,226,307,0.0,0.2,13.7898,3.092674
Waltham Forest 010,E02000904,E,8030,333,255,206,279,0.4,0.6,8.679,2.4282700000000004
Waltham Forest 011,E02000905,E,9358,388,297,240,325,0.2,0.4,12.611,2.93943
Waltham Forest 012,E02000906,E,9024,374,286,231,314,0.2,0.4,12.163,2.88119
Waltham Forest 013,E02000907,E,9756,404,310,250,340,0.0,0.2,15.2536,3.2829680000000003
Waltham Forest 014,E02000908,E,10263,425,326,263,357,0.2,0.4,13.8355,3.098615
Waltham Forest 015,E02000909,E,8432,349,267,216,293,0.4,0.6,9.107600000000001,2.483988
Waltham Forest 016,E02000910,E,10439,433,331,267,363,0.2,0.4,14.067499999999999,3.128775
Waltham Forest 017,E02000911,E,10609,440,337,272,369,0.2,0.4,14.3045,3.1595850000000003
Waltham Forest 018,E02000912,E,9014,374,286,231,313,0.2,0.4,12.146,2.8789800000000003
Waltham Forest 019,E02000913,E,8497,352,270,218,296,0.2,0.4,11.4625,2.790125
Waltham Forest 020,E02000914,E,10336,428,328,265,359,0.0,0.2,16.144600000000004,3.398798
Waltham Forest 021,E02000915,E,8435,349,268,216,293,0.4,0.6,9.1125,2.4846250000000003
Waltham Forest 022,E02000916,E,9254,384,294,237,321,0.2,0.4,12.466000000000001,2.92058
Waltham Forest 023,E02000917,E,8951,371,284,229,311,0.4,0.6,9.6693,2.557009
Waltham Forest 024,E02000918,E,8904,369,283,228,310,0.2,0.4,12.007000000000001,2.8609100000000005
Waltham Forest 025,E02000919,E,8998,373,285,230,313,0.4,0.6,9.7214,2.563782
Waltham Forest 026,E02000920,E,9249,383,293,237,321,0.2,0.4,12.4565,2.919345
Waltham Forest 027,E02000921,E,10735,445,341,275,374,0.2,0.4,14.479500000000002,3.182335
Waltham Forest 028,E02000922,E,10267,425,326,263,357,0.2,0.4,13.837499999999999,3.0988749999999996
Wandsworth 001,E02000923,E,7402,261,203,176,231,0.6,0.8,6.9756,2.2068280000000002
Wandsworth 002,E02000924,E,11024,389,302,263,344,0.2,0.4,13.856,3.10128
Wandsworth 003,E02000925,E,7772,274,213,185,243,0.2,0.4,9.771,2.5702300000000005
Wandsworth 004,E02000926,E,8849,312,243,211,277,0.4,0.6,8.8407,2.449291
Wandsworth 005,E02000927,E,6724,237,184,160,210,0.2,0.4,8.449,2.39837
Wandsworth 006,E02000928,E,8376,296,230,200,261,0.8,1.0,7.4358,2.266654
Wandsworth 007,E02000929,E,7207,254,198,172,225,0.0,0.2,10.4882,2.663466
Wandsworth 008,E02000930,E,9581,338,263,228,299,0.6,0.8,9.0313,2.474069
Wandsworth 009,E02000931,E,8392,296,230,200,262,0.8,1.0,7.4516,2.268708
Wandsworth 010,E02000932,E,10194,360,280,243,319,0.6,0.8,9.6222,2.550886
Wandsworth 011,E02000933,E,8694,307,239,207,271,0.8,1.0,7.7162,2.303106
Wandsworth 012,E02000934,E,9017,318,247,215,281,0.6,0.8,8.4951,2.404363
Wandsworth 013,E02000935,E,6781,239,186,162,212,0.2,0.4,8.5295,2.408835
Wandsworth 014,E02000936,E,8247,291,226,197,257,0.6,0.8,7.7721,2.3103730000000002
Wandsworth 015,E02000937,E,7648,270,210,182,239,0.8,1.0,6.7934,2.183142
Wandsworth 016,E02000938,E,9452,334,259,225,295,0.2,0.4,11.878999999999998,2.84427
Wandsworth 017,E02000939,E,7890,278,216,188,247,0.8,1.0,7.0120000000000005,2.21156
Wandsworth 018,E02000940,E,7759,274,213,185,243,0.4,0.6,7.7537,2.307981
Wandsworth 019,E02000941,E,9843,347,270,235,307,0.6,0.8,9.2789,2.506257
Wandsworth 020,E02000942,E,9571,338,263,228,299,0.8,1.0,8.5023,2.4052990000000003
Wandsworth 021,E02000943,E,8320,294,228,198,259,0.6,0.8,7.835000000000001,2.31855
Wandsworth 022,E02000944,E,7134,252,196,170,223,0.2,0.4,8.973,2.4664900000000003
Wandsworth 023,E02000945,E,7544,266,207,180,235,0.2,0.4,9.478,2.53214
Wandsworth 024,E02000946,E,8708,307,239,208,272,0.4,0.6,8.694400000000002,2.4302720000000004
Wandsworth 025,E02000947,E,8589,303,236,205,269,0.8,1.0,7.6387,2.293031
Wandsworth 026,E02000948,E,9780,345,268,233,305,0.6,0.8,9.216,2.49808
Wandsworth 027,E02000949,E,9708,343,266,231,303,0.6,0.8,9.1504,2.4895519999999998
Wandsworth 028,E02000950,E,7505,265,206,179,235,0.6,0.8,7.085500000000001,2.221115
Wandsworth 029,E02000951,E,6585,232,181,157,205,0.4,0.6,6.5655,2.153515
Wandsworth 030,E02000952,E,6196,219,170,148,193,0.4,0.6,6.1808,2.103504
Wandsworth 031,E02000953,E,7014,248,192,167,219,0.6,0.8,6.6122,2.159586
Wandsworth 032,E02000954,E,6367,225,175,152,199,0.4,0.6,6.3601,2.1268130000000003
Wandsworth 033,E02000955,E,6648,235,182,158,207,0.2,0.4,8.347,2.38511
Wandsworth 034,E02000956,E,7630,269,209,182,239,0.2,0.4,9.6,2.548
Wandsworth 035,E02000957,E,10485,370,288,250,327,0.4,0.6,10.461500000000001,2.6599950000000003
Wandsworth 036,E02000958,E,8191,289,225,195,255,0.4,0.6,8.1653,2.361489
Wandsworth 037,E02000959,E,7163,253,196,171,223,0.4,0.6,7.1409,2.228317
Warrington 001,E02002590,E,6024,421,356,348,440,0.8,1.0,9.9412,2.592356
Warrington 002,E02002591,E,5373,376,318,311,392,0.6,0.8,9.5029,2.5353770000000004
Warrington 003,E02002592,E,5299,370,313,307,387,0.2,0.4,11.8045,2.834585
Warrington 004,E02002593,E,4372,306,258,253,319,0.4,0.6,8.3016,2.379208
Warrington 005,E02002594,E,4564,319,270,264,333,0.2,0.4,10.163,2.6211900000000004
Warrington 006,E02002595,E,6613,462,391,382,483,0.0,0.2,16.7028,3.4713640000000003
Warrington 007,E02002596,E,7098,496,420,411,518,0.6,0.8,12.554400000000001,2.9320720000000002
Warrington 008,E02002597,E,7514,525,444,435,548,0.0,0.2,18.974400000000003,3.7666720000000007
Warrington 009,E02002598,E,6421,449,380,371,469,0.8,1.0,10.598299999999998,2.677779
Warrington 010,E02002599,E,9108,637,538,527,665,0.6,0.8,16.1084,3.3940919999999997
Warrington 011,E02002600,E,7668,536,453,443,560,0.0,0.2,19.3668,3.8176840000000007
Warrington 012,E02002601,E,6619,463,391,383,484,0.6,0.8,11.7147,2.8229110000000004
Warrington 013,E02002602,E,6133,429,362,355,448,0.0,0.2,15.4958,3.3144539999999996
Warrington 014,E02002603,E,5974,418,353,346,436,0.8,1.0,9.860199999999999,2.581826
Warrington 015,E02002604,E,6422,449,380,372,469,0.8,1.0,10.6036,2.678468
Warrington 016,E02002605,E,7709,539,456,446,563,0.4,0.6,14.646700000000001,3.2040710000000003
Warrington 017,E02002606,E,8494,594,502,491,620,0.0,0.2,21.453400000000002,4.088942
Warrington 018,E02002607,E,8318,582,492,481,608,0.2,0.4,18.535999999999998,3.7096799999999996
Warrington 019,E02002608,E,7133,499,422,413,520,0.8,1.0,11.7669,2.8296970000000004
Warrington 020,E02002609,E,6790,475,401,393,496,0.0,0.2,17.157,3.53041
Warrington 021,E02002610,E,10310,721,609,596,753,0.8,1.0,17.016,3.51208
Warrington 022,E02002611,E,6639,464,392,384,485,0.8,1.0,10.9587,2.724631
Warrington 023,E02002612,E,7808,546,462,452,570,0.8,1.0,12.8884,2.975492
Warrington 024,E02002613,E,5341,373,316,309,390,0.8,1.0,8.8153,2.445989
Warrington 025,E02002614,E,5089,356,301,294,372,0.8,1.0,8.4027,2.3923509999999997
Warwick 001,E02006519,E,6544,400,352,359,523,0.8,1.0,11.0152,2.7319760000000004
Warwick 002,E02006520,E,7256,444,390,398,580,0.8,1.0,12.2148,2.887924
Warwick 003,E02006521,E,6455,395,347,354,516,0.8,1.0,10.866499999999998,2.712645
Warwick 004,E02006522,E,4726,289,254,259,378,0.6,0.8,8.4648,2.400424
Warwick 005,E02006523,E,10059,615,541,551,803,0.8,1.0,16.9177,3.499301
Warwick 006,E02006524,E,4864,297,262,267,389,0.2,0.4,10.908000000000001,2.7180400000000002
Warwick 007,E02006525,E,11127,680,599,610,889,0.8,1.0,18.7251,3.7342630000000003
Warwick 008,E02006526,E,7194,440,387,394,575,0.6,0.8,12.8812,2.9745559999999998
Warwick 009,E02006527,E,7928,485,427,434,634,0.8,1.0,13.3464,3.035032
Warwick 010,E02006528,E,9637,589,519,528,770,0.4,0.6,18.5531,3.7119030000000004
Warwick 011,E02006529,E,9778,598,526,536,781,0.6,0.8,17.5044,3.575572
Warwick 012,E02006530,E,9076,555,488,497,725,0.8,1.0,15.2688,3.2849440000000003
Warwick 013,E02006531,E,8590,525,462,471,686,0.2,0.4,19.247,3.80211
Warwick 014,E02006532,E,7551,462,406,414,604,0.8,1.0,12.7153,2.952989
Warwick 015,E02006533,E,8280,506,445,454,662,0.8,1.0,13.937999999999999,3.1119399999999997
Watford 001,E02004968,E,6532,311,248,220,324,0.4,0.6,8.781600000000001,2.4416080000000004
Watford 002,E02004969,E,6634,316,252,223,329,0.6,0.8,8.3642,2.387346
Watford 003,E02004970,E,7221,344,274,243,358,0.4,0.6,9.7043,2.561559
Watford 004,E02004971,E,6901,329,262,232,343,0.4,0.6,9.2843,2.506959
Watford 005,E02004972,E,5626,268,213,189,279,0.8,1.0,6.6638,2.166294
Watford 006,E02004973,E,6865,327,260,231,341,0.4,0.6,9.2315,2.500095
Watford 007,E02004974,E,7013,334,266,236,348,0.8,1.0,8.3119,2.380547
Watford 008,E02004975,E,7172,342,272,241,356,0.8,1.0,8.5006,2.405078
Watford 009,E02004976,E,7509,358,285,253,372,0.2,0.4,12.203500000000002,2.8864550000000007
Watford 010,E02004977,E,7616,363,289,256,378,0.4,0.6,10.238800000000001,2.631044
Watford 011,E02004978,E,7954,379,302,268,395,0.2,0.4,12.938,2.9819400000000003
Watford 012,E02004979,E,6227,297,236,210,309,0.6,0.8,7.8551,2.3211630000000003
Waveney 001,E02006302,E,5316,551,507,522,661,0.4,0.6,15.7888,3.352544
Waveney 002,E02006303,E,5837,605,556,573,726,0.0,0.2,22.0302,4.163926
Waveney 003,E02006304,E,5699,591,543,559,708,0.4,0.6,16.9137,3.498781
Waveney 004,E02006305,E,7039,730,671,691,874,0.0,0.2,26.5534,4.7519420000000006
Waveney 005,E02006306,E,5505,571,525,540,684,0.2,0.4,18.5535,3.7119549999999997
Waveney 006,E02006307,E,5633,584,537,553,700,0.8,1.0,14.396899999999999,3.171597
Waveney 007,E02006308,E,5492,569,524,539,682,0.0,0.2,20.717200000000002,3.9932360000000005
Waveney 008,E02006309,E,5189,538,495,509,645,0.0,0.2,19.581400000000002,3.8455820000000003
Waveney 009,E02006310,E,6164,639,588,605,766,0.4,0.6,18.3012,3.6791560000000008
Waveney 010,E02006311,E,6270,650,598,615,779,0.2,0.4,21.130000000000003,4.046900000000001
Waveney 011,E02006312,E,6686,693,637,656,831,0.6,0.8,18.360799999999998,3.686904
Waveney 012,E02006313,E,7737,802,737,759,961,0.4,0.6,22.9591,4.284683
Waveney 013,E02006314,E,5624,583,536,552,698,0.4,0.6,16.685200000000002,3.4690760000000003
Waveney 014,E02006315,E,4505,467,429,442,560,0.4,0.6,13.3735,3.038555
Waveney 015,E02006316,E,5247,544,500,515,651,0.4,0.6,15.5641,3.323333
Waverley 001,E02006439,E,4682,340,298,323,489,0.8,1.0,9.6746,2.5576980000000002
Waverley 002,E02006440,E,5700,414,363,393,595,0.8,1.0,11.774000000000001,2.83062
Waverley 003,E02006441,E,6094,442,388,421,636,0.8,1.0,12.589199999999998,2.9365959999999998
Waverley 004,E02006442,E,4742,344,302,327,495,0.8,1.0,9.794599999999999,2.573298
Waverley 005,E02006443,E,5818,422,371,401,607,0.6,0.8,12.755399999999998,2.958202
Waverley 006,E02006444,E,5391,391,344,372,563,0.8,1.0,11.1403,2.748239
Waverley 007,E02006445,E,5787,420,369,399,605,0.8,1.0,11.9641,2.855333
Waverley 008,E02006446,E,5416,393,345,374,566,0.8,1.0,11.1968,2.755584
Waverley 009,E02006447,E,4986,362,318,344,521,0.8,1.0,10.306799999999999,2.639884
Waverley 010,E02006448,E,5839,424,372,403,610,0.8,1.0,12.0687,2.868931
Waverley 011,E02006449,E,5518,401,352,381,576,0.8,1.0,11.4024,2.782312
Waverley 012,E02006450,E,5586,405,356,385,583,0.8,1.0,11.535799999999998,2.799654
Waverley 013,E02006451,E,8556,621,545,590,894,0.8,1.0,17.6828,3.598764
Waverley 015,E02006453,E,6421,466,409,443,671,0.8,1.0,13.2723,3.025399
Waverley 016,E02006454,E,5243,381,334,362,548,0.8,1.0,10.840900000000001,2.7093170000000004
Waverley 017,E02006455,E,4786,347,305,330,500,0.8,1.0,9.889800000000001,2.585674
Waverley 018,E02006839,E,6707,487,427,463,700,0.8,1.0,13.8551,3.101163
Wealden 001,E02004403,E,5255,515,452,470,598,0.6,0.8,13.3425,3.034525
Wealden 002,E02004404,E,5206,510,448,466,592,0.8,1.0,12.3198,2.901574
Wealden 003,E02004405,E,4703,461,405,421,534,0.8,1.0,11.1219,2.7458470000000004
Wealden 004,E02004406,E,5810,569,500,520,661,0.8,1.0,13.751999999999999,3.0877600000000003
Wealden 005,E02004407,E,6318,619,544,566,719,0.8,1.0,14.9604,3.244852
Wealden 006,E02004408,E,6472,634,557,579,736,0.6,0.8,16.4286,3.4357179999999996
Wealden 007,E02004409,E,4531,444,390,406,515,0.6,0.8,11.502300000000002,2.7952990000000004
Wealden 008,E02004410,E,6343,621,546,568,721,0.6,0.8,16.099899999999998,3.3929869999999998
Wealden 009,E02004411,E,6900,676,594,618,784,0.6,0.8,17.512,3.5765599999999997
Wealden 010,E02004412,E,6301,617,542,564,717,0.8,1.0,14.915299999999998,3.238989
Wealden 011,E02004413,E,5539,542,477,496,630,0.6,0.8,14.0637,3.1282810000000003
Wealden 012,E02004414,E,4848,475,417,434,551,0.8,1.0,11.4694,2.791022
Wealden 013,E02004415,E,4984,488,429,446,567,0.6,0.8,12.6542,2.945046
Wealden 014,E02004416,E,5221,511,449,467,594,0.4,0.6,14.314300000000001,3.1608590000000003
Wealden 015,E02004417,E,4563,447,393,409,519,0.6,0.8,11.588899999999999,2.8065569999999997
Wealden 016,E02004418,E,4479,439,386,401,509,0.4,0.6,12.279700000000002,2.8963610000000006
Wealden 017,E02004419,E,4808,471,414,430,547,0.2,0.4,15.047,3.2561100000000005
Wealden 018,E02004420,E,8528,835,734,763,970,0.6,0.8,21.6494,4.114422
Wealden 019,E02004421,E,6205,608,534,556,706,0.4,0.6,17.0215,3.5127949999999997
Wealden 020,E02004422,E,7676,752,661,687,873,0.6,0.8,19.4888,3.8335440000000007
Wealden 021,E02004423,E,6031,591,519,540,686,0.8,1.0,14.2753,3.155789
Wellingborough 001,E02005692,E,5741,409,355,349,400,0.4,0.6,10.854299999999999,2.7110589999999997
Wellingborough 002,E02005693,E,7227,514,446,439,504,0.2,0.4,16.060499999999998,3.3878649999999997
Wellingborough 003,E02005694,E,6680,475,413,406,466,0.8,1.0,10.936,2.72168
Wellingborough 004,E02005695,E,6396,455,395,388,446,0.2,0.4,14.211,3.14743
Wellingborough 005,E02005696,E,5084,362,314,309,354,0.0,0.2,12.8414,2.9693820000000004
Wellingborough 006,E02005697,E,5281,376,326,321,368,0.0,0.2,13.3416,3.034408
Wellingborough 007,E02005698,E,5018,357,310,305,349,0.2,0.4,11.143,2.74859
Wellingborough 008,E02005699,E,7198,512,444,437,502,0.2,0.4,15.994,3.37922
Wellingborough 009,E02005700,E,7744,551,478,470,539,0.8,1.0,12.6602,2.9458260000000003
Wellingborough 010,E02005701,E,9463,673,584,574,660,0.6,0.8,16.6509,3.4646170000000005
Welwyn Hatfield 001,E02004980,E,5807,302,244,231,340,0.8,1.0,7.729100000000001,2.3047830000000005
Welwyn Hatfield 002,E02004981,E,6963,362,293,277,408,0.8,1.0,9.271899999999999,2.505347
Welwyn Hatfield 003,E02004982,E,5737,298,242,229,336,0.8,1.0,7.642099999999999,2.293473
Welwyn Hatfield 004,E02004983,E,5775,300,243,230,338,0.6,0.8,8.1725,2.362425
Welwyn Hatfield 005,E02004984,E,6116,318,257,244,358,0.6,0.8,8.6568,2.425384
Welwyn Hatfield 006,E02004985,E,6591,343,278,263,386,0.8,1.0,8.7803,2.441439
Welwyn Hatfield 007,E02004986,E,7199,374,303,287,422,0.2,0.4,13.006499999999999,2.990845
Welwyn Hatfield 008,E02004987,E,6528,340,275,260,383,0.6,0.8,9.2514,2.502682
Welwyn Hatfield 009,E02004988,E,7207,375,303,287,422,0.4,0.6,10.9101,2.718313
Welwyn Hatfield 010,E02004989,E,12215,635,514,487,715,0.4,0.6,18.4925,3.7040249999999997
Welwyn Hatfield 011,E02004990,E,6172,321,260,246,362,0.4,0.6,9.3536,2.515968
Welwyn Hatfield 012,E02004991,E,7095,369,299,283,416,0.2,0.4,12.8235,2.967055
Welwyn Hatfield 013,E02004992,E,7863,409,331,313,461,0.4,0.6,11.910900000000002,2.8484170000000004
Welwyn Hatfield 014,E02004993,E,5085,265,214,203,298,0.6,0.8,7.2045,2.2365850000000003
Welwyn Hatfield 015,E02004994,E,5687,296,240,227,334,0.8,1.0,7.5870999999999995,2.286323
Welwyn Hatfield 016,E02004995,E,5019,261,211,200,293,0.8,1.0,6.672700000000001,2.1674510000000002
West Berkshire 001,E02003367,E,5039,378,323,315,395,0.6,0.8,9.479700000000001,2.5323610000000003
West Berkshire 002,E02003368,E,4486,337,288,280,352,0.6,0.8,8.4438,2.397694
West Berkshire 003,E02003369,E,4893,367,314,306,383,0.8,1.0,8.5729,2.414477
West Berkshire 004,E02003370,E,5270,395,338,329,413,0.8,1.0,9.235,2.50055
West Berkshire 005,E02003371,E,4785,359,307,299,375,0.8,1.0,8.3875,2.3903749999999997
West Berkshire 006,E02003372,E,6161,462,395,385,482,0.8,1.0,10.7893,2.7026090000000003
West Berkshire 007,E02003373,E,6941,521,445,434,543,0.8,1.0,12.1573,2.880449
West Berkshire 008,E02003374,E,4609,346,296,288,362,0.6,0.8,8.6807,2.428491
West Berkshire 009,E02003375,E,4658,350,299,291,365,0.8,1.0,8.1654,2.3615019999999998
West Berkshire 010,E02003376,E,4641,348,298,290,364,0.6,0.8,8.734300000000001,2.4354590000000003
West Berkshire 011,E02003377,E,8237,618,528,515,646,0.6,0.8,15.500100000000002,3.3150130000000004
West Berkshire 012,E02003378,E,6218,467,399,389,487,0.8,1.0,10.8994,2.7169220000000003
West Berkshire 013,E02003379,E,5493,412,352,343,431,0.6,0.8,10.335899999999999,2.6436669999999998
West Berkshire 014,E02003380,E,6319,474,405,395,495,0.8,1.0,11.073699999999999,2.7395810000000003
West Berkshire 015,E02003381,E,4792,360,307,299,375,0.8,1.0,8.3916,2.390908
West Berkshire 016,E02003382,E,6103,458,392,381,478,0.6,0.8,11.4779,2.792127
West Berkshire 017,E02003383,E,5568,418,357,348,436,0.8,1.0,9.7564,2.568332
West Berkshire 018,E02003384,E,5138,386,330,321,402,0.6,0.8,9.6604,2.555852
West Berkshire 019,E02003385,E,6064,455,389,379,475,0.4,0.6,12.2592,2.8936960000000003
West Berkshire 020,E02003386,E,6409,481,411,401,503,0.6,0.8,12.0667,2.868671
West Berkshire 021,E02003387,E,7350,552,471,459,576,0.8,1.0,12.882,2.97466
West Berkshire 022,E02003388,E,4613,346,296,288,362,0.6,0.8,8.681899999999999,2.428647
West Devon 001,E02004229,E,6023,681,597,589,718,0.4,0.6,17.7069,3.601897
West Devon 002,E02004230,E,5673,642,562,554,676,0.4,0.6,16.6699,3.4670870000000003
West Devon 003,E02004231,E,5139,581,509,502,612,0.4,0.6,15.0957,3.262441
West Devon 004,E02004232,E,4938,559,489,483,588,0.4,0.6,14.5094,3.186222
West Devon 005,E02004233,E,9289,1051,920,908,1107,0.6,0.8,25.2857,4.587141
West Devon 006,E02004234,E,4627,524,458,452,552,0.4,0.6,13.6041,3.0685330000000004
West Devon 007,E02004235,E,4817,545,477,471,574,0.4,0.6,14.1571,3.140423
West Dorset 001,E02004269,E,6923,784,720,746,953,0.6,0.8,20.7379,3.995927
West Dorset 002,E02004270,E,5444,617,566,587,749,0.6,0.8,16.3052,3.419676
West Dorset 003,E02004271,E,7106,805,738,766,978,0.4,0.6,23.0258,4.293354
West Dorset 004,E02004272,E,8292,939,862,893,1141,0.6,0.8,24.8296,4.527848
West Dorset 005,E02004273,E,5152,584,535,555,709,0.6,0.8,15.4276,3.305588
West Dorset 006,E02004274,E,4698,532,488,506,646,0.4,0.6,15.2134,3.277742
West Dorset 007,E02004275,E,5395,611,561,581,742,0.4,0.6,17.4745,3.5716849999999996
West Dorset 008,E02004276,E,4125,467,429,445,568,0.4,0.6,13.3735,3.038555
West Dorset 009,E02004277,E,7481,848,778,806,1029,0.4,0.6,24.2363,4.450719
West Dorset 010,E02004278,E,6376,722,663,687,877,0.8,1.0,17.7648,3.6094240000000006
West Dorset 011,E02004279,E,5650,640,587,609,777,0.6,0.8,16.915,3.49895
West Dorset 012,E02004280,E,5531,627,575,596,761,0.6,0.8,16.5643,3.453359
West Lancashire 001,E02005304,E,6838,547,469,482,626,0.8,1.0,13.3794,3.0393220000000003
West Lancashire 002,E02005305,E,5816,466,399,410,533,0.4,0.6,13.1288,3.0067440000000003
West Lancashire 003,E02005306,E,5614,449,385,396,515,0.4,0.6,12.6782,2.948166
West Lancashire 004,E02005307,E,7312,586,502,515,670,0.6,0.8,15.3186,3.291418
West Lancashire 005,E02005308,E,5312,425,365,374,486,0.8,1.0,10.3896,2.6506480000000003
West Lancashire 006,E02005309,E,6675,535,458,471,612,0.6,0.8,13.9915,3.118895
West Lancashire 007,E02005310,E,6341,508,435,447,581,0.6,0.8,13.2843,3.026959
West Lancashire 008,E02005311,E,4442,356,305,313,407,0.6,0.8,9.3066,2.509858
West Lancashire 009,E02005312,E,4721,378,324,333,432,0.6,0.8,9.8853,2.585089
West Lancashire 010,E02005313,E,7003,561,481,494,641,0.0,0.2,20.561799999999998,3.973034
West Lancashire 011,E02005314,E,5142,412,353,363,471,0.2,0.4,13.411999999999999,3.0435600000000003
West Lancashire 012,E02005315,E,6425,515,441,453,589,0.8,1.0,12.5835,2.935855
West Lancashire 013,E02005316,E,4990,400,343,352,457,0.0,0.2,14.657,3.20541
West Lancashire 014,E02005317,E,5647,452,388,398,517,0.0,0.2,16.5782,3.455166
West Lancashire 015,E02005318,E,5873,470,403,414,538,0.6,0.8,12.3019,2.899247
West Lindsey 001,E02005492,E,7582,738,657,649,744,0.4,0.6,19.2006,3.7960780000000005
West Lindsey 002,E02005493,E,7485,729,648,640,735,0.6,0.8,17.5805,3.585465
West Lindsey 003,E02005494,E,7604,741,659,651,746,0.4,0.6,19.2572,3.8034360000000005
West Lindsey 004,E02005495,E,7758,756,672,664,762,0.0,0.2,25.586799999999997,4.626284
West Lindsey 005,E02005496,E,5192,506,450,444,509,0.4,0.6,13.1416,3.008408
West Lindsey 006,E02005497,E,5656,551,490,484,555,0.0,0.2,18.6466,3.7240580000000003
West Lindsey 007,E02005498,E,5754,560,498,492,565,0.4,0.6,14.5702,3.194126
West Lindsey 008,E02005499,E,6490,632,562,555,637,0.6,0.8,15.241,3.28133
West Lindsey 009,E02005500,E,5466,532,474,468,536,0.6,0.8,12.835799999999999,2.968654
West Lindsey 010,E02005501,E,5917,577,513,506,581,0.8,1.0,12.876100000000001,2.9738930000000003
West Lindsey 011,E02005502,E,6888,671,597,589,676,0.6,0.8,16.1774,3.4030620000000003
West Oxfordshire 001,E02005993,E,5209,414,363,368,522,0.6,0.8,11.424700000000001,2.7852110000000003
West Oxfordshire 002,E02005994,E,4996,397,348,353,500,0.6,0.8,10.9498,2.723474
West Oxfordshire 003,E02005995,E,4857,386,338,343,486,0.8,1.0,9.9661,2.595593
West Oxfordshire 004,E02005996,E,6597,524,459,467,661,0.8,1.0,13.5511,3.061643
West Oxfordshire 005,E02005997,E,4566,363,318,323,457,0.8,1.0,9.3738,2.518594
West Oxfordshire 006,E02005998,E,4782,380,333,338,478,0.8,1.0,9.8086,2.575118
West Oxfordshire 007,E02005999,E,5070,403,353,359,508,0.8,1.0,10.416,2.6540800000000004
West Oxfordshire 008,E02006000,E,9723,773,677,688,973,0.8,1.0,19.959899999999998,3.894787
West Oxfordshire 009,E02006001,E,4615,367,321,326,462,0.6,0.8,10.1145,2.614885
West Oxfordshire 010,E02006002,E,8286,658,577,586,830,0.6,0.8,18.1698,3.6620739999999996
West Oxfordshire 011,E02006003,E,4453,354,310,315,445,0.6,0.8,9.7539,2.568007
West Oxfordshire 012,E02006004,E,4581,364,319,324,459,0.6,0.8,10.0473,2.6061490000000003
West Oxfordshire 013,E02006005,E,7481,594,521,529,749,0.8,1.0,15.3583,3.2965790000000004
West Oxfordshire 014,E02006006,E,5483,436,382,388,548,0.8,1.0,11.248899999999999,2.7623569999999997
West Oxfordshire 015,E02006007,E,5433,432,378,384,544,0.8,1.0,11.1539,2.750007
West Somerset 001,E02006113,E,6013,592,537,512,691,0.4,0.6,16.499899999999997,3.4449869999999994
West Somerset 002,E02006114,E,5521,544,493,470,634,0.2,0.4,17.2625,3.544125
West Somerset 003,E02006115,E,5922,583,529,504,681,0.2,0.4,18.526000000000003,3.708380000000001
West Somerset 004,E02006116,E,6449,635,575,549,741,0.2,0.4,20.1645,3.921385
West Somerset 005,E02006117,E,4551,448,406,387,523,0.2,0.4,14.2285,3.149705
Westminster 001,E02000960,E,7173,353,280,226,325,0.8,1.0,8.1229,2.355977
Westminster 002,E02000961,E,10232,504,400,322,464,0.4,0.6,13.177600000000002,3.0130880000000007
Westminster 003,E02000962,E,9345,460,365,294,424,0.4,0.6,12.0355,2.864615
Westminster 004,E02000963,E,11227,553,439,354,510,0.0,0.2,20.2942,3.9382460000000004
Westminster 005,E02000964,E,13596,670,532,428,617,0.2,0.4,21.336,4.0736799999999995
Westminster 006,E02000965,E,9347,461,365,294,424,0.4,0.6,12.0381,2.864953
Westminster 007,E02000966,E,10518,518,411,331,478,0.6,0.8,12.7484,2.957292
Westminster 008,E02000967,E,7896,389,309,249,359,0.8,1.0,8.9588,2.464644
Westminster 009,E02000968,E,15555,767,608,490,707,0.0,0.2,28.122,4.95586
Westminster 010,E02000969,E,10108,498,395,318,459,0.0,0.2,18.2638,3.6742939999999997
Westminster 011,E02000970,E,9734,480,380,306,442,0.8,1.0,11.0322,2.7341860000000002
Westminster 012,E02000971,E,9109,449,356,287,413,0.4,0.6,11.732700000000001,2.825251
Westminster 013,E02000972,E,9029,445,353,284,409,0.4,0.6,11.6227,2.810951
Westminster 014,E02000973,E,10932,539,427,344,497,0.4,0.6,14.0936,3.132168
Westminster 015,E02000974,E,9527,469,372,300,432,0.4,0.6,12.2681,2.8948530000000003
Westminster 016,E02000975,E,9489,468,371,299,430,0.6,0.8,11.4917,2.793921
Westminster 017,E02000976,E,10778,531,421,339,489,0.4,0.6,13.881400000000001,3.104582
Westminster 018,E02000977,E,8116,400,317,256,369,0.4,0.6,10.4668,2.660684
Westminster 019,E02000978,E,10045,495,393,316,456,0.8,1.0,11.3855,2.7801150000000003
Westminster 020,E02000979,E,8756,431,342,276,397,0.4,0.6,11.276800000000001,2.7659840000000004
Westminster 021,E02000980,E,9409,464,368,296,428,0.2,0.4,14.776499999999999,3.220945
Westminster 022,E02000981,E,9740,480,381,307,442,0.6,0.8,11.803,2.83439
Westminster 023,E02000982,E,8912,439,348,281,405,0.2,0.4,13.992,3.1189600000000004
Westminster 024,E02000983,E,9137,450,357,288,415,0.4,0.6,11.7771,2.831023
Weymouth and Portland 001,E02004281,E,5318,603,553,573,732,0.2,0.4,19.475,3.8317500000000004
Weymouth and Portland 002,E02004282,E,6283,712,653,677,865,0.8,1.0,17.514899999999997,3.576937
Weymouth and Portland 003,E02004283,E,6302,714,655,679,867,0.2,0.4,23.07,4.2991
Weymouth and Portland 004,E02004284,E,6885,780,716,742,947,0.0,0.2,28.169,4.96197
Weymouth and Portland 005,E02004285,E,5424,615,564,585,746,0.2,0.4,19.86,3.8818
Weymouth and Portland 006,E02004286,E,3774,428,392,407,519,0.4,0.6,12.2262,2.889406
Weymouth and Portland 007,E02004287,E,4050,459,421,436,558,0.4,0.6,13.129,3.00677
Weymouth and Portland 008,E02004288,E,4103,465,426,442,564,0.0,0.2,16.7788,3.4812440000000002
Weymouth and Portland 009,E02004289,E,5236,593,544,564,721,0.4,0.6,16.9688,3.5059440000000004
Wigan 001,E02001287,E,4764,333,283,286,309,0.8,1.0,7.4902,2.273726
Wigan 002,E02001288,E,6326,442,376,379,410,0.6,0.8,10.6908,2.689804
Wigan 003,E02001289,E,8451,590,502,507,548,0.6,0.8,14.2863,3.1572190000000004
Wigan 004,E02001290,E,5102,356,303,306,331,0.4,0.6,9.2626,2.504138
Wigan 005,E02001291,E,6431,449,382,386,417,0.2,0.4,13.796500000000002,3.0935450000000007
Wigan 006,E02001292,E,6593,460,392,395,427,0.6,0.8,11.137900000000002,2.7479270000000007
Wigan 007,E02001293,E,5162,360,307,310,335,0.4,0.6,9.3766,2.518958
Wigan 008,E02001294,E,6564,458,390,394,426,0.2,0.4,14.086,3.13118
Wigan 009,E02001295,E,6143,429,365,369,399,0.0,0.2,15.026800000000001,3.2534840000000003
Wigan 010,E02001296,E,7486,523,445,449,485,0.0,0.2,18.294600000000003,3.6782980000000007
Wigan 011,E02001297,E,5617,392,334,337,364,0.2,0.4,12.0475,2.866175
Wigan 012,E02001298,E,6814,476,405,409,443,0.0,0.2,16.6724,3.4674120000000004
Wigan 013,E02001299,E,7417,518,441,445,481,0.2,0.4,15.9135,3.368755
Wigan 014,E02001300,E,6640,464,395,398,431,0.2,0.4,14.25,3.1525
Wigan 015,E02001301,E,6787,474,404,407,441,0.0,0.2,16.6032,3.4584160000000006
Wigan 016,E02001302,E,6576,459,391,394,427,0.0,0.2,16.0776,3.3900880000000004
Wigan 017,E02001303,E,7148,499,425,429,464,0.0,0.2,17.4798,3.572374
Wigan 018,E02001304,E,10257,716,610,615,665,0.6,0.8,17.339100000000002,3.5540830000000003
Wigan 019,E02001305,E,6869,480,408,412,446,0.4,0.6,12.476700000000001,2.921971
Wigan 020,E02001306,E,6118,427,364,367,397,0.4,0.6,11.1114,2.744482
Wigan 021,E02001307,E,9438,659,561,566,613,0.8,1.0,14.8444,3.229772
Wigan 022,E02001308,E,5019,351,299,301,326,0.2,0.4,10.7775,2.7010750000000003
Wigan 023,E02001309,E,6427,449,382,386,417,0.2,0.4,13.7945,3.093285
Wigan 024,E02001310,E,7533,526,448,452,488,0.0,0.2,18.4098,3.6932740000000006
Wigan 025,E02001311,E,6972,487,414,418,452,0.2,0.4,14.953,3.24389
Wigan 026,E02001312,E,6529,456,388,392,424,0.2,0.4,14.0165,3.122145
Wigan 027,E02001313,E,6615,462,393,397,429,0.0,0.2,16.171,3.4022300000000003
Wigan 028,E02001314,E,6728,470,400,404,436,0.6,0.8,11.3744,2.7786720000000003
Wigan 029,E02001315,E,6443,450,383,387,418,0.6,0.8,10.8979,2.716727
Wigan 030,E02001316,E,5483,383,326,329,356,0.0,0.2,13.4098,3.0432740000000003
Wigan 031,E02001317,E,7076,494,421,425,459,0.0,0.2,17.3036,3.549468
Wigan 032,E02001318,E,6593,461,392,396,427,0.2,0.4,14.1435,3.138655
Wigan 033,E02001319,E,6166,431,367,370,399,0.0,0.2,15.0676,3.258788
Wigan 034,E02001320,E,6422,448,382,385,417,0.2,0.4,13.782,3.09166
Wigan 035,E02001321,E,7038,491,418,422,457,0.4,0.6,12.7814,2.961582
Wigan 036,E02001322,E,6241,436,371,374,405,0.4,0.6,11.3323,2.773199
Wigan 037,E02001323,E,6314,441,375,379,410,0.2,0.4,13.553,3.06189
Wigan 038,E02001324,E,7101,496,422,426,460,0.2,0.4,15.2285,3.279705
Wigan 039,E02001325,E,6516,455,387,391,422,0.6,0.8,11.0098,2.731274
Wigan 040,E02001326,E,6454,451,384,387,419,0.6,0.8,10.9182,2.719366
Wiltshire 001,E02006644,E,5732,454,395,392,508,0.8,1.0,10.9656,2.725528
Wiltshire 002,E02006645,E,6083,481,420,416,539,0.8,1.0,11.6359,2.8126670000000003
Wiltshire 003,E02006646,E,4759,377,328,325,422,0.6,0.8,9.7607,2.568891
Wiltshire 004,E02006647,E,5015,397,346,342,444,0.6,0.8,10.276499999999999,2.635945
Wiltshire 005,E02006648,E,4978,394,343,340,440,0.8,1.0,9.5074,2.535962
Wiltshire 006,E02006649,E,5835,462,402,399,516,0.6,0.8,11.9535,2.853955
Wiltshire 007,E02006650,E,9595,759,662,655,850,0.8,1.0,18.3455,3.684915
Wiltshire 008,E02006651,E,6149,487,424,420,545,0.6,0.8,12.6097,2.939261
Wiltshire 009,E02006652,E,8109,642,559,554,719,0.8,1.0,15.5137,3.3167809999999998
Wiltshire 010,E02006653,E,8356,661,576,571,740,0.6,0.8,17.1278,3.5266140000000004
Wiltshire 011,E02006654,E,7949,629,548,543,705,0.2,0.4,20.314500000000002,3.9408850000000006
Wiltshire 012,E02006634,E,7341,581,506,501,650,0.8,1.0,14.0313,3.124069
Wiltshire 013,E02006655,E,5952,471,411,407,527,0.6,0.8,12.203600000000002,2.8864680000000003
Wiltshire 014,E02006656,E,6017,476,415,411,533,0.8,1.0,11.5051,2.7956630000000002
Wiltshire 015,E02006657,E,8606,681,594,588,762,0.4,0.6,18.9918,3.7689340000000007
Wiltshire 016,E02006658,E,6076,481,419,415,538,0.6,0.8,12.4538,2.918994
Wiltshire 017,E02006659,E,6499,514,448,444,576,0.8,1.0,12.4297,2.9158610000000005
Wiltshire 018,E02006660,E,11060,875,763,755,980,0.6,0.8,22.675,4.24775
Wiltshire 019,E02006635,E,7137,565,492,487,633,0.8,1.0,13.6531,3.074903
Wiltshire 020,E02006678,E,6241,494,431,426,553,0.4,0.6,13.776299999999999,3.090919
Wiltshire 021,E02006679,E,8282,655,571,566,734,0.6,0.8,16.982599999999998,3.507738
Wiltshire 022,E02006680,E,6232,493,430,426,553,0.4,0.6,13.7676,3.089788
Wiltshire 023,E02006681,E,5045,399,348,345,446,0.8,1.0,9.6385,2.553005
Wiltshire 024,E02006636,E,5830,461,402,398,516,0.6,0.8,11.945,2.85285
Wiltshire 025,E02006637,E,9131,723,630,624,809,0.6,0.8,18.7243,3.734159
Wiltshire 026,E02006638,E,5322,421,367,364,471,0.4,0.6,11.7426,2.826538
Wiltshire 027,E02006682,E,7991,632,551,546,707,0.8,1.0,15.2703,3.285139
Wiltshire 028,E02006639,E,7219,571,498,493,639,0.4,0.6,15.925699999999999,3.370341
Wiltshire 029,E02006640,E,6006,476,414,410,532,0.6,0.8,12.3118,2.9005340000000004
Wiltshire 030,E02006683,E,6600,522,455,451,584,0.6,0.8,13.523,3.05799
Wiltshire 031,E02006684,E,5241,415,362,358,464,0.2,0.4,13.387500000000001,3.040375
Wiltshire 032,E02006685,E,6544,518,451,447,580,0.6,0.8,13.418199999999999,3.044366
Wiltshire 033,E02006686,E,4659,369,321,318,413,0.2,0.4,11.9025,2.847325
Wiltshire 034,E02006641,E,6305,499,435,431,559,0.8,1.0,12.063500000000001,2.8682550000000004
Wiltshire 035,E02006687,E,6195,490,427,423,549,0.4,0.6,13.6725,3.077425
Wiltshire 036,E02006688,E,4818,381,332,329,427,0.4,0.6,10.6334,2.6823420000000002
Wiltshire 037,E02006689,E,5328,422,367,364,472,0.6,0.8,10.9224,2.719912
Wiltshire 038,E02006642,E,4901,388,338,335,434,0.6,0.8,10.0473,2.6061490000000003
Wiltshire 039,E02006690,E,5707,452,394,390,506,0.6,0.8,11.7081,2.8220530000000004
Wiltshire 040,E02006691,E,11465,907,791,783,1016,0.4,0.6,25.3075,4.589975
Wiltshire 041,E02006643,E,12789,1012,882,874,1133,0.6,0.8,26.2217,4.708821
Wiltshire 042,E02006692,E,4844,383,334,331,429,0.6,0.8,9.9292,2.590796
Wiltshire 043,E02006693,E,4868,385,336,333,431,0.4,0.6,10.7444,2.696772
Wiltshire 044,E02006694,E,5157,408,356,352,456,0.6,0.8,10.5631,2.673203
Wiltshire 045,E02006661,E,7813,618,539,534,692,0.8,1.0,14.9399,3.2421870000000004
Wiltshire 046,E02006662,E,5028,398,347,344,446,0.6,0.8,10.3184,2.641392
Wiltshire 047,E02006695,E,5386,426,372,368,477,0.4,0.6,11.8878,2.845414
Wiltshire 048,E02006663,E,9115,721,629,623,808,0.6,0.8,18.695500000000003,3.7304150000000007
Wiltshire 049,E02006664,E,5547,439,383,379,491,0.6,0.8,11.370099999999999,2.7781130000000003
Wiltshire 050,E02006665,E,5577,441,385,381,494,0.4,0.6,12.3091,2.900183
Wiltshire 051,E02006666,E,4797,380,331,328,425,0.6,0.8,9.8381,2.5789530000000003
Wiltshire 052,E02006667,E,5411,428,373,370,479,0.2,0.4,13.819500000000001,3.0965350000000003
Wiltshire 053,E02006668,E,5188,411,358,354,460,0.6,0.8,10.6404,2.683252
Wiltshire 054,E02006669,E,8253,653,569,564,731,0.4,0.6,18.213900000000002,3.6678070000000007
Wiltshire 055,E02006670,E,5705,452,394,390,505,0.6,0.8,11.6965,2.820545
Wiltshire 056,E02006671,E,5215,413,360,356,462,0.6,0.8,10.692499999999999,2.690025
Wiltshire 057,E02006672,E,5654,447,390,386,501,0.6,0.8,11.5912,2.8068560000000002
Wiltshire 058,E02006673,E,4252,337,293,290,376,0.4,0.6,9.3736,2.518568
Wiltshire 059,E02006674,E,4854,384,335,332,430,0.6,0.8,9.9542,2.594046
Wiltshire 060,E02006675,E,6723,532,464,459,596,0.8,1.0,12.8599,2.971787
Wiltshire 061,E02006676,E,5203,412,359,355,461,0.4,0.6,11.4829,2.792777
Wiltshire 062,E02006677,E,6621,524,457,452,586,0.8,1.0,12.6543,2.945059
Winchester 001,E02004829,E,4803,361,315,321,454,0.6,0.8,10.0219,2.602847
Winchester 002,E02004830,E,5388,405,353,360,510,0.8,1.0,10.5424,2.6705120000000004
Winchester 003,E02004831,E,7475,562,490,500,707,0.8,1.0,14.6235,3.201055
Winchester 004,E02004832,E,7345,553,481,491,695,0.8,1.0,14.3715,3.168295
Winchester 005,E02004833,E,8275,623,542,554,783,0.8,1.0,16.1955,3.4054149999999996
Winchester 006,E02004834,E,6337,477,415,424,600,0.4,0.6,14.2591,3.153683
Winchester 007,E02004835,E,8584,646,562,574,812,0.8,1.0,16.7932,3.483116
Winchester 008,E02004836,E,5392,406,353,361,510,0.4,0.6,12.127600000000001,2.876588
Winchester 009,E02004837,E,6463,486,423,432,612,0.8,1.0,12.6489,2.944357
Winchester 010,E02004838,E,7704,580,505,515,729,0.8,1.0,15.0752,3.2597760000000005
Winchester 011,E02004839,E,6936,522,455,464,657,0.8,1.0,13.581799999999998,3.0656339999999997
Winchester 012,E02004840,E,8051,606,527,538,762,0.8,1.0,15.7533,3.3479289999999997
Winchester 013,E02004841,E,9473,713,621,634,896,0.6,0.8,19.777900000000002,3.8711270000000004
Winchester 014,E02004842,E,7000,527,459,468,663,0.8,1.0,13.704999999999998,3.08165
Windsor and Maidenhead 001,E02003421,E,4721,296,254,258,384,0.8,1.0,8.0303,2.343939
Windsor and Maidenhead 002,E02003422,E,9702,608,523,531,790,0.8,1.0,16.5176,3.4472880000000004
Windsor and Maidenhead 003,E02003423,E,5120,321,276,280,417,0.6,0.8,9.269,2.50497
Windsor and Maidenhead 004,E02003424,E,6852,430,369,375,558,0.8,1.0,11.666599999999999,2.816658
Windsor and Maidenhead 005,E02003425,E,9165,574,494,501,747,0.6,0.8,16.595499999999998,3.457415
Windsor and Maidenhead 006,E02003426,E,8093,507,436,443,659,0.8,1.0,13.777899999999999,3.091127
Windsor and Maidenhead 007,E02003427,E,6365,399,343,348,518,0.6,0.8,11.5175,2.797275
Windsor and Maidenhead 008,E02003428,E,7617,477,410,417,620,0.8,1.0,12.9641,2.985333
Windsor and Maidenhead 009,E02003429,E,6318,396,340,346,514,0.8,1.0,10.7514,2.6976820000000004
Windsor and Maidenhead 010,E02003430,E,5668,355,305,310,461,0.8,1.0,9.6414,2.553382
Windsor and Maidenhead 011,E02003431,E,5569,349,300,305,454,0.4,0.6,10.8467,2.710071
Windsor and Maidenhead 012,E02003432,E,5705,358,307,312,465,0.8,1.0,9.7165,2.563145
Windsor and Maidenhead 013,E02003433,E,5584,350,301,305,455,0.8,1.0,9.507200000000001,2.5359360000000004
Windsor and Maidenhead 014,E02003434,E,7407,464,399,405,603,0.6,0.8,13.4041,3.042533
Windsor and Maidenhead 015,E02003435,E,5836,366,314,319,475,0.8,1.0,9.9308,2.591004
Windsor and Maidenhead 016,E02003436,E,7058,442,380,386,575,0.8,1.0,12.016399999999999,2.862132
Windsor and Maidenhead 017,E02003437,E,6346,398,342,347,516,0.8,1.0,10.794799999999999,2.703324
Windsor and Maidenhead 018,E02003438,E,8928,560,481,488,728,0.8,1.0,15.2084,3.277092
Wirral 001,E02001467,E,5905,488,426,400,509,0.0,0.2,17.021,3.5127300000000004
Wirral 002,E02001468,E,6135,507,443,416,528,0.0,0.2,17.679000000000002,3.5982700000000003
Wirral 003,E02001469,E,6124,506,442,415,527,0.4,0.6,13.4312,3.046056
Wirral 004,E02001470,E,6723,556,485,456,579,0.4,0.6,14.7529,3.217877
Wirral 005,E02001471,E,5887,487,425,399,507,0.0,0.2,16.9692,3.5059960000000006
Wirral 006,E02001472,E,5524,457,399,375,476,0.2,0.4,14.065999999999999,3.12858
Wirral 007,E02001473,E,5992,495,432,406,515,0.2,0.4,15.231,3.28003
Wirral 008,E02001474,E,5553,459,401,377,478,0.0,0.2,16.006800000000002,3.380884
Wirral 009,E02001475,E,4825,399,348,327,415,0.0,0.2,13.899000000000001,3.1068700000000002
Wirral 010,E02001476,E,5967,493,431,404,513,0.0,0.2,17.1842,3.5339460000000003
Wirral 011,E02001477,E,5875,486,424,398,505,0.0,0.2,16.921,3.4997300000000005
Wirral 012,E02001478,E,6187,512,447,419,532,0.0,0.2,17.824199999999998,3.617146
Wirral 013,E02001479,E,4829,399,349,327,415,0.6,0.8,9.8427,2.5795510000000004
Wirral 014,E02001480,E,6054,500,437,410,521,0.6,0.8,12.3452,2.904876
Wirral 015,E02001481,E,6344,524,458,430,546,0.2,0.4,16.138,3.39794
Wirral 016,E02001482,E,6041,500,436,410,520,0.0,0.2,17.4146,3.563898
Wirral 017,E02001483,E,5788,478,418,392,498,0.6,0.8,11.802399999999999,2.8343119999999997
Wirral 018,E02001484,E,5996,496,433,406,516,0.4,0.6,13.1508,3.0096040000000004
Wirral 019,E02001485,E,4994,413,360,338,429,0.0,0.2,14.3754,3.1688020000000003
Wirral 020,E02001486,E,6452,533,466,437,556,0.2,0.4,16.42,3.4346000000000005
Wirral 021,E02001487,E,7264,600,524,492,625,0.0,0.2,20.9224,4.019912
Wirral 022,E02001488,E,6633,548,479,450,571,0.0,0.2,19.1168,3.785184
Wirral 023,E02001489,E,6487,536,468,440,558,0.8,1.0,12.292100000000001,2.8979730000000004
Wirral 024,E02001490,E,6842,565,494,464,589,0.4,0.6,15.0106,3.251378
Wirral 025,E02001491,E,5345,442,386,362,460,0.0,0.2,15.401,3.30213
Wirral 026,E02001492,E,6136,507,443,416,528,0.4,0.6,13.4588,3.049644
Wirral 027,E02001493,E,6234,515,450,423,536,0.0,0.2,17.9584,3.6345920000000005
Wirral 028,E02001494,E,5564,460,402,377,479,0.8,1.0,10.5472,2.671136
Wirral 029,E02001495,E,6093,504,440,413,525,0.0,0.2,17.5668,3.583684
Wirral 030,E02001496,E,4716,390,340,320,405,0.2,0.4,11.988,2.85844
Wirral 031,E02001497,E,6234,516,450,423,537,0.0,0.2,17.9754,3.6368020000000003
Wirral 032,E02001498,E,5921,489,427,401,509,0.4,0.6,12.9763,2.9869190000000003
Wirral 033,E02001499,E,5233,433,378,355,450,0.6,0.8,10.672899999999998,2.687477
Wirral 034,E02001500,E,5856,484,423,397,504,0.6,0.8,11.9458,2.8529540000000004
Wirral 035,E02001501,E,6234,516,450,423,537,0.6,0.8,12.7242,2.954146
Wirral 036,E02001502,E,6527,540,471,442,562,0.4,0.6,14.318100000000001,3.161353
Wirral 037,E02001503,E,5882,486,424,399,507,0.6,0.8,12.0046,2.8605980000000004
Wirral 038,E02001504,E,5735,474,414,389,493,0.8,1.0,10.8645,2.7123850000000003
Wirral 039,E02001505,E,5028,416,363,341,433,0.2,0.4,12.797,2.96361
Wirral 040,E02001506,E,7025,581,507,476,605,0.8,1.0,13.3185,3.0314050000000003
Wirral 041,E02001507,E,5708,472,412,387,491,0.8,1.0,10.8164,2.706132
Wirral 042,E02001508,E,6275,519,453,426,540,0.2,0.4,15.9685,3.3759050000000004
Woking 001,E02006456,E,6339,396,324,311,448,0.6,0.8,10.4727,2.661451
Woking 002,E02006457,E,7487,468,383,367,529,0.8,1.0,11.6021,2.808273
Woking 003,E02006458,E,7553,472,386,370,533,0.8,1.0,11.6949,2.8203370000000003
Woking 004,E02006459,E,8677,542,444,425,613,0.2,0.4,18.0715,3.6492950000000004
Woking 005,E02006460,E,7787,486,398,382,550,0.6,0.8,12.8601,2.971813
Woking 006,E02006461,E,5529,345,283,271,390,0.8,1.0,8.5597,2.4127609999999997
Woking 007,E02006462,E,6937,433,355,340,490,0.8,1.0,10.7471,2.697123
Woking 008,E02006463,E,7824,489,400,383,553,0.8,1.0,12.1232,2.876016
Woking 009,E02006464,E,5634,352,288,276,398,0.6,0.8,9.304200000000002,2.5095460000000003
Woking 010,E02006465,E,5078,317,260,249,359,0.8,1.0,7.8713999999999995,2.323282
Woking 011,E02006466,E,7197,449,368,353,508,0.4,0.6,12.7431,2.9566030000000003
Woking 012,E02006467,E,5367,335,275,263,379,0.8,1.0,8.3141,2.380833
Wokingham 001,E02003439,E,5125,314,254,255,370,0.8,1.0,8.0185,2.3424050000000003
Wokingham 002,E02003440,E,8350,511,414,415,603,0.8,1.0,13.063,2.99819
Wokingham 003,E02003441,E,7217,442,358,359,521,0.8,1.0,11.2911,2.767843
Wokingham 004,E02003442,E,6717,411,333,334,484,0.8,1.0,10.4971,2.6646229999999997
Wokingham 005,E02003443,E,5648,346,280,281,407,0.6,0.8,9.3884,2.520492
Wokingham 006,E02003444,E,8404,514,417,418,607,0.8,1.0,13.1502,3.009526
Wokingham 007,E02003445,E,7876,482,391,392,568,0.8,1.0,12.3168,2.901184
Wokingham 008,E02003446,E,8025,491,398,399,579,0.8,1.0,12.5495,2.931435
Wokingham 009,E02003447,E,8922,546,443,444,644,0.8,1.0,13.9586,3.114618
Wokingham 010,E02003448,E,6306,386,313,314,455,0.8,1.0,9.864799999999999,2.582424
Wokingham 011,E02003449,E,7054,432,350,351,509,0.8,1.0,11.034199999999998,2.734446
Wokingham 012,E02003450,E,10056,616,499,500,725,0.8,1.0,15.7218,3.343834
Wokingham 013,E02003451,E,7504,459,372,373,541,0.8,1.0,11.7292,2.824796
Wokingham 014,E02003452,E,5767,353,286,287,415,0.8,1.0,9.008099999999999,2.471053
Wokingham 015,E02003453,E,6156,377,305,306,444,0.8,1.0,9.6248,2.5512240000000004
Wokingham 016,E02003454,E,7196,440,357,358,519,0.8,1.0,11.2518,2.762734
Wokingham 017,E02003455,E,6348,389,315,316,458,0.8,1.0,9.930399999999999,2.5909519999999997
Wokingham 018,E02003456,E,6451,395,320,321,466,0.6,0.8,10.7363,2.695719
Wokingham 019,E02003457,E,9228,565,458,459,666,0.8,1.0,14.435400000000001,3.1766020000000004
Wokingham 020,E02003458,E,7586,464,376,377,547,0.8,1.0,11.8578,2.841514
Wolverhampton 001,E02002149,E,9120,517,428,372,554,0.2,0.4,17.075,3.51975
Wolverhampton 002,E02002150,E,5198,295,244,212,315,0.2,0.4,9.724,2.56412
Wolverhampton 003,E02002151,E,5298,301,249,216,321,0.0,0.2,11.292800000000002,2.7680640000000003
Wolverhampton 004,E02002152,E,5667,322,266,231,344,0.0,0.2,12.0852,2.8710760000000004
Wolverhampton 005,E02002153,E,6823,387,320,278,415,0.2,0.4,12.778500000000001,2.9612050000000005
Wolverhampton 006,E02002154,E,5075,288,238,207,309,0.0,0.2,10.832,2.7081600000000003
Wolverhampton 007,E02002155,E,5303,301,249,216,322,0.0,0.2,11.3078,2.770014
Wolverhampton 008,E02002156,E,7611,432,357,310,462,0.2,0.4,14.243500000000001,3.1516550000000003
Wolverhampton 009,E02002157,E,7042,399,330,287,428,0.6,0.8,10.3736,2.648568
Wolverhampton 010,E02002158,E,6965,395,327,284,423,0.2,0.4,13.0395,2.9951350000000003
Wolverhampton 011,E02002159,E,5478,311,257,223,333,0.0,0.2,11.6838,2.8188940000000002
Wolverhampton 012,E02002160,E,6411,364,301,261,389,0.2,0.4,11.996500000000001,2.8595450000000002
Wolverhampton 013,E02002161,E,5719,324,268,233,348,0.0,0.2,12.198400000000001,2.8857920000000004
Wolverhampton 014,E02002162,E,6873,390,323,280,417,0.6,0.8,10.120899999999999,2.615717
Wolverhampton 015,E02002163,E,10233,581,480,417,622,0.0,0.2,21.827800000000003,4.137614000000001
Wolverhampton 016,E02002164,E,6223,353,292,254,378,0.0,0.2,13.2728,3.0254640000000004
Wolverhampton 017,E02002165,E,7029,399,330,286,427,0.0,0.2,14.988400000000002,3.2484920000000006
Wolverhampton 018,E02002166,E,8236,467,387,336,501,0.0,0.2,17.5756,3.584828
Wolverhampton 019,E02002167,E,5955,338,280,243,362,0.4,0.6,9.384500000000001,2.519985
Wolverhampton 020,E02002168,E,9389,533,441,382,570,0.0,0.2,20.017400000000002,3.9022620000000003
Wolverhampton 021,E02002169,E,7863,446,369,320,478,0.6,0.8,11.584900000000001,2.8060370000000003
Wolverhampton 022,E02002170,E,5689,323,267,232,346,0.0,0.2,12.139400000000002,2.8781220000000003
Wolverhampton 023,E02002171,E,6700,380,314,273,407,0.0,0.2,14.285000000000002,3.1570500000000004
Wolverhampton 026,E02002174,E,6891,391,323,281,419,0.4,0.6,10.8553,2.711189
Wolverhampton 027,E02002175,E,6394,363,300,261,388,0.0,0.2,13.6344,3.0724720000000003
Wolverhampton 028,E02002176,E,6997,397,328,285,425,0.2,0.4,13.0965,3.0025450000000005
Wolverhampton 029,E02002177,E,8216,466,386,335,499,0.0,0.2,17.5226,3.5779380000000005
Wolverhampton 030,E02002178,E,7381,419,346,301,448,0.4,0.6,11.618300000000001,2.810379
Wolverhampton 031,E02002179,E,5820,330,273,237,354,0.6,0.8,8.577,2.41501
Wolverhampton 032,E02002180,E,5813,330,273,237,353,0.2,0.4,10.8835,2.714855
Wolverhampton 033,E02002181,E,6439,365,302,262,391,0.0,0.2,13.724400000000001,3.084172
Wolverhampton 034,E02002182,E,6042,343,284,246,367,0.2,0.4,11.312,2.7705599999999997
Wolverhampton 035,E02006894,E,11007,624,517,448,669,0.0,0.2,23.4732,4.351516
Worcester 001,E02006734,E,6872,423,379,356,459,0.8,1.0,10.4946,2.664298
Worcester 002,E02006735,E,4376,269,242,226,293,0.0,0.2,10.2786,2.6362180000000004
Worcester 003,E02006736,E,5661,348,312,293,378,0.6,0.8,9.2653,2.504489
Worcester 004,E02006737,E,6558,404,362,339,439,0.4,0.6,11.525400000000001,2.7983020000000005
Worcester 005,E02006738,E,7538,464,416,390,504,0.0,0.2,17.7008,3.6011040000000003
Worcester 006,E02006739,E,4970,306,274,257,333,0.6,0.8,8.147,2.3591100000000003
Worcester 007,E02006740,E,5868,361,324,304,392,0.2,0.4,12.145,2.87885
Worcester 008,E02006741,E,4740,292,262,245,317,0.8,1.0,7.242,2.24146
Worcester 009,E02006742,E,7079,435,391,366,473,0.2,0.4,14.6465,3.204045
Worcester 010,E02006743,E,5517,339,304,285,368,0.2,0.4,11.4025,2.782325
Worcester 011,E02006744,E,5898,363,326,305,394,0.2,0.4,12.205,2.8866500000000004
Worcester 012,E02006745,E,6636,408,366,343,443,0.6,0.8,10.858799999999999,2.7116439999999997
Worcester 013,E02006746,E,6406,394,354,331,428,0.6,0.8,10.4888,2.663544
Worcester 014,E02006747,E,4920,303,271,254,329,0.8,1.0,7.513,2.2766900000000003
Worthing 001,E02006621,E,6309,479,425,458,603,0.8,1.0,12.6237,2.941081
Worthing 002,E02006622,E,6419,488,433,466,613,0.6,0.8,13.7067,3.081871
Worthing 003,E02006623,E,6562,499,443,477,627,0.2,0.4,17.413,3.5636900000000002
Worthing 004,E02006624,E,5954,452,401,432,569,0.8,1.0,11.911200000000001,2.8484560000000005
Worthing 005,E02006625,E,6670,507,450,484,638,0.6,0.8,14.253,3.15289
Worthing 006,E02006626,E,6166,468,416,448,589,0.2,0.4,16.355,3.42615
Worthing 007,E02006627,E,7069,537,477,513,675,0.6,0.8,15.0927,3.2620510000000005
Worthing 008,E02006628,E,7499,570,506,544,717,0.4,0.6,17.2817,3.546621
Worthing 009,E02006629,E,6599,501,445,479,630,0.2,0.4,17.4955,3.574415
Worthing 010,E02006630,E,6779,515,457,492,648,0.2,0.4,17.9825,3.6377250000000005
Worthing 011,E02006631,E,7755,589,523,563,741,0.2,0.4,20.569499999999998,3.9740349999999998
Worthing 012,E02006632,E,6656,506,449,483,636,0.8,1.0,13.317799999999998,3.031314
Worthing 013,E02006633,E,6651,505,448,483,636,0.8,1.0,13.3123,3.0305990000000005
Wychavon 001,E02006748,E,5879,541,499,485,599,0.4,0.6,14.9397,3.2421610000000003
Wychavon 002,E02006749,E,4750,437,403,392,484,0.2,0.4,13.85,3.1005000000000003
Wychavon 003,E02006750,E,4789,441,407,395,489,0.4,0.6,12.184700000000001,2.884011
Wychavon 004,E02006751,E,5231,482,444,431,533,0.4,0.6,13.2913,3.027869
Wychavon 005,E02006752,E,5967,550,506,492,608,0.8,1.0,13.0501,2.996513
Wychavon 006,E02006753,E,5559,512,472,458,566,0.6,0.8,13.0957,3.002441
Wychavon 007,E02006754,E,4831,445,410,398,493,0.6,0.8,11.3923,2.7809990000000004
Wychavon 008,E02006755,E,4741,437,402,391,483,0.6,0.8,11.1723,2.752399
Wychavon 009,E02006756,E,4734,436,402,390,483,0.6,0.8,11.1632,2.7512160000000003
Wychavon 010,E02006757,E,6034,556,512,498,615,0.6,0.8,14.225200000000001,3.1492760000000004
Wychavon 011,E02006758,E,4964,457,421,409,506,0.4,0.6,12.613199999999999,2.9397159999999998
Wychavon 012,E02006759,E,6232,574,529,514,636,0.4,0.6,15.849600000000002,3.3604480000000008
Wychavon 013,E02006760,E,6988,644,593,576,713,0.4,0.6,17.7684,3.6098920000000003
Wychavon 014,E02006761,E,5147,474,437,424,524,0.2,0.4,14.999500000000001,3.2499350000000002
Wychavon 015,E02006762,E,5041,464,428,416,514,0.6,0.8,11.8863,2.845219
Wychavon 016,E02006763,E,5704,525,484,470,582,0.6,0.8,13.4492,3.0483960000000003
Wychavon 017,E02006764,E,4778,440,405,394,487,0.4,0.6,12.1414,2.878382
Wychavon 018,E02006765,E,5183,477,440,427,528,0.6,0.8,12.2119,2.887547
Wychavon 019,E02006766,E,6623,610,562,546,675,0.8,1.0,14.4859,3.183167
Wycombe 001,E02003696,E,6483,413,369,364,533,0.8,1.0,11.1919,2.7549470000000005
Wycombe 002,E02003697,E,4843,308,276,272,397,0.8,1.0,8.3479,2.385227
Wycombe 003,E02003698,E,6692,426,381,375,550,0.8,1.0,11.5466,2.8010580000000003
Wycombe 004,E02003699,E,4444,283,253,249,365,0.8,1.0,7.6652000000000005,2.296476
Wycombe 006,E02003701,E,8940,569,509,501,734,0.6,0.8,16.435000000000002,3.4365500000000004
Wycombe 007,E02003702,E,6630,422,378,372,545,0.6,0.8,12.2,2.886
Wycombe 008,E02003703,E,6269,399,357,352,515,0.6,0.8,11.5317,2.7991210000000004
Wycombe 009,E02003704,E,4735,302,270,266,389,0.8,1.0,8.1735,2.3625550000000004
Wycombe 010,E02003705,E,5539,353,315,311,455,0.4,0.6,10.953700000000001,2.723981
Wycombe 011,E02003706,E,5251,334,299,294,431,0.6,0.8,9.6503,2.554539
Wycombe 012,E02003707,E,4973,317,283,279,409,0.6,0.8,9.151900000000001,2.4897470000000004
Wycombe 013,E02003708,E,7527,479,429,422,618,0.2,0.4,17.2865,3.547245
Wycombe 014,E02003709,E,4647,296,265,261,381,0.4,0.6,9.1841,2.493933
Wycombe 015,E02003710,E,8294,528,472,465,682,0.6,0.8,15.2592,3.283696
Wycombe 016,E02003711,E,6791,432,387,381,558,0.6,0.8,12.4923,2.9239990000000002
Wycombe 017,E02003712,E,6263,399,357,351,515,0.4,0.6,12.3909,2.910817
Wycombe 018,E02003713,E,4773,304,272,268,393,0.8,1.0,8.2469,2.372097
Wycombe 019,E02003714,E,5303,338,302,297,435,0.8,1.0,9.1409,2.4883170000000003
Wycombe 020,E02003715,E,5372,342,306,301,441,0.8,1.0,9.2636,2.504268
Wycombe 021,E02003716,E,4426,282,252,248,363,0.8,1.0,7.6288,2.291744
Wycombe 022,E02003717,E,7041,448,401,395,578,0.8,1.0,12.1433,2.878629
Wycombe 023,E02003718,E,4424,282,252,248,363,0.8,1.0,7.6282,2.291666
Wycombe 024,E02006824,E,7702,490,438,432,632,0.8,1.0,13.2786,3.026218
Wyre 001,E02005319,E,6240,685,625,612,760,0.0,0.2,23.698,4.38074
Wyre 002,E02005320,E,4420,485,443,433,538,0.2,0.4,14.924,3.24012
Wyre 003,E02005321,E,4772,524,478,468,581,0.0,0.2,18.1212,3.6557560000000002
Wyre 004,E02005322,E,7421,815,743,728,904,0.4,0.6,22.0443,4.165759
Wyre 005,E02005323,E,5134,564,514,503,625,0.0,0.2,19.4914,3.833882
Wyre 006,E02005324,E,4577,503,458,449,558,0.6,0.8,12.594100000000001,2.937233
Wyre 007,E02005325,E,6711,737,672,658,817,0.6,0.8,18.4523,3.698799
Wyre 008,E02005326,E,6403,703,641,628,780,0.2,0.4,21.630499999999998,4.111965
Wyre 009,E02005327,E,4394,483,440,431,535,0.6,0.8,12.0842,2.870946
Wyre 010,E02005328,E,5599,615,561,549,682,0.6,0.8,15.4007,3.302091
Wyre 011,E02005329,E,6549,720,656,642,798,0.4,0.6,19.4567,3.829371
Wyre 012,E02005330,E,6644,730,665,651,809,0.6,0.8,18.2672,3.6747360000000002
Wyre 013,E02005331,E,5707,627,572,559,695,0.6,0.8,15.694099999999999,3.3402329999999996
Wyre 014,E02005332,E,6040,663,605,592,735,0.8,1.0,15.393,3.3010900000000003
Wyre Forest 001,E02006767,E,7039,579,546,579,728,0.4,0.6,17.663700000000002,3.5962810000000003
Wyre Forest 002,E02006768,E,5402,444,419,444,558,0.4,0.6,13.544599999999999,3.060798
Wyre Forest 003,E02006769,E,5706,469,442,469,590,0.6,0.8,13.2528,3.022864
Wyre Forest 004,E02006770,E,5703,469,442,469,589,0.0,0.2,18.3278,3.682614
Wyre Forest 005,E02006771,E,5234,430,406,430,541,0.4,0.6,13.1262,3.006406
Wyre Forest 006,E02006772,E,5129,421,397,422,530,0.4,0.6,12.860700000000001,2.9718910000000003
Wyre Forest 007,E02006773,E,6605,543,512,543,683,0.2,0.4,18.9765,3.7669450000000007
Wyre Forest 008,E02006774,E,5958,489,461,490,616,0.2,0.4,17.112000000000002,3.52456
Wyre Forest 009,E02006775,E,4108,338,318,338,424,0.0,0.2,13.198799999999999,3.015844
Wyre Forest 010,E02006776,E,5237,430,406,431,542,0.6,0.8,12.1721,2.8823730000000003
Wyre Forest 011,E02006777,E,5700,468,442,469,589,0.4,0.6,14.296000000000001,3.15848
Wyre Forest 012,E02006778,E,5475,450,424,450,566,0.6,0.8,12.714500000000001,2.952885
Wyre Forest 013,E02006779,E,6065,498,470,499,627,0.4,0.6,15.2135,3.277755
Wyre Forest 014,E02006780,E,4607,379,357,379,477,0.2,0.4,13.2455,3.021915
York 001,E02002772,E,5958,372,324,328,445,0.8,1.0,9.7144,2.562872
York 002,E02002773,E,4949,309,269,273,370,0.8,1.0,8.0757,2.349841
York 003,E02002774,E,5406,338,294,298,405,0.8,1.0,8.8308,2.448004
York 004,E02002775,E,4863,304,264,268,364,0.4,0.6,9.0989,2.482857
York 005,E02002776,E,5555,347,302,306,415,0.8,1.0,9.0595,2.477735
York 006,E02002777,E,7117,445,387,392,532,0.8,1.0,11.6111,2.809443
York 007,E02002778,E,7124,445,387,392,533,0.8,1.0,11.6242,2.811146
York 008,E02002779,E,8248,515,448,454,617,0.8,1.0,13.4574,3.049462
York 009,E02002780,E,7214,451,392,397,539,0.2,0.4,15.775,3.3507500000000006
York 010,E02002781,E,8505,531,462,468,636,0.4,0.6,15.901500000000002,3.3671950000000006
York 011,E02002782,E,5459,341,297,301,409,0.8,1.0,8.9177,2.459301
York 012,E02002783,E,8745,546,475,481,654,0.6,0.8,15.214500000000001,3.2778850000000004
York 013,E02002784,E,9140,571,497,503,683,0.4,0.6,17.086,3.52118
York 014,E02002785,E,5911,369,321,326,442,0.8,1.0,9.6453,2.553889
York 015,E02002786,E,9178,573,499,505,686,0.4,0.6,17.1574,3.530462
York 016,E02002787,E,7805,488,424,430,584,0.4,0.6,14.601500000000001,3.198195
York 017,E02002788,E,7676,480,417,423,574,0.8,1.0,12.5258,2.928354
York 018,E02002789,E,7626,476,414,420,571,0.2,0.4,16.689,3.46957
York 019,E02002790,E,9807,613,533,540,733,0.8,1.0,15.9971,3.3796230000000005
York 020,E02002791,E,5626,352,306,310,421,0.8,1.0,9.1848,2.494024
York 021,E02002792,E,6055,378,329,333,453,0.8,1.0,9.878499999999999,2.584205
York 022,E02002793,E,7884,493,429,434,589,0.6,0.8,13.7162,3.083106
York 023,E02002794,E,7584,474,412,418,567,0.8,1.0,12.374199999999998,2.908646
York 024,E02002795,E,6948,434,378,383,520,0.8,1.0,11.343399999999999,2.774642
