MSOA,MSOA11CD,country,age_less65,age_65,age_70,age_75,age_over80,depriv_quantile_min,depriv_quantile_max,admissions_predicted,std
Adur 001,E02006534,E,6736,658,626,500,838,0.4,0.6,18.8968,3.756584
Adur 002,E02006535,E,5242,512,487,389,652,0.8,1.0,12.6876,2.949388
Adur 003,E02006536,E,5610,548,521,416,698,0.6,0.8,14.620999999999999,3.20073
Adur 004,E02006537,E,8002,782,743,594,996,0.2,0.4,25.429000000000002,4.605770000000001
Adur 005,E02006538,E,6737,658,626,500,839,0.6,0.8,17.5701,3.5841130000000003
Adur 006,E02006539,E,5604,547,520,416,697,0.4,0.6,15.715200000000001,3.342976
Adur 007,E02006540,E,4477,438,416,332,557,0.2,0.4,14.224499999999999,3.149185
Adur 008,E02006541,E,5939,581,552,441,739,0.4,0.6,16.6657,3.4665410000000003
Allerdale 001,E02003965,E,7746,892,814,653,1083,0.4,0.6,24.2778,4.456114
Allerdale 002,E02003966,E,5018,578,527,423,702,0.4,0.6,15.7314,3.3450820000000006
Allerdale 003,E02003967,E,5887,678,618,496,823,0.2,0.4,20.7975,4.003675
Allerdale 004,E02003968,E,6124,705,643,516,856,0.4,0.6,19.1872,3.7943360000000004
Allerdale 005,E02003969,E,4753,548,499,401,665,0.0,0.2,18.873800000000003,3.7535940000000005
Allerdale 006,E02003970,E,5505,634,579,464,770,0.6,0.8,16.0255,3.3833150000000005
Allerdale 007,E02003971,E,5699,657,599,480,796,0.6,0.8,16.5757,3.454841
Allerdale 008,E02003972,E,6559,756,689,553,917,0.2,0.4,23.1785,4.313205
Allerdale 009,E02003973,E,6217,716,653,524,869,0.0,0.2,24.671200000000002,4.507256000000001
Allerdale 010,E02003974,E,5538,638,582,467,774,0.2,0.4,19.567999999999998,3.84384
Allerdale 011,E02003975,E,4585,528,482,387,642,0.4,0.6,14.3855,3.170115
Allerdale 012,E02003976,E,4873,561,512,411,681,0.6,0.8,14.1779,3.143127
Amber Valley 001,E02004029,E,5359,550,500,385,615,0.2,0.4,16.4045,3.4325849999999996
Amber Valley 002,E02004030,E,4671,479,436,336,536,0.6,0.8,11.6793,2.818309
Amber Valley 003,E02004031,E,6201,636,579,446,711,0.0,0.2,21.4496,4.0884480000000005
Amber Valley 004,E02004032,E,6854,703,640,493,787,0.6,0.8,17.144199999999998,3.528746
Amber Valley 005,E02004033,E,7321,751,684,526,840,0.4,0.6,19.6703,3.857139
Amber Valley 006,E02004034,E,6078,623,567,437,698,0.6,0.8,15.200400000000002,3.2760520000000004
Amber Valley 007,E02004035,E,5373,551,502,386,617,0.6,0.8,13.4389,3.047057
Amber Valley 008,E02004036,E,8229,844,768,592,944,0.2,0.4,25.1905,4.574765
Amber Valley 009,E02004037,E,6363,653,594,457,730,0.8,1.0,14.7179,3.213327
Amber Valley 010,E02004038,E,6469,663,604,465,742,0.4,0.6,17.3767,3.5589709999999997
Amber Valley 011,E02004039,E,6675,684,623,480,766,0.6,0.8,16.6885,3.469505
Amber Valley 012,E02004040,E,7482,767,698,538,859,0.4,0.6,20.1066,3.9138580000000003
Amber Valley 013,E02004041,E,5834,598,544,419,669,0.4,0.6,15.664200000000001,3.336346
Amber Valley 015,E02004043,E,5828,598,544,419,669,0.6,0.8,14.5744,3.194672
Amber Valley 016,E02004044,E,6403,657,598,460,734,0.8,1.0,14.8049,3.2246370000000004
Amber Valley 017,E02006827,E,6340,650,592,456,728,0.0,0.2,21.942,4.1524600000000005
Arun 001,E02006542,E,4528,583,587,469,784,0.4,0.6,17.0944,3.522272
Arun 002,E02006543,E,4373,563,567,453,758,0.4,0.6,16.5199,3.4475870000000004
Arun 003,E02006544,E,7944,1023,1029,823,1376,0.6,0.8,27.7962,4.913506
Arun 004,E02006545,E,6513,839,844,675,1128,0.0,0.2,30.583800000000004,5.275894000000001
Arun 005,E02006546,E,7594,978,984,787,1316,0.4,0.6,28.684199999999997,5.0289459999999995
Arun 006,E02006547,E,4674,602,606,484,809,0.4,0.6,17.642200000000003,3.5934860000000004
Arun 007,E02006548,E,7457,960,966,772,1291,0.6,0.8,26.082099999999997,4.690672999999999
Arun 008,E02006549,E,4629,596,600,480,802,0.8,1.0,15.002699999999999,3.250351
Arun 009,E02006550,E,7423,956,962,769,1286,0.4,0.6,28.032899999999998,4.944277
Arun 010,E02006551,E,6139,791,796,636,1064,0.6,0.8,21.4917,4.093921
Arun 011,E02006552,E,5604,722,726,581,971,0.0,0.2,26.3214,4.721782
Arun 012,E02006553,E,5755,741,746,596,997,0.4,0.6,21.7325,4.125225
Arun 013,E02006554,E,5267,678,683,546,912,0.6,0.8,18.430100000000003,3.695913000000001
Arun 014,E02006555,E,5895,759,764,611,1021,0.2,0.4,24.8095,4.525235
Arun 015,E02006556,E,6504,838,843,674,1126,0.6,0.8,22.7552,4.258176
Arun 016,E02006557,E,5636,726,730,584,976,0.2,0.4,23.716,4.3830800000000005
Arun 017,E02006558,E,8390,1080,1087,869,1453,0.2,0.4,35.302,5.88926
Arun 018,E02006559,E,6407,825,830,664,1110,0.8,1.0,20.7621,3.999073
Arun 019,E02006560,E,7176,924,930,743,1243,0.4,0.6,27.0948,4.822324
Ashfield 001,E02005819,E,5678,475,437,333,503,0.2,0.4,14.379000000000001,3.16927
Ashfield 002,E02005820,E,5291,443,407,311,469,0.4,0.6,11.5953,2.807389
Ashfield 003,E02005821,E,5900,494,454,347,522,0.0,0.2,16.973000000000003,3.5064900000000003
Ashfield 004,E02005822,E,8805,736,678,517,780,0.0,0.2,25.332,4.59316
Ashfield 005,E02005823,E,6945,581,535,408,615,0.0,0.2,19.983,3.8977900000000005
Ashfield 006,E02005824,E,8987,751,692,528,796,0.4,0.6,19.6861,3.8591930000000003
Ashfield 007,E02005825,E,7400,619,570,435,655,0.2,0.4,18.742,3.73646
Ashfield 008,E02005826,E,5609,469,432,329,497,0.0,0.2,16.1374,3.397862
Ashfield 009,E02005827,E,7671,641,591,450,679,0.4,0.6,16.7953,3.483389
Ashfield 010,E02005828,E,6567,549,506,386,581,0.4,0.6,14.3801,3.1694130000000005
Ashfield 011,E02005829,E,6236,522,480,366,553,0.4,0.6,13.666800000000002,3.076684
Ashfield 012,E02005830,E,5646,472,435,332,500,0.4,0.6,12.369800000000001,2.908074
Ashfield 013,E02005831,E,7916,662,610,465,702,0.4,0.6,17.3528,3.5558639999999997
Ashfield 014,E02005832,E,8245,689,635,484,730,0.2,0.4,20.8775,4.014075
Ashfield 015,E02005833,E,6861,574,528,403,608,0.6,0.8,14.0213,3.122769
Ashfield 016,E02005834,E,6629,555,511,389,587,0.0,0.2,19.0744,3.7796720000000006
Ashford 001,E02004996,E,7650,651,584,443,746,0.4,0.6,17.543,3.58059
Ashford 002,E02004997,E,7256,618,554,420,708,0.4,0.6,16.6448,3.463824
Ashford 003,E02004998,E,6423,547,490,372,626,0.8,1.0,12.7469,2.957097
Ashford 004,E02004999,E,12054,1026,920,697,1175,0.4,0.6,27.630200000000002,4.891926000000001
Ashford 005,E02005000,E,9210,784,703,533,898,0.2,0.4,24.276000000000003,4.4558800000000005
Ashford 006,E02005001,E,8548,728,653,495,833,0.6,0.8,18.270400000000002,3.6751520000000006
Ashford 007,E02005002,E,8613,733,658,498,840,0.2,0.4,22.7035,4.251455
Ashford 008,E02005003,E,8224,700,628,476,802,0.2,0.4,21.68,4.1184
Ashford 009,E02005004,E,11632,990,888,673,1134,0.4,0.6,26.6676,4.766788
Ashford 010,E02005005,E,7144,608,546,413,697,0.6,0.8,15.2752,3.2857760000000003
Ashford 011,E02005006,E,5250,447,401,304,512,0.4,0.6,12.041,2.86533
Ashford 012,E02005007,E,8223,700,628,476,802,0.4,0.6,18.8589,3.751657
Ashford 013,E02005008,E,7798,664,595,451,760,0.6,0.8,16.662399999999998,3.466112
Ashford 014,E02005009,E,5391,459,412,312,525,0.4,0.6,12.3553,2.9061890000000004
Aylesbury Vale 001,E02003652,E,9102,643,580,457,749,0.8,1.0,15.7006,3.3410780000000004
Aylesbury Vale 002,E02003653,E,6827,482,435,343,562,0.6,0.8,12.6491,2.944383
Aylesbury Vale 003,E02003654,E,5839,412,372,293,481,0.8,1.0,10.0757,2.6098410000000003
Aylesbury Vale 004,E02003655,E,9983,705,636,501,822,0.6,0.8,18.4959,3.704467
Aylesbury Vale 005,E02003656,E,6042,427,385,303,498,0.8,1.0,10.4296,2.655848
Aylesbury Vale 006,E02003657,E,6390,451,407,321,526,0.8,1.0,11.024000000000001,2.7331200000000004
Aylesbury Vale 007,E02003658,E,7434,525,474,373,612,0.8,1.0,12.8252,2.967276
Aylesbury Vale 008,E02003659,E,8797,621,561,442,724,0.8,1.0,15.1771,3.2730230000000002
Aylesbury Vale 009,E02003660,E,10074,711,642,506,829,0.8,1.0,17.377200000000002,3.5590360000000008
Aylesbury Vale 010,E02003661,E,6069,429,387,305,500,0.6,0.8,11.2517,2.762721
Aylesbury Vale 011,E02003662,E,6615,467,422,332,544,0.6,0.8,12.2505,2.8925650000000003
Aylesbury Vale 012,E02003663,E,5782,408,369,290,476,0.2,0.4,13.333,3.03329
Aylesbury Vale 013,E02003664,E,6531,461,416,328,537,0.2,0.4,15.052499999999998,3.256825
Aylesbury Vale 014,E02003665,E,6226,439,397,312,512,0.6,0.8,11.5258,2.7983540000000002
Aylesbury Vale 015,E02003666,E,7095,501,452,356,584,0.4,0.6,14.0825,3.130725
Aylesbury Vale 016,E02003667,E,9921,701,632,498,816,0.6,0.8,18.3723,3.6883990000000004
Aylesbury Vale 017,E02003668,E,9295,656,592,466,764,0.8,1.0,16.0185,3.3824050000000003
Aylesbury Vale 018,E02003669,E,7296,515,465,366,600,0.2,0.4,16.815,3.48595
Aylesbury Vale 019,E02003670,E,9210,650,587,462,758,0.8,1.0,15.885,3.36505
Aylesbury Vale 020,E02003671,E,6210,438,396,312,511,0.4,0.6,12.327000000000002,2.9025100000000004
Aylesbury Vale 021,E02003672,E,10176,719,649,511,838,0.8,1.0,17.561799999999998,3.5830339999999996
Aylesbury Vale 022,E02003673,E,8556,604,545,429,704,0.8,1.0,14.7538,3.217994
Aylesbury Vale 023,E02003674,E,5550,392,354,279,457,0.8,1.0,9.579,2.5452700000000004
Aylesbury Vale 024,E02003675,E,8797,621,561,442,724,0.8,1.0,15.1771,3.2730230000000002
Babergh 001,E02006227,E,4601,557,519,411,760,0.4,0.6,16.1563,3.4003190000000005
Babergh 002,E02006228,E,4369,529,493,390,722,0.6,0.8,14.2327,3.150251
Babergh 003,E02006229,E,4300,521,485,384,710,0.6,0.8,14.001999999999999,3.12026
Babergh 004,E02006230,E,7923,960,894,708,1309,0.6,0.8,25.8119,4.655547
Babergh 005,E02006231,E,6336,767,715,566,1046,0.6,0.8,20.6308,3.982004
Babergh 006,E02006232,E,4306,521,486,385,711,0.6,0.8,14.0238,3.123094
Babergh 007,E02006233,E,8475,1026,956,757,1400,0.2,0.4,33.2385,5.621005
Babergh 008,E02006234,E,6760,818,763,604,1117,0.4,0.6,23.744,4.38672
Babergh 009,E02006235,E,6022,729,680,538,995,0.6,0.8,19.6196,3.850548
Babergh 010,E02006236,E,7618,923,860,681,1258,0.8,1.0,23.0944,4.302272
Babergh 011,E02006237,E,5862,710,661,524,969,0.6,0.8,19.101599999999998,3.783208
Barking and Dagenham 001,E02000002,E,7189,308,237,170,226,0.0,0.2,10.9404,2.722252
Barking and Dagenham 002,E02000003,E,10659,457,351,252,334,0.2,0.4,13.8765,3.1039450000000004
Barking and Dagenham 003,E02000004,E,6561,281,216,155,206,0.2,0.4,8.5445,2.4107849999999997
Barking and Dagenham 004,E02000005,E,9086,389,299,215,286,0.2,0.4,11.843,2.8395900000000003
Barking and Dagenham 006,E02000007,E,9331,400,307,220,293,0.0,0.2,14.1896,3.144648
Barking and Dagenham 007,E02000008,E,12277,526,405,290,386,0.0,0.2,18.6832,3.728816
Barking and Dagenham 008,E02000009,E,8910,382,294,210,280,0.0,0.2,13.556000000000001,3.0622800000000003
Barking and Dagenham 009,E02000010,E,9143,392,301,216,287,0.0,0.2,13.9068,3.1078840000000003
Barking and Dagenham 010,E02000011,E,6566,281,216,155,206,0.2,0.4,8.546999999999999,2.41111
Barking and Dagenham 011,E02000012,E,10495,450,346,248,330,0.4,0.6,10.880500000000001,2.7144650000000006
Barking and Dagenham 012,E02000013,E,8915,382,294,211,280,0.0,0.2,13.566,3.06358
Barking and Dagenham 013,E02000014,E,9978,428,329,236,314,0.0,0.2,15.1918,3.274934
Barking and Dagenham 014,E02000015,E,8025,344,264,189,252,0.0,0.2,12.202000000000002,2.88626
Barking and Dagenham 015,E02000016,E,8148,349,268,192,256,0.0,0.2,12.389800000000001,2.910674
Barking and Dagenham 016,E02000017,E,9019,387,297,213,283,0.2,0.4,11.7455,2.826915
Barking and Dagenham 017,E02000018,E,9433,404,311,223,296,0.0,0.2,14.3478,3.1652139999999997
Barking and Dagenham 018,E02000019,E,8784,376,289,207,276,0.0,0.2,13.3564,3.0363320000000003
Barking and Dagenham 019,E02000020,E,9846,422,324,232,309,0.0,0.2,14.9696,3.246048
Barking and Dagenham 020,E02000021,E,8388,360,276,198,264,0.0,0.2,12.7668,2.959684
Barking and Dagenham 021,E02000022,E,9315,399,307,220,292,0.0,0.2,14.162999999999998,3.14119
Barking and Dagenham 022,E02000023,E,6879,295,227,162,216,0.0,0.2,10.463400000000002,2.660242
Barking and Dagenham 023,E02006799,E,10354,444,341,244,325,0.0,0.2,15.745400000000002,3.346902
Barnet 001,E02000024,E,9874,659,562,444,723,0.8,1.0,15.577200000000001,3.325036
Barnet 002,E02000025,E,7735,517,441,347,567,0.4,0.6,14.0045,3.120585
Barnet 003,E02000026,E,6135,410,350,276,450,0.6,0.8,10.3905,2.650765
Barnet 004,E02000027,E,9332,623,532,419,684,0.2,0.4,19.804000000000002,3.8745200000000004
Barnet 005,E02000028,E,5994,400,341,269,439,0.6,0.8,10.136199999999999,2.617706
Barnet 006,E02000029,E,8279,553,472,372,607,0.4,0.6,14.9937,3.249181
Barnet 007,E02000030,E,8874,593,506,399,650,0.6,0.8,15.017199999999999,3.252236
Barnet 008,E02000031,E,7092,474,404,319,519,0.8,1.0,11.1876,2.754388
Barnet 009,E02000032,E,7637,510,435,343,560,0.8,1.0,12.056099999999999,2.867293
Barnet 010,E02000033,E,8299,554,473,373,608,0.4,0.6,15.023700000000002,3.2530810000000003
Barnet 011,E02000034,E,8273,552,471,372,606,0.6,0.8,13.9959,3.119467
Barnet 012,E02000035,E,7743,517,441,348,568,0.6,0.8,13.1089,3.004157
Barnet 013,E02000036,E,10444,698,595,469,765,0.4,0.6,18.9032,3.757416
Barnet 014,E02000037,E,9470,632,539,425,694,0.6,0.8,16.02,3.3826
Barnet 015,E02000038,E,10221,683,582,459,749,0.4,0.6,18.502299999999998,3.705299
Barnet 016,E02000039,E,6490,433,370,292,476,0.6,0.8,10.989,2.7285700000000004
Barnet 017,E02000040,E,6997,467,399,314,512,0.4,0.6,12.657100000000002,2.9454230000000003
Barnet 018,E02000041,E,8564,572,488,385,628,0.4,0.6,15.511200000000002,3.3164560000000005
Barnet 019,E02000042,E,10344,691,589,465,758,0.6,0.8,17.504199999999997,3.575546
Barnet 020,E02000043,E,7483,500,426,336,548,0.8,1.0,11.8049,2.834637
Barnet 021,E02000044,E,7845,524,447,352,575,0.2,0.4,16.646500000000003,3.4640450000000005
Barnet 022,E02000045,E,9950,665,567,447,729,0.4,0.6,18.012999999999998,3.6416899999999996
Barnet 023,E02000046,E,6868,459,391,308,503,0.6,0.8,11.615400000000001,2.8100020000000003
Barnet 024,E02000047,E,11056,738,630,497,811,0.2,0.4,23.473,4.35149
Barnet 025,E02000048,E,9541,637,544,429,700,0.6,0.8,16.1573,3.400449
Barnet 026,E02000049,E,8266,552,471,371,606,0.0,0.2,19.943600000000004,3.8926680000000005
Barnet 027,E02000050,E,9782,653,557,440,717,0.4,0.6,17.712600000000002,3.6026380000000007
Barnet 028,E02000051,E,8407,561,479,378,616,0.8,1.0,13.2681,3.0248530000000002
Barnet 029,E02000052,E,9428,630,537,424,691,0.6,0.8,15.9574,3.3744620000000003
Barnet 030,E02000053,E,8454,565,482,380,620,0.4,0.6,15.314200000000001,3.290846
Barnet 031,E02000054,E,7005,468,399,315,514,0.4,0.6,12.691500000000001,2.9498950000000006
Barnet 032,E02000055,E,10821,723,616,486,793,0.4,0.6,19.5883,3.8464790000000004
Barnet 033,E02000056,E,8955,598,510,402,656,0.8,1.0,14.128499999999999,3.136705
Barnet 034,E02000057,E,7274,486,414,327,534,0.6,0.8,12.319199999999999,2.901496
Barnet 035,E02000058,E,9935,664,566,446,728,0.8,1.0,15.6785,3.3382050000000003
Barnet 036,E02000059,E,10168,679,579,457,745,0.2,0.4,21.576,4.1048800000000005
Barnet 037,E02000060,E,10617,709,605,477,778,0.6,0.8,17.9661,3.635593
Barnet 038,E02000061,E,7790,520,444,350,571,0.6,0.8,13.184000000000001,3.01392
Barnet 039,E02000062,E,6163,412,351,277,452,0.0,0.2,14.875800000000002,3.233854
Barnet 040,E02000063,E,6775,453,386,304,497,0.2,0.4,14.3825,3.169725
Barnet 041,E02000064,E,6073,406,346,273,445,0.2,0.4,12.8895,2.975635
Barnsley 001,E02001509,E,5480,496,452,353,504,0.2,0.4,14.555,3.19215
Barnsley 002,E02001510,E,5129,465,423,330,471,0.0,0.2,15.479400000000002,3.312322
Barnsley 003,E02001511,E,5402,489,446,348,497,0.2,0.4,14.352,3.16576
Barnsley 004,E02001512,E,6668,604,550,429,613,0.4,0.6,15.3384,3.2939920000000003
Barnsley 005,E02001513,E,6808,617,562,438,626,0.4,0.6,15.6644,3.336372
Barnsley 006,E02001514,E,6340,574,523,408,583,0.0,0.2,19.141000000000002,3.78833
Barnsley 007,E02001515,E,8076,732,666,520,742,0.0,0.2,24.379600000000003,4.469348000000001
Barnsley 008,E02001516,E,5322,482,439,343,489,0.0,0.2,16.0672,3.3887359999999997
Barnsley 009,E02001517,E,6882,623,568,443,632,0.2,0.4,18.267,3.67471
Barnsley 010,E02001518,E,8736,791,721,563,803,0.2,0.4,23.202,4.316260000000001
Barnsley 011,E02001519,E,5889,533,486,379,542,0.0,0.2,17.785400000000003,3.612102
Barnsley 012,E02001520,E,9303,843,768,599,856,0.6,0.8,19.959899999999998,3.894787
Barnsley 013,E02001521,E,9830,890,811,633,903,0.2,0.4,26.096000000000004,4.692480000000001
Barnsley 014,E02001522,E,7580,687,625,488,697,0.0,0.2,22.888,4.275440000000001
Barnsley 015,E02001523,E,5894,534,486,379,542,0.2,0.4,15.650000000000002,3.3345000000000002
Barnsley 016,E02001524,E,5147,466,425,332,473,0.8,1.0,10.1891,2.6245830000000003
Barnsley 017,E02001525,E,5243,475,433,338,483,0.0,0.2,15.8478,3.360214
Barnsley 018,E02001526,E,5085,460,419,327,467,0.0,0.2,15.339000000000002,3.2940700000000005
Barnsley 019,E02001527,E,5146,466,425,331,473,0.4,0.6,11.8378,2.838914
Barnsley 020,E02001528,E,8975,813,740,578,825,0.0,0.2,27.096000000000004,4.8224800000000005
Barnsley 021,E02001529,E,8215,744,678,529,756,0.0,0.2,24.814,4.52582
Barnsley 022,E02001530,E,5443,493,449,351,501,0.0,0.2,16.4448,3.437824
Barnsley 023,E02001531,E,5604,508,462,361,515,0.0,0.2,16.9194,3.499522
Barnsley 024,E02001532,E,8283,750,683,533,762,0.6,0.8,17.7639,3.6093070000000003
Barnsley 025,E02001533,E,6509,590,537,419,599,0.0,0.2,19.6614,3.855982
Barnsley 026,E02001534,E,7971,722,658,513,733,0.2,0.4,21.1705,4.0521650000000005
Barnsley 027,E02001535,E,5336,483,440,343,491,0.6,0.8,11.4428,2.787564
Barnsley 028,E02001536,E,7325,664,604,472,673,0.2,0.4,19.4505,3.828565
Barnsley 029,E02001537,E,7189,651,593,463,661,0.2,0.4,19.0925,3.782025
Barnsley 030,E02001538,E,6931,628,572,446,638,0.2,0.4,18.4155,3.6940150000000003
Barrow-in-Furness 001,E02003977,E,4330,427,392,305,452,0.4,0.6,10.975000000000001,2.72675
Barrow-in-Furness 002,E02003978,E,4012,396,363,283,419,0.4,0.6,10.1736,2.6225680000000002
Barrow-in-Furness 003,E02003979,E,5211,514,471,367,544,0.6,0.8,12.2943,2.8982590000000004
Barrow-in-Furness 004,E02003980,E,4531,447,410,319,472,0.0,0.2,14.900599999999999,3.237078
Barrow-in-Furness 005,E02003981,E,4615,455,418,325,482,0.4,0.6,11.7005,2.821065
Barrow-in-Furness 006,E02003982,E,5132,506,464,362,535,0.4,0.6,12.999600000000001,2.989948
Barrow-in-Furness 007,E02003983,E,5225,516,473,368,545,0.0,0.2,17.196,3.5354800000000006
Barrow-in-Furness 008,E02003984,E,4669,461,422,329,487,0.0,0.2,15.363400000000002,3.2972420000000007
Barrow-in-Furness 009,E02003985,E,4515,445,408,318,470,0.2,0.4,13.090499999999999,3.001765
Barrow-in-Furness 010,E02003986,E,4454,439,403,314,464,0.0,0.2,14.648400000000002,3.2042920000000006
Basildon 001,E02004424,E,6571,435,387,304,478,0.8,1.0,10.3933,2.651129
Basildon 002,E02004425,E,6767,448,399,313,493,0.8,1.0,10.7121,2.6925730000000003
Basildon 003,E02004426,E,7196,477,424,333,525,0.8,1.0,11.4008,2.7821040000000004
Basildon 004,E02004427,E,6964,461,411,322,508,0.8,1.0,11.031200000000002,2.7340560000000003
Basildon 005,E02004428,E,5688,377,335,263,414,0.4,0.6,10.3464,2.645032
Basildon 006,E02004429,E,6917,458,408,320,504,0.6,0.8,11.7671,2.829723
Basildon 007,E02004430,E,7425,492,438,344,541,0.8,1.0,11.7585,2.828605
Basildon 008,E02004431,E,8354,554,493,387,609,0.4,0.6,15.2162,3.278106
Basildon 009,E02004432,E,6348,421,374,294,463,0.6,0.8,10.805399999999999,2.704702
Basildon 010,E02004433,E,7929,526,468,367,578,0.2,0.4,16.9195,3.499535
Basildon 011,E02004434,E,7722,512,455,358,563,0.2,0.4,16.479,3.4422699999999997
Basildon 012,E02004435,E,7399,490,436,343,539,0.2,0.4,15.7825,3.351725
Basildon 013,E02004436,E,7090,470,418,328,516,0.0,0.2,17.182000000000002,3.5336600000000002
Basildon 014,E02004437,E,7240,480,427,335,527,0.2,0.4,15.437000000000001,3.3068100000000005
Basildon 015,E02004438,E,7941,526,468,368,578,0.0,0.2,19.2466,3.8020580000000006
Basildon 016,E02004439,E,8087,536,477,374,589,0.0,0.2,19.6032,3.8484160000000003
Basildon 017,E02004440,E,7258,481,428,336,529,0.2,0.4,15.483999999999998,3.31292
Basildon 018,E02004441,E,6866,455,405,318,501,0.0,0.2,16.657600000000002,3.4654880000000006
Basildon 019,E02004442,E,7541,500,445,349,550,0.0,0.2,18.2926,3.678038
Basildon 020,E02004443,E,7524,499,444,348,548,0.4,0.6,13.6952,3.0803760000000002
Basildon 021,E02004444,E,8347,553,492,386,608,0.6,0.8,14.1961,3.145493
Basildon 022,E02004445,E,7529,499,444,349,548,0.0,0.2,18.2514,3.672682
Basingstoke and Deane 001,E02004675,E,6070,470,436,340,564,0.8,1.0,11.536999999999999,2.79981
Basingstoke and Deane 002,E02004676,E,6552,508,471,367,609,0.8,1.0,12.4576,2.9194880000000003
Basingstoke and Deane 003,E02004677,E,5925,459,426,331,551,0.6,0.8,12.1155,2.8750150000000003
Basingstoke and Deane 004,E02004678,E,6075,471,436,340,565,0.8,1.0,11.5515,2.8016950000000005
Basingstoke and Deane 005,E02004679,E,6894,534,495,386,641,0.8,1.0,13.107199999999999,3.003936
Basingstoke and Deane 006,E02004680,E,5571,432,400,312,518,0.8,1.0,10.5933,2.677129
Basingstoke and Deane 007,E02004681,E,9206,714,661,515,856,0.4,0.6,20.1958,3.925454
Basingstoke and Deane 008,E02004682,E,6463,501,464,362,601,0.8,1.0,12.2899,2.8976870000000003
Basingstoke and Deane 009,E02004683,E,5646,438,406,316,525,0.4,0.6,12.389800000000001,2.910674
Basingstoke and Deane 010,E02004684,E,7480,580,537,418,696,0.4,0.6,16.412,3.43356
Basingstoke and Deane 011,E02004685,E,5687,441,409,318,529,0.4,0.6,12.4801,2.922413
Basingstoke and Deane 012,E02004686,E,6534,507,469,366,607,0.4,0.6,14.330200000000001,3.1629260000000006
Basingstoke and Deane 013,E02004687,E,5788,449,416,324,538,0.2,0.4,14.629000000000001,3.2017700000000002
Basingstoke and Deane 014,E02004688,E,6283,487,451,352,584,0.2,0.4,15.878499999999999,3.364205
Basingstoke and Deane 015,E02004689,E,4482,347,322,251,416,0.8,1.0,8.5136,2.406768
Basingstoke and Deane 016,E02004690,E,6443,499,463,360,599,0.8,1.0,12.245899999999999,2.891967
Basingstoke and Deane 017,E02004691,E,6398,496,460,358,594,0.8,1.0,12.1554,2.880202
Basingstoke and Deane 018,E02004692,E,5962,462,428,334,554,0.8,1.0,11.3326,2.773238
Basingstoke and Deane 019,E02004693,E,5864,454,421,328,545,0.4,0.6,12.859200000000001,2.9716960000000006
Basingstoke and Deane 020,E02004694,E,5523,428,397,309,513,0.8,1.0,10.494900000000001,2.664337
Basingstoke and Deane 021,E02004695,E,7341,569,527,411,682,0.8,1.0,13.9513,3.113669
Basingstoke and Deane 022,E02004696,E,5134,398,369,287,478,0.8,1.0,9.767199999999999,2.569736
Bassetlaw 001,E02005835,E,8397,819,779,607,998,0.2,0.4,25.996499999999997,4.679545
Bassetlaw 002,E02005836,E,7371,718,684,533,876,0.6,0.8,18.6843,3.7289590000000006
Bassetlaw 003,E02005837,E,6442,628,598,466,766,0.4,0.6,17.5686,3.5839179999999997
Bassetlaw 004,E02005838,E,6679,651,620,483,794,0.2,0.4,20.6815,3.988595
Bassetlaw 005,E02005839,E,5084,496,472,368,605,0.4,0.6,13.8732,3.103516
Bassetlaw 006,E02005840,E,7465,728,693,540,888,0.6,0.8,18.935499999999998,3.761615
Bassetlaw 008,E02005842,E,7111,693,660,514,846,0.2,0.4,22.0245,4.163185
Bassetlaw 009,E02005843,E,5283,515,490,382,629,0.2,0.4,16.3685,3.427905
Bassetlaw 010,E02005844,E,6243,608,579,451,742,0.2,0.4,19.322499999999998,3.8119249999999996
Bassetlaw 012,E02005846,E,5356,522,497,387,637,0.0,0.2,18.6616,3.726008
Bassetlaw 013,E02005847,E,5473,533,508,396,651,0.4,0.6,14.927900000000001,3.240627
Bassetlaw 014,E02005848,E,5608,547,520,406,667,0.2,0.4,17.371000000000002,3.55823
Bassetlaw 015,E02005849,E,7471,728,693,540,888,0.4,0.6,20.3653,3.947489
Bassetlaw 016,E02006903,E,9126,890,847,660,1086,0.4,0.6,24.8978,4.536714
Bath and North East Somerset 001,E02002985,E,5044,333,316,255,461,0.4,0.6,10.5052,2.6656760000000004
Bath and North East Somerset 002,E02002986,E,4864,321,304,246,444,0.4,0.6,10.1212,2.615756
Bath and North East Somerset 003,E02002987,E,5231,345,327,265,477,0.8,1.0,9.485299999999999,2.533089
Bath and North East Somerset 004,E02002988,E,5294,349,331,268,484,0.8,1.0,9.6122,2.549586
Bath and North East Somerset 005,E02002989,E,5155,340,322,261,470,0.6,0.8,9.9895,2.598635
Bath and North East Somerset 006,E02002990,E,5732,378,358,290,524,0.8,1.0,10.4056,2.6527279999999998
Bath and North East Somerset 007,E02002991,E,9930,655,621,502,907,0.6,0.8,19.259999999999998,3.8038
Bath and North East Somerset 008,E02002992,E,5748,379,359,291,525,0.8,1.0,10.430399999999999,2.655952
Bath and North East Somerset 009,E02002993,E,5340,352,334,270,488,0.4,0.6,11.118,2.74534
Bath and North East Somerset 010,E02002994,E,9872,651,617,499,902,0.8,1.0,17.9146,3.6288980000000004
Bath and North East Somerset 011,E02002995,E,5145,339,322,260,470,0.0,0.2,13.852,3.10076
Bath and North East Somerset 012,E02002996,E,10292,679,644,520,940,0.8,1.0,18.6736,3.7275679999999998
Bath and North East Somerset 013,E02002997,E,6261,413,392,317,572,0.8,1.0,11.3653,2.777489
Bath and North East Somerset 014,E02002998,E,5693,376,356,288,520,0.6,0.8,11.0439,2.735707
Bath and North East Somerset 015,E02002999,E,5353,353,335,271,489,0.4,0.6,11.145900000000001,2.7489670000000004
Bath and North East Somerset 016,E02003000,E,8909,587,557,450,814,0.8,1.0,16.1647,3.4014110000000004
Bath and North East Somerset 017,E02003001,E,5329,351,333,269,486,0.8,1.0,9.6577,2.555501
Bath and North East Somerset 018,E02003002,E,5245,346,328,265,479,0.6,0.8,10.171500000000002,2.6222950000000003
Bath and North East Somerset 019,E02003003,E,5500,363,344,278,502,0.6,0.8,10.664000000000001,2.6863200000000003
Bath and North East Somerset 020,E02003004,E,6101,402,381,308,558,0.6,0.8,11.836300000000001,2.838719
Bath and North East Somerset 021,E02003005,E,5959,393,373,301,544,0.8,1.0,10.8087,2.705131
Bath and North East Somerset 022,E02003006,E,8598,567,538,435,785,0.6,0.8,16.6754,3.467802
Bath and North East Somerset 023,E02003007,E,8040,530,503,407,734,0.8,1.0,14.587,3.19631
Bath and North East Somerset 024,E02003008,E,5441,359,340,275,497,0.4,0.6,11.324300000000001,2.7721590000000003
Bath and North East Somerset 025,E02003009,E,5688,375,356,288,520,0.8,1.0,10.328399999999998,2.642692
Bath and North East Somerset 026,E02003010,E,5666,374,354,287,518,0.6,0.8,10.9968,2.729584
Bath and North East Somerset 027,E02003011,E,4959,327,310,251,453,0.6,0.8,9.6197,2.550561
Bedford 001,E02003616,E,5310,408,370,291,480,0.8,1.0,9.884,2.5849200000000003
Bedford 002,E02003617,E,8371,643,584,459,757,0.6,0.8,16.7553,3.4781889999999995
Bedford 003,E02003618,E,8202,630,572,449,742,0.6,0.8,16.415599999999998,3.4340279999999996
Bedford 004,E02003619,E,9388,721,655,514,849,0.6,0.8,18.787399999999998,3.742362
Bedford 005,E02003620,E,7628,586,532,418,690,0.6,0.8,15.2684,3.284892
Bedford 006,E02003621,E,7552,580,527,414,683,0.6,0.8,15.1166,3.2651580000000004
Bedford 007,E02003622,E,8505,653,593,466,770,0.2,0.4,21.085500000000003,4.0411150000000005
Bedford 008,E02003623,E,7619,585,532,417,689,0.8,1.0,14.1837,3.1438810000000004
Bedford 009,E02003624,E,5621,432,392,308,509,0.4,0.6,12.074300000000001,2.8696590000000004
Bedford 010,E02003625,E,7717,593,538,423,698,0.2,0.4,19.1265,3.7864450000000005
Bedford 011,E02003626,E,5049,388,352,277,456,0.4,0.6,10.8327,2.708251
Bedford 012,E02003627,E,8487,652,592,465,768,0.2,0.4,21.038500000000003,4.035005000000001
Bedford 013,E02003628,E,8001,615,558,438,724,0.2,0.4,19.831500000000002,3.878095
Bedford 014,E02003629,E,8859,681,618,485,801,0.2,0.4,21.9515,4.153695
Bedford 015,E02003630,E,9059,696,632,496,819,0.0,0.2,25.3754,4.598802
Bedford 016,E02003631,E,5122,394,357,281,463,0.2,0.4,12.693999999999999,2.95022
Bedford 017,E02003632,E,5670,436,396,311,513,0.4,0.6,12.178999999999998,2.88327
Bedford 018,E02003633,E,7292,560,509,399,660,0.4,0.6,15.6576,3.335488
Bedford 019,E02003634,E,8887,683,620,487,804,0.6,0.8,17.7911,3.612843
Bedford 020,E02003635,E,5001,384,349,274,452,0.6,0.8,10.0063,2.600819
Bexley 001,E02000065,E,7022,467,416,323,526,0.4,0.6,12.954600000000001,2.9840980000000004
Bexley 002,E02000066,E,8830,587,524,407,662,0.2,0.4,19.065,3.7784500000000003
Bexley 003,E02000067,E,8015,533,475,369,601,0.2,0.4,17.3015,3.549195
Bexley 004,E02000068,E,6768,450,401,312,507,0.2,0.4,14.606000000000002,3.19878
Bexley 005,E02000069,E,5675,377,336,261,425,0.4,0.6,10.4665,2.660645
Bexley 006,E02000070,E,7215,480,428,332,540,0.6,0.8,12.436499999999999,2.9167449999999997
Bexley 007,E02000071,E,6685,445,397,308,501,0.4,0.6,12.3435,2.904655
Bexley 008,E02000072,E,10750,715,637,495,806,0.2,0.4,23.205,4.31665
Bexley 009,E02000073,E,9823,653,583,452,736,0.8,1.0,15.7749,3.3507370000000005
Bexley 010,E02000074,E,7013,466,416,323,526,0.2,0.4,15.1415,3.268395
Bexley 011,E02000075,E,7280,484,432,335,546,0.8,1.0,11.697,2.8206100000000003
Bexley 013,E02000077,E,7165,477,425,330,537,0.6,0.8,12.360500000000002,2.9068650000000003
Bexley 014,E02000078,E,7021,467,416,323,526,0.6,0.8,12.1053,2.873689
Bexley 015,E02000079,E,7202,479,427,332,540,0.6,0.8,12.4266,2.915458
Bexley 016,E02000080,E,8637,574,512,398,647,0.6,0.8,14.894100000000002,3.2362330000000004
Bexley 017,E02000081,E,6880,458,408,317,515,0.4,0.6,12.693999999999999,2.95022
Bexley 018,E02000082,E,8130,541,482,374,610,0.8,1.0,13.065,2.99845
Bexley 019,E02000083,E,8948,595,531,412,671,0.4,0.6,16.522399999999998,3.4479119999999996
Bexley 020,E02000084,E,9745,648,578,449,731,0.8,1.0,15.6615,3.3359950000000005
Bexley 021,E02000085,E,7230,481,429,333,542,0.6,0.8,12.474,2.92162
Bexley 022,E02000086,E,6712,446,398,309,503,0.8,1.0,10.779599999999999,2.701348
Bexley 023,E02000087,E,6943,462,412,320,520,0.8,1.0,11.1509,2.749617
Bexley 024,E02000088,E,7087,471,420,326,531,0.8,1.0,11.3791,2.779283
Bexley 025,E02000089,E,7129,474,423,328,535,0.8,1.0,11.457699999999999,2.789501
Bexley 026,E02000090,E,7994,532,474,368,599,0.6,0.8,13.787199999999999,3.092336
Bexley 027,E02000091,E,8869,590,526,408,665,0.6,0.8,15.2997,3.288961
Bexley 028,E02000092,E,5886,391,349,271,441,0.2,0.4,12.701,2.95113
Bexley 029,E02006785,E,5847,389,347,269,438,0.4,0.6,10.7901,2.702713
Birmingham 001,E02001827,E,5812,293,255,195,300,0.6,0.8,7.6246,2.291198
Birmingham 002,E02001828,E,6653,336,292,223,344,0.6,0.8,8.7349,2.435537
Birmingham 003,E02001829,E,8398,424,369,282,433,0.8,1.0,10.2784,2.6361920000000003
Birmingham 004,E02001830,E,9075,458,399,305,469,0.8,1.0,11.1205,2.745665
Birmingham 005,E02001831,E,9930,501,436,333,512,0.2,0.4,16.686999999999998,3.46931
Birmingham 006,E02001832,E,7855,396,345,264,406,0.6,0.8,10.314499999999999,2.640885
Birmingham 007,E02001833,E,5585,282,245,188,288,0.4,0.6,7.8035,2.3144549999999997
Birmingham 008,E02001834,E,5903,298,259,198,304,0.0,0.2,11.360800000000001,2.776904
Birmingham 009,E02001835,E,7863,397,345,264,406,0.4,0.6,10.988900000000001,2.7285570000000003
Birmingham 010,E02001836,E,8828,446,388,296,456,0.6,0.8,11.5884,2.8064920000000004
Birmingham 011,E02001837,E,10180,514,447,342,525,0.0,0.2,19.607,3.84891
Birmingham 012,E02001838,E,7380,372,324,248,381,0.8,1.0,9.036999999999999,2.4748099999999997
Birmingham 013,E02001839,E,6195,313,272,208,319,0.2,0.4,10.4085,2.653105
Birmingham 014,E02001840,E,8434,426,370,283,435,0.0,0.2,16.2414,3.4113819999999997
Birmingham 015,E02001841,E,5764,291,253,193,298,0.8,1.0,7.0602,2.217826
Birmingham 016,E02001842,E,7368,372,324,247,381,0.2,0.4,12.397000000000002,2.9116100000000005
Birmingham 017,E02001843,E,6208,313,273,208,321,0.2,0.4,10.443,2.65759
Birmingham 018,E02001844,E,9344,472,410,314,482,0.2,0.4,15.71,3.3423
Birmingham 019,E02001845,E,6034,305,265,203,311,0.2,0.4,10.145,2.61885
Birmingham 020,E02001846,E,7528,380,331,253,389,0.0,0.2,14.510800000000003,3.1864040000000005
Birmingham 021,E02001847,E,5309,268,233,178,274,0.4,0.6,7.4167000000000005,2.264171
Birmingham 022,E02001848,E,6128,309,269,206,316,0.0,0.2,11.800799999999999,2.834104
Birmingham 023,E02001849,E,6617,334,291,222,342,0.0,0.2,12.7532,2.957916
Birmingham 024,E02001850,E,7860,397,345,264,406,0.2,0.4,13.221,3.01873
Birmingham 025,E02001851,E,8246,416,362,277,425,0.2,0.4,13.858,3.10154
Birmingham 026,E02001852,E,6293,318,276,211,325,0.0,0.2,12.1228,2.8759639999999997
Birmingham 028,E02001854,E,7479,377,328,251,386,0.0,0.2,14.401399999999999,3.1721820000000003
Birmingham 029,E02001855,E,9588,484,421,322,495,0.0,0.2,18.4718,3.701334
Birmingham 030,E02001856,E,8183,413,359,275,423,0.0,0.2,15.770800000000001,3.3502040000000006
Birmingham 031,E02001857,E,12406,626,545,417,640,0.0,0.2,23.8976,4.406688
Birmingham 032,E02001858,E,8128,410,357,273,419,0.0,0.2,15.6508,3.3346040000000006
Birmingham 033,E02001859,E,9725,491,427,327,502,0.0,0.2,18.738,3.7359400000000003
Birmingham 034,E02001860,E,8017,405,352,269,414,0.0,0.2,15.446200000000001,3.3080060000000007
Birmingham 035,E02001861,E,9771,493,429,328,504,0.0,0.2,18.8166,3.7461580000000003
Birmingham 036,E02001862,E,9524,481,418,320,492,0.0,0.2,18.3534,3.685942
Birmingham 037,E02001863,E,7540,380,331,253,389,0.0,0.2,14.518,3.1873400000000003
Birmingham 038,E02001864,E,5319,268,234,179,275,0.0,0.2,10.2544,2.6330720000000003
Birmingham 039,E02001865,E,10510,531,462,353,542,0.0,0.2,20.246000000000002,3.9319800000000003
Birmingham 040,E02001866,E,8338,421,366,280,431,0.0,0.2,16.0698,3.389074
Birmingham 041,E02001867,E,6636,335,291,223,342,0.0,0.2,12.776599999999998,2.9609579999999998
Birmingham 042,E02001868,E,8287,418,364,278,427,0.2,0.4,13.9235,3.110055
Birmingham 043,E02001869,E,5828,294,256,196,300,0.0,0.2,11.2188,2.758444
Birmingham 044,E02001870,E,11116,561,488,373,573,0.0,0.2,21.401600000000002,4.0822080000000005
Birmingham 045,E02001871,E,7427,375,326,249,383,0.0,0.2,14.3002,3.159026
Birmingham 046,E02001872,E,6884,348,302,231,356,0.0,0.2,13.269400000000001,3.0250220000000003
Birmingham 047,E02001873,E,10127,511,445,340,523,0.0,0.2,19.5122,3.8365860000000005
Birmingham 048,E02001874,E,8993,454,395,302,464,0.0,0.2,17.3228,3.551964
Birmingham 049,E02001875,E,7855,396,345,264,406,0.0,0.2,15.138,3.2679400000000003
Birmingham 050,E02001876,E,11452,578,503,384,591,0.0,0.2,22.056200000000004,4.167306000000001
Birmingham 051,E02001877,E,10245,517,450,344,529,0.0,0.2,19.738,3.86594
Birmingham 052,E02001878,E,8610,435,378,289,444,0.0,0.2,16.582,3.45566
Birmingham 053,E02001879,E,9977,504,438,335,515,0.0,0.2,19.2212,3.798756
Birmingham 054,E02001880,E,9070,458,398,305,468,0.0,0.2,17.473,3.57149
Birmingham 055,E02001881,E,8975,453,394,301,463,0.0,0.2,17.283,3.5467900000000006
Birmingham 056,E02001882,E,7840,396,344,263,404,0.0,0.2,15.093,3.26209
Birmingham 057,E02001883,E,7818,395,343,262,404,0.0,0.2,15.0628,3.258164
Birmingham 058,E02001884,E,8884,448,390,298,458,0.0,0.2,17.102400000000003,3.5233120000000007
Birmingham 060,E02001886,E,8468,428,372,284,437,0.2,0.4,14.238,3.1509400000000003
Birmingham 062,E02001888,E,6008,303,264,202,310,0.0,0.2,11.5738,2.804594
Birmingham 063,E02001889,E,8026,405,352,269,414,0.0,0.2,15.4516,3.308708
Birmingham 064,E02001890,E,9429,476,414,317,487,0.2,0.4,15.8615,3.3619950000000003
Birmingham 066,E02001892,E,9802,495,430,329,506,0.0,0.2,18.8812,3.754556
Birmingham 067,E02001893,E,7787,393,342,261,402,0.0,0.2,14.9982,3.249766
Birmingham 069,E02001895,E,7489,378,329,251,387,0.0,0.2,14.4294,3.175822
Birmingham 070,E02001896,E,8930,451,392,300,461,0.0,0.2,17.205,3.53665
Birmingham 071,E02001897,E,7305,369,321,245,377,0.0,0.2,14.072,3.12936
Birmingham 072,E02001898,E,6238,315,274,209,322,0.4,0.6,8.715399999999999,2.433002
Birmingham 073,E02001899,E,7564,382,332,254,390,0.4,0.6,10.5652,2.673476
Birmingham 074,E02001900,E,6541,330,287,220,338,0.0,0.2,12.605600000000003,2.9387280000000002
Birmingham 075,E02001901,E,7598,384,334,255,392,0.4,0.6,10.6174,2.680262
Birmingham 076,E02001902,E,5866,296,258,197,302,0.2,0.4,9.856,2.58128
Birmingham 077,E02001903,E,7308,369,321,245,377,0.0,0.2,14.073799999999999,3.129594
Birmingham 078,E02001904,E,6674,337,293,224,344,0.0,0.2,12.8504,2.970552
Birmingham 079,E02001905,E,9344,472,410,314,482,0.4,0.6,13.0552,2.997176
Birmingham 080,E02001906,E,8956,452,393,301,462,0.2,0.4,15.057,3.25741
Birmingham 081,E02001907,E,9254,467,406,311,477,0.2,0.4,15.552999999999999,3.32189
Birmingham 082,E02001908,E,8568,432,376,288,442,0.0,0.2,16.5008,3.4451040000000006
Birmingham 083,E02001909,E,7680,388,337,258,396,0.0,0.2,14.791,3.22283
Birmingham 084,E02001910,E,6843,345,301,230,354,0.0,0.2,13.1938,3.015194
Birmingham 085,E02001911,E,7629,385,335,256,394,0.0,0.2,14.6974,3.210662
Birmingham 087,E02001913,E,6910,349,303,232,356,0.2,0.4,11.61,2.8093000000000004
Birmingham 088,E02001914,E,6530,330,287,219,337,0.2,0.4,10.98,2.7274000000000003
Birmingham 089,E02001915,E,11067,559,486,372,571,0.0,0.2,21.3212,4.071756000000001
Birmingham 090,E02001916,E,8280,418,364,278,427,0.0,0.2,15.948,3.37324
Birmingham 092,E02001918,E,8612,435,378,289,444,0.0,0.2,16.5832,3.4558160000000004
Birmingham 093,E02001919,E,6432,325,282,216,332,0.2,0.4,10.815,2.70595
Birmingham 094,E02001920,E,7294,368,320,245,377,0.0,0.2,14.055399999999999,3.127202
Birmingham 095,E02001921,E,7531,380,331,253,389,0.0,0.2,14.512600000000003,3.1866380000000003
Birmingham 096,E02001922,E,12163,614,534,408,627,0.4,0.6,16.9849,3.508037
Birmingham 097,E02001923,E,10055,508,442,338,519,0.0,0.2,19.377000000000002,3.8190100000000005
Birmingham 098,E02001924,E,6208,313,273,208,321,0.0,0.2,11.962800000000001,2.8551640000000003
Birmingham 099,E02001925,E,6429,324,282,216,331,0.2,0.4,10.7985,2.703805
Birmingham 100,E02001926,E,6936,350,305,233,358,0.2,0.4,11.665,2.8164499999999997
Birmingham 101,E02001927,E,7407,374,325,249,382,0.0,0.2,14.266200000000001,3.1546060000000002
Birmingham 102,E02001928,E,6594,333,290,221,340,0.0,0.2,12.698400000000001,2.9507920000000003
Birmingham 103,E02001929,E,9278,468,407,312,479,0.0,0.2,17.873800000000003,3.6235940000000006
Birmingham 104,E02001930,E,7556,381,332,254,390,0.2,0.4,12.707,2.9519100000000003
Birmingham 105,E02001931,E,7583,383,333,255,392,0.2,0.4,12.761500000000002,2.9589950000000003
Birmingham 106,E02001932,E,6534,330,287,219,337,0.0,0.2,12.5824,2.935712
Birmingham 107,E02001933,E,7333,370,322,246,379,0.0,0.2,14.129800000000001,3.136874
Birmingham 108,E02001934,E,6549,331,288,220,338,0.4,0.6,9.1547,2.490111
Birmingham 109,E02001935,E,7540,380,331,253,389,0.2,0.4,12.673000000000002,2.94749
Birmingham 110,E02001936,E,6224,314,273,209,321,0.4,0.6,8.693200000000001,2.430116
Birmingham 111,E02001937,E,7619,385,335,256,393,0.0,0.2,14.679400000000001,3.2083220000000003
Birmingham 112,E02001938,E,7429,375,326,249,383,0.2,0.4,12.482500000000002,2.9227250000000002
Birmingham 113,E02001939,E,5590,282,245,188,288,0.0,0.2,10.761000000000001,2.6989300000000003
Birmingham 115,E02001941,E,5964,301,262,200,308,0.0,0.2,11.4894,2.793622
Birmingham 116,E02001942,E,6507,328,286,218,336,0.2,0.4,10.9395,2.722135
Birmingham 117,E02001943,E,6147,310,270,206,317,0.0,0.2,11.834200000000001,2.8384460000000002
Birmingham 118,E02001944,E,7814,394,343,262,404,0.2,0.4,13.143,3.00859
Birmingham 119,E02001945,E,7487,378,329,251,386,0.0,0.2,14.4162,3.174106
Birmingham 120,E02001946,E,7393,373,325,248,381,0.2,0.4,12.4235,2.915055
Birmingham 121,E02001947,E,5930,299,260,199,306,0.0,0.2,11.418000000000001,2.7843400000000003
Birmingham 122,E02001948,E,7146,361,314,240,369,0.2,0.4,12.02,2.8626
Birmingham 123,E02001949,E,5594,282,246,188,289,0.0,0.2,10.7804,2.701452
Birmingham 124,E02001950,E,8085,408,355,271,417,0.2,0.4,13.587500000000002,3.0663750000000003
Birmingham 125,E02001951,E,7900,399,347,265,408,0.0,0.2,15.221,3.2787300000000004
Birmingham 126,E02001952,E,8555,432,376,287,442,0.0,0.2,16.486000000000004,3.443180000000001
Birmingham 127,E02001953,E,6857,346,301,230,354,0.2,0.4,11.528500000000001,2.798705
Birmingham 128,E02001954,E,7513,379,330,252,388,0.0,0.2,14.4728,3.181464
Birmingham 129,E02001955,E,6135,310,269,206,317,0.0,0.2,11.822000000000001,2.83686
Birmingham 130,E02001956,E,6159,311,271,207,318,0.2,0.4,10.361500000000001,2.6469950000000004
Birmingham 131,E02001957,E,7608,384,334,255,393,0.4,0.6,10.6324,2.6822120000000003
Birmingham 132,E02006807,E,7602,384,334,255,392,0.4,0.6,10.6186,2.6804180000000004
Birmingham 133,E02006809,E,9646,487,424,324,498,0.4,0.6,13.483799999999999,3.052894
Birmingham 134,E02006895,E,6993,353,307,235,361,0.0,0.2,13.4728,3.051464
Birmingham 135,E02006896,E,5067,256,222,170,262,0.0,0.2,9.7642,2.5693460000000004
Birmingham 136,E02006897,E,6133,309,269,206,317,0.0,0.2,11.8158,2.836054
Birmingham 137,E02006898,E,5946,300,261,200,307,0.2,0.4,10.001000000000001,2.60013
Birmingham 138,E02006899,E,5334,269,234,179,275,0.2,0.4,8.963000000000001,2.46519
Birmingham 139,E02006900,E,14149,714,621,475,731,0.0,0.2,27.261400000000002,4.8439820000000005
Birmingham 140,E02006901,E,13850,699,608,465,715,0.0,0.2,26.68,4.7684
Blaby 002,E02005334,E,5644,428,401,320,520,0.8,1.0,10.671199999999999,2.6872559999999996
Blaby 003,E02005335,E,6897,523,491,391,635,0.8,1.0,13.037099999999999,2.9948230000000002
Blaby 004,E02005336,E,7113,540,506,403,655,0.6,0.8,14.457899999999999,3.179527
Blaby 005,E02005337,E,9754,740,694,553,899,0.6,0.8,19.836199999999998,3.878706
Blaby 006,E02005338,E,9862,748,701,559,908,0.6,0.8,20.0416,3.9054080000000004
Blaby 007,E02005339,E,8457,642,601,479,779,0.8,1.0,15.9871,3.378323
Blaby 008,E02005340,E,8852,672,630,502,816,0.6,0.8,18.0056,3.640728
Blaby 009,E02005341,E,6920,525,492,392,637,0.8,1.0,13.077,3.00001
Blaby 010,E02005342,E,6731,511,479,382,620,0.8,1.0,12.7293,2.954809
Blaby 011,E02005343,E,6652,505,473,377,613,0.8,1.0,12.5796,2.9353480000000003
Blaby 012,E02005344,E,7468,567,531,423,688,0.8,1.0,14.1194,3.135522
Blaby 013,E02006820,E,9652,733,686,547,889,0.6,0.8,19.6196,3.850548
Blackburn with Darwen 001,E02002615,E,7687,508,428,323,455,0.2,0.4,14.8005,3.224065
Blackburn with Darwen 002,E02002616,E,7125,471,397,299,421,0.4,0.6,11.5135,2.796755
Blackburn with Darwen 003,E02002617,E,7370,487,410,309,435,0.0,0.2,16.29,3.4177
Blackburn with Darwen 004,E02002618,E,6236,412,347,262,369,0.0,0.2,13.7986,3.093818
Blackburn with Darwen 005,E02002619,E,7263,480,404,305,429,0.0,0.2,16.0608,3.387904
Blackburn with Darwen 006,E02002620,E,7000,462,390,294,414,0.0,0.2,15.485999999999999,3.31318
Blackburn with Darwen 007,E02002621,E,6930,458,386,291,410,0.0,0.2,15.334999999999999,3.2935499999999998
Blackburn with Darwen 008,E02002622,E,8382,554,467,352,495,0.0,0.2,18.5382,3.7099660000000005
Blackburn with Darwen 009,E02002623,E,8324,550,463,349,492,0.0,0.2,18.406399999999998,3.692832
Blackburn with Darwen 010,E02002624,E,6715,444,374,282,397,0.6,0.8,10.1755,2.622815
Blackburn with Darwen 011,E02002625,E,8211,542,457,345,485,0.0,0.2,18.1566,3.6603580000000004
Blackburn with Darwen 012,E02002626,E,5965,394,332,250,352,0.0,0.2,13.183,3.01379
Blackburn with Darwen 013,E02002627,E,6369,421,355,267,377,0.4,0.6,10.2987,2.638831
Blackburn with Darwen 014,E02002628,E,5834,385,325,245,345,0.0,0.2,12.9054,2.977702
Blackburn with Darwen 015,E02002629,E,4782,316,266,201,283,0.0,0.2,10.5822,2.6756860000000002
Blackburn with Darwen 016,E02002630,E,5048,334,281,212,298,0.0,0.2,11.1638,2.751294
Blackburn with Darwen 017,E02002631,E,7526,497,419,316,445,0.4,0.6,12.1638,2.881294
Blackburn with Darwen 018,E02002632,E,5184,342,289,217,306,0.8,1.0,7.2682,2.244866
Blackpool 001,E02002633,E,5753,531,486,375,531,0.2,0.4,15.410499999999999,3.3033650000000003
Blackpool 002,E02002634,E,6082,561,514,396,562,0.2,0.4,16.296,3.4184799999999997
Blackpool 003,E02002635,E,5893,543,498,384,545,0.2,0.4,15.7955,3.353415
Blackpool 004,E02002636,E,6170,569,522,402,570,0.2,0.4,16.534,3.44942
Blackpool 005,E02002637,E,4561,421,386,297,421,0.2,0.4,12.218500000000002,2.8884050000000006
Blackpool 006,E02002638,E,4722,435,399,307,436,0.0,0.2,14.3842,3.1699460000000004
Blackpool 007,E02002639,E,4253,392,359,277,393,0.0,0.2,12.9618,2.985034
Blackpool 008,E02002640,E,5392,497,456,351,498,0.0,0.2,16.4332,3.4363159999999997
Blackpool 009,E02002641,E,6093,562,515,397,563,0.0,0.2,18.5758,3.714854
Blackpool 010,E02002642,E,5218,481,441,340,482,0.0,0.2,15.904799999999998,3.367624
Blackpool 011,E02002643,E,5527,510,467,360,510,0.0,0.2,16.8412,3.489356
Blackpool 012,E02002644,E,5920,546,501,386,547,0.2,0.4,15.868,3.3628400000000003
Blackpool 013,E02002645,E,4256,393,360,277,393,0.0,0.2,12.973600000000001,2.986568
Blackpool 014,E02002646,E,5233,483,442,341,483,0.0,0.2,15.9478,3.373214
Blackpool 015,E02002647,E,6044,557,511,394,558,0.0,0.2,18.4204,3.6946520000000005
Blackpool 016,E02002648,E,5401,498,457,352,499,0.0,0.2,16.4676,3.4407880000000004
Blackpool 017,E02002649,E,6328,583,535,412,584,0.0,0.2,19.2788,3.8062440000000004
Blackpool 018,E02002650,E,5882,542,497,383,543,0.2,0.4,15.752,3.34776
Blackpool 019,E02002651,E,5955,549,504,388,550,0.2,0.4,15.956500000000002,3.374345
Bolsover 001,E02004045,E,7982,787,674,509,699,0.6,0.8,16.8986,3.496818
Bolsover 002,E02004046,E,5463,539,461,348,478,0.2,0.4,14.3645,3.1673850000000003
Bolsover 003,E02004047,E,4962,489,419,316,434,0.0,0.2,14.9372,3.241836
Bolsover 004,E02004048,E,5871,579,496,374,514,0.0,0.2,17.683600000000002,3.5988680000000004
Bolsover 005,E02004049,E,6832,674,577,435,598,0.4,0.6,15.4916,3.3139080000000005
Bolsover 006,E02004050,E,6185,610,523,394,541,0.0,0.2,18.626,3.72138
Bolsover 007,E02004051,E,7917,781,669,504,693,0.0,0.2,23.8442,4.399746
Bolsover 008,E02004052,E,6907,681,584,440,605,0.4,0.6,15.6701,3.3371130000000004
Bolsover 009,E02004053,E,6916,682,584,441,606,0.2,0.4,18.198999999999998,3.66587
Bolsover 010,E02004054,E,7575,747,640,483,663,0.4,0.6,17.180500000000002,3.5334650000000005
Bolton 001,E02000984,E,6537,478,421,327,510,0.8,1.0,11.004100000000001,2.7305330000000003
Bolton 002,E02000985,E,6356,465,410,318,496,0.8,1.0,10.7028,2.691364
Bolton 003,E02000986,E,7025,514,453,352,548,0.6,0.8,12.7355,2.955615
Bolton 004,E02000987,E,6043,442,390,303,471,0.2,0.4,13.680500000000002,3.0784650000000005
Bolton 005,E02000988,E,7061,516,455,353,550,0.0,0.2,18.1626,3.6611380000000002
Bolton 006,E02000989,E,6922,506,446,347,540,0.6,0.8,12.5476,2.9311879999999997
Bolton 007,E02000990,E,6412,469,413,321,500,0.4,0.6,12.4396,2.917148
Bolton 008,E02000991,E,6450,472,416,323,502,0.2,0.4,14.59,3.1967
Bolton 009,E02000992,E,4853,355,313,243,379,0.6,0.8,8.8019,2.444247
Bolton 010,E02000993,E,5997,439,387,300,468,0.0,0.2,15.444200000000002,3.3077460000000007
Bolton 011,E02000994,E,6644,486,428,333,518,0.0,0.2,17.1034,3.523442
Bolton 012,E02000995,E,6854,501,442,343,534,0.2,0.4,15.507000000000001,3.3159100000000006
Bolton 013,E02000996,E,6605,483,426,331,515,0.0,0.2,17.005,3.51065
Bolton 014,E02000997,E,4766,349,307,239,371,0.2,0.4,10.783,2.70179
Bolton 015,E02000998,E,7234,529,466,362,564,0.0,0.2,18.6174,3.720262
Bolton 016,E02000999,E,6244,457,403,313,487,0.0,0.2,16.081400000000002,3.390582
Bolton 017,E02001000,E,7679,562,495,384,599,0.0,0.2,19.7684,3.869892
Bolton 018,E02001001,E,6802,498,439,341,530,0.2,0.4,15.398,3.3017399999999997
Bolton 019,E02001002,E,7932,580,511,397,618,0.2,0.4,17.945,3.6328500000000004
Bolton 020,E02001003,E,6110,447,394,306,476,0.8,1.0,10.281,2.6365300000000005
Bolton 021,E02001004,E,6920,506,446,346,540,0.0,0.2,17.814,3.6158200000000003
Bolton 022,E02001005,E,6666,487,430,334,519,0.0,0.2,17.150599999999997,3.529578
Bolton 023,E02001006,E,6476,473,417,324,504,0.0,0.2,16.651600000000002,3.464708000000001
Bolton 024,E02001007,E,8624,631,556,432,672,0.4,0.6,16.7292,3.4747959999999996
Bolton 025,E02001008,E,6837,500,441,342,533,0.0,0.2,17.5972,3.587636
Bolton 026,E02001009,E,5617,411,362,281,438,0.0,0.2,14.458200000000001,3.1795660000000003
Bolton 027,E02001010,E,4925,360,318,247,384,0.0,0.2,12.682,2.9486600000000003
Bolton 028,E02001011,E,8275,605,534,414,646,0.8,1.0,13.9365,3.111745
Bolton 029,E02001012,E,6578,481,424,329,513,0.2,0.4,14.887,3.23531
Bolton 030,E02001013,E,5065,370,326,253,394,0.6,0.8,9.1625,2.4911250000000003
Bolton 031,E02001014,E,6860,502,442,343,534,0.2,0.4,15.513000000000002,3.3166900000000004
Bolton 032,E02001015,E,6644,486,428,333,518,0.0,0.2,17.1034,3.523442
Bolton 033,E02001016,E,6922,506,446,347,540,0.0,0.2,17.822200000000002,3.616886
Bolton 034,E02001017,E,9110,666,587,456,710,0.2,0.4,20.613,3.9796899999999997
Bolton 035,E02001018,E,6385,467,412,320,498,0.6,0.8,11.5755,2.804815
Boston 001,E02005417,E,6813,583,544,413,618,0.2,0.4,17.6385,3.593005
Boston 002,E02005418,E,9359,800,747,568,849,0.0,0.2,27.514400000000002,4.8768720000000005
Boston 003,E02005419,E,7594,649,606,461,689,0.2,0.4,19.663,3.85619
Boston 004,E02005420,E,7686,657,614,466,697,0.2,0.4,19.896,3.8864800000000006
Boston 006,E02005422,E,5684,486,454,345,515,0.2,0.4,14.710999999999999,3.21243
Boston 007,E02005423,E,8911,762,712,540,808,0.2,0.4,23.0655,4.298515
Boston 008,E02006864,E,7476,639,597,453,678,0.6,0.8,15.631799999999998,3.332134
Boston 009,E02006865,E,6846,585,547,415,622,0.6,0.8,14.328800000000001,3.162744
Bournemouth 001,E02003172,E,4875,447,426,340,592,0.2,0.4,14.9665,3.245645
Bournemouth 002,E02003173,E,5174,474,452,361,629,0.2,0.4,15.892000000000001,3.3659600000000003
Bournemouth 003,E02003174,E,6338,581,554,442,770,0.6,0.8,15.959399999999999,3.374722
Bournemouth 004,E02003175,E,7030,645,615,491,854,0.6,0.8,17.708,3.6020399999999997
Bournemouth 005,E02003176,E,5495,504,480,383,668,0.0,0.2,18.914,3.75882
Bournemouth 006,E02003177,E,6246,573,546,436,759,0.8,1.0,14.6408,3.203304
Bournemouth 007,E02003178,E,6531,599,571,456,794,0.2,0.4,20.0665,3.908645
Bournemouth 008,E02003179,E,5065,464,443,353,616,0.2,0.4,15.5595,3.3227349999999998
Bournemouth 009,E02003180,E,7421,681,649,518,903,0.4,0.6,20.128300000000003,3.9166790000000002
Bournemouth 010,E02003181,E,6651,610,581,464,809,0.6,0.8,16.7583,3.478579
Bournemouth 011,E02003182,E,5136,471,449,358,625,0.8,1.0,12.0458,2.8659540000000003
Bournemouth 012,E02003183,E,5533,507,484,386,672,0.6,0.8,13.931899999999999,3.111147
Bournemouth 013,E02003184,E,6193,568,541,432,753,0.4,0.6,16.785899999999998,3.4821669999999996
Bournemouth 014,E02003185,E,5890,540,515,411,716,0.4,0.6,15.965,3.37545
Bournemouth 015,E02003186,E,6889,632,602,481,838,0.2,0.4,21.1715,4.052295
Bournemouth 016,E02003187,E,7130,654,624,498,867,0.2,0.4,21.913,4.14869
Bournemouth 017,E02003188,E,7789,714,681,543,947,0.2,0.4,23.9255,4.410315
Bournemouth 018,E02003189,E,6553,601,573,457,796,0.6,0.8,16.5009,3.4451170000000007
Bournemouth 019,E02003190,E,7708,707,674,538,937,0.0,0.2,26.5398,4.750174
Bournemouth 020,E02003191,E,6259,574,547,437,761,0.8,1.0,14.675699999999999,3.207841
Bournemouth 021,E02003192,E,7973,731,697,556,969,0.2,0.4,24.4875,4.4833750000000006
Bournemouth 023,E02006883,E,4281,393,374,299,520,0.4,0.6,11.6003,2.808039
Bournemouth 024,E02006885,E,5486,503,480,383,667,0.4,0.6,14.8738,3.233594
Bracknell Forest 001,E02003352,E,5244,378,345,267,387,0.8,1.0,8.6112,2.4194560000000003
Bracknell Forest 002,E02003353,E,7835,565,515,399,578,0.8,1.0,12.8635,2.972255
Bracknell Forest 003,E02003354,E,8897,642,585,453,657,0.8,1.0,14.615099999999998,3.199963
Bracknell Forest 004,E02003355,E,5744,414,378,292,424,0.4,0.6,10.9032,2.717416
Bracknell Forest 005,E02003356,E,6331,457,416,322,467,0.8,1.0,10.3923,2.650999
Bracknell Forest 006,E02003357,E,8047,581,529,410,594,0.4,0.6,15.280100000000001,3.2864130000000005
Bracknell Forest 007,E02003358,E,8190,591,539,417,605,0.4,0.6,15.557,3.3224100000000005
Bracknell Forest 008,E02003359,E,5779,417,380,294,427,0.8,1.0,9.4947,2.5343109999999998
Bracknell Forest 009,E02003360,E,8560,618,563,436,632,0.6,0.8,15.188,3.2744400000000002
Bracknell Forest 010,E02003361,E,6681,482,439,340,493,0.6,0.8,11.8473,2.8401490000000003
Bracknell Forest 011,E02003362,E,5935,428,390,302,438,0.6,0.8,10.5245,2.6681850000000003
Bracknell Forest 012,E02003363,E,6032,435,397,307,446,0.8,1.0,9.9146,2.5888980000000004
Bracknell Forest 013,E02003364,E,5999,433,395,306,443,0.6,0.8,10.6487,2.6843310000000002
Bracknell Forest 014,E02003365,E,6014,434,396,306,444,0.8,1.0,9.8782,2.5841659999999997
Bracknell Forest 015,E02003366,E,6788,490,446,346,501,0.8,1.0,11.1494,2.749422
Bradford 001,E02002183,E,4821,313,277,224,325,0.8,1.0,7.321300000000001,2.2517690000000004
Bradford 002,E02002184,E,11157,725,641,518,753,0.8,1.0,16.9521,3.5037730000000007
Bradford 003,E02002185,E,5126,333,294,238,346,0.8,1.0,7.7878,2.312414
Bradford 004,E02002186,E,10897,708,626,506,735,0.6,0.8,17.8041,3.6145329999999998
Bradford 005,E02002187,E,5073,330,292,235,342,0.8,1.0,7.7029,2.301377
Bradford 006,E02002188,E,6660,433,383,309,449,0.6,0.8,10.88,2.7144000000000004
Bradford 007,E02002189,E,5898,383,339,274,397,0.0,0.2,13.8308,3.0980040000000004
Bradford 008,E02002190,E,10342,672,594,480,697,0.0,0.2,24.2592,4.453696
Bradford 009,E02002191,E,8112,527,466,376,548,0.0,0.2,19.0402,3.775226
Bradford 010,E02002192,E,7964,518,457,370,538,0.8,1.0,12.107199999999999,2.873936
Bradford 011,E02002193,E,5179,337,297,240,349,0.0,0.2,12.1454,2.878902
Bradford 012,E02002194,E,6465,420,371,300,436,0.2,0.4,13.308499999999999,3.030105
Bradford 013,E02002195,E,5511,358,317,256,371,0.8,1.0,8.3643,2.387359
Bradford 014,E02002196,E,5485,357,315,255,370,0.4,0.6,9.589500000000001,2.546635
Bradford 015,E02002197,E,7339,477,422,341,495,0.4,0.6,12.8297,2.967861
Bradford 016,E02002198,E,7014,456,403,326,473,0.4,0.6,12.2602,2.893826
Bradford 017,E02002199,E,5522,359,317,256,373,0.6,0.8,9.0256,2.4733280000000004
Bradford 018,E02002200,E,7942,516,456,369,536,0.4,0.6,13.8846,3.104998
Bradford 019,E02002201,E,10362,674,595,481,699,0.2,0.4,21.338,4.07394
Bradford 020,E02002202,E,6057,394,348,281,409,0.2,0.4,12.4775,2.922075
Bradford 021,E02002203,E,6598,429,379,306,445,0.0,0.2,15.4808,3.3125040000000006
Bradford 022,E02002204,E,9820,638,564,456,663,0.6,0.8,16.051000000000002,3.3866300000000003
Bradford 023,E02002205,E,8716,567,501,404,588,0.4,0.6,15.232800000000001,3.2802640000000003
Bradford 024,E02002206,E,7518,489,432,349,507,0.2,0.4,15.481000000000002,3.3125300000000006
Bradford 025,E02002207,E,6357,413,365,295,429,0.0,0.2,14.917200000000001,3.239236
Bradford 026,E02002208,E,6570,427,377,305,443,0.0,0.2,15.413,3.3036900000000005
Bradford 027,E02002209,E,5093,331,292,236,343,0.0,0.2,11.9388,2.8520440000000002
Bradford 028,E02002210,E,6572,427,378,305,443,0.2,0.4,13.530000000000001,3.0589000000000004
Bradford 029,E02002211,E,6205,403,356,288,419,0.0,0.2,14.562000000000001,3.19306
Bradford 030,E02002212,E,6287,409,361,292,424,0.0,0.2,14.7542,3.218046
Bradford 031,E02002213,E,5814,378,334,270,392,0.4,0.6,10.1602,2.620826
Bradford 032,E02002214,E,5096,332,293,237,344,0.2,0.4,10.503,2.6653900000000004
Bradford 033,E02002215,E,9063,589,521,421,611,0.0,0.2,21.2668,4.064684
Bradford 034,E02002216,E,8071,525,464,375,544,0.0,0.2,18.9406,3.7622780000000002
Bradford 035,E02002217,E,7631,496,438,354,515,0.0,0.2,17.906599999999997,3.627858
Bradford 036,E02002218,E,8060,524,463,374,544,0.0,0.2,18.917,3.7592100000000004
Bradford 037,E02002219,E,6788,441,390,315,458,0.0,0.2,15.9288,3.370744
Bradford 038,E02002220,E,8005,520,460,371,540,0.0,0.2,18.78,3.7414000000000005
Bradford 039,E02002221,E,11701,761,672,543,789,0.0,0.2,27.454600000000003,4.869098
Bradford 040,E02002222,E,6991,454,402,324,471,0.0,0.2,16.3946,3.431298
Bradford 041,E02002223,E,6742,438,387,313,455,0.0,0.2,15.821200000000001,3.356756
Bradford 042,E02002224,E,9127,593,524,424,616,0.0,0.2,21.4212,4.084756
Bradford 043,E02002225,E,7101,462,408,330,479,0.2,0.4,14.6265,3.201445
Bradford 044,E02002226,E,12876,837,740,597,868,0.0,0.2,30.2056,5.2267280000000005
Bradford 045,E02002227,E,5603,364,322,260,378,0.0,0.2,13.1478,3.009214
Bradford 046,E02002228,E,5856,381,336,272,395,0.0,0.2,13.742600000000001,3.086538
Bradford 047,E02002229,E,7019,456,403,326,473,0.2,0.4,14.4475,3.178175
Bradford 048,E02002230,E,8189,532,470,380,552,0.0,0.2,19.2074,3.7969619999999997
Bradford 049,E02002231,E,10994,715,632,510,742,0.0,0.2,25.805400000000002,4.654702
Bradford 050,E02002232,E,5565,362,320,258,375,0.0,0.2,13.055,2.99715
Bradford 051,E02002233,E,7962,518,457,369,537,0.0,0.2,18.6792,3.7282960000000003
Bradford 052,E02002234,E,6839,444,393,317,461,0.0,0.2,16.0394,3.385122
Bradford 053,E02002235,E,6104,397,351,283,411,0.0,0.2,14.3154,3.161002
Bradford 054,E02002236,E,5175,336,297,240,349,0.2,0.4,10.651499999999999,2.6846949999999996
Bradford 055,E02002237,E,7159,465,411,332,483,0.0,0.2,16.7954,3.483402
Bradford 056,E02002238,E,5278,343,303,245,356,0.0,0.2,12.3838,2.9098940000000004
Bradford 057,E02002239,E,8588,558,493,399,580,0.0,0.2,20.160800000000002,3.920904
Bradford 058,E02002240,E,9210,599,529,427,621,0.4,0.6,16.091,3.3918300000000006
Bradford 059,E02002241,E,10291,669,591,478,695,0.0,0.2,24.160600000000002,4.4408780000000005
Bradford 060,E02002242,E,6681,434,384,310,451,0.2,0.4,13.7605,3.088865
Bradford 061,E02002243,E,8046,523,462,373,542,0.0,0.2,18.867600000000003,3.7527880000000007
Braintree 001,E02004446,E,5473,494,447,359,622,0.6,0.8,13.0549,2.9971370000000004
Braintree 002,E02004447,E,4648,420,380,305,529,0.6,0.8,11.0984,2.742792
Braintree 003,E02004448,E,5054,456,413,331,574,0.6,0.8,12.0492,2.866396
Braintree 004,E02004449,E,6750,610,552,443,768,0.4,0.6,17.327,3.5525100000000007
Braintree 005,E02004450,E,4801,433,392,315,546,0.6,0.8,11.4553,2.789189
Braintree 006,E02004451,E,6894,623,563,452,784,0.6,0.8,16.4502,3.4385259999999995
Braintree 007,E02004452,E,7395,668,604,485,840,0.6,0.8,17.6355,3.5926150000000003
Braintree 008,E02004453,E,5642,510,461,370,642,0.2,0.4,16.489,3.4435700000000002
Braintree 009,E02004454,E,7099,641,580,466,807,0.4,0.6,18.2117,3.667521
Braintree 010,E02004455,E,6075,549,496,398,690,0.8,1.0,13.4925,3.054025
Braintree 011,E02004456,E,7094,641,580,465,807,0.4,0.6,18.2042,3.6665460000000003
Braintree 012,E02004457,E,8221,742,672,539,935,0.4,0.6,21.0923,4.041999000000001
Braintree 013,E02004458,E,7574,684,619,497,862,0.8,1.0,16.8452,3.4898759999999998
Braintree 014,E02004459,E,8237,744,673,540,936,0.8,1.0,18.301099999999998,3.679143
Braintree 015,E02004460,E,7049,636,576,462,801,0.4,0.6,18.0747,3.649711
Braintree 016,E02004461,E,4634,418,378,304,527,0.2,0.4,13.535,3.05955
Braintree 017,E02004462,E,8065,728,659,529,917,0.4,0.6,20.6895,3.989635
Braintree 018,E02004463,E,6352,574,519,417,722,0.6,0.8,15.1566,3.270358
Breckland 001,E02005503,E,5949,671,645,498,834,0.4,0.6,18.7027,3.731351
Breckland 002,E02005504,E,7309,824,793,612,1025,0.4,0.6,22.984700000000004,4.288011000000001
Breckland 003,E02005505,E,6011,678,652,503,843,0.4,0.6,18.9013,3.757169
Breckland 004,E02005506,E,5730,646,621,480,804,0.4,0.6,18.023,3.64299
Breckland 005,E02005507,E,9556,1078,1037,800,1340,0.4,0.6,30.050800000000002,5.2066040000000005
Breckland 006,E02005508,E,5555,626,603,465,779,0.4,0.6,17.4685,3.5709049999999998
Breckland 007,E02005509,E,6070,685,659,508,851,0.2,0.4,21.494,4.09422
Breckland 008,E02005510,E,5556,627,603,465,779,0.4,0.6,17.4708,3.571204
Breckland 009,E02005511,E,6026,680,654,504,845,0.4,0.6,18.9478,3.7632140000000005
Breckland 010,E02005512,E,7369,831,799,617,1034,0.2,0.4,26.100499999999997,4.693065
Breckland 011,E02005513,E,7537,850,817,631,1057,0.4,0.6,23.6991,4.380883000000001
Breckland 012,E02005514,E,5483,618,595,459,769,0.4,0.6,17.2429,3.541577
Breckland 013,E02005515,E,5205,587,565,436,730,0.6,0.8,15.205499999999999,3.2767150000000003
Breckland 014,E02005516,E,5445,614,591,456,764,0.6,0.8,15.909500000000001,3.3682350000000003
Breckland 015,E02005517,E,4943,558,536,414,693,0.0,0.2,19.6498,3.8544739999999997
Breckland 016,E02005518,E,8896,1003,965,745,1248,0.6,0.8,25.9878,4.678414
Breckland 017,E02005519,E,6521,735,707,546,914,0.2,0.4,23.0835,4.300855
Brent 001,E02000093,E,10007,640,561,445,635,0.4,0.6,16.816100000000002,3.4860930000000003
Brent 002,E02000094,E,8043,515,451,357,511,0.4,0.6,13.520900000000001,3.0577170000000002
Brent 003,E02000095,E,9122,584,512,405,579,0.4,0.6,15.3306,3.292978
Brent 004,E02000096,E,6986,447,392,310,443,0.6,0.8,10.980799999999999,2.7275039999999997
Brent 005,E02000097,E,8238,527,462,366,523,0.4,0.6,13.8454,3.099902
Brent 006,E02000098,E,7304,467,410,325,464,0.2,0.4,14.536000000000001,3.18968
Brent 007,E02000099,E,8006,512,449,356,509,0.4,0.6,13.465800000000002,3.050554
Brent 008,E02000100,E,7711,494,432,343,490,0.6,0.8,12.1343,2.877459
Brent 009,E02000101,E,8579,549,481,381,545,0.2,0.4,17.0675,3.5187749999999998
Brent 010,E02000102,E,7159,458,401,318,455,0.0,0.2,16.276400000000002,3.4159320000000006
Brent 011,E02000103,E,8020,513,450,356,509,0.2,0.4,15.949,3.3733700000000004
Brent 012,E02000104,E,6224,398,349,276,395,0.2,0.4,12.374,2.90862
Brent 013,E02000105,E,8459,542,474,376,538,0.4,0.6,14.229700000000001,3.1498610000000005
Brent 014,E02000106,E,9393,601,527,417,596,0.0,0.2,21.3468,4.075084
Brent 015,E02000107,E,9831,629,551,437,625,0.2,0.4,19.5655,3.843515
Brent 016,E02000108,E,6055,387,339,269,385,0.4,0.6,10.1805,2.6234650000000004
Brent 017,E02000109,E,9070,580,509,403,576,0.4,0.6,15.247,3.2821100000000003
Brent 018,E02000110,E,7436,476,417,330,472,0.4,0.6,12.4948,2.9243240000000004
Brent 019,E02000111,E,8992,576,504,400,571,0.2,0.4,17.892000000000003,3.62596
Brent 020,E02000112,E,8673,555,486,385,551,0.2,0.4,17.252499999999998,3.5428249999999997
Brent 021,E02000113,E,8876,568,498,394,563,0.0,0.2,20.169600000000003,3.922048
Brent 022,E02000114,E,8284,530,465,368,526,0.2,0.4,16.48,3.4424
Brent 023,E02000115,E,7668,491,430,341,487,0.2,0.4,15.258,3.28354
Brent 024,E02000116,E,7493,480,420,333,476,0.0,0.2,17.0388,3.5150439999999996
Brent 025,E02000117,E,11044,707,619,491,701,0.0,0.2,25.105400000000003,4.563702
Brent 026,E02000118,E,8665,555,486,385,550,0.2,0.4,17.2365,3.5407450000000003
Brent 027,E02000119,E,6662,427,374,296,423,0.0,0.2,15.150200000000002,3.2695260000000004
Brent 028,E02000120,E,8471,542,475,376,538,0.2,0.4,16.849500000000003,3.4904350000000006
Brent 029,E02000121,E,8214,526,461,365,521,0.2,0.4,16.336000000000002,3.42368
Brent 030,E02000122,E,7426,475,417,330,472,0.4,0.6,12.4898,2.923674
Brent 031,E02000123,E,13533,866,759,601,859,0.0,0.2,30.759800000000002,5.298774000000001
Brent 032,E02000124,E,9398,602,527,418,596,0.4,0.6,15.791400000000003,3.352882
Brent 033,E02000125,E,9944,636,558,442,631,0.4,0.6,16.7112,3.472456
Brent 034,E02000126,E,7148,458,401,318,454,0.0,0.2,16.2578,3.413514
Brentwood 001,E02004464,E,7841,604,573,440,786,0.8,1.0,15.552299999999999,3.3217990000000004
Brentwood 002,E02004465,E,4791,369,350,269,480,0.8,1.0,9.5003,2.5350390000000003
Brentwood 003,E02004466,E,6491,500,474,364,651,0.6,0.8,13.824300000000001,3.0971590000000004
Brentwood 004,E02004467,E,6082,469,444,341,609,0.6,0.8,12.9426,2.982538
Brentwood 005,E02004468,E,8394,647,613,471,841,0.8,1.0,16.644199999999998,3.4637459999999995
Brentwood 006,E02004469,E,5511,425,402,309,552,0.8,1.0,10.9243,2.720159
Brentwood 007,E02004470,E,8566,660,626,481,859,0.8,1.0,16.9958,3.509454
Brentwood 008,E02004471,E,6461,498,472,362,647,0.6,0.8,13.749300000000002,3.087409
Brentwood 009,E02004472,E,4968,383,363,279,498,0.8,1.0,9.8554,2.581202
Brighton and Hove 001,E02003491,E,7244,417,361,255,415,0.6,0.8,10.2912,2.637856
Brighton and Hove 002,E02003492,E,8895,512,443,313,510,0.2,0.4,16.0665,3.3886450000000004
Brighton and Hove 003,E02003493,E,7333,422,365,258,421,0.8,1.0,9.6949,2.560337
Brighton and Hove 004,E02003494,E,6106,352,304,215,350,0.8,1.0,8.0688,2.348944
Brighton and Hove 005,E02003495,E,6748,389,336,237,388,0.4,0.6,10.2244,2.629172
Brighton and Hove 006,E02003496,E,6965,401,347,245,399,0.2,0.4,12.5765,2.934945
Brighton and Hove 007,E02003497,E,6833,394,340,240,392,0.8,1.0,9.0299,2.473887
Brighton and Hove 008,E02003498,E,7857,452,391,276,451,0.0,0.2,16.273200000000003,3.415516
Brighton and Hove 009,E02003499,E,7519,433,375,264,432,0.0,0.2,15.583400000000001,3.3258420000000006
Brighton and Hove 010,E02003500,E,7835,451,390,275,450,0.8,1.0,10.3575,2.646475
Brighton and Hove 011,E02003501,E,7802,449,389,274,448,0.8,1.0,10.3146,2.640898
Brighton and Hove 012,E02003502,E,7100,409,354,250,408,0.2,0.4,12.838999999999999,2.96907
Brighton and Hove 013,E02003503,E,8413,484,419,296,483,0.2,0.4,15.2025,3.276325
Brighton and Hove 014,E02003504,E,7864,453,392,276,451,0.6,0.8,11.174199999999999,2.752646
Brighton and Hove 015,E02003505,E,8419,485,419,296,483,0.6,0.8,11.9647,2.855411
Brighton and Hove 016,E02003506,E,6335,365,316,223,363,0.6,0.8,9.0025,2.470325
Brighton and Hove 017,E02003507,E,9181,529,457,323,526,0.4,0.6,13.8903,3.105739
Brighton and Hove 018,E02003508,E,8192,472,408,288,470,0.6,0.8,11.6436,2.813668
Brighton and Hove 019,E02003509,E,8159,470,406,287,468,0.4,0.6,12.349700000000002,2.9054610000000003
Brighton and Hove 020,E02003510,E,7974,459,397,280,457,0.6,0.8,11.325200000000002,2.7722760000000006
Brighton and Hove 021,E02003511,E,7485,431,373,263,430,0.4,0.6,11.337500000000002,2.7738750000000003
Brighton and Hove 022,E02003512,E,8509,490,424,299,488,0.4,0.6,12.8787,2.974231
Brighton and Hove 023,E02003513,E,6203,357,309,218,356,0.4,0.6,9.3909,2.520817
Brighton and Hove 024,E02003514,E,7907,455,394,278,454,0.4,0.6,11.9741,2.8566330000000004
Brighton and Hove 025,E02003515,E,8517,490,424,299,488,0.0,0.2,17.6292,3.5917960000000004
Brighton and Hove 026,E02003516,E,7840,452,391,276,450,0.4,0.6,11.876000000000001,2.8438800000000004
Brighton and Hove 027,E02003517,E,10139,584,505,356,582,0.2,0.4,18.317500000000003,3.6812750000000003
Brighton and Hove 028,E02003518,E,7098,409,354,250,408,0.4,0.6,10.7594,2.698722
Brighton and Hove 029,E02003519,E,8123,468,405,286,466,0.2,0.4,14.6795,3.208335
Brighton and Hove 030,E02003520,E,8100,467,404,285,465,0.0,0.2,16.79,3.4827000000000004
Brighton and Hove 031,E02003521,E,7578,436,377,266,435,0.2,0.4,13.687000000000001,3.0793100000000004
Brighton and Hove 032,E02003522,E,6605,380,329,232,379,0.2,0.4,11.9305,2.8509650000000004
Brighton and Hove 033,E02003523,E,9347,538,466,329,537,0.8,1.0,12.3641,2.9073330000000004
Bristol 001,E02003012,E,11068,462,417,326,549,0.0,0.2,19.905800000000003,3.887754
Bristol 002,E02003013,E,12368,516,466,365,613,0.0,0.2,22.2418,4.191434
Bristol 003,E02003014,E,8025,335,302,236,398,0.0,0.2,14.428,3.1756400000000005
Bristol 004,E02003015,E,6002,251,226,177,298,0.2,0.4,9.473,2.5314900000000002
Bristol 005,E02003016,E,7789,325,294,230,386,0.2,0.4,12.287500000000001,2.8973750000000003
Bristol 006,E02003017,E,6249,261,236,184,310,0.6,0.8,7.6707,2.297191
Bristol 007,E02003018,E,5925,247,223,175,293,0.2,0.4,9.336500000000001,2.513745
Bristol 008,E02003019,E,9660,403,364,285,478,0.2,0.4,15.225999999999999,3.2793799999999997
Bristol 009,E02003020,E,6449,269,243,190,319,0.8,1.0,7.4177,2.264301
Bristol 010,E02003021,E,7004,292,264,206,347,0.6,0.8,8.5882,2.4164660000000002
Bristol 011,E02003022,E,6069,253,229,179,300,0.8,1.0,6.9797,2.207361
Bristol 012,E02003023,E,6177,258,233,182,306,0.2,0.4,9.7405,2.5662650000000005
Bristol 013,E02003024,E,9062,378,342,267,449,0.2,0.4,14.290000000000001,3.1577
Bristol 014,E02003025,E,7000,292,264,206,347,0.0,0.2,12.586,2.9361800000000002
Bristol 015,E02003026,E,9589,400,361,283,475,0.8,1.0,11.038699999999999,2.735031
Bristol 016,E02003027,E,12321,515,464,363,611,0.8,1.0,14.1903,3.1447390000000004
Bristol 017,E02003028,E,8818,368,332,260,437,0.8,1.0,10.1524,2.619812
Bristol 018,E02003029,E,6436,269,243,190,319,0.0,0.2,11.5796,2.805348
Bristol 019,E02003030,E,7424,310,280,219,368,0.2,0.4,11.711000000000002,2.8224300000000007
Bristol 020,E02003031,E,10606,443,400,313,526,0.6,0.8,13.018799999999999,2.992444
Bristol 021,E02003032,E,7532,315,284,222,373,0.2,0.4,11.877,2.84401
Bristol 022,E02003033,E,9311,389,351,274,461,0.6,0.8,11.4163,2.784119
Bristol 023,E02003034,E,12687,530,478,374,628,0.0,0.2,22.8062,4.264806
Bristol 025,E02003036,E,8853,370,334,261,439,0.2,0.4,13.967500000000001,3.115775
Bristol 026,E02003037,E,9036,377,341,266,448,0.8,1.0,10.404800000000002,2.6526240000000003
Bristol 027,E02003038,E,6577,275,248,194,326,0.2,0.4,10.375499999999999,2.648815
Bristol 028,E02003039,E,8322,348,314,245,413,0.2,0.4,13.132000000000001,3.0071600000000003
Bristol 029,E02003040,E,9440,394,356,278,467,0.2,0.4,14.875999999999998,3.23388
Bristol 030,E02003041,E,6408,268,242,189,317,0.8,1.0,7.3744,2.258672
Bristol 032,E02003043,E,11317,472,427,334,561,0.4,0.6,14.783100000000001,3.2218030000000004
Bristol 033,E02003044,E,5998,250,226,177,297,0.4,0.6,7.829400000000001,2.317822
Bristol 034,E02003045,E,7127,298,269,210,354,0.6,0.8,8.7541,2.438033
Bristol 035,E02003046,E,9532,398,359,281,472,0.4,0.6,12.441600000000001,2.917408
Bristol 036,E02003047,E,10384,434,391,306,515,0.4,0.6,13.5632,3.063216
Bristol 037,E02003048,E,6743,281,254,199,334,0.4,0.6,8.802900000000001,2.4443770000000002
Bristol 038,E02003049,E,7523,314,284,222,373,0.2,0.4,11.8695,2.8430350000000004
Bristol 039,E02003050,E,8745,365,330,258,434,0.2,0.4,13.8015,3.094195
Bristol 040,E02003051,E,6893,288,260,203,341,0.2,0.4,10.863500000000002,2.7122550000000003
Bristol 041,E02003052,E,6727,281,254,198,333,0.4,0.6,8.7801,2.441413
Bristol 042,E02003053,E,8345,348,315,246,413,0.4,0.6,10.8915,2.715895
Bristol 043,E02003054,E,6676,279,252,197,331,0.2,0.4,10.533999999999999,2.6694199999999997
Bristol 044,E02003055,E,8585,359,324,253,426,0.0,0.2,15.449000000000002,3.30837
Bristol 045,E02003056,E,7465,312,281,220,370,0.0,0.2,13.424,3.04512
Bristol 046,E02003057,E,6022,251,227,178,298,0.4,0.6,7.8606,2.321878
Bristol 047,E02003058,E,9298,388,350,274,461,0.2,0.4,14.663,3.2061900000000003
Bristol 048,E02003059,E,5832,244,220,172,289,0.2,0.4,9.2,2.496
Bristol 049,E02003060,E,11175,467,421,329,554,0.2,0.4,17.6235,3.591055
Bristol 050,E02003061,E,5952,249,224,175,295,0.0,0.2,10.7012,2.6911560000000003
Bristol 051,E02003062,E,6037,252,228,178,299,0.0,0.2,10.856200000000001,2.7113060000000004
Bristol 052,E02003063,E,7283,304,275,215,361,0.6,0.8,8.9389,2.462057
Bristol 053,E02003064,E,6759,282,255,199,335,0.0,0.2,12.153400000000001,2.8799420000000002
Bristol 054,E02006887,E,6863,287,259,202,341,0.0,0.2,12.353800000000001,2.905994
Bristol 055,E02006888,E,7060,295,266,208,350,0.0,0.2,12.697,2.95061
Bristol 056,E02006889,E,7600,317,286,224,376,0.0,0.2,13.655000000000001,3.0751500000000003
Bristol 057,E02006890,E,8864,370,334,261,439,0.0,0.2,15.933399999999999,3.3713420000000003
Broadland 001,E02005520,E,5984,620,601,497,887,0.6,0.8,17.681199999999997,3.5985559999999994
Broadland 002,E02005521,E,6907,716,694,574,1024,0.4,0.6,22.0121,4.161573
Broadland 003,E02005522,E,4299,446,432,357,638,0.6,0.8,12.7127,2.9526510000000004
Broadland 004,E02005523,E,6272,650,630,521,931,0.6,0.8,18.547600000000003,3.711188000000001
Broadland 005,E02005524,E,4412,457,443,367,654,0.8,1.0,12.1526,2.8798380000000003
Broadland 006,E02005525,E,8222,852,826,683,1220,0.8,1.0,22.657600000000002,4.245488000000001
Broadland 007,E02005526,E,4451,461,447,370,660,0.8,1.0,12.2613,2.8939690000000002
Broadland 008,E02005527,E,6670,692,670,554,989,0.6,0.8,19.714,3.86282
Broadland 009,E02005528,E,6856,711,689,570,1017,0.8,1.0,18.8938,3.756194
Broadland 010,E02005529,E,4708,488,473,391,698,0.6,0.8,13.9134,3.1087420000000003
Broadland 011,E02005530,E,4177,433,419,347,620,0.6,0.8,12.3501,2.905513
Broadland 012,E02005531,E,4444,461,447,369,660,0.6,0.8,13.1482,3.009266
Broadland 013,E02005532,E,5560,576,559,462,824,0.8,1.0,15.312000000000001,3.29056
Broadland 014,E02005533,E,6679,692,671,555,991,0.6,0.8,19.747700000000002,3.8672010000000006
Broadland 015,E02005534,E,5915,613,594,491,877,0.6,0.8,17.4785,3.5722050000000003
Broadland 016,E02005535,E,5885,610,591,489,873,0.6,0.8,17.3975,3.561675
Broadland 017,E02005536,E,4694,487,472,390,696,0.6,0.8,13.8762,3.1039060000000003
Broadland 018,E02005537,E,4920,510,494,409,729,0.4,0.6,15.674,3.3376200000000003
Bromley 001,E02000127,E,7711,536,482,372,611,0.2,0.4,17.3275,3.552575
Bromley 002,E02000128,E,6629,461,414,320,526,0.6,0.8,11.9527,2.853851
Bromley 004,E02000130,E,7193,500,449,347,570,0.4,0.6,13.8759,3.103867
Bromley 005,E02000131,E,8138,566,508,393,646,0.2,0.4,18.302,3.67926
Bromley 006,E02000132,E,7786,541,486,376,618,0.6,0.8,14.0398,3.1251740000000003
Bromley 007,E02000133,E,8732,607,545,421,692,0.8,1.0,14.6406,3.203278
Bromley 008,E02000134,E,9792,680,612,472,776,0.4,0.6,18.8896,3.7556480000000008
Bromley 009,E02000135,E,8848,615,553,427,701,0.0,0.2,22.549800000000005,4.231474
Bromley 010,E02000136,E,5206,362,325,251,412,0.4,0.6,10.0358,2.604654
Bromley 011,E02000137,E,7113,494,444,343,564,0.8,1.0,11.928899999999999,2.8507569999999998
Bromley 012,E02000138,E,7214,501,451,348,572,0.8,1.0,12.100200000000001,2.8730260000000003
Bromley 013,E02000139,E,6621,460,414,319,525,0.6,0.8,11.9323,2.8511990000000003
Bromley 014,E02000140,E,7309,508,457,353,580,0.0,0.2,18.6414,3.723382
Bromley 015,E02000141,E,6308,438,394,304,500,0.4,0.6,12.1684,2.881892
Bromley 016,E02000142,E,7532,523,470,363,598,0.8,1.0,12.6386,2.9430180000000004
Bromley 018,E02000144,E,7892,548,493,381,626,0.8,1.0,13.2406,3.021278
Bromley 019,E02000145,E,7349,511,459,355,583,0.0,0.2,18.7404,3.7362520000000004
Bromley 020,E02000146,E,7564,526,473,365,600,0.8,1.0,12.6922,2.949986
Bromley 021,E02000147,E,7243,503,452,349,574,0.8,1.0,12.1419,2.878447
Bromley 022,E02000148,E,5985,416,374,289,475,0.8,1.0,10.0455,2.6059150000000004
Bromley 023,E02000149,E,7006,487,438,338,556,0.2,0.4,15.754000000000001,3.34802
Bromley 024,E02000150,E,7591,527,474,366,602,0.6,0.8,13.679300000000001,3.078309
Bromley 025,E02000151,E,6885,478,430,332,546,0.8,1.0,11.5475,2.8011749999999997
Bromley 026,E02000152,E,5975,415,373,288,473,0.2,0.4,13.4165,3.0441450000000003
Bromley 027,E02000153,E,7049,490,440,340,559,0.8,1.0,11.823699999999999,2.837081
Bromley 028,E02000154,E,7234,503,452,349,574,0.6,0.8,13.0432,2.995616
Bromley 029,E02000155,E,6275,436,392,303,497,0.4,0.6,12.1045,2.8735850000000003
Bromley 030,E02000156,E,10994,764,687,530,872,0.8,1.0,18.4422,3.6974860000000005
Bromley 031,E02000157,E,7238,503,452,349,574,0.8,1.0,12.1404,2.878252
Bromley 032,E02000158,E,6692,465,418,323,530,0.4,0.6,12.9076,2.977988
Bromley 033,E02000159,E,6191,430,387,299,491,0.8,1.0,10.3873,2.6503490000000003
Bromley 034,E02000160,E,7140,496,446,344,566,0.8,1.0,11.972000000000001,2.8563600000000005
Bromley 035,E02000161,E,7645,531,477,369,606,0.8,1.0,12.8205,2.966665
Bromley 036,E02000162,E,6083,423,380,293,482,0.6,0.8,10.957899999999999,2.724527
Bromley 037,E02000163,E,6956,483,434,335,552,0.8,1.0,11.6678,2.816814
Bromley 039,E02000165,E,6403,445,400,309,508,0.8,1.0,10.7439,2.696707
Bromley 040,E02006782,E,6953,483,434,335,552,0.4,0.6,13.4219,3.0448470000000003
Bromley 041,E02006787,E,6902,480,431,333,547,0.8,1.0,11.5746,2.804698
Bromley 042,E02006789,E,5840,406,365,282,463,0.6,0.8,10.527000000000001,2.6685100000000004
Bromsgrove 001,E02006696,E,5583,472,437,356,646,0.8,1.0,12.3789,2.909257
Bromsgrove 002,E02006697,E,6470,547,506,413,749,0.6,0.8,15.363,3.29719
Bromsgrove 003,E02006698,E,5781,489,452,369,669,0.6,0.8,13.7243,3.084159
Bromsgrove 004,E02006699,E,5289,447,413,337,612,0.8,1.0,11.7237,2.824081
Bromsgrove 005,E02006700,E,5111,432,400,326,591,0.6,0.8,12.1283,2.876679
Bromsgrove 006,E02006701,E,5372,454,420,343,622,0.8,1.0,11.916599999999999,2.849158
Bromsgrove 007,E02006702,E,5173,437,404,330,598,0.4,0.6,13.1979,3.015727
Bromsgrove 008,E02006703,E,6391,540,499,408,739,0.8,1.0,14.1643,3.1413590000000005
Bromsgrove 009,E02006704,E,5846,494,457,373,676,0.6,0.8,13.870800000000001,3.1032040000000003
Bromsgrove 010,E02006705,E,5963,504,466,380,689,0.4,0.6,15.2089,3.277157
Bromsgrove 011,E02006706,E,6060,512,474,386,701,0.4,0.6,15.466000000000001,3.31058
Bromsgrove 012,E02006707,E,6114,517,478,390,707,0.8,1.0,13.5512,3.061656
Bromsgrove 013,E02006708,E,7214,610,564,460,835,0.2,0.4,20.933,4.0212900000000005
Bromsgrove 014,E02006709,E,7023,594,549,448,813,0.6,0.8,16.6739,3.467607
Broxbourne 001,E02004843,E,5818,440,392,310,486,0.8,1.0,10.305399999999999,2.6397019999999998
Broxbourne 002,E02004844,E,5824,441,392,311,486,0.4,0.6,11.895199999999999,2.8463760000000002
Broxbourne 003,E02004845,E,5866,444,395,313,490,0.4,0.6,11.985800000000001,2.8581540000000003
Broxbourne 004,E02004846,E,5054,382,340,270,422,0.8,1.0,8.9522,2.463786
Broxbourne 005,E02004847,E,7911,599,532,422,660,0.4,0.6,16.1513,3.3996690000000003
Broxbourne 006,E02004848,E,5827,441,392,311,486,0.6,0.8,11.0991,2.742883
Broxbourne 007,E02004849,E,5539,419,373,296,462,0.8,1.0,9.8077,2.5750010000000003
Broxbourne 008,E02004850,E,6033,457,406,322,503,0.4,0.6,12.3159,2.9010670000000003
Broxbourne 009,E02004851,E,4701,356,316,251,392,0.4,0.6,9.5963,2.5475190000000003
Broxbourne 010,E02004852,E,6194,469,417,331,517,0.4,0.6,12.6542,2.945046
Broxbourne 011,E02004853,E,5134,388,345,274,428,0.2,0.4,12.165,2.88145
Broxbourne 012,E02004854,E,5944,450,400,317,496,0.4,0.6,12.1372,2.8778360000000003
Broxbourne 013,E02004855,E,6001,454,404,320,501,0.2,0.4,14.230500000000001,3.1499650000000003
Broxtowe 001,E02005850,E,5815,479,461,377,615,0.4,0.6,14.188500000000001,3.1445050000000005
Broxtowe 002,E02005851,E,5001,412,397,324,529,0.0,0.2,15.6616,3.3360080000000005
Broxtowe 003,E02005852,E,6692,551,531,434,708,0.8,1.0,14.1296,3.136848
Broxtowe 004,E02005853,E,7574,624,601,491,801,0.4,0.6,18.4822,3.702686
Broxtowe 007,E02005856,E,6134,505,487,398,649,0.8,1.0,12.953199999999999,2.983916
Broxtowe 008,E02005857,E,5264,433,418,341,557,0.4,0.6,12.8472,2.970136
Broxtowe 009,E02005858,E,6283,518,499,407,665,0.6,0.8,14.2669,3.154697
Broxtowe 010,E02005859,E,7597,626,603,492,803,0.4,0.6,18.531100000000002,3.7090430000000003
Broxtowe 011,E02005860,E,7036,579,558,456,745,0.6,0.8,15.9758,3.376854
Broxtowe 012,E02005861,E,4655,383,369,302,493,0.4,0.6,11.3665,2.777645
Broxtowe 013,E02005862,E,6602,544,524,428,698,0.4,0.6,16.1086,3.3941179999999997
Broxtowe 014,E02005863,E,6218,512,493,403,658,0.8,1.0,13.1284,3.006692
Broxtowe 015,E02005864,E,6951,572,551,450,735,0.8,1.0,14.6663,3.206619
Broxtowe 016,E02006906,E,10562,870,838,684,1117,0.6,0.8,23.967599999999997,4.415788
Burnley 001,E02005176,E,7223,570,526,420,633,0.4,0.6,15.5269,3.318497
Burnley 002,E02005177,E,4739,374,345,276,415,0.0,0.2,13.3504,3.035552
Burnley 003,E02005178,E,7313,578,533,425,641,0.0,0.2,20.6098,3.979274
Burnley 004,E02005179,E,7284,575,531,424,639,0.0,0.2,20.5364,3.9697320000000005
Burnley 005,E02005180,E,5729,453,417,333,502,0.4,0.6,12.3147,2.900911
Burnley 006,E02005181,E,5055,399,368,294,443,0.0,0.2,14.242,3.15146
Burnley 007,E02005182,E,4804,379,350,279,421,0.0,0.2,13.532399999999999,3.059212
Burnley 008,E02005183,E,4978,393,363,289,436,0.0,0.2,14.021799999999999,3.122834
Burnley 009,E02005184,E,4109,324,299,239,360,0.6,0.8,8.2317,2.370121
Burnley 010,E02005185,E,6876,543,501,400,603,0.0,0.2,19.381600000000002,3.8196080000000006
Burnley 011,E02005186,E,4939,390,360,287,433,0.4,0.6,10.6197,2.680561
Burnley 014,E02006881,E,8146,643,593,474,714,0.0,0.2,22.9536,4.283968000000001
Bury 001,E02001019,E,7671,549,504,394,629,0.6,0.8,14.3043,3.159559
Bury 002,E02001020,E,5077,364,334,261,416,0.8,1.0,8.8001,2.444013
Bury 003,E02001021,E,6679,478,439,343,547,0.8,1.0,11.569700000000001,2.804061
Bury 004,E02001022,E,6725,482,442,346,551,0.2,0.4,15.6105,3.329365
Bury 005,E02001023,E,4990,357,328,256,409,0.4,0.6,9.967000000000002,2.5957100000000004
Bury 006,E02001024,E,6916,495,455,355,567,0.6,0.8,12.896799999999999,2.976584
Bury 007,E02001025,E,6508,466,428,334,534,0.0,0.2,17.120800000000003,3.525704
Bury 008,E02001026,E,7670,549,504,394,629,0.0,0.2,20.173000000000002,3.9224900000000007
Bury 009,E02001027,E,5808,416,382,298,476,0.2,0.4,13.478,3.05214
Bury 010,E02001028,E,6359,455,418,327,521,0.8,1.0,11.0197,2.7325610000000005
Bury 011,E02001029,E,5969,427,392,307,489,0.0,0.2,15.6934,3.340142
Bury 012,E02001030,E,4976,356,327,256,408,0.6,0.8,9.2808,2.506504
Bury 013,E02001031,E,5532,396,364,284,453,0.2,0.4,12.834,2.96842
Bury 014,E02001032,E,6462,463,425,332,529,0.2,0.4,14.992,3.2489600000000003
Bury 015,E02001033,E,4802,344,316,247,394,0.2,0.4,11.154,2.75002
Bury 016,E02001034,E,6645,476,437,341,545,0.0,0.2,17.479000000000003,3.5722700000000005
Bury 017,E02001035,E,6160,441,405,317,505,0.6,0.8,11.489999999999998,2.7937
Bury 018,E02001036,E,6206,444,408,319,509,0.4,0.6,12.4038,2.912494
Bury 019,E02001037,E,6090,436,400,313,499,0.8,1.0,10.553,2.6718900000000003
Bury 020,E02001038,E,4762,341,313,245,391,0.2,0.4,11.063,2.7381900000000003
Bury 021,E02001039,E,6994,501,460,359,573,0.0,0.2,18.3904,3.690752
Bury 022,E02001040,E,5150,369,339,265,422,0.2,0.4,11.957,2.85441
Bury 023,E02001041,E,6518,467,428,335,534,0.2,0.4,15.125,3.2662500000000003
Bury 024,E02001042,E,5297,379,348,272,435,0.4,0.6,10.5911,2.6768430000000003
Bury 025,E02001043,E,4679,335,308,240,383,0.2,0.4,10.8525,2.710825
Bury 026,E02001044,E,7694,551,506,395,631,0.6,0.8,14.350200000000001,3.1655260000000003
Calderdale 001,E02002244,E,4790,419,382,301,443,0.4,0.6,10.925,2.72025
Calderdale 002,E02002245,E,4483,393,357,282,415,0.0,0.2,13.3938,3.041194
Calderdale 003,E02002246,E,7689,673,613,484,711,0.6,0.8,16.3457,3.4249410000000005
Calderdale 004,E02002247,E,7467,654,596,470,691,0.4,0.6,17.0441,3.515733
Calderdale 005,E02002248,E,5992,525,478,377,555,0.0,0.2,17.909200000000002,3.628196
Calderdale 006,E02002249,E,4399,385,351,277,407,0.0,0.2,13.1424,3.008512
Calderdale 007,E02002250,E,6700,587,534,421,620,0.4,0.6,15.286000000000001,3.28718
Calderdale 008,E02002251,E,5983,524,477,376,553,0.0,0.2,17.8628,3.6221639999999997
Calderdale 009,E02002252,E,4801,420,383,302,444,0.2,0.4,12.6345,2.942485
Calderdale 010,E02002253,E,6069,531,484,382,561,0.0,0.2,18.1224,3.655912
Calderdale 011,E02002254,E,4593,402,366,289,425,0.8,1.0,9.0339,2.4744070000000002
Calderdale 012,E02002255,E,6242,547,498,393,577,0.0,0.2,18.6452,3.7238759999999997
Calderdale 013,E02002256,E,7424,650,592,467,686,0.2,0.4,19.531,3.83903
Calderdale 014,E02002257,E,4944,433,394,311,457,0.0,0.2,14.7624,3.219112
Calderdale 015,E02002258,E,7025,615,560,442,649,0.4,0.6,16.017500000000002,3.382275
Calderdale 016,E02002259,E,5241,459,418,330,485,0.4,0.6,11.9623,2.855099
Calderdale 017,E02002260,E,7262,636,579,457,671,0.2,0.4,19.106,3.78378
Calderdale 018,E02002261,E,6460,566,515,406,598,0.2,0.4,17.006,3.5107800000000005
Calderdale 019,E02002262,E,6309,552,503,397,583,0.2,0.4,16.5975,3.457675
Calderdale 020,E02002263,E,5335,467,425,336,493,0.2,0.4,14.0365,3.124745
Calderdale 021,E02002264,E,5573,488,444,351,516,0.6,0.8,11.854899999999999,2.841137
Calderdale 022,E02002265,E,4327,379,345,272,401,0.2,0.4,11.3965,2.7815450000000004
Calderdale 023,E02002266,E,4637,406,370,292,429,0.4,0.6,10.5831,2.675803
Calderdale 024,E02002267,E,6495,569,518,408,600,0.2,0.4,17.0825,3.5207249999999997
Calderdale 025,E02002268,E,7879,690,628,496,729,0.2,0.4,20.7415,3.9963949999999997
Calderdale 026,E02002269,E,7624,668,608,480,706,0.4,0.6,17.407200000000003,3.5629360000000005
Calderdale 027,E02002270,E,6659,583,531,419,616,0.6,0.8,14.158700000000001,3.1406310000000004
Cambridge 001,E02003719,E,7781,423,374,292,527,0.2,0.4,15.0235,3.2530550000000003
Cambridge 002,E02003720,E,7719,420,371,290,523,0.4,0.6,12.6557,2.945241
Cambridge 003,E02003721,E,8003,435,385,301,542,0.4,0.6,13.1209,3.005717
Cambridge 004,E02003722,E,7344,399,353,276,497,0.8,1.0,10.5542,2.672046
Cambridge 005,E02003723,E,8327,453,400,313,564,0.8,1.0,11.973099999999999,2.856503
Cambridge 006,E02003724,E,8431,459,405,317,571,0.2,0.4,16.2835,3.416855
Cambridge 007,E02003725,E,12778,695,615,480,866,0.8,1.0,18.3794,3.6893219999999998
Cambridge 008,E02003726,E,7091,386,341,266,480,0.6,0.8,10.8733,2.7135290000000003
Cambridge 009,E02003727,E,7875,428,379,296,533,0.6,0.8,12.0775,2.870075
Cambridge 010,E02003728,E,7988,434,384,300,541,0.6,0.8,12.2514,2.892682
Cambridge 011,E02003729,E,7471,406,359,281,506,0.6,0.8,11.4603,2.789839
Cambridge 012,E02003730,E,6836,372,329,257,463,0.6,0.8,10.488800000000001,2.6635440000000004
Cambridge 013,E02003731,E,7768,423,374,292,526,0.8,1.0,11.1704,2.752152
Camden 001,E02000166,E,9109,530,440,339,548,0.4,0.6,14.162700000000001,3.1411510000000002
Camden 002,E02000167,E,9132,532,441,340,549,0.8,1.0,12.4246,2.915198
Camden 003,E02000168,E,9393,547,453,350,565,0.4,0.6,14.6039,3.198507
Camden 004,E02000169,E,8780,511,424,327,528,0.8,1.0,11.947,2.85311
Camden 005,E02000170,E,9585,558,463,357,577,0.6,0.8,13.9755,3.116815
Camden 006,E02000171,E,8987,523,434,334,540,0.6,0.8,13.0881,3.001453
Camden 007,E02000172,E,11666,679,563,434,701,0.2,0.4,21.572000000000003,4.104360000000001
Camden 008,E02000173,E,8824,514,426,328,531,0.8,1.0,12.0082,2.861066
Camden 009,E02000174,E,10018,583,483,373,602,0.2,0.4,18.525000000000002,3.7082500000000005
Camden 010,E02000175,E,10174,592,491,378,611,0.6,0.8,14.8112,3.2254560000000003
Camden 011,E02000176,E,7326,427,354,273,441,0.8,1.0,9.9758,2.596854
Camden 012,E02000177,E,10287,599,496,383,618,0.2,0.4,19.0215,3.7727950000000003
Camden 013,E02000178,E,10184,593,491,379,613,0.2,0.4,18.844,3.74972
Camden 014,E02000179,E,7276,424,351,271,437,0.4,0.6,11.3048,2.7696240000000003
Camden 015,E02000180,E,9429,549,455,351,567,0.2,0.4,17.442500000000003,3.5675250000000007
Camden 016,E02000181,E,8861,516,428,330,533,0.6,0.8,12.9153,2.9789890000000003
Camden 017,E02000182,E,7699,448,372,286,463,0.6,0.8,11.2167,2.758171
Camden 018,E02000183,E,9099,530,439,338,547,0.4,0.6,14.1377,3.1379010000000003
Camden 019,E02000184,E,10212,594,493,380,614,0.2,0.4,18.887999999999998,3.75544
Camden 020,E02000185,E,9530,555,460,355,573,0.2,0.4,17.631,3.5920300000000003
Camden 021,E02000186,E,7688,448,371,286,463,0.2,0.4,14.23,3.1499
Camden 022,E02000187,E,9374,546,452,349,564,0.0,0.2,19.8254,3.8773020000000002
Camden 023,E02000188,E,9568,557,462,356,575,0.2,0.4,17.695,3.6003499999999997
Camden 024,E02000189,E,6836,398,330,254,411,0.2,0.4,12.642000000000001,2.94346
Camden 025,E02000190,E,8657,504,418,322,521,0.2,0.4,16.0185,3.3824050000000003
Camden 026,E02000191,E,8619,502,416,321,519,0.6,0.8,12.5677,2.933801
Camden 027,E02000192,E,8226,479,397,306,495,0.2,0.4,15.220000000000002,3.2786000000000004
Camden 028,E02000193,E,8771,511,423,326,528,0.4,0.6,13.637300000000002,3.0728490000000006
Cannock Chase 001,E02006118,E,6403,557,498,369,577,0.8,1.0,12.2229,2.8889769999999997
Cannock Chase 002,E02006119,E,7149,622,556,412,644,0.2,0.4,18.2765,3.6759449999999996
Cannock Chase 003,E02006120,E,7684,668,598,443,693,0.4,0.6,17.0072,3.510936
Cannock Chase 004,E02006121,E,4797,417,373,276,433,0.2,0.4,12.269499999999999,2.895035
Cannock Chase 005,E02006122,E,5615,488,437,323,506,0.4,0.6,12.4185,2.9144050000000004
Cannock Chase 006,E02006123,E,5830,507,454,336,526,0.4,0.6,12.907,2.97791
Cannock Chase 007,E02006124,E,6298,548,490,363,568,0.0,0.2,18.3258,3.682354
Cannock Chase 008,E02006125,E,6339,551,493,365,571,0.2,0.4,16.2015,3.4061950000000003
Cannock Chase 009,E02006126,E,7193,626,559,414,648,0.6,0.8,14.843900000000001,3.2297070000000003
Cannock Chase 010,E02006127,E,6594,574,513,380,594,0.8,1.0,12.586200000000002,2.9362060000000003
Cannock Chase 011,E02006128,E,7263,632,565,418,655,0.4,0.6,16.070899999999998,3.3892169999999995
Cannock Chase 012,E02006129,E,6634,577,516,382,598,0.2,0.4,16.962,3.5050600000000003
Cannock Chase 013,E02006130,E,6466,562,503,372,583,0.4,0.6,14.303800000000003,3.1594940000000005
Canterbury 001,E02005010,E,6509,555,530,430,759,0.0,0.2,21.4484,4.088292
Canterbury 002,E02005011,E,6407,547,522,423,747,0.6,0.8,15.4361,3.306693
Canterbury 003,E02005012,E,7567,646,616,500,882,0.2,0.4,22.2695,4.195035
Canterbury 004,E02005013,E,7099,606,578,469,827,0.2,0.4,20.886499999999998,4.015245
Canterbury 005,E02005014,E,7375,629,601,487,859,0.8,1.0,16.5565,3.452345
Canterbury 006,E02005015,E,7354,628,599,486,857,0.6,0.8,17.7152,3.602976
Canterbury 007,E02005016,E,6751,576,550,446,787,0.4,0.6,17.497300000000003,3.574649000000001
Canterbury 008,E02005017,E,6281,536,512,415,732,0.6,0.8,15.1313,3.2670690000000002
Canterbury 009,E02005018,E,6924,591,564,457,807,0.4,0.6,17.941200000000002,3.6323560000000006
Canterbury 010,E02005019,E,5247,448,427,347,611,0.4,0.6,13.592099999999999,3.066973
Canterbury 011,E02005020,E,6212,530,506,410,724,0.4,0.6,16.0956,3.3924280000000007
Canterbury 012,E02005021,E,9131,779,744,603,1063,0.8,1.0,20.493299999999998,3.964129
Canterbury 013,E02005022,E,7249,618,591,479,844,0.4,0.6,18.776699999999998,3.740971
Canterbury 014,E02005023,E,7817,667,637,516,911,0.0,0.2,25.754200000000004,4.648046000000001
Canterbury 016,E02005025,E,7855,670,640,519,915,0.8,1.0,17.636499999999998,3.592745
Canterbury 017,E02005026,E,6474,552,528,428,754,0.6,0.8,15.5922,3.3269859999999998
Canterbury 018,E02005027,E,4804,410,392,318,560,0.6,0.8,11.5792,2.8052960000000002
Canterbury 019,E02006855,E,5178,442,422,342,603,0.2,0.4,15.233,3.28029
Canterbury 020,E02006856,E,9474,808,772,626,1104,0.4,0.6,24.5502,4.491526
Carlisle 001,E02003987,E,4341,443,428,353,543,0.2,0.4,14.1985,3.145805
Carlisle 002,E02003988,E,4752,484,468,387,595,0.4,0.6,13.7276,3.084588
Carlisle 003,E02003989,E,5456,556,538,444,683,0.6,0.8,14.6338,3.202394
Carlisle 004,E02003990,E,6995,713,689,569,875,0.8,1.0,17.372500000000002,3.5584250000000006
Carlisle 005,E02003991,E,5533,564,546,450,693,0.8,1.0,13.7529,3.087877
Carlisle 006,E02003992,E,6159,628,607,501,771,0.2,0.4,20.1505,3.9195650000000004
Carlisle 007,E02003993,E,6154,627,606,500,770,0.8,1.0,15.2822,3.286686
Carlisle 008,E02003994,E,5388,549,531,438,674,0.2,0.4,17.619,3.59047
Carlisle 009,E02003995,E,6807,694,671,554,852,0.0,0.2,25.011200000000002,4.551456000000001
Carlisle 010,E02003996,E,6951,709,685,566,871,0.2,0.4,22.756500000000003,4.258345
Carlisle 011,E02003997,E,6870,700,677,559,860,0.0,0.2,25.240000000000002,4.581200000000001
Carlisle 012,E02003998,E,4953,505,488,403,620,0.2,0.4,16.2045,3.4065849999999998
Carlisle 013,E02003999,E,6726,686,663,547,842,0.6,0.8,18.0388,3.6450439999999995
Castle Point 001,E02004473,E,5848,562,541,453,769,0.6,0.8,15.7664,3.3496320000000006
Castle Point 002,E02004474,E,5434,522,502,421,714,0.6,0.8,14.6412,3.2033560000000003
Castle Point 003,E02004475,E,4979,479,460,385,654,0.8,1.0,12.4907,2.9237910000000005
Castle Point 004,E02004476,E,6099,586,564,472,802,0.8,1.0,15.311699999999998,3.290521
Castle Point 005,E02004477,E,4533,436,419,351,596,0.8,1.0,11.3809,2.7795170000000002
Castle Point 006,E02004478,E,5034,484,465,390,662,0.4,0.6,14.6222,3.200886
Castle Point 007,E02004479,E,6060,582,560,469,796,0.8,1.0,15.203000000000001,3.27639
Castle Point 008,E02004480,E,5420,521,501,420,712,0.4,0.6,15.736,3.3456799999999998
Castle Point 009,E02004481,E,5132,493,474,397,675,0.4,0.6,14.903599999999999,3.237468
Castle Point 010,E02004482,E,6399,615,591,495,841,0.0,0.2,23.4264,4.345432000000001
Castle Point 011,E02004483,E,6224,598,575,482,818,0.4,0.6,18.0712,3.6492560000000003
Castle Point 012,E02004484,E,5917,569,547,458,778,0.2,0.4,19.3955,3.821415
Central Bedfordshire 001,E02003599,E,5395,415,392,307,496,0.4,0.6,11.810500000000001,2.8353650000000004
Central Bedfordshire 002,E02003600,E,5832,448,423,332,537,0.6,0.8,11.9046,2.847598
Central Bedfordshire 003,E02003601,E,6931,533,503,395,638,0.8,1.0,13.144300000000001,3.0087590000000004
Central Bedfordshire 004,E02003602,E,5723,440,416,326,527,0.6,0.8,11.687899999999999,2.819427
Central Bedfordshire 005,E02003603,E,9255,712,672,527,852,0.6,0.8,18.8955,3.7564149999999996
Central Bedfordshire 006,E02003604,E,6684,514,485,381,615,0.6,0.8,13.6432,3.0736160000000003
Central Bedfordshire 007,E02003605,E,8004,615,581,456,736,0.8,1.0,15.1692,3.271996
Central Bedfordshire 008,E02003606,E,7301,561,530,416,672,0.6,0.8,14.9043,3.237559
Central Bedfordshire 009,E02003607,E,8173,628,593,466,752,0.6,0.8,16.6819,3.468647
Central Bedfordshire 010,E02003608,E,10522,809,764,599,969,0.8,1.0,19.956599999999998,3.8943579999999995
Central Bedfordshire 011,E02003609,E,9645,742,700,550,887,0.8,1.0,18.2845,3.676985
Central Bedfordshire 012,E02003610,E,6907,531,502,394,636,0.8,1.0,13.104099999999999,3.003533
Central Bedfordshire 013,E02003611,E,8165,628,593,465,751,0.8,1.0,15.4775,3.312075
Central Bedfordshire 014,E02003612,E,9273,713,673,528,853,0.8,1.0,17.576900000000002,3.5849970000000004
Central Bedfordshire 015,E02003613,E,5643,434,410,322,520,0.6,0.8,11.5309,2.799017
Central Bedfordshire 016,E02003614,E,7100,546,515,404,654,0.8,1.0,13.466000000000001,3.05058
Central Bedfordshire 017,E02003615,E,8462,651,614,482,779,0.8,1.0,16.0476,3.3861879999999998
Central Bedfordshire 018,E02003636,E,7042,541,511,401,648,0.8,1.0,13.349599999999999,3.0354479999999997
Central Bedfordshire 019,E02003637,E,9039,695,656,515,832,0.6,0.8,18.4527,3.6988510000000003
Central Bedfordshire 020,E02003638,E,7222,555,524,411,665,0.8,1.0,13.6946,3.080298
Central Bedfordshire 021,E02003639,E,8325,640,604,474,766,0.4,0.6,18.2295,3.669835
Central Bedfordshire 022,E02003640,E,5788,445,420,330,533,0.8,1.0,10.9794,2.727322
Central Bedfordshire 023,E02003641,E,5270,405,383,300,485,0.8,1.0,9.992,2.59896
Central Bedfordshire 024,E02003643,E,9474,729,688,540,872,0.8,1.0,17.9682,3.635866
Central Bedfordshire 025,E02003642,E,8469,651,615,483,779,0.2,0.4,21.3765,4.078945
Central Bedfordshire 026,E02003644,E,8173,628,593,466,752,0.4,0.6,17.899900000000002,3.6269870000000006
Central Bedfordshire 027,E02003645,E,6494,499,472,370,598,0.8,1.0,12.3182,2.901366
Central Bedfordshire 028,E02003646,E,8535,656,620,486,786,0.4,0.6,18.7005,3.731065
Central Bedfordshire 029,E02003647,E,8256,635,599,470,760,0.4,0.6,18.0828,3.6507639999999997
Central Bedfordshire 030,E02003648,E,5000,385,363,285,460,0.2,0.4,12.622,2.94086
Central Bedfordshire 031,E02003649,E,6618,509,481,377,609,0.8,1.0,12.549399999999999,2.931422
Central Bedfordshire 032,E02003650,E,6508,501,473,371,600,0.6,0.8,13.3014,3.029182
Central Bedfordshire 033,E02003651,E,5706,439,414,325,525,0.6,0.8,11.645800000000001,2.8139540000000003
Charnwood 001,E02005345,E,6180,442,407,318,508,0.6,0.8,11.544,2.80072
Charnwood 002,E02005346,E,11497,823,758,592,945,0.0,0.2,30.287200000000002,5.237336000000001
Charnwood 003,E02005347,E,10073,721,664,519,829,0.4,0.6,20.181900000000002,3.9236470000000008
Charnwood 004,E02005348,E,5943,425,392,306,489,0.6,0.8,11.1099,2.744287
Charnwood 005,E02005349,E,7121,510,470,367,586,0.6,0.8,13.3173,3.031249
Charnwood 006,E02005350,E,6644,476,438,342,546,0.6,0.8,12.4132,2.913716
Charnwood 007,E02005351,E,10871,778,717,560,894,0.8,1.0,18.8853,3.755089
Charnwood 008,E02005352,E,6275,449,414,323,516,0.8,1.0,10.8995,2.7169350000000003
Charnwood 009,E02005353,E,9615,688,634,495,791,0.4,0.6,19.2585,3.803605
Charnwood 010,E02005354,E,9265,663,611,477,762,0.8,1.0,16.0945,3.392285
Charnwood 011,E02005355,E,6661,477,439,343,548,0.8,1.0,11.5733,2.804529
Charnwood 012,E02005356,E,6617,474,436,341,544,0.8,1.0,11.4941,2.794233
Charnwood 013,E02005357,E,7398,529,488,381,609,0.6,0.8,13.833400000000001,3.098342
Charnwood 014,E02005358,E,10373,742,684,534,853,0.6,0.8,19.384900000000002,3.820037
Charnwood 015,E02005359,E,5998,429,396,309,493,0.8,1.0,10.4174,2.654262
Charnwood 016,E02005360,E,6467,463,426,333,531,0.8,1.0,11.2241,2.7591330000000003
Charnwood 017,E02005361,E,6689,479,441,344,550,0.6,0.8,12.4987,2.924831
Charnwood 018,E02005362,E,6365,455,420,328,523,0.4,0.6,12.743500000000001,2.9566550000000005
Charnwood 019,E02005363,E,7364,527,485,379,605,0.8,1.0,12.783199999999999,2.961816
Charnwood 020,E02005364,E,5404,387,356,278,445,0.8,1.0,9.392199999999999,2.5209859999999997
Charnwood 021,E02005365,E,9857,705,650,508,810,0.4,0.6,19.735100000000003,3.8655630000000007
Charnwood 022,E02005366,E,6656,476,439,343,548,0.6,0.8,12.4478,2.9182140000000003
Chelmsford 001,E02004485,E,6371,468,422,337,601,0.6,0.8,12.831299999999999,2.968069
Chelmsford 002,E02004486,E,7455,548,493,394,703,0.8,1.0,14.0215,3.122795
Chelmsford 003,E02004487,E,6436,473,426,340,608,0.4,0.6,13.9168,3.109184
Chelmsford 004,E02004488,E,7506,552,497,397,708,0.8,1.0,14.1228,3.135964
Chelmsford 005,E02004489,E,8372,616,554,442,790,0.6,0.8,16.8596,3.4917480000000003
Chelmsford 006,E02004490,E,7016,516,464,371,662,0.2,0.4,17.453,3.5688899999999997
Chelmsford 007,E02004491,E,6703,493,443,354,633,0.8,1.0,12.6159,2.940067
Chelmsford 008,E02004492,E,8448,621,559,446,796,0.6,0.8,16.9984,3.509792
Chelmsford 009,E02004493,E,9211,677,609,487,869,0.4,0.6,19.9033,3.887429
Chelmsford 010,E02004494,E,8698,639,575,460,821,0.6,0.8,17.5184,3.5773919999999997
Chelmsford 011,E02004495,E,7444,547,492,393,703,0.6,0.8,14.9932,3.249116
Chelmsford 012,E02004496,E,6732,495,445,356,635,0.8,1.0,12.6646,2.9463980000000003
Chelmsford 013,E02004497,E,7135,525,472,377,673,0.8,1.0,13.4225,3.044925
Chelmsford 014,E02004498,E,8840,650,585,467,834,0.4,0.6,19.102,3.7832600000000003
Chelmsford 015,E02004499,E,6299,463,417,333,594,0.8,1.0,11.848700000000001,2.840331
Chelmsford 016,E02004500,E,8318,611,550,439,785,0.8,1.0,15.6474,3.334162
Chelmsford 017,E02004501,E,6588,484,436,348,622,0.6,0.8,13.270399999999999,3.025152
Chelmsford 018,E02004502,E,5958,438,394,315,562,0.6,0.8,11.9964,2.8595319999999997
Chelmsford 019,E02004503,E,7356,541,487,389,694,0.8,1.0,13.8418,3.099434
Chelmsford 020,E02004504,E,7608,559,503,402,717,0.8,1.0,14.3034,3.1594420000000003
Chelmsford 021,E02004505,E,4566,336,302,241,431,0.4,0.6,9.867799999999999,2.582814
Cheltenham 001,E02004600,E,4463,356,352,285,524,0.4,0.6,11.456900000000001,2.789397
Cheltenham 002,E02004601,E,4042,323,319,258,474,0.8,1.0,9.000599999999999,2.470078
Cheltenham 003,E02004602,E,5035,402,398,322,591,0.2,0.4,14.6615,3.205995
Cheltenham 004,E02004603,E,6007,479,474,384,706,0.2,0.4,17.496499999999997,3.5745449999999996
Cheltenham 005,E02004604,E,6227,497,492,398,731,0.0,0.2,20.2392,3.931096
Cheltenham 006,E02004605,E,4487,358,354,287,527,0.0,0.2,14.5852,3.196076
Cheltenham 007,E02004606,E,7661,611,605,490,900,0.4,0.6,19.680300000000003,3.8584390000000006
Cheltenham 008,E02004607,E,7395,590,584,473,868,0.6,0.8,17.6475,3.594175
Cheltenham 009,E02004608,E,8187,653,647,523,962,0.6,0.8,19.5471,3.8411230000000005
Cheltenham 010,E02004609,E,5693,454,450,364,669,0.8,1.0,12.6949,2.950337
Cheltenham 011,E02004610,E,6290,502,497,402,739,0.8,1.0,14.024,3.12312
Cheltenham 012,E02004611,E,8679,692,685,555,1019,0.8,1.0,19.3417,3.8144210000000003
Cheltenham 013,E02004612,E,7386,589,583,472,867,0.8,1.0,16.4568,3.4393840000000004
Cheltenham 014,E02004613,E,4905,391,387,313,576,0.8,1.0,10.9285,2.720705
Cheltenham 015,E02004614,E,4128,329,326,264,485,0.8,1.0,9.2034,2.496442
Cherwell 001,E02005921,E,4693,389,353,279,468,0.6,0.8,10.1409,2.6183170000000002
Cherwell 002,E02005922,E,7436,616,559,442,742,0.6,0.8,16.0708,3.3892040000000003
Cherwell 003,E02005923,E,5162,428,388,307,515,0.2,0.4,13.745999999999999,3.0869799999999996
Cherwell 004,E02005924,E,9575,793,719,569,955,0.2,0.4,25.485500000000002,4.6131150000000005
Cherwell 005,E02005925,E,7452,617,560,443,744,0.0,0.2,22.3852,4.210076
Cherwell 006,E02005926,E,6844,567,514,407,683,0.6,0.8,14.7912,3.222856
Cherwell 007,E02005927,E,4759,394,358,283,475,0.8,1.0,9.5717,2.544321
Cherwell 008,E02005928,E,6635,550,499,395,662,0.8,1.0,13.345500000000001,3.0349150000000003
Cherwell 009,E02005929,E,6028,499,453,359,601,0.6,0.8,13.0244,2.9931720000000004
Cherwell 010,E02005930,E,6717,556,505,399,670,0.6,0.8,14.5121,3.186573
Cherwell 011,E02005931,E,8050,667,605,479,803,0.6,0.8,17.397,3.56161
Cherwell 012,E02005932,E,6173,511,464,367,616,0.8,1.0,12.4129,2.913677
Cherwell 013,E02005933,E,6535,541,491,389,652,0.6,0.8,14.1235,3.136055
Cherwell 014,E02005934,E,8056,667,605,479,804,0.6,0.8,17.409799999999997,3.563274
Cherwell 015,E02005935,E,6387,529,480,380,637,0.8,1.0,12.8411,2.9693430000000003
Cherwell 016,E02005936,E,8162,676,613,485,814,0.6,0.8,17.6316,3.5921079999999996
Cherwell 017,E02005937,E,5756,477,433,342,574,0.6,0.8,12.4368,2.916784
Cherwell 018,E02005938,E,4925,408,370,293,491,0.6,0.8,10.6395,2.683135
Cherwell 019,E02005939,E,5485,454,412,326,547,0.8,1.0,11.0245,2.7331849999999998
Cheshire East 001,E02003853,E,4447,460,442,346,590,0.8,1.0,11.3581,2.776553
Cheshire East 002,E02003854,E,5009,518,497,389,664,0.8,1.0,12.7817,2.961621
Cheshire East 003,E02003855,E,5171,535,514,402,686,0.8,1.0,13.2053,3.016689
Cheshire East 004,E02003856,E,8010,829,795,623,1062,0.4,0.6,23.723,4.38399
Cheshire East 005,E02003857,E,5000,518,497,389,663,0.6,0.8,13.762,3.08906
Cheshire East 006,E02003858,E,5166,535,513,402,685,0.8,1.0,13.1908,3.014804
Cheshire East 007,E02003859,E,9234,956,917,718,1224,0.6,0.8,25.4042,4.602546
Cheshire East 008,E02003860,E,5466,566,543,425,725,0.8,1.0,13.957799999999999,3.114514
Cheshire East 009,E02003861,E,5019,520,499,390,666,0.6,0.8,13.8177,3.0963010000000004
Cheshire East 010,E02003863,E,5297,548,526,412,703,0.8,1.0,13.530100000000001,3.0589130000000004
Cheshire East 011,E02003862,E,4010,415,398,312,532,0.8,1.0,10.241,2.63133
Cheshire East 012,E02003864,E,6276,650,623,488,832,0.8,1.0,16.0208,3.3827040000000004
Cheshire East 013,E02003865,E,5935,615,590,462,788,0.8,1.0,15.1685,3.2719050000000003
Cheshire East 014,E02003866,E,4659,483,463,363,618,0.8,1.0,11.9027,2.8473509999999997
Cheshire East 015,E02003867,E,5899,611,586,459,783,0.6,0.8,16.2437,3.4116809999999997
Cheshire East 016,E02003868,E,6457,668,641,502,857,0.4,0.6,19.1331,3.7873029999999996
Cheshire East 017,E02003869,E,5490,568,545,427,728,0.8,1.0,14.016,3.1220800000000004
Cheshire East 018,E02003870,E,8046,833,799,626,1068,0.4,0.6,23.8478,4.400214
Cheshire East 019,E02003871,E,5471,566,543,426,726,0.2,0.4,18.299500000000002,3.678935
Cheshire East 020,E02003872,E,7552,782,750,587,1001,0.6,0.8,20.775599999999997,4.000827999999999
Cheshire East 021,E02003873,E,4787,495,475,372,634,0.2,0.4,15.9905,3.3787650000000005
Cheshire East 022,E02003811,E,4608,477,458,358,612,0.6,0.8,12.6904,2.949752
Cheshire East 023,E02003812,E,4384,454,435,341,581,0.8,1.0,11.1892,2.7545960000000003
Cheshire East 024,E02003813,E,4886,506,485,380,648,0.6,0.8,13.445799999999998,3.047954
Cheshire East 025,E02003814,E,5746,595,571,447,763,0.4,0.6,17.035800000000002,3.514654
Cheshire East 026,E02003815,E,5331,552,530,415,707,0.2,0.4,17.8305,3.617965
Cheshire East 027,E02003816,E,5337,552,530,415,708,0.4,0.6,15.811100000000001,3.355443
Cheshire East 028,E02003817,E,5496,569,546,428,729,0.8,1.0,14.0378,3.1249140000000004
Cheshire East 029,E02003818,E,4547,470,451,353,603,0.8,1.0,11.604099999999999,2.8085329999999997
Cheshire East 030,E02003819,E,4495,465,446,350,596,0.8,1.0,11.476500000000001,2.791945
Cheshire East 031,E02003820,E,5311,550,528,413,705,0.8,1.0,13.5693,3.0640090000000004
Cheshire East 032,E02003821,E,4251,440,422,331,563,0.4,0.6,12.5853,2.936089
Cheshire East 033,E02003822,E,8317,861,826,647,1103,0.6,0.8,22.8891,4.275583
Cheshire East 034,E02003825,E,5318,550,528,414,705,0.8,1.0,13.5764,3.0649319999999998
Cheshire East 035,E02003826,E,5875,608,584,457,779,0.0,0.2,22.032,4.16416
Cheshire East 036,E02003827,E,6808,705,676,530,903,0.0,0.2,25.535800000000002,4.619654000000001
Cheshire East 037,E02003828,E,5251,543,521,408,696,0.2,0.4,17.5465,3.5810450000000005
Cheshire East 038,E02003829,E,5033,521,500,391,668,0.6,0.8,13.8549,3.1011370000000005
Cheshire East 039,E02003830,E,5704,590,567,444,757,0.0,0.2,21.3994,4.0819220000000005
Cheshire East 040,E02003823,E,5101,528,507,397,677,0.6,0.8,14.046299999999999,3.126019
Cheshire East 041,E02003831,E,7088,734,704,551,940,0.8,1.0,18.0974,3.6526620000000003
Cheshire East 042,E02003824,E,4106,425,408,319,545,0.8,1.0,10.4878,2.6634140000000004
Cheshire East 043,E02003832,E,4698,486,467,365,623,0.2,0.4,15.706,3.34178
Cheshire East 044,E02003833,E,4984,516,495,388,661,0.4,0.6,14.7672,3.219736
Cheshire East 045,E02003834,E,5267,545,523,410,699,0.2,0.4,17.618499999999997,3.5904049999999996
Cheshire East 046,E02003835,E,6143,636,610,478,814,0.8,1.0,15.678899999999999,3.3382569999999996
Cheshire East 047,E02003836,E,5397,558,536,420,716,0.4,0.6,15.991100000000001,3.3788430000000007
Cheshire East 048,E02003838,E,4775,494,474,371,634,0.8,1.0,12.197499999999998,2.885675
Cheshire East 049,E02003837,E,9412,974,935,732,1248,0.8,1.0,24.029600000000002,4.4238480000000004
Cheshire East 050,E02003839,E,5527,572,549,430,733,0.4,0.6,16.3741,3.4286329999999996
Cheshire East 051,E02003840,E,7854,813,780,611,1042,0.6,0.8,21.6192,4.110496
Cheshire West and Chester 001,E02003841,E,6391,600,579,451,732,0.4,0.6,16.9233,3.5000290000000005
Cheshire West and Chester 002,E02003874,E,7596,713,688,536,869,0.6,0.8,18.6958,3.730454
Cheshire West and Chester 003,E02003875,E,5367,504,486,379,615,0.8,1.0,12.2501,2.892513
Cheshire West and Chester 004,E02003842,E,4462,419,404,315,511,0.8,1.0,10.1806,2.6234780000000004
Cheshire West and Chester 005,E02003843,E,4897,460,443,346,560,0.2,0.4,14.7425,3.216525
Cheshire West and Chester 006,E02003844,E,5667,532,513,400,649,0.8,1.0,12.929099999999998,2.9807829999999997
Cheshire West and Chester 007,E02003845,E,6801,639,616,480,779,0.0,0.2,23.0636,4.298268
Cheshire West and Chester 008,E02003846,E,5675,533,514,401,650,0.0,0.2,19.247,3.80211
Cheshire West and Chester 009,E02003847,E,8055,756,729,569,923,0.8,1.0,18.3845,3.689985
Cheshire West and Chester 010,E02003848,E,4280,402,387,302,490,0.0,0.2,14.506999999999998,3.18591
Cheshire West and Chester 011,E02003849,E,5737,539,519,405,656,0.0,0.2,19.4392,3.827096
Cheshire West and Chester 012,E02003876,E,4699,441,425,332,538,0.6,0.8,11.5697,2.804061
Cheshire West and Chester 013,E02003850,E,4478,420,406,316,513,0.6,0.8,11.0304,2.7339520000000004
Cheshire West and Chester 014,E02003851,E,4930,463,446,348,565,0.6,0.8,12.144,2.8787200000000004
Cheshire West and Chester 015,E02003877,E,7710,724,698,544,882,0.8,1.0,17.579,3.5852700000000004
Cheshire West and Chester 016,E02003852,E,5748,540,521,406,658,0.8,1.0,13.1144,3.0048719999999998
Cheshire West and Chester 017,E02003878,E,6702,629,607,473,767,0.6,0.8,16.4986,3.4448179999999997
Cheshire West and Chester 018,E02003879,E,5246,493,475,370,601,0.2,0.4,15.804,3.35452
Cheshire West and Chester 019,E02003880,E,5350,502,484,378,612,0.4,0.6,14.157,3.14041
Cheshire West and Chester 020,E02003881,E,5080,477,460,359,582,0.2,0.4,15.308,3.2900400000000003
Cheshire West and Chester 021,E02003882,E,7961,747,721,562,912,0.2,0.4,23.9835,4.417855
Cheshire West and Chester 022,E02003794,E,7204,676,652,509,825,0.4,0.6,19.075200000000002,3.779776
Cheshire West and Chester 023,E02003883,E,8281,777,750,584,947,0.8,1.0,18.875300000000003,3.7537890000000003
Cheshire West and Chester 024,E02003884,E,6609,621,598,467,756,0.8,1.0,15.0717,3.259321
Cheshire West and Chester 025,E02003795,E,4681,440,424,331,536,0.6,0.8,11.5313,2.7990690000000003
Cheshire West and Chester 026,E02003885,E,4725,444,428,334,541,0.8,1.0,10.782499999999999,2.7017249999999997
Cheshire West and Chester 027,E02003796,E,6006,564,544,424,688,0.4,0.6,15.905800000000001,3.3677540000000006
Cheshire West and Chester 028,E02003797,E,7990,750,723,564,915,0.8,1.0,18.228,3.6696400000000002
Cheshire West and Chester 029,E02003798,E,5070,476,459,358,580,0.0,0.2,17.183,3.5337899999999998
Cheshire West and Chester 030,E02003800,E,5250,493,475,371,601,0.8,1.0,11.977,2.85701
Cheshire West and Chester 031,E02003799,E,5891,553,533,416,674,0.0,0.2,19.9646,3.895398
Cheshire West and Chester 032,E02003801,E,5874,552,532,415,673,0.6,0.8,14.4722,3.1813860000000003
Cheshire West and Chester 033,E02003802,E,6738,633,610,476,771,0.2,0.4,20.292,3.9379600000000003
Cheshire West and Chester 034,E02003803,E,7455,700,675,526,854,0.4,0.6,19.7405,3.8662650000000003
Cheshire West and Chester 035,E02003886,E,5562,522,504,393,637,0.2,0.4,16.758000000000003,3.4785400000000006
Cheshire West and Chester 036,E02003804,E,5669,532,513,400,649,0.6,0.8,13.9557,3.114241
Cheshire West and Chester 037,E02003887,E,5134,482,465,363,588,0.4,0.6,13.5982,3.067766
Cheshire West and Chester 038,E02003888,E,5127,481,464,362,587,0.0,0.2,17.379200000000004,3.5592960000000007
Cheshire West and Chester 039,E02003805,E,5184,487,469,366,593,0.8,1.0,11.8202,2.836626
Cheshire West and Chester 040,E02003889,E,4723,443,428,333,541,0.0,0.2,16.0118,3.3815340000000003
Cheshire West and Chester 041,E02003806,E,4974,467,450,351,569,0.8,1.0,11.3402,2.774226
Cheshire West and Chester 042,E02003890,E,4962,466,449,350,569,0.2,0.4,14.953,3.24389
Cheshire West and Chester 043,E02003807,E,6848,643,620,483,784,0.8,1.0,15.619399999999999,3.330522
Cheshire West and Chester 044,E02003808,E,5371,504,486,379,615,0.2,0.4,16.1745,3.402685
Cheshire West and Chester 045,E02003891,E,4734,444,429,334,541,0.8,1.0,10.787199999999999,2.702336
Cheshire West and Chester 046,E02003809,E,6271,589,568,443,718,0.6,0.8,15.4443,3.307759
Cheshire West and Chester 047,E02003810,E,6672,626,604,471,764,0.6,0.8,16.428600000000003,3.4357180000000005
Chesterfield 001,E02004055,E,5468,509,464,377,595,0.2,0.4,15.896,3.36648
Chesterfield 002,E02004056,E,5986,557,508,413,652,0.0,0.2,19.6316,3.8521080000000003
Chesterfield 003,E02004057,E,5887,548,499,406,640,0.2,0.4,17.1055,3.523715
Chesterfield 004,E02004058,E,5997,558,508,414,652,0.0,0.2,19.650199999999998,3.854526
Chesterfield 005,E02004059,E,5572,518,472,384,606,0.4,0.6,14.171600000000002,3.1423080000000003
Chesterfield 006,E02004060,E,5858,545,497,404,637,0.2,0.4,17.024,3.51312
Chesterfield 007,E02004061,E,5512,513,467,381,600,0.2,0.4,16.03,3.3839000000000006
Chesterfield 008,E02004062,E,6131,570,520,423,667,0.2,0.4,17.8205,3.6166650000000002
Chesterfield 009,E02004063,E,6116,569,519,422,665,0.6,0.8,14.473799999999999,3.181594
Chesterfield 010,E02004064,E,6713,624,569,463,730,0.2,0.4,19.505499999999998,3.8357149999999995
Chesterfield 011,E02004065,E,6475,602,549,447,704,0.8,1.0,14.2235,3.149055
Chesterfield 012,E02004066,E,9001,837,763,621,979,0.4,0.6,22.9003,4.277039
Chesterfield 013,E02004067,E,4917,458,417,339,535,0.0,0.2,16.1182,3.395366
Chichester 001,E02006561,E,5162,642,639,526,914,0.6,0.8,18.0726,3.649438
Chichester 002,E02006562,E,4486,558,555,457,794,0.6,0.8,15.700800000000001,3.3411040000000005
Chichester 003,E02006563,E,4305,535,533,438,762,0.6,0.8,15.0655,3.258515
Chichester 004,E02006564,E,5546,689,687,565,982,0.6,0.8,19.416800000000002,3.8241840000000007
Chichester 005,E02006565,E,6188,769,766,630,1095,0.4,0.6,23.3784,4.339192
Chichester 006,E02006566,E,5851,728,725,596,1035,0.6,0.8,20.476300000000002,3.961919
Chichester 007,E02006567,E,5705,709,706,581,1010,0.6,0.8,19.9685,3.895905
Chichester 008,E02006568,E,8200,1020,1015,835,1452,0.4,0.6,30.994,5.32922
Chichester 009,E02006569,E,5990,745,742,610,1060,0.8,1.0,19.481,3.83253
Chichester 010,E02006570,E,6416,798,794,653,1135,0.4,0.6,24.2348,4.450524
Chichester 011,E02006571,E,5861,729,726,597,1037,0.8,1.0,19.060299999999998,3.777839
Chichester 012,E02006572,E,6997,870,866,712,1238,0.4,0.6,26.4311,4.7360430000000004
Chichester 013,E02006573,E,8242,1025,1021,839,1459,0.6,0.8,28.8506,5.050578
Chichester 014,E02006574,E,8225,1023,1018,837,1456,0.4,0.6,31.079500000000003,5.3403350000000005
Chiltern 001,E02003676,E,6242,511,472,387,750,0.8,1.0,14.0236,3.123068
Chiltern 002,E02003677,E,7472,612,565,463,897,0.6,0.8,17.9076,3.627988
Chiltern 003,E02003678,E,4300,352,325,266,515,0.8,1.0,9.639,2.55307
Chiltern 004,E02003679,E,4962,406,375,308,596,0.6,0.8,11.8966,2.846558
Chiltern 005,E02003680,E,7843,642,593,486,941,0.8,1.0,17.6039,3.588507
Chiltern 006,E02003681,E,7923,649,599,491,951,0.8,1.0,17.788899999999998,3.612557
Chiltern 007,E02003682,E,5708,467,432,354,685,0.8,1.0,12.8154,2.9660020000000005
Chiltern 008,E02003683,E,4902,401,371,304,589,0.8,1.0,11.0136,2.731768
Chiltern 010,E02003685,E,6196,507,469,384,743,0.8,1.0,13.9038,3.107494
Chiltern 011,E02003686,E,5506,451,416,341,661,0.8,1.0,12.3618,2.9070340000000003
Chiltern 012,E02003687,E,4438,363,336,275,533,0.8,1.0,9.9674,2.595762
Chiltern 013,E02006823,E,6660,545,503,413,799,0.8,1.0,14.948,3.24324
Chorley 001,E02005189,E,4945,440,400,300,473,0.0,0.2,14.943,3.24259
Chorley 002,E02005190,E,5817,518,471,353,556,0.8,1.0,11.6041,2.808533
Chorley 003,E02005191,E,7762,691,628,471,742,0.6,0.8,16.7396,3.4761480000000002
Chorley 004,E02005192,E,6854,610,555,416,655,0.8,1.0,13.671199999999999,3.077256
Chorley 005,E02005193,E,7918,705,641,481,757,0.8,1.0,15.7994,3.353922
Chorley 006,E02005194,E,7593,676,614,461,726,0.2,0.4,20.2195,3.928535
Chorley 007,E02005195,E,7202,641,583,437,688,0.6,0.8,15.5276,3.318588
Chorley 008,E02005196,E,6939,618,561,421,663,0.8,1.0,13.8377,3.098901
Chorley 009,E02005197,E,6365,567,515,386,609,0.2,0.4,16.9535,3.5039549999999995
Chorley 010,E02005198,E,7632,680,617,463,730,0.2,0.4,20.325,3.9422500000000005
Chorley 011,E02005199,E,6668,594,540,405,638,0.8,1.0,13.311399999999999,3.030482
Chorley 012,E02005200,E,8021,714,649,487,767,0.2,0.4,21.3615,4.076995
Chorley 013,E02005201,E,7424,661,601,451,709,0.4,0.6,17.1672,3.5317360000000004
Chorley 014,E02005202,E,8827,786,714,536,844,0.6,0.8,19.0401,3.775213
Christchurch 001,E02004236,E,4519,414,395,315,549,0.6,0.8,11.3777,2.7791010000000003
Christchurch 002,E02004237,E,6094,559,533,425,741,0.6,0.8,15.3542,3.2960460000000005
Christchurch 003,E02004238,E,5556,509,486,387,676,0.8,1.0,13.0278,2.993614
Christchurch 004,E02004239,E,4375,401,382,305,532,0.8,1.0,10.255500000000001,2.6332150000000003
Christchurch 005,E02004240,E,4758,436,416,332,578,0.2,0.4,14.611,3.1994300000000004
Christchurch 006,E02004241,E,7055,647,617,492,858,0.6,0.8,17.7765,3.610945
Christchurch 007,E02004242,E,5032,461,440,351,612,0.8,1.0,11.7986,2.833818
City of London 001,E02000001,E,7099,697,569,432,535,0.6,0.8,13.8447,3.099811
Colchester 001,E02004506,E,6935,450,405,318,534,0.6,0.8,12.064499999999999,2.868385
Colchester 002,E02004507,E,10190,662,596,467,784,0.4,0.6,18.975,3.76675
Colchester 003,E02004508,E,6685,434,391,306,514,0.8,1.0,10.839500000000001,2.7091350000000003
Colchester 004,E02004509,E,10779,700,630,494,829,0.6,0.8,18.7427,3.7365510000000004
Colchester 007,E02004512,E,10200,662,596,467,784,0.4,0.6,18.978,3.7671400000000004
Colchester 008,E02004513,E,11213,728,655,514,862,0.0,0.2,27.5848,4.886024
Colchester 009,E02004514,E,5661,368,331,259,436,0.6,0.8,9.8493,2.580409
Colchester 010,E02004515,E,7307,474,427,335,562,0.6,0.8,12.7051,2.951663
Colchester 011,E02004516,E,10902,708,637,499,838,0.2,0.4,23.672000000000004,4.37736
Colchester 012,E02004517,E,8451,549,494,387,650,0.6,0.8,14.694299999999998,3.2102589999999998
Colchester 013,E02004518,E,6333,411,370,290,488,0.6,0.8,11.0199,2.732587
Colchester 014,E02004519,E,7546,490,441,346,581,0.8,1.0,12.2468,2.892084
Colchester 015,E02004520,E,8532,554,498,391,656,0.2,0.4,18.529,3.7087700000000003
Colchester 016,E02004521,E,8992,584,526,412,692,0.2,0.4,19.54,3.8402000000000003
Colchester 017,E02004522,E,10228,664,598,469,787,0.8,1.0,16.5944,3.4572720000000006
Colchester 018,E02004523,E,9198,597,537,421,708,0.2,0.4,19.981,3.8975300000000006
Colchester 019,E02004524,E,8414,546,492,386,648,0.6,0.8,14.642199999999999,3.203486
Colchester 020,E02004525,E,7737,502,452,355,596,0.6,0.8,13.464100000000002,3.050333
Colchester 021,E02004526,E,7329,476,428,336,564,0.6,0.8,12.7467,2.957071
Colchester 022,E02006922,E,13958,906,816,640,1074,0.4,0.6,25.9914,4.678882
Copeland 001,E02004000,E,3536,397,374,286,398,0.2,0.4,11.233,2.7602900000000004
Copeland 002,E02004001,E,3605,405,381,291,406,0.2,0.4,11.4505,2.788565
Copeland 003,E02004002,E,6637,745,701,536,746,0.4,0.6,18.4531,3.6989029999999996
Copeland 004,E02004003,E,7721,867,816,623,868,0.2,0.4,24.5025,4.4853250000000005
Copeland 005,E02004004,E,6039,678,638,487,679,0.0,0.2,21.7604,4.128852
Copeland 006,E02004005,E,5264,591,556,425,592,0.2,0.4,16.708000000000002,3.4720400000000007
Copeland 007,E02004006,E,5811,652,614,469,653,0.6,0.8,15.0313,3.2540690000000003
Copeland 008,E02004007,E,6744,757,713,545,758,0.2,0.4,21.406,4.08278
Corby 001,E02005612,E,7638,515,454,323,421,0.4,0.6,12.127400000000002,2.8765620000000003
Corby 002,E02005613,E,10105,682,601,427,556,0.2,0.4,19.163500000000003,3.7912550000000005
Corby 003,E02005614,E,7671,518,456,324,423,0.2,0.4,14.557500000000001,3.192475
Corby 004,E02005615,E,9733,657,579,411,535,0.2,0.4,18.4505,3.6985650000000003
Corby 005,E02005616,E,6062,409,361,256,334,0.0,0.2,13.287199999999999,3.027336
Corby 006,E02005617,E,11141,752,663,471,613,0.0,0.2,24.412599999999998,4.473638
Corby 008,E02006862,E,6993,472,416,296,385,0.4,0.6,11.1019,2.743247
Corby 009,E02006863,E,10736,724,639,454,591,0.4,0.6,17.0408,3.5153040000000004
Cornwall 001,E02003931,E,8374,958,897,706,1118,0.4,0.6,25.668200000000002,4.636866
Cornwall 002,E02003932,E,5854,670,627,493,782,0.2,0.4,20.28,3.9364
Cornwall 003,E02003933,E,5801,664,622,489,774,0.2,0.4,20.0915,3.9118950000000003
Cornwall 004,E02003934,E,5622,643,602,474,750,0.2,0.4,19.466,3.8305800000000003
Cornwall 005,E02003935,E,7767,889,832,655,1037,0.2,0.4,26.9075,4.797975
Cornwall 006,E02003936,E,6960,796,746,587,929,0.2,0.4,24.109,4.43417
Cornwall 007,E02003937,E,4681,536,502,395,624,0.2,0.4,16.209500000000002,3.407235
Cornwall 008,E02003938,E,5530,633,593,466,739,0.4,0.6,16.961,3.50493
Cornwall 009,E02003939,E,5666,648,607,477,756,0.6,0.8,16.1248,3.396224
Cornwall 010,E02003892,E,5271,603,565,444,703,0.4,0.6,16.1473,3.3991490000000004
Cornwall 011,E02003940,E,5133,587,550,433,686,0.2,0.4,17.7905,3.6127650000000004
Cornwall 012,E02003893,E,5463,625,585,460,729,0.2,0.4,18.9145,3.7588850000000003
Cornwall 013,E02003894,E,6757,773,724,570,902,0.2,0.4,23.4075,4.342975
Cornwall 014,E02003941,E,6193,709,664,522,827,0.2,0.4,21.4575,4.089475
Cornwall 015,E02003942,E,6228,713,667,525,831,0.0,0.2,24.2838,4.456894
Cornwall 016,E02003895,E,6714,768,719,566,897,0.2,0.4,23.262999999999998,4.32419
Cornwall 017,E02003896,E,4716,539,505,397,630,0.0,0.2,18.3886,3.690518
Cornwall 018,E02003952,E,5624,643,603,474,750,0.2,0.4,19.471,3.8312300000000006
Cornwall 019,E02003953,E,8894,1018,953,750,1188,0.4,0.6,27.2722,4.845386
Cornwall 020,E02003954,E,5807,665,622,490,776,0.2,0.4,20.1285,3.9167050000000003
Cornwall 021,E02003955,E,7821,895,838,659,1044,0.4,0.6,23.9703,4.416139
Cornwall 022,E02003897,E,4561,522,489,384,609,0.6,0.8,12.9873,2.988349
Cornwall 023,E02003898,E,5566,637,597,469,744,0.4,0.6,17.073800000000002,3.5195940000000006
Cornwall 024,E02003956,E,5943,680,637,501,793,0.0,0.2,23.1738,4.312594
Cornwall 025,E02003899,E,4451,509,477,375,594,0.4,0.6,13.6393,3.073109
Cornwall 026,E02003900,E,6038,691,647,509,806,0.4,0.6,18.5074,3.7059620000000004
Cornwall 027,E02003957,E,8513,974,912,718,1137,0.2,0.4,29.496499999999997,5.134545
Cornwall 028,E02003901,E,6283,719,673,529,839,0.2,0.4,21.761499999999998,4.128995
Cornwall 029,E02003902,E,4560,522,489,384,609,0.2,0.4,15.798,3.35374
Cornwall 030,E02003958,E,6598,755,707,556,881,0.2,0.4,22.856,4.27128
Cornwall 031,E02003959,E,5794,663,621,488,774,0.2,0.4,20.073999999999998,3.9096200000000003
Cornwall 032,E02003905,E,5204,595,558,439,695,0.4,0.6,15.9572,3.374436
Cornwall 033,E02003906,E,4557,521,488,384,609,0.2,0.4,15.7895,3.3526350000000003
Cornwall 034,E02003903,E,5413,620,580,456,723,0.4,0.6,16.5959,3.4574670000000003
Cornwall 035,E02003960,E,4937,565,529,416,660,0.4,0.6,15.1431,3.268603
Cornwall 036,E02003961,E,7840,897,840,661,1047,0.6,0.8,22.328,4.20264
Cornwall 037,E02003904,E,4489,514,481,378,599,0.4,0.6,13.7547,3.088111
Cornwall 038,E02003962,E,5347,612,573,451,714,0.2,0.4,18.5265,3.708445
Cornwall 039,E02003963,E,7828,896,839,660,1045,0.0,0.2,30.531800000000004,5.269134000000001
Cornwall 040,E02003907,E,6376,730,683,537,851,0.4,0.6,19.538800000000002,3.8400440000000007
Cornwall 041,E02003964,E,6502,744,697,548,868,0.4,0.6,19.930600000000002,3.8909780000000005
Cornwall 042,E02003908,E,6625,758,710,558,885,0.4,0.6,20.311500000000002,3.9404950000000003
Cornwall 043,E02003909,E,7682,879,823,647,1026,0.4,0.6,23.5486,4.361318
Cornwall 044,E02003910,E,5115,585,548,431,683,0.4,0.6,15.6785,3.3382050000000003
Cornwall 045,E02003918,E,5681,650,609,479,759,0.2,0.4,19.6875,3.859375
Cornwall 046,E02003919,E,5736,656,615,483,765,0.0,0.2,22.3576,4.206488
Cornwall 047,E02003911,E,7065,808,757,595,943,0.4,0.6,21.649500000000003,4.114435
Cornwall 048,E02003912,E,6500,744,696,548,868,0.4,0.6,19.926000000000002,3.8903800000000004
Cornwall 049,E02003920,E,6083,696,652,513,812,0.4,0.6,18.646900000000002,3.7240970000000004
Cornwall 050,E02003921,E,4908,561,526,414,656,0.2,0.4,17.011000000000003,3.5114300000000007
Cornwall 051,E02003922,E,6508,745,697,549,869,0.0,0.2,25.385800000000003,4.600154000000001
Cornwall 052,E02003923,E,6073,695,651,512,810,0.0,0.2,23.677799999999998,4.378114
Cornwall 053,E02003924,E,5787,662,620,488,773,0.0,0.2,22.5742,4.234646000000001
Cornwall 054,E02003943,E,6357,728,681,536,849,0.2,0.4,22.026500000000002,4.163445
Cornwall 055,E02003925,E,5958,682,638,502,795,0.0,0.2,23.2288,4.319744
Cornwall 056,E02003913,E,4892,560,524,412,654,0.4,0.6,15.003599999999999,3.2504679999999997
Cornwall 057,E02003944,E,7926,907,849,668,1058,0.2,0.4,27.451999999999998,4.86876
Cornwall 058,E02003945,E,5036,576,540,424,673,0.4,0.6,15.442800000000002,3.307564
Cornwall 059,E02003926,E,6546,749,701,552,874,0.4,0.6,20.0658,3.9085539999999996
Cornwall 060,E02003914,E,5979,684,641,504,799,0.4,0.6,18.3377,3.6839010000000005
Cornwall 061,E02003946,E,7422,849,795,625,991,0.2,0.4,25.705,4.64165
Cornwall 062,E02003915,E,6514,745,698,549,870,0.2,0.4,22.567,4.23371
Cornwall 063,E02003916,E,5578,638,598,470,744,0.6,0.8,15.875399999999999,3.3638019999999997
Cornwall 064,E02003917,E,6285,719,673,530,839,0.6,0.8,17.8945,3.626285
Cornwall 065,E02003947,E,5436,622,582,458,726,0.2,0.4,18.83,3.7478999999999996
Cornwall 066,E02003927,E,8129,930,871,685,1085,0.4,0.6,24.9127,4.538651000000001
Cornwall 067,E02003948,E,6967,797,747,587,930,0.0,0.2,27.1692,4.831996
Cornwall 068,E02003949,E,5622,643,602,474,750,0.0,0.2,21.9162,4.149106
Cornwall 069,E02003950,E,4531,518,486,382,605,0.2,0.4,15.6975,3.340675
Cornwall 070,E02003951,E,5153,590,552,434,688,0.2,0.4,17.8485,3.620305
Cornwall 071,E02003928,E,9846,1127,1055,830,1314,0.4,0.6,30.175800000000002,5.222854000000001
Cornwall 072,E02003929,E,5551,635,595,468,741,0.2,0.4,19.2285,3.7997050000000003
Cornwall 073,E02003930,E,7515,860,805,634,1004,0.4,0.6,23.0465,4.296045
Cotswold 001,E02004615,E,6994,803,785,641,1074,0.8,1.0,20.2932,3.938116
Cotswold 002,E02004616,E,7633,877,857,700,1172,0.6,0.8,23.8639,4.402307
Cotswold 003,E02004617,E,6775,778,760,621,1040,0.6,0.8,21.1735,4.052555
Cotswold 004,E02004618,E,6438,739,722,590,988,0.6,0.8,20.115399999999998,3.9150019999999994
Cotswold 005,E02004619,E,6432,739,722,590,988,0.6,0.8,20.113599999999998,3.9147679999999996
Cotswold 006,E02004620,E,6778,779,761,622,1041,0.8,1.0,19.6744,3.857672
Cotswold 007,E02004621,E,5562,639,624,510,854,0.6,0.8,17.3866,3.560258
Cotswold 008,E02004622,E,6063,696,680,556,930,0.6,0.8,18.9409,3.7623170000000004
Cotswold 009,E02004623,E,7062,811,792,647,1084,0.8,1.0,20.4836,3.9628680000000003
Cotswold 010,E02004624,E,5183,595,582,475,796,0.8,1.0,15.0399,3.2551870000000003
Cotswold 011,E02004625,E,8195,941,920,751,1258,0.8,1.0,23.7735,4.390555
County Durham 001,E02004297,E,6325,583,558,439,634,0.6,0.8,14.464500000000001,3.1803850000000002
County Durham 002,E02004290,E,4789,442,422,332,480,0.6,0.8,10.948699999999999,2.723331
County Durham 003,E02004298,E,7767,717,685,539,779,0.4,0.6,19.086100000000002,3.781193
County Durham 004,E02004299,E,6785,626,599,471,681,0.2,0.4,19.1355,3.7876150000000006
County Durham 005,E02004291,E,5434,501,479,377,545,0.0,0.2,17.339399999999998,3.5541219999999996
County Durham 006,E02004300,E,6153,568,543,427,617,0.0,0.2,19.6398,3.853174
County Durham 007,E02004292,E,6338,585,559,440,636,0.6,0.8,14.5034,3.185442
County Durham 008,E02004301,E,7121,657,628,494,715,0.0,0.2,22.7356,4.255628000000001
County Durham 009,E02004302,E,6203,572,547,430,622,0.0,0.2,19.7908,3.8728040000000004
County Durham 010,E02004303,E,9173,846,809,637,920,0.2,0.4,25.859500000000004,4.661735000000001
County Durham 011,E02004293,E,7510,693,662,521,753,0.0,0.2,23.964,4.41532
County Durham 012,E02004304,E,7119,657,628,494,714,0.2,0.4,20.0685,3.908905
County Durham 013,E02004294,E,6792,627,599,471,681,0.8,1.0,14.3356,3.163628
County Durham 014,E02004305,E,6917,638,610,480,694,0.2,0.4,19.5005,3.835065
County Durham 015,E02004295,E,6036,557,532,419,605,0.4,0.6,14.8268,3.2274840000000005
County Durham 016,E02004320,E,7170,661,633,498,719,0.4,0.6,17.621000000000002,3.5907300000000006
County Durham 017,E02004321,E,6682,616,589,464,670,0.2,0.4,18.833,3.74829
County Durham 018,E02004322,E,6799,627,600,472,682,0.0,0.2,21.702400000000004,4.1213120000000005
County Durham 019,E02004296,E,6431,593,567,446,645,0.2,0.4,18.1245,3.6561850000000007
County Durham 020,E02004306,E,4637,428,409,322,465,0.6,0.8,10.6081,2.679053
County Durham 021,E02004323,E,6332,584,558,439,635,0.2,0.4,17.843,3.6195900000000005
County Durham 022,E02004308,E,6262,577,552,434,628,0.8,1.0,13.2146,3.017898
County Durham 023,E02004309,E,4726,436,417,328,474,0.6,0.8,10.811799999999998,2.705534
County Durham 024,E02004307,E,5259,485,464,365,528,0.2,0.4,14.8315,3.228095
County Durham 025,E02004324,E,4591,423,405,318,460,0.0,0.2,14.6406,3.203278
County Durham 026,E02004310,E,6377,588,562,442,639,0.2,0.4,17.9625,3.6351249999999995
County Durham 027,E02004311,E,7291,673,643,506,731,0.2,0.4,20.5505,3.971565
County Durham 028,E02004312,E,6044,558,533,419,606,0.8,1.0,12.7562,2.9583060000000003
County Durham 029,E02004313,E,5353,494,472,371,536,0.0,0.2,17.0708,3.519204
County Durham 030,E02004314,E,9809,905,865,681,984,0.6,0.8,22.441700000000004,4.217421000000001
County Durham 031,E02004316,E,4551,420,401,316,456,0.2,0.4,12.8235,2.967055
County Durham 032,E02004325,E,6982,644,616,485,701,0.0,0.2,22.2962,4.198506
County Durham 033,E02004315,E,8154,752,719,566,818,0.8,1.0,17.2162,3.538106
County Durham 034,E02004326,E,4957,457,437,344,498,0.0,0.2,15.828199999999999,3.357666
County Durham 035,E02004328,E,5875,542,518,408,589,0.0,0.2,18.749,3.7373700000000003
County Durham 036,E02004327,E,5102,471,450,354,512,0.0,0.2,16.2882,3.417466
County Durham 037,E02004329,E,5421,500,478,376,544,0.2,0.4,15.2825,3.286725
County Durham 038,E02004317,E,6136,566,541,426,615,0.2,0.4,17.291999999999998,3.54796
County Durham 039,E02004330,E,4761,439,420,330,478,0.0,0.2,15.197600000000001,3.2756880000000006
County Durham 040,E02004331,E,5672,523,500,394,569,0.0,0.2,18.1042,3.6535460000000004
County Durham 041,E02004318,E,4882,450,431,339,490,0.4,0.6,12.002600000000001,2.8603380000000005
County Durham 042,E02004348,E,6457,595,570,448,647,0.4,0.6,15.859100000000002,3.361683
County Durham 043,E02004332,E,5827,537,514,404,584,0.2,0.4,16.4165,3.434145
County Durham 044,E02004319,E,5984,552,528,415,600,0.4,0.6,14.7012,3.211156
County Durham 045,E02004349,E,7388,682,652,513,741,0.0,0.2,23.5858,4.366154
County Durham 046,E02004350,E,7697,710,679,534,772,0.2,0.4,21.6965,4.120545
County Durham 047,E02004333,E,5748,530,507,399,576,0.4,0.6,14.118400000000001,3.1353920000000004
County Durham 048,E02004334,E,5902,544,521,409,592,0.2,0.4,16.634,3.46242
County Durham 049,E02004335,E,5035,464,444,349,506,0.0,0.2,16.076,3.38988
County Durham 050,E02004336,E,5504,508,486,382,552,0.0,0.2,17.5704,3.5841520000000004
County Durham 051,E02004351,E,5625,519,496,390,564,0.0,0.2,17.948,3.63324
County Durham 052,E02004337,E,7291,672,643,506,731,0.2,0.4,20.5475,3.9711749999999997
County Durham 053,E02004338,E,5414,499,478,376,543,0.2,0.4,15.264,3.28432
County Durham 054,E02004339,E,5507,508,486,382,552,0.6,0.8,12.594100000000001,2.937233
County Durham 055,E02004352,E,6057,559,534,420,608,0.0,0.2,19.3352,3.8135760000000003
County Durham 056,E02004353,E,6044,558,533,419,606,0.4,0.6,14.8472,3.230136
County Durham 057,E02004354,E,7012,647,618,486,703,0.2,0.4,19.757,3.86841
County Durham 058,E02004355,E,5811,536,513,403,583,0.0,0.2,18.5486,3.7113180000000003
County Durham 059,E02004340,E,8299,765,732,576,832,0.0,0.2,26.480400000000003,4.742452000000001
County Durham 060,E02004341,E,6740,622,595,468,676,0.6,0.8,15.422,3.3048600000000006
County Durham 061,E02004342,E,4777,441,421,332,480,0.0,0.2,15.2602,3.2838260000000004
County Durham 062,E02004343,E,4424,408,390,307,444,0.2,0.4,12.473,2.9214900000000004
County Durham 063,E02004344,E,5632,519,497,391,565,0.2,0.4,15.878,3.36414
County Durham 064,E02004345,E,10217,942,901,709,1024,0.2,0.4,28.7895,5.042635000000001
County Durham 065,E02004346,E,4196,387,370,291,421,0.4,0.6,10.3108,2.640404
County Durham 066,E02004347,E,5637,520,497,391,566,0.6,0.8,12.9001,2.9770130000000004
Coventry 001,E02001958,E,8804,388,345,271,430,0.2,0.4,14.003,3.1203900000000004
Coventry 002,E02001959,E,7325,323,287,226,358,0.4,0.6,9.6435,2.553655
Coventry 004,E02001961,E,8858,391,347,273,432,0.0,0.2,16.099800000000002,3.3929740000000006
Coventry 005,E02001962,E,7130,315,280,220,348,0.0,0.2,12.969000000000001,2.98597
Coventry 006,E02001963,E,7003,309,275,216,341,0.4,0.6,9.206900000000001,2.496897
Coventry 007,E02001964,E,9560,422,375,294,466,0.0,0.2,17.371000000000002,3.55823
Coventry 008,E02001965,E,9474,418,372,292,462,0.4,0.6,12.4622,2.920086
Coventry 009,E02001966,E,8177,361,321,252,399,0.0,0.2,14.8682,3.232866
Coventry 010,E02001967,E,7420,327,291,229,362,0.6,0.8,9.171,2.49223
Coventry 011,E02001968,E,8444,373,331,260,412,0.2,0.4,13.428999999999998,3.04577
Coventry 012,E02001969,E,7536,332,295,232,367,0.0,0.2,13.684600000000001,3.0789980000000003
Coventry 013,E02001970,E,6477,286,254,200,316,0.2,0.4,10.3045,2.6395850000000003
Coventry 014,E02001971,E,6894,304,270,212,337,0.4,0.6,9.0722,2.479386
Coventry 015,E02001972,E,11879,524,466,366,579,0.0,0.2,21.587400000000002,4.106362000000001
Coventry 016,E02001973,E,9606,424,377,296,468,0.0,0.2,17.4566,3.5693580000000003
Coventry 017,E02001974,E,11190,494,439,345,546,0.6,0.8,13.832,3.09816
Coventry 018,E02001975,E,9287,410,364,286,453,0.4,0.6,12.214100000000002,2.8878330000000005
Coventry 019,E02001976,E,8426,372,330,260,411,0.2,0.4,13.401000000000002,3.0421300000000002
Coventry 020,E02001977,E,10652,470,418,328,519,0.0,0.2,19.355200000000004,3.8161760000000005
Coventry 021,E02001978,E,7682,339,301,237,375,0.4,0.6,10.1086,2.614118
Coventry 022,E02001979,E,6766,298,265,208,330,0.8,1.0,7.8258,2.317354
Coventry 023,E02001980,E,7085,313,278,218,345,0.8,1.0,8.192499999999999,2.365025
Coventry 024,E02001981,E,13887,613,545,428,678,0.0,0.2,25.254199999999997,4.5830459999999995
Coventry 025,E02001982,E,8345,368,327,257,407,0.8,1.0,9.6555,2.555215
Coventry 026,E02001983,E,8916,393,350,275,435,0.4,0.6,11.7308,2.825004
Coventry 027,E02001984,E,10596,467,416,326,517,0.4,0.6,13.936799999999998,3.111784
Coventry 028,E02001985,E,9989,441,392,308,487,0.2,0.4,15.8855,3.3651150000000003
Coventry 029,E02001986,E,8977,396,352,276,438,0.0,0.2,16.3142,3.420846
Coventry 030,E02001987,E,6835,302,268,211,333,0.4,0.6,8.9885,2.4685050000000004
Coventry 031,E02001988,E,10381,458,407,320,506,0.2,0.4,16.5045,3.4455850000000003
Coventry 032,E02001989,E,6680,295,262,206,326,0.4,0.6,8.79,2.4427
Coventry 033,E02001990,E,10935,482,429,337,534,0.8,1.0,12.6615,2.945995
Coventry 034,E02001991,E,10061,444,395,310,491,0.6,0.8,12.4373,2.916849
Coventry 035,E02001992,E,11310,499,444,348,551,0.0,0.2,20.549,3.9713700000000003
Coventry 036,E02001993,E,8551,377,335,263,417,0.2,0.4,13.5915,3.066895
Coventry 037,E02001994,E,9641,425,378,297,470,0.4,0.6,12.676300000000001,2.947919
Coventry 038,E02001995,E,7697,340,302,237,375,0.2,0.4,12.2355,2.8906150000000004
Coventry 039,E02001996,E,8055,355,316,248,393,0.0,0.2,14.64,3.2032000000000003
Coventry 040,E02001997,E,10074,444,395,310,491,0.8,1.0,11.6512,2.8146560000000003
Coventry 041,E02001998,E,7057,311,277,217,344,0.8,1.0,8.162099999999999,2.361073
Coventry 042,E02001999,E,11104,490,435,342,542,0.6,0.8,13.7232,3.084016
Coventry 043,E02006805,E,9724,429,381,300,474,0.0,0.2,17.6724,3.5974120000000003
Craven 001,E02005742,E,5201,678,649,559,913,0.6,0.8,18.3503,3.6855390000000003
Craven 002,E02005743,E,3595,469,449,387,631,0.6,0.8,12.688500000000001,2.9495050000000003
Craven 003,E02005744,E,5383,702,672,579,946,0.6,0.8,19.0079,3.771027
Craven 004,E02005745,E,3590,468,448,386,631,0.8,1.0,11.780000000000001,2.8314000000000004
Craven 005,E02005746,E,4494,586,561,483,789,0.6,0.8,15.8582,3.361566
Craven 006,E02005747,E,4662,608,582,502,819,0.2,0.4,19.825,3.87725
Craven 007,E02005748,E,5173,674,646,556,909,0.6,0.8,18.2629,3.6741770000000002
Craven 008,E02005749,E,6763,881,844,727,1187,0.6,0.8,23.8589,4.401657
Crawley 001,E02006575,E,7434,468,413,321,457,0.4,0.6,12.228200000000001,2.889666
Crawley 002,E02006576,E,7167,452,398,309,441,0.8,1.0,10.2461,2.631993
Crawley 003,E02006577,E,7136,450,397,308,439,0.2,0.4,13.93,3.1109
Crawley 004,E02006578,E,8711,549,484,376,535,0.4,0.6,14.3233,3.162029
Crawley 005,E02006579,E,7094,447,394,306,436,0.6,0.8,10.924199999999999,2.7201459999999997
Crawley 006,E02006580,E,7212,454,401,311,443,0.4,0.6,11.857600000000001,2.841488
Crawley 007,E02006581,E,7734,487,430,334,475,0.2,0.4,15.085999999999999,3.26118
Crawley 008,E02006582,E,7153,451,398,309,439,0.8,1.0,10.2179,2.628327
Crawley 009,E02006583,E,8056,508,448,348,495,0.6,0.8,12.4098,2.9132740000000004
Crawley 010,E02006584,E,6702,422,373,289,412,0.2,0.4,13.076,2.99988
Crawley 011,E02006585,E,6998,441,389,302,430,0.4,0.6,11.5094,2.796222
Crawley 012,E02006586,E,7056,445,392,304,434,0.2,0.4,13.767,3.08971
Crawley 013,E02006587,E,7545,476,419,326,464,0.2,0.4,14.726500000000001,3.2144450000000004
Croydon 001,E02000194,E,7673,540,482,351,513,0.2,0.4,15.997499999999999,3.3796749999999998
Croydon 002,E02000195,E,8077,568,507,369,540,0.4,0.6,14.2811,3.156543
Croydon 003,E02000196,E,6531,459,410,299,436,0.2,0.4,13.607500000000002,3.068975
Croydon 004,E02000197,E,8024,564,504,367,536,0.4,0.6,14.1852,3.144076
Croydon 005,E02000198,E,7119,501,447,325,476,0.2,0.4,14.8375,3.2288750000000004
Croydon 006,E02000199,E,7438,523,467,340,497,0.4,0.6,13.1494,3.009422
Croydon 007,E02000200,E,7318,515,460,335,488,0.2,0.4,15.245000000000001,3.2818500000000004
Croydon 008,E02000201,E,7307,514,459,334,488,0.0,0.2,17.443199999999997,3.567616
Croydon 009,E02000202,E,7541,530,474,345,503,0.4,0.6,13.324300000000001,3.032159
Croydon 010,E02000203,E,6651,468,418,304,445,0.2,0.4,13.869499999999999,3.103035
Croydon 011,E02000204,E,8299,584,521,379,554,0.2,0.4,17.2865,3.547245
Croydon 013,E02000206,E,8416,592,529,385,562,0.0,0.2,20.093600000000002,3.9121680000000003
Croydon 014,E02000207,E,7939,558,499,363,530,0.2,0.4,16.5405,3.450265
Croydon 015,E02000208,E,8636,607,543,395,577,0.0,0.2,20.6206,3.980678
Croydon 016,E02000209,E,7423,522,466,339,496,0.2,0.4,15.4665,3.310645
Croydon 017,E02000210,E,7333,516,461,335,490,0.4,0.6,12.965900000000001,2.9855670000000005
Croydon 018,E02000211,E,7057,496,443,323,472,0.6,0.8,11.688099999999999,2.819453
Croydon 019,E02000212,E,7520,529,472,344,502,0.2,0.4,15.667000000000002,3.33671
Croydon 020,E02000213,E,8427,593,529,385,563,0.0,0.2,20.1172,3.915236
Croydon 021,E02000214,E,5502,387,346,252,368,0.6,0.8,9.1166,2.485158
Croydon 022,E02000215,E,9279,653,583,424,619,0.2,0.4,19.3265,3.8124450000000003
Croydon 023,E02000216,E,5945,418,373,272,397,0.6,0.8,9.8385,2.579005
Croydon 024,E02000217,E,8547,601,537,391,571,0.2,0.4,17.8135,3.615755
Croydon 025,E02000218,E,5859,412,368,268,391,0.2,0.4,12.2055,2.886715
Croydon 026,E02000219,E,6780,477,426,310,453,0.8,1.0,10.373000000000001,2.6484900000000002
Croydon 027,E02000220,E,8719,613,548,399,582,0.2,0.4,18.167499999999997,3.6617749999999996
Croydon 028,E02000221,E,8663,609,544,396,579,0.2,0.4,18.0545,3.6470850000000006
Croydon 029,E02000222,E,6961,490,437,318,465,0.6,0.8,11.5213,2.797769
Croydon 030,E02000223,E,7384,519,464,338,493,0.0,0.2,17.6274,3.5915620000000006
Croydon 031,E02000224,E,6779,477,426,310,453,0.6,0.8,11.224699999999999,2.7592109999999996
Croydon 032,E02000225,E,6649,468,418,304,444,0.2,0.4,13.8565,3.1013450000000002
Croydon 033,E02000226,E,6651,468,418,304,445,0.8,1.0,10.1823,2.6236990000000002
Croydon 034,E02000227,E,10068,708,632,460,672,0.4,0.6,17.788400000000003,3.6124920000000005
Croydon 035,E02000228,E,6714,472,422,307,449,0.8,1.0,10.2762,2.6359060000000003
Croydon 036,E02000229,E,5623,395,353,257,375,0.0,0.2,13.4128,3.043664
Croydon 037,E02000230,E,8861,623,557,405,592,0.6,0.8,14.6693,3.207009
Croydon 038,E02000231,E,6780,477,426,310,453,0.8,1.0,10.373000000000001,2.6484900000000002
Croydon 039,E02000232,E,5476,385,344,250,366,0.6,0.8,9.0648,2.4784240000000004
Croydon 040,E02000233,E,5413,381,340,247,362,0.6,0.8,8.962900000000001,2.465177
Croydon 041,E02000234,E,7079,498,445,324,472,0.4,0.6,12.5077,2.9260010000000003
Croydon 042,E02000235,E,6149,432,386,281,410,0.6,0.8,10.1677,2.621801
Croydon 043,E02000236,E,6756,475,425,309,451,0.8,1.0,10.332799999999999,2.643264
Croydon 044,E02000237,E,6593,464,414,301,441,0.6,0.8,10.9179,2.719327
Croydon 045,E02006788,E,6635,467,417,303,443,0.2,0.4,13.8235,3.097055
Dacorum 001,E02004856,E,4737,341,324,264,414,0.6,0.8,9.2731,2.505503
Dacorum 002,E02004857,E,4956,357,339,276,433,0.8,1.0,9.021799999999999,2.4728339999999998
Dacorum 003,E02004858,E,4444,320,304,247,389,0.6,0.8,8.7032,2.4314160000000005
Dacorum 004,E02004859,E,4544,327,311,253,397,0.8,1.0,8.2712,2.3752560000000003
Dacorum 005,E02004860,E,5044,363,345,281,441,0.6,0.8,9.8752,2.5837760000000003
Dacorum 006,E02004861,E,4799,345,328,267,419,0.8,1.0,8.729700000000001,2.434861
Dacorum 007,E02004862,E,6627,477,454,369,579,0.2,0.4,16.0915,3.391895
Dacorum 008,E02004863,E,6794,489,465,378,594,0.2,0.4,16.498,3.4447400000000004
Dacorum 009,E02004864,E,5497,396,376,306,480,0.8,1.0,10.0031,2.600403
Dacorum 010,E02004865,E,4665,336,319,260,408,0.4,0.6,9.8035,2.574455
Dacorum 011,E02004866,E,5757,414,394,320,503,0.4,0.6,12.0871,2.8713230000000003
Dacorum 012,E02004867,E,5322,383,364,296,465,0.8,1.0,9.6856,2.5591280000000003
Dacorum 013,E02004868,E,5118,368,350,285,447,0.4,0.6,10.7454,2.696902
Dacorum 014,E02004869,E,4945,356,338,275,432,0.8,1.0,8.9985,2.469805
Dacorum 015,E02004870,E,8216,591,562,457,718,0.4,0.6,17.2528,3.542864
Dacorum 016,E02004871,E,4434,319,303,247,387,0.6,0.8,8.6722,2.4273860000000003
Dacorum 017,E02004872,E,6090,438,417,339,532,0.6,0.8,11.918,2.8493399999999998
Dacorum 018,E02004873,E,8812,634,603,490,770,0.8,1.0,16.037599999999998,3.384888
Dacorum 019,E02004874,E,5411,389,370,301,473,0.4,0.6,11.3633,2.777229
Dacorum 020,E02004875,E,8097,583,554,451,708,0.4,0.6,17.0131,3.5117030000000007
Dacorum 021,E02004876,E,7875,567,539,438,689,0.8,1.0,14.343499999999999,3.1646549999999998
Dacorum 022,E02004877,E,4564,328,312,254,399,0.8,1.0,8.3082,2.3800660000000002
Darlington 001,E02002559,E,6517,609,591,478,775,0.6,0.8,16.4521,3.4387730000000003
Darlington 002,E02002560,E,4421,413,401,324,525,0.4,0.6,12.0003,2.860039
Darlington 003,E02002561,E,4230,396,383,310,503,0.4,0.6,11.489,2.79357
Darlington 004,E02002562,E,4471,418,405,328,532,0.0,0.2,15.477600000000002,3.312088
Darlington 005,E02002563,E,4028,377,365,295,479,0.2,0.4,12.418,2.91434
Darlington 006,E02002564,E,7004,655,635,513,833,0.2,0.4,21.594,4.10722
Darlington 007,E02002565,E,4019,376,364,294,478,0.2,0.4,12.3875,2.910375
Darlington 008,E02002566,E,5097,477,462,374,606,0.0,0.2,17.6432,3.593616
Darlington 009,E02002567,E,5347,500,484,392,636,0.0,0.2,18.5042,3.705546
Darlington 010,E02002568,E,4351,407,394,319,518,0.8,1.0,10.200299999999999,2.626039
Darlington 011,E02002569,E,6703,627,607,491,797,0.8,1.0,15.7009,3.3411170000000006
Darlington 012,E02002570,E,6054,566,548,444,720,0.0,0.2,20.950400000000002,4.0235520000000005
Darlington 013,E02002571,E,4802,449,435,352,572,0.2,0.4,14.815999999999999,3.22608
Darlington 014,E02002572,E,4652,435,422,341,553,0.0,0.2,16.0992,3.3928960000000004
Darlington 015,E02002573,E,6110,571,554,448,726,0.6,0.8,15.417000000000002,3.3042100000000003
Dartford 001,E02005028,E,8571,482,404,303,443,0.0,0.2,17.009600000000002,3.511248
Dartford 002,E02005029,E,10827,609,511,383,560,0.6,0.8,14.5851,3.196063
Dartford 003,E02005030,E,11358,639,536,401,587,0.4,0.6,16.279400000000003,3.416322
Dartford 004,E02005031,E,8644,486,408,306,447,0.2,0.4,14.918,3.2393400000000003
Dartford 005,E02005032,E,10376,583,489,367,536,0.4,0.6,14.8688,3.232944
Dartford 006,E02005033,E,7586,427,358,268,393,0.2,0.4,13.097999999999999,3.00274
Dartford 007,E02005034,E,8873,499,418,314,459,0.8,1.0,11.1149,2.744937
Dartford 008,E02005035,E,9263,521,437,327,479,0.6,0.8,12.4729,2.9214770000000003
Dartford 009,E02005036,E,7301,411,344,258,378,0.2,0.4,12.601500000000001,2.9381950000000003
Dartford 010,E02005037,E,8116,457,383,287,419,0.8,1.0,10.158800000000001,2.6206440000000004
Dartford 011,E02005038,E,6707,377,316,237,346,0.4,0.6,9.604099999999999,2.548533
Dartford 012,E02005039,E,7863,442,371,278,406,0.2,0.4,13.5595,3.062735
Dartford 013,E02005040,E,7229,407,341,256,374,0.6,0.8,9.7407,2.566291
Daventry 001,E02005619,E,5825,531,488,364,558,0.6,0.8,12.7195,2.953535
Daventry 002,E02005620,E,7955,726,666,497,763,0.8,1.0,16.048499999999997,3.386305
Daventry 003,E02005621,E,7932,724,664,496,761,0.6,0.8,17.334600000000002,3.5534980000000003
Daventry 004,E02005622,E,8756,799,733,548,840,0.8,1.0,17.6708,3.5972040000000005
Daventry 005,E02005623,E,8002,730,670,500,767,0.8,1.0,16.1376,3.397888
Daventry 006,E02005624,E,9211,840,771,576,883,0.6,0.8,20.1203,3.9156390000000005
Daventry 007,E02005625,E,9091,830,761,569,872,0.4,0.6,21.3093,4.070209
Daventry 008,E02005626,E,6641,606,556,415,637,0.2,0.4,17.911500000000004,3.628495000000001
Daventry 009,E02005627,E,6689,610,560,418,642,0.4,0.6,15.6787,3.3382310000000004
Daventry 010,E02005628,E,7491,683,627,468,718,0.6,0.8,16.359299999999998,3.426709
Derby 001,E02002796,E,5251,364,328,252,415,0.8,1.0,8.7843,2.4419589999999998
Derby 002,E02002797,E,6411,445,400,308,506,0.8,1.0,10.7193,2.693509
Derby 003,E02002798,E,8680,602,542,417,685,0.8,1.0,14.511999999999999,3.18656
Derby 004,E02002799,E,5131,356,320,247,404,0.2,0.4,11.4905,2.7937650000000005
Derby 005,E02002800,E,6106,423,381,293,482,0.6,0.8,10.9688,2.725944
Derby 006,E02002801,E,6515,452,407,313,515,0.4,0.6,12.5445,2.930785
Derby 007,E02002802,E,6860,476,428,330,541,0.0,0.2,17.438000000000002,3.5669400000000007
Derby 008,E02002803,E,6651,461,415,320,524,0.2,0.4,14.8965,3.236545
Derby 009,E02002804,E,6537,453,408,314,516,0.2,0.4,14.6495,3.204435
Derby 010,E02002805,E,4880,339,305,235,385,0.8,1.0,8.161999999999999,2.36106
Derby 011,E02002806,E,5605,389,350,269,443,0.2,0.4,12.5685,2.933905
Derby 012,E02002807,E,7724,536,482,371,609,0.2,0.4,17.303,3.54939
Derby 013,E02002808,E,10120,702,632,486,799,0.0,0.2,25.732000000000003,4.645160000000001
Derby 014,E02002809,E,5716,396,357,275,452,0.2,0.4,12.823,2.96699
Derby 015,E02002810,E,7038,488,439,338,555,0.8,1.0,11.7604,2.8288520000000004
Derby 016,E02002811,E,8536,592,533,410,674,0.0,0.2,21.704600000000003,4.1215980000000005
Derby 017,E02002812,E,5964,414,372,287,471,0.4,0.6,11.479199999999999,2.792296
Derby 018,E02002813,E,8837,613,552,425,698,0.0,0.2,22.4782,4.2221660000000005
Derby 019,E02002814,E,6301,437,393,303,498,0.8,1.0,10.5433,2.670629
Derby 020,E02002815,E,6560,455,410,315,518,0.0,0.2,16.682,3.46866
Derby 021,E02002816,E,8052,559,503,387,636,0.8,1.0,13.470600000000001,3.051178
Derby 022,E02002817,E,5409,375,338,260,427,0.6,0.8,9.7217,2.563821
Derby 023,E02002818,E,6564,455,410,315,518,0.0,0.2,16.6844,3.468972
Derby 024,E02002819,E,6342,440,396,305,500,0.2,0.4,14.21,3.1473000000000004
Derby 025,E02002820,E,8312,577,519,400,657,0.0,0.2,21.151200000000003,4.049656000000001
Derby 026,E02002821,E,9427,654,588,453,744,0.0,0.2,23.9652,4.415476
Derby 027,E02002822,E,5769,400,360,277,456,0.4,0.6,11.104700000000001,2.7436110000000005
Derby 028,E02002823,E,6401,444,400,308,505,0.2,0.4,14.348500000000001,3.165305
Derby 029,E02002824,E,8267,573,516,397,653,0.0,0.2,21.020200000000003,4.0326260000000005
Derby 030,E02002825,E,7315,507,457,352,577,0.4,0.6,14.072500000000002,3.1294250000000003
Derby 031,E02002826,E,5697,395,356,274,450,0.6,0.8,10.2431,2.631603
Derbyshire Dales 001,E02004068,E,5264,711,660,521,873,0.8,1.0,16.5292,3.4487959999999998
Derbyshire Dales 002,E02004069,E,4703,635,590,465,780,0.8,1.0,14.7659,3.219567
Derbyshire Dales 003,E02004070,E,4440,600,557,439,737,0.6,0.8,15.062,3.25806
Derbyshire Dales 004,E02004071,E,3559,481,447,352,591,0.6,0.8,12.0787,2.870231
Derbyshire Dales 005,E02004072,E,5953,804,747,589,988,0.8,1.0,18.700899999999997,3.7311169999999994
Derbyshire Dales 006,E02004073,E,6294,850,790,623,1045,0.4,0.6,23.026200000000003,4.293406000000001
Derbyshire Dales 007,E02004074,E,4044,546,507,400,671,0.6,0.8,13.714199999999998,3.082846
Derbyshire Dales 008,E02004075,E,5180,700,650,512,860,0.6,0.8,17.573999999999998,3.58462
Derbyshire Dales 009,E02004076,E,4579,618,574,453,760,0.6,0.8,15.5307,3.3189910000000005
Derbyshire Dales 010,E02004077,E,5451,736,684,539,905,0.6,0.8,18.4933,3.704129
Doncaster 001,E02001539,E,4986,415,392,314,451,0.0,0.2,14.636600000000001,3.202758
Doncaster 002,E02001540,E,9674,804,761,609,876,0.0,0.2,28.404400000000003,4.992572000000001
Doncaster 003,E02001541,E,9346,777,735,589,846,0.2,0.4,24.219,4.44847
Doncaster 004,E02001542,E,6200,515,487,390,561,0.0,0.2,18.192,3.6649599999999998
Doncaster 005,E02001543,E,7032,585,553,443,637,0.0,0.2,20.654200000000003,3.9850460000000005
Doncaster 006,E02001544,E,7221,600,568,455,654,0.2,0.4,18.7155,3.733015
Doncaster 007,E02001545,E,7121,592,560,448,645,0.6,0.8,14.8953,3.236389
Doncaster 008,E02001546,E,7140,594,561,450,647,0.2,0.4,18.51,3.7063000000000006
Doncaster 009,E02001547,E,8898,740,700,560,806,0.0,0.2,26.130800000000004,4.697004000000001
Doncaster 010,E02001548,E,6640,552,522,418,601,0.0,0.2,19.492,3.8339600000000003
Doncaster 011,E02001549,E,4947,411,389,312,449,0.4,0.6,11.1221,2.745873
Doncaster 012,E02001550,E,6185,514,486,390,560,0.2,0.4,16.0285,3.383705
Doncaster 013,E02001551,E,4996,415,393,315,453,0.2,0.4,12.956,2.98428
Doncaster 014,E02001552,E,6370,530,501,401,577,0.2,0.4,16.51,3.4463
Doncaster 015,E02001553,E,8302,690,653,523,752,0.2,0.4,21.518,4.09734
Doncaster 016,E02001554,E,5322,442,418,335,482,0.6,0.8,11.1296,2.746848
Doncaster 017,E02001555,E,4623,384,363,291,419,0.4,0.6,10.3809,2.6495170000000003
Doncaster 018,E02001556,E,7702,640,606,485,698,0.0,0.2,22.6222,4.240886
Doncaster 019,E02001557,E,7863,654,618,495,712,0.2,0.4,20.3745,3.9486850000000002
Doncaster 020,E02001558,E,5076,422,399,320,460,0.4,0.6,11.4028,2.7823640000000003
Doncaster 021,E02001559,E,6416,533,504,404,581,0.6,0.8,13.4178,3.044314
Doncaster 022,E02001560,E,8709,724,685,548,788,0.0,0.2,25.5624,4.623112
Doncaster 023,E02001561,E,5237,435,412,330,475,0.0,0.2,15.3872,3.3003359999999997
Doncaster 024,E02001562,E,4894,407,385,308,443,0.2,0.4,12.68,2.9484000000000004
Doncaster 025,E02001563,E,6326,526,498,398,573,0.6,0.8,13.2348,3.020524
Doncaster 026,E02001564,E,6256,520,492,394,567,0.8,1.0,12.1078,2.874014
Doncaster 027,E02001565,E,5652,470,445,356,512,0.8,1.0,10.9376,2.721888
Doncaster 028,E02001566,E,6580,547,517,414,596,0.0,0.2,19.318,3.8113400000000004
Doncaster 029,E02001567,E,7588,631,597,478,688,0.0,0.2,22.294800000000002,4.198324
Doncaster 030,E02001568,E,4894,407,385,308,443,0.0,0.2,14.368400000000001,3.167892
Doncaster 031,E02001569,E,7631,634,600,481,692,0.0,0.2,22.419600000000003,4.214548000000001
Doncaster 032,E02001570,E,5802,482,456,365,525,0.0,0.2,17.0262,3.513406
Doncaster 033,E02001571,E,5044,419,397,318,457,0.4,0.6,11.331199999999999,2.773056
Doncaster 034,E02001572,E,5999,499,472,378,543,0.0,0.2,17.6164,3.5901319999999997
Doncaster 035,E02001573,E,6514,541,512,410,590,0.2,0.4,16.878,3.49414
Doncaster 036,E02001574,E,5193,432,408,327,471,0.4,0.6,11.6679,2.816827
Doncaster 037,E02001575,E,6026,501,474,379,546,0.0,0.2,17.695600000000002,3.600428000000001
Doncaster 038,E02001576,E,4820,401,379,304,437,0.6,0.8,10.091000000000001,2.6118300000000003
Doncaster 039,E02001577,E,5404,449,425,340,489,0.6,0.8,11.2982,2.7687660000000003
Dover 001,E02005041,E,6050,643,601,460,730,0.4,0.6,17.025,3.51325
Dover 002,E02005042,E,7731,822,767,588,931,0.6,0.8,20.2123,3.927599
Dover 003,E02005043,E,6424,683,638,489,775,0.4,0.6,18.0792,3.650296
Dover 004,E02005044,E,5909,628,587,450,712,0.4,0.6,16.6207,3.4606909999999997
Dover 005,E02005045,E,6895,733,684,525,831,0.2,0.4,22.0295,4.163835
Dover 006,E02005046,E,5609,596,557,427,676,0.2,0.4,17.9215,3.6297950000000005
Dover 007,E02005047,E,6569,698,652,500,791,0.4,0.6,18.466700000000003,3.7006710000000007
Dover 008,E02005048,E,5638,599,560,429,680,0.6,0.8,14.7544,3.2180720000000003
Dover 009,E02005049,E,5980,636,594,455,721,0.6,0.8,15.648,3.3342400000000003
Dover 010,E02005050,E,7877,837,782,599,949,0.8,1.0,19.0351,3.7745630000000006
Dover 011,E02005051,E,11491,1221,1141,874,1385,0.0,0.2,41.4426,6.687538
Dover 012,E02005052,E,6807,723,676,518,820,0.0,0.2,24.5452,4.490876
Dover 013,E02005053,E,7683,816,763,584,926,0.0,0.2,27.7048,4.901624
Dover 014,E02005054,E,5724,608,568,435,689,0.6,0.8,14.9592,3.2446960000000002
Dudley 001,E02002000,E,6558,530,477,366,596,0.2,0.4,16.491,3.44383
Dudley 002,E02002001,E,5015,405,365,280,456,0.2,0.4,12.6145,2.9398850000000003
Dudley 003,E02002002,E,5971,482,434,333,543,0.8,1.0,11.261299999999999,2.763969
Dudley 004,E02002003,E,7669,620,557,427,697,0.2,0.4,19.2755,3.805815
Dudley 005,E02002004,E,6334,512,460,353,575,0.0,0.2,18.0314,3.644082
Dudley 006,E02002005,E,6818,551,496,380,620,0.0,0.2,19.425800000000002,3.825354000000001
Dudley 007,E02002006,E,5393,436,392,301,490,0.2,0.4,13.5595,3.062735
Dudley 008,E02002007,E,7358,594,535,410,669,0.4,0.6,16.023400000000002,3.3830420000000005
Dudley 009,E02002008,E,7020,567,510,391,638,0.6,0.8,14.253,3.15289
Dudley 010,E02002009,E,5654,457,411,315,514,0.0,0.2,16.1054,3.393702
Dudley 011,E02002010,E,6055,489,440,338,550,0.0,0.2,17.244,3.5417199999999998
Dudley 012,E02002011,E,4940,399,359,275,449,0.6,0.8,10.030000000000001,2.6039000000000003
Dudley 013,E02002012,E,6565,530,477,366,596,0.0,0.2,18.688,3.7294400000000003
Dudley 014,E02002013,E,5642,456,410,315,513,0.8,1.0,10.6426,2.683538
Dudley 015,E02002014,E,5839,472,424,325,531,0.0,0.2,16.6304,3.461952
Dudley 016,E02002015,E,5076,410,369,283,462,0.4,0.6,11.0608,2.7379040000000003
Dudley 017,E02002016,E,6594,533,479,368,600,0.0,0.2,18.7924,3.7430120000000002
Dudley 018,E02002017,E,6975,564,507,389,634,0.0,0.2,19.871000000000002,3.88323
Dudley 019,E02002018,E,7614,615,553,424,692,0.6,0.8,15.4582,3.3095660000000002
Dudley 020,E02002019,E,6620,535,481,369,602,0.0,0.2,18.859,3.7516700000000007
Dudley 021,E02002020,E,7963,643,579,444,724,0.6,0.8,16.1749,3.402737
Dudley 022,E02002021,E,6165,498,448,344,560,0.0,0.2,17.557,3.5824100000000003
Dudley 023,E02002022,E,7014,567,510,391,637,0.2,0.4,17.628999999999998,3.5917699999999995
Dudley 024,E02002023,E,4498,363,327,251,409,0.6,0.8,9.1374,2.487862
Dudley 025,E02002024,E,7191,581,523,401,654,0.2,0.4,18.0855,3.651115
Dudley 026,E02002025,E,6710,542,488,374,610,0.2,0.4,16.871000000000002,3.4932300000000005
Dudley 027,E02002026,E,5972,482,434,333,543,0.6,0.8,12.1296,2.876848
Dudley 028,E02002027,E,4767,385,347,266,433,0.8,1.0,8.9871,2.468323
Dudley 029,E02002028,E,4926,398,358,275,448,0.6,0.8,10.0088,2.601144
Dudley 030,E02002029,E,4952,400,360,276,450,0.6,0.8,10.055599999999998,2.607228
Dudley 031,E02002030,E,5286,427,384,295,481,0.2,0.4,13.297,3.0286100000000005
Dudley 032,E02002031,E,5061,409,368,282,460,0.2,0.4,12.723500000000001,2.9540550000000003
Dudley 033,E02002032,E,8376,677,609,467,762,0.2,0.4,21.067999999999998,4.0388399999999995
Dudley 034,E02002033,E,6282,507,457,350,571,0.6,0.8,12.7576,2.958488
Dudley 035,E02002034,E,6837,552,497,381,621,0.2,0.4,17.1815,3.533595
Dudley 036,E02002035,E,5179,418,376,289,471,0.6,0.8,10.5197,2.667561
Dudley 037,E02002036,E,5540,448,403,309,504,0.0,0.2,15.790000000000001,3.3527000000000005
Dudley 038,E02002037,E,4951,400,360,276,450,0.4,0.6,10.781300000000002,2.701569
Dudley 039,E02002038,E,7928,641,576,442,721,0.2,0.4,19.937,3.8918100000000004
Dudley 040,E02002039,E,5332,431,388,297,485,0.6,0.8,10.8336,2.708368
Dudley 041,E02002040,E,5028,406,365,280,457,0.8,1.0,9.4774,2.532062
Dudley 042,E02002041,E,5226,422,380,291,475,0.6,0.8,10.611799999999999,2.679534
Dudley 043,E02002042,E,6791,549,494,379,617,0.8,1.0,12.805299999999999,2.964689
Ealing 001,E02000238,E,7593,513,435,337,528,0.4,0.6,13.401900000000001,3.0422470000000006
Ealing 002,E02000239,E,7194,486,412,319,501,0.6,0.8,11.8842,2.844946
Ealing 003,E02000240,E,8204,555,470,364,570,0.2,0.4,17.035,3.51455
Ealing 004,E02000241,E,5304,359,304,235,370,0.4,0.6,9.3752,2.518776
Ealing 005,E02000242,E,5406,365,310,240,376,0.6,0.8,8.927800000000001,2.4606140000000005
Ealing 006,E02000243,E,6801,460,390,302,473,0.2,0.4,14.1305,3.136965
Ealing 007,E02000244,E,5730,388,329,254,399,0.4,0.6,10.123000000000001,2.61599
Ealing 008,E02000245,E,6519,441,374,289,454,0.0,0.2,15.457400000000002,3.309462
Ealing 009,E02000246,E,6991,473,401,310,486,0.2,0.4,14.520500000000002,3.1876650000000004
Ealing 010,E02000247,E,8238,557,472,365,574,0.2,0.4,17.121000000000002,3.5257300000000003
Ealing 011,E02000248,E,5859,396,336,260,408,0.4,0.6,10.349700000000002,2.645461
Ealing 012,E02000249,E,6172,417,354,274,429,0.2,0.4,12.818999999999999,2.96647
Ealing 013,E02000250,E,5186,351,297,230,361,0.8,1.0,7.972799999999999,2.3364640000000003
Ealing 014,E02000251,E,6349,429,364,282,442,0.4,0.6,11.2147,2.757911
Ealing 015,E02000252,E,7757,525,445,344,540,0.2,0.4,16.1215,3.3957950000000006
Ealing 016,E02000253,E,7699,521,441,341,536,0.0,0.2,18.248400000000004,3.6722920000000006
Ealing 017,E02000254,E,7152,484,410,317,498,0.2,0.4,14.863,3.23219
Ealing 018,E02000255,E,7566,512,434,336,526,0.4,0.6,13.357800000000001,3.0365140000000004
Ealing 019,E02000256,E,7082,479,406,314,492,0.6,0.8,11.688600000000001,2.8195180000000004
Ealing 020,E02000257,E,10795,730,619,479,751,0.4,0.6,19.0605,3.7778650000000003
Ealing 021,E02000258,E,5379,364,308,239,374,0.4,0.6,9.495700000000001,2.534441
Ealing 022,E02000259,E,5016,339,288,222,349,0.6,0.8,8.283800000000001,2.376894
Ealing 023,E02000260,E,6960,471,399,309,484,0.2,0.4,14.46,3.1798
Ealing 024,E02000261,E,8606,582,493,382,599,0.2,0.4,17.883,3.62479
Ealing 025,E02000262,E,7134,482,409,316,496,0.2,0.4,14.813,3.22569
Ealing 026,E02000263,E,9304,629,533,413,647,0.2,0.4,19.326,3.81238
Ealing 027,E02000264,E,6477,438,371,287,450,0.4,0.6,11.4251,2.7852630000000005
Ealing 028,E02000265,E,8886,601,509,394,618,0.2,0.4,18.456,3.69928
Ealing 029,E02000266,E,9855,666,565,437,686,0.0,0.2,23.359,4.336670000000001
Ealing 030,E02000267,E,5538,374,317,246,385,0.4,0.6,9.7734,2.570542
Ealing 031,E02000268,E,7478,506,429,332,520,0.4,0.6,13.2034,3.016442
Ealing 032,E02000269,E,6456,437,370,286,450,0.6,0.8,10.6708,2.6872040000000004
Ealing 033,E02000270,E,6427,435,368,285,448,0.0,0.2,15.2422,3.281486
Ealing 034,E02000271,E,5406,365,310,240,376,0.8,1.0,8.3078,2.380014
Ealing 035,E02000272,E,5394,365,309,239,375,0.8,1.0,8.286200000000001,2.377206
Ealing 037,E02000274,E,10177,688,583,451,708,0.2,0.4,21.137500000000003,4.047875
Ealing 038,E02000275,E,5678,384,325,252,395,0.2,0.4,11.795000000000002,2.8333500000000003
Ealing 039,E02000276,E,5372,363,308,238,374,0.6,0.8,8.8736,2.4535679999999997
Ealing 040,E02006791,E,5365,363,307,238,373,0.4,0.6,9.467500000000001,2.530775
East Cambridgeshire 001,E02003732,E,7411,671,623,490,818,0.4,0.6,18.813299999999998,3.745729
East Cambridgeshire 002,E02003733,E,7101,643,597,469,785,0.6,0.8,16.7843,3.4819590000000007
East Cambridgeshire 003,E02003734,E,9983,904,839,660,1102,0.6,0.8,23.5809,4.3655170000000005
East Cambridgeshire 004,E02003735,E,7194,652,605,475,794,0.8,1.0,15.7812,3.3515560000000004
East Cambridgeshire 005,E02003736,E,8393,760,705,555,927,0.8,1.0,18.4199,3.6945870000000003
East Cambridgeshire 006,E02003737,E,9918,899,834,656,1096,0.6,0.8,23.4454,4.347902
East Cambridgeshire 007,E02003738,E,5213,472,438,344,576,0.6,0.8,12.3159,2.9010670000000003
East Cambridgeshire 008,E02003739,E,5350,485,450,354,591,0.8,1.0,11.745999999999999,2.82698
East Cambridgeshire 009,E02003740,E,5120,464,430,338,565,0.6,0.8,12.089,2.87157
East Cambridgeshire 011,E02006825,E,5389,488,453,356,596,0.8,1.0,11.834700000000002,2.8385110000000005
East Devon 001,E02004129,E,4607,612,607,502,863,0.4,0.6,18.4021,3.692273
East Devon 002,E02004130,E,4964,660,655,541,929,0.4,0.6,19.8232,3.8770160000000002
East Devon 003,E02004131,E,4667,620,615,508,874,0.8,1.0,16.024099999999997,3.383133
East Devon 004,E02004132,E,6905,918,910,752,1293,0.6,0.8,25.5305,4.618965
East Devon 005,E02004133,E,6861,912,905,747,1285,0.4,0.6,27.4043,4.862559
East Devon 006,E02004134,E,5772,768,761,629,1082,0.6,0.8,21.3586,4.076618
East Devon 007,E02004135,E,6748,897,890,735,1264,0.6,0.8,24.9574,4.544462
East Devon 008,E02004136,E,6676,888,880,727,1251,0.8,1.0,22.9348,4.281524
East Devon 009,E02004137,E,4479,595,591,488,838,0.6,0.8,16.5557,3.452241
East Devon 010,E02004138,E,5951,791,785,648,1115,0.6,0.8,22.0123,4.161599
East Devon 011,E02004139,E,5345,711,705,582,1001,0.6,0.8,19.7665,3.8696450000000002
East Devon 012,E02004140,E,4344,577,573,473,813,0.8,1.0,14.911200000000001,3.2384560000000002
East Devon 013,E02004141,E,4882,649,644,532,914,0.8,1.0,16.7646,3.4793980000000007
East Devon 014,E02004142,E,5018,667,662,547,940,0.8,1.0,17.2384,3.540992
East Devon 015,E02004143,E,5302,705,699,577,993,0.8,1.0,18.2066,3.6668580000000004
East Devon 016,E02004144,E,5637,749,743,614,1056,0.8,1.0,19.3611,3.816943
East Devon 017,E02004145,E,5004,665,660,545,938,0.8,1.0,17.194200000000002,3.5352460000000008
East Devon 018,E02004146,E,6058,805,799,660,1135,0.4,0.6,24.203400000000002,4.446442
East Devon 019,E02004147,E,5893,783,777,642,1104,0.4,0.6,23.541900000000002,4.360447000000001
East Devon 020,E02004148,E,5993,797,790,653,1122,0.4,0.6,23.9339,4.4114070000000005
East Dorset 001,E02004243,E,4451,618,623,508,873,0.6,0.8,17.2063,3.5368190000000004
East Dorset 002,E02004244,E,4972,690,696,568,976,0.8,1.0,17.839599999999997,3.619148
East Dorset 003,E02004245,E,5254,730,736,600,1031,0.6,0.8,20.321199999999997,3.941756
East Dorset 004,E02004246,E,4723,656,661,539,926,0.8,1.0,16.9319,3.5011469999999996
East Dorset 005,E02004247,E,4083,567,572,466,801,0.4,0.6,17.0549,3.517137
East Dorset 006,E02004248,E,5204,723,729,595,1022,0.6,0.8,20.1402,3.9182259999999998
East Dorset 007,E02004249,E,3715,516,520,424,729,0.8,1.0,13.3255,3.032315
East Dorset 008,E02004250,E,5264,731,737,601,1033,0.4,0.6,21.9912,4.158856
East Dorset 009,E02004251,E,4362,606,611,498,856,0.8,1.0,15.648599999999998,3.3343179999999997
East Dorset 010,E02004252,E,4830,671,676,551,948,0.6,0.8,18.677999999999997,3.72814
East Dorset 011,E02004253,E,6185,859,866,706,1213,0.8,1.0,22.1785,4.183205
East Dorset 012,E02004254,E,6979,969,977,797,1369,0.8,1.0,25.0297,4.5538609999999995
East Hampshire 001,E02004697,E,4644,461,457,384,708,0.8,1.0,12.9372,2.9818360000000004
East Hampshire 002,E02004698,E,4412,438,434,365,672,0.4,0.6,14.1896,3.144648
East Hampshire 003,E02004699,E,8432,837,829,698,1285,0.8,1.0,23.486600000000003,4.353258
East Hampshire 004,E02004700,E,4645,461,457,384,708,0.4,0.6,14.9435,3.242655
East Hampshire 006,E02004702,E,6500,645,639,538,991,0.6,0.8,19.387,3.82031
East Hampshire 007,E02004703,E,8459,840,832,700,1290,0.8,1.0,23.5717,4.364321
East Hampshire 008,E02004704,E,4498,446,442,372,686,0.6,0.8,13.4154,3.044002
East Hampshire 009,E02004705,E,6733,668,662,557,1027,0.8,1.0,18.761899999999997,3.7390469999999993
East Hampshire 010,E02004706,E,6012,597,591,498,917,0.6,0.8,17.9386,3.6320180000000004
East Hampshire 011,E02004707,E,9148,908,900,757,1394,0.8,1.0,25.4794,4.612322
East Hampshire 012,E02004708,E,6836,679,672,566,1042,0.6,0.8,20.3888,3.950544
East Hampshire 013,E02004709,E,5859,582,576,485,893,0.8,1.0,16.3217,3.4218210000000004
East Hampshire 014,E02004710,E,5063,503,498,419,772,0.8,1.0,14.107899999999999,3.1340269999999997
East Hampshire 016,E02006829,E,5193,516,511,430,792,0.8,1.0,14.4739,3.181607
East Hampshire 017,E02006838,E,5228,519,514,433,797,0.8,1.0,14.5664,3.193632
East Hertfordshire 001,E02004878,E,5876,497,457,349,574,0.8,1.0,11.729800000000001,2.8248740000000003
East Hertfordshire 002,E02004879,E,6755,571,525,401,659,0.6,0.8,14.522499999999999,3.187925
East Hertfordshire 003,E02004880,E,8031,679,625,476,784,0.8,1.0,16.0213,3.3827689999999997
East Hertfordshire 004,E02004881,E,4985,421,388,296,487,0.8,1.0,9.9505,2.593565
East Hertfordshire 005,E02004882,E,7002,592,544,415,684,0.8,1.0,13.971599999999999,3.116308
East Hertfordshire 006,E02004883,E,5025,425,391,298,491,0.8,1.0,10.0305,2.603965
East Hertfordshire 007,E02004884,E,8603,727,669,510,840,0.6,0.8,18.5009,3.7051170000000004
East Hertfordshire 008,E02004885,E,7705,651,599,457,753,0.8,1.0,15.3795,3.299335
East Hertfordshire 009,E02004886,E,4931,417,383,292,482,0.6,0.8,10.607299999999999,2.678949
East Hertfordshire 010,E02004887,E,6239,527,485,370,609,0.8,1.0,12.4447,2.917811
East Hertfordshire 011,E02004888,E,7401,625,576,439,723,0.8,1.0,14.7703,3.220139
East Hertfordshire 012,E02004889,E,9212,778,716,547,900,0.8,1.0,18.386599999999998,3.690258
East Hertfordshire 013,E02004890,E,7238,612,563,429,707,0.8,1.0,14.4434,3.177642
East Hertfordshire 014,E02004891,E,6525,551,507,387,637,0.8,1.0,13.0155,2.9920150000000003
East Hertfordshire 015,E02004892,E,4870,411,379,289,476,0.6,0.8,10.48,2.6624
East Hertfordshire 016,E02004893,E,4770,403,371,283,466,0.8,1.0,9.52,2.5376000000000003
East Hertfordshire 017,E02004894,E,7271,614,566,431,710,0.8,1.0,14.5063,3.185819
East Hertfordshire 018,E02004895,E,8050,680,626,478,786,0.8,1.0,16.063,3.38819
East Lindsey 001,E02005424,E,7170,1124,1087,815,1181,0.6,0.8,25.813,4.65569
East Lindsey 002,E02005425,E,4590,719,696,522,755,0.4,0.6,17.791,3.6128299999999998
East Lindsey 003,E02005426,E,6976,1093,1058,793,1149,0.2,0.4,30.337999999999997,5.24394
East Lindsey 004,E02005427,E,4914,770,745,558,809,0.4,0.6,19.0502,3.7765260000000005
East Lindsey 005,E02005428,E,5852,917,887,665,964,0.0,0.2,28.754199999999997,5.038046
East Lindsey 006,E02005429,E,4716,739,715,536,776,0.0,0.2,23.163600000000002,4.311268
East Lindsey 007,E02005430,E,4972,779,754,565,819,0.2,0.4,21.622,4.11086
East Lindsey 008,E02005431,E,6070,951,920,690,1000,0.2,0.4,26.398,4.73174
East Lindsey 009,E02005432,E,5440,853,825,618,896,0.2,0.4,23.657000000000004,4.3754100000000005
East Lindsey 010,E02005433,E,5116,802,776,582,842,0.0,0.2,25.1376,4.567888
East Lindsey 011,E02005434,E,5121,803,776,582,844,0.4,0.6,19.866300000000003,3.882619
East Lindsey 012,E02005435,E,5269,826,799,599,867,0.0,0.2,25.8834,4.664842
East Lindsey 013,E02005436,E,5558,871,843,632,915,0.2,0.4,24.168,4.44184
East Lindsey 014,E02005437,E,4243,665,643,482,699,0.0,0.2,20.8478,4.010214
East Lindsey 015,E02005438,E,4663,731,707,530,768,0.0,0.2,22.913800000000002,4.278794
East Lindsey 016,E02005439,E,8138,1276,1234,925,1340,0.6,0.8,29.2944,5.108272
East Lindsey 017,E02005440,E,3884,609,589,441,639,0.0,0.2,19.0754,3.779802
East Lindsey 018,E02005441,E,6066,951,920,690,999,0.2,0.4,26.384,4.72992
East Northamptonshire 001,E02005629,E,5204,511,462,356,632,0.6,0.8,13.1632,3.011216
East Northamptonshire 002,E02005630,E,9052,888,803,619,1100,0.8,1.0,21.2926,4.0680380000000005
East Northamptonshire 003,E02005631,E,9133,896,810,624,1110,0.8,1.0,21.4819,4.092647
East Northamptonshire 004,E02005632,E,5514,541,489,377,670,0.6,0.8,13.947199999999999,3.113136
East Northamptonshire 005,E02005633,E,7886,774,700,539,959,0.6,0.8,19.9578,3.894514
East Northamptonshire 006,E02005634,E,7789,764,691,533,947,0.4,0.6,21.1907,4.054791
East Northamptonshire 007,E02005635,E,7894,775,701,540,960,0.6,0.8,19.9822,3.897686
East Northamptonshire 008,E02005636,E,10163,997,902,695,1236,0.4,0.6,27.652900000000002,4.894877
East Northamptonshire 009,E02005637,E,7578,744,672,518,922,0.2,0.4,23.399,4.34187
East Northamptonshire 010,E02005638,E,8975,881,797,614,1091,0.8,1.0,21.119500000000002,4.045535
East Riding of Yorkshire 001,E02002684,E,6884,851,834,668,1071,0.4,0.6,23.9632,4.415216
East Riding of Yorkshire 002,E02002685,E,5736,709,695,556,893,0.4,0.6,19.9708,3.896204
East Riding of Yorkshire 003,E02002686,E,5615,694,681,545,874,0.0,0.2,24.546999999999997,4.49111
East Riding of Yorkshire 004,E02002687,E,4287,530,519,416,667,0.0,0.2,18.733199999999997,3.735316
East Riding of Yorkshire 005,E02002688,E,4023,497,488,390,627,0.0,0.2,17.5928,3.587064
East Riding of Yorkshire 006,E02002689,E,4187,518,507,406,652,0.2,0.4,16.3415,3.4243950000000005
East Riding of Yorkshire 008,E02002691,E,5736,709,695,557,893,0.6,0.8,18.5268,3.7084840000000003
East Riding of Yorkshire 009,E02002692,E,6257,774,758,607,973,0.8,1.0,18.6791,3.7282830000000002
East Riding of Yorkshire 010,E02002693,E,4861,601,589,472,756,0.6,0.8,15.6923,3.3399989999999997
East Riding of Yorkshire 011,E02002694,E,7777,961,942,754,1210,0.6,0.8,25.103099999999998,4.563403
East Riding of Yorkshire 012,E02002695,E,5754,712,697,558,895,0.4,0.6,20.026200000000003,3.9034060000000004
East Riding of Yorkshire 013,E02002696,E,4270,528,517,414,665,0.8,1.0,12.756,2.9582800000000002
East Riding of Yorkshire 014,E02002697,E,5395,667,654,523,840,0.6,0.8,17.4235,3.565055
East Riding of Yorkshire 015,E02002698,E,5391,667,653,523,839,0.8,1.0,16.101300000000002,3.3931690000000003
East Riding of Yorkshire 016,E02002699,E,6711,830,813,651,1045,0.8,1.0,20.049300000000002,3.906409
East Riding of Yorkshire 017,E02002700,E,4481,554,543,435,697,0.2,0.4,17.4835,3.5728549999999997
East Riding of Yorkshire 018,E02002701,E,6069,750,735,589,944,0.6,0.8,19.5897,3.846661
East Riding of Yorkshire 019,E02002702,E,6962,861,844,675,1083,0.6,0.8,22.4746,4.221698
East Riding of Yorkshire 020,E02002703,E,6537,808,792,634,1017,0.8,1.0,19.5181,3.8373530000000002
East Riding of Yorkshire 021,E02002704,E,5145,636,624,499,800,0.4,0.6,17.9055,3.6277150000000002
East Riding of Yorkshire 022,E02002705,E,4497,556,545,436,700,0.6,0.8,14.521099999999999,3.187743
East Riding of Yorkshire 023,E02002706,E,4909,607,595,476,764,0.6,0.8,15.8507,3.3605910000000003
East Riding of Yorkshire 024,E02002707,E,5411,669,656,525,842,0.8,1.0,16.1603,3.4008390000000004
East Riding of Yorkshire 025,E02002708,E,5059,626,613,491,787,0.6,0.8,16.3337,3.423381
East Riding of Yorkshire 026,E02002709,E,5354,662,649,519,833,0.6,0.8,17.2842,3.546946
East Riding of Yorkshire 027,E02002710,E,5365,663,650,520,834,0.8,1.0,16.0095,3.381235
East Riding of Yorkshire 028,E02002711,E,5389,666,653,523,838,0.8,1.0,16.0877,3.391401
East Riding of Yorkshire 029,E02002712,E,5338,660,647,518,830,0.6,0.8,17.2294,3.539822
East Riding of Yorkshire 031,E02002714,E,5476,677,664,531,853,0.4,0.6,19.074800000000003,3.7797240000000007
East Riding of Yorkshire 032,E02002715,E,8863,1096,1074,860,1379,0.8,1.0,26.4679,4.740827
East Riding of Yorkshire 033,E02002716,E,6089,753,738,591,948,0.4,0.6,21.206699999999998,4.056871
East Riding of Yorkshire 034,E02002717,E,5405,668,655,524,841,0.4,0.6,18.8135,3.745755
East Riding of Yorkshire 035,E02002718,E,5575,689,675,541,868,0.8,1.0,16.6535,3.4649550000000007
East Riding of Yorkshire 036,E02002719,E,4210,521,510,408,655,0.8,1.0,12.57,2.9341
East Riding of Yorkshire 037,E02002720,E,4969,614,602,482,773,0.8,1.0,14.8357,3.228641
East Riding of Yorkshire 038,E02002721,E,4534,560,549,440,705,0.4,0.6,15.776200000000001,3.350906
East Riding of Yorkshire 039,E02002722,E,6214,768,753,603,967,0.0,0.2,27.1584,4.830592
East Riding of Yorkshire 040,E02002723,E,5996,741,727,582,933,0.4,0.6,20.876800000000003,4.013984000000001
East Riding of Yorkshire 041,E02002724,E,6248,772,757,606,972,0.2,0.4,24.374000000000002,4.4686200000000005
East Riding of Yorkshire 042,E02002725,E,4689,580,568,455,730,0.6,0.8,15.143699999999999,3.268681
East Riding of Yorkshire 043,E02006814,E,5886,728,713,571,916,0.6,0.8,19.0048,3.7706239999999998
East Riding of Yorkshire 044,E02006891,E,5312,657,644,515,827,0.8,1.0,15.8676,3.362788
East Riding of Yorkshire 045,E02006892,E,4601,569,557,446,716,0.4,0.6,16.0143,3.3818589999999995
East Staffordshire 001,E02006131,E,6726,592,539,422,663,0.6,0.8,14.7608,3.218904
East Staffordshire 002,E02006132,E,5319,469,426,334,524,0.4,0.6,12.5297,2.9288610000000004
East Staffordshire 003,E02006133,E,5914,521,474,371,583,0.6,0.8,12.9802,2.987426
East Staffordshire 004,E02006134,E,7865,693,630,494,775,0.8,1.0,16.000500000000002,3.380065
East Staffordshire 005,E02006135,E,6737,593,539,423,664,0.8,1.0,13.7041,3.0815330000000003
East Staffordshire 006,E02006136,E,7422,654,594,466,731,0.6,0.8,16.2816,3.416608
East Staffordshire 007,E02006137,E,7508,662,601,472,740,0.2,0.4,20.328000000000003,3.942640000000001
East Staffordshire 008,E02006138,E,5321,469,426,334,524,0.0,0.2,16.2936,3.4181680000000005
East Staffordshire 009,E02006139,E,6060,534,485,380,597,0.2,0.4,16.396,3.4314800000000005
East Staffordshire 010,E02006140,E,7266,640,582,456,716,0.4,0.6,17.1158,3.525054
East Staffordshire 011,E02006141,E,8866,781,710,557,874,0.0,0.2,27.1616,4.831008
East Staffordshire 012,E02006142,E,4622,407,370,290,456,0.8,1.0,9.406600000000001,2.5228580000000003
East Staffordshire 013,E02006143,E,6208,547,497,390,612,0.6,0.8,13.6264,3.071432
East Staffordshire 014,E02006144,E,6845,603,548,430,674,0.0,0.2,20.96,4.0248
East Staffordshire 015,E02006145,E,4801,423,384,301,473,0.8,1.0,9.7623,2.569099
Eastbourne 001,E02004356,E,5593,600,592,484,929,0.0,0.2,23.851799999999997,4.400734
Eastbourne 002,E02004357,E,5745,616,608,497,955,0.2,0.4,22.0915,4.171895
Eastbourne 003,E02004358,E,5808,623,615,503,965,0.2,0.4,22.334,4.20342
Eastbourne 004,E02004359,E,5926,635,627,513,985,0.2,0.4,22.787,4.26231
Eastbourne 006,E02004361,E,5960,639,631,516,991,0.6,0.8,19.070999999999998,3.77923
Eastbourne 007,E02004362,E,6511,698,689,564,1083,0.4,0.6,22.485300000000002,4.223089000000001
Eastbourne 008,E02004363,E,5024,538,532,435,835,0.4,0.6,17.3412,3.5543560000000003
Eastbourne 009,E02004364,E,6134,657,649,531,1019,0.6,0.8,19.6142,3.8498460000000003
Eastbourne 010,E02004365,E,5541,594,586,480,921,0.0,0.2,23.6366,4.372758
Eastbourne 011,E02004366,E,5150,552,545,446,856,0.2,0.4,19.805,3.87465
Eastbourne 012,E02004367,E,5278,566,559,457,877,0.8,1.0,15.7654,3.349502
Eastbourne 013,E02006857,E,6348,680,672,549,1055,0.4,0.6,21.9064,4.147832
Eastbourne 014,E02006858,E,5203,558,551,451,865,0.4,0.6,17.966900000000003,3.6356970000000004
Eastleigh 001,E02004712,E,7844,588,571,469,811,0.8,1.0,15.9372,3.371836
Eastleigh 002,E02004713,E,6992,524,509,418,723,0.8,1.0,14.2066,3.146858
Eastleigh 003,E02004714,E,6866,515,500,410,710,0.8,1.0,13.9498,3.113474
Eastleigh 004,E02004715,E,7180,538,522,429,743,0.6,0.8,15.636000000000001,3.33268
Eastleigh 005,E02004716,E,7857,589,572,469,813,0.6,0.8,17.1111,3.5244429999999998
Eastleigh 006,E02004717,E,8630,647,628,516,892,0.4,0.6,20.195,3.92535
Eastleigh 007,E02004718,E,7916,594,576,473,819,0.4,0.6,18.5328,3.709264
Eastleigh 008,E02004719,E,8984,674,654,537,929,0.8,1.0,18.255200000000002,3.6731760000000007
Eastleigh 009,E02004720,E,9590,719,698,573,992,0.8,1.0,19.488,3.8334400000000004
Eastleigh 010,E02004721,E,8229,617,599,492,851,0.8,1.0,16.7217,3.473821
Eastleigh 011,E02004722,E,6436,483,468,385,665,0.6,0.8,14.008799999999999,3.121144
Eastleigh 012,E02004723,E,8395,629,611,502,868,0.8,1.0,17.0565,3.5173449999999997
Eastleigh 013,E02004724,E,6830,512,497,408,707,0.4,0.6,15.993,3.3790900000000006
Eastleigh 014,E02004725,E,4752,356,346,284,492,0.6,0.8,10.3536,2.645968
Eastleigh 015,E02004726,E,5082,381,370,304,525,0.8,1.0,10.3216,2.641808
Eden 001,E02004008,E,4272,620,592,442,693,0.4,0.6,15.857600000000001,3.3614880000000005
Eden 002,E02004009,E,4063,589,563,420,659,0.6,0.8,13.997900000000001,3.119727
Eden 003,E02004010,E,4758,690,659,492,772,0.2,0.4,19.793,3.8730900000000004
Eden 004,E02004011,E,6561,951,909,679,1064,0.8,1.0,20.7873,4.002349
Eden 005,E02004012,E,3788,549,525,392,614,0.4,0.6,14.054400000000001,3.127072
Eden 006,E02004013,E,6619,960,917,685,1073,0.4,0.6,24.5597,4.492761
Eden 007,E02004014,E,5073,736,703,525,822,0.4,0.6,18.8199,3.746587
Elmbridge 001,E02006317,E,4700,391,362,279,542,0.8,1.0,10.273,2.63549
Elmbridge 002,E02006318,E,4957,412,381,295,572,0.8,1.0,10.8401,2.709213
Elmbridge 003,E02006319,E,5275,439,406,314,609,0.6,0.8,12.3535,2.905955
Elmbridge 004,E02006320,E,5093,424,392,303,587,0.4,0.6,12.805900000000001,2.964767
Elmbridge 005,E02006321,E,4934,410,380,293,569,0.8,1.0,10.784199999999998,2.701946
Elmbridge 006,E02006322,E,4961,413,382,295,572,0.8,1.0,10.8453,2.709889
Elmbridge 007,E02006323,E,5311,442,409,316,612,0.8,1.0,11.607299999999999,2.808949
Elmbridge 008,E02006324,E,5813,484,447,346,671,0.8,1.0,12.716899999999999,2.9531970000000003
Elmbridge 009,E02006325,E,6996,582,538,416,807,0.8,1.0,15.2958,3.2884539999999998
Elmbridge 010,E02006326,E,5107,425,393,304,589,0.8,1.0,11.1671,2.751723
Elmbridge 011,E02006327,E,4969,413,382,295,573,0.8,1.0,10.858699999999999,2.7116309999999997
Elmbridge 012,E02006328,E,6999,582,538,416,807,0.8,1.0,15.2967,3.288571
Elmbridge 013,E02006329,E,5275,439,406,314,609,0.8,1.0,11.5415,2.800395
Elmbridge 014,E02006330,E,7269,605,559,432,838,0.6,0.8,17.0047,3.510611
Elmbridge 015,E02006331,E,5608,467,431,333,647,0.8,1.0,12.2604,2.893852
Elmbridge 016,E02006332,E,5086,423,391,302,587,0.8,1.0,11.1208,2.745704
Elmbridge 017,E02006333,E,7424,618,571,441,856,0.6,0.8,17.3682,3.5578660000000006
Elmbridge 018,E02006334,E,6603,549,508,393,762,0.8,1.0,14.4419,3.177447
Enfield 001,E02000277,E,6274,410,353,267,405,0.2,0.4,12.508,2.92604
Enfield 002,E02000278,E,7828,512,441,334,506,0.0,0.2,17.8718,3.623334
Enfield 003,E02000279,E,10004,654,563,426,645,0.0,0.2,22.809400000000004,4.2652220000000005
Enfield 004,E02000280,E,7543,493,425,322,487,0.4,0.6,12.724900000000002,2.954237
Enfield 005,E02000281,E,7828,512,441,334,505,0.2,0.4,15.612,3.32956
Enfield 006,E02000282,E,8076,528,455,344,521,0.0,0.2,18.4206,3.6946780000000006
Enfield 007,E02000283,E,7463,488,420,318,481,0.2,0.4,14.8735,3.233555
Enfield 008,E02000284,E,7266,475,409,310,469,0.4,0.6,12.253800000000002,2.8929940000000003
Enfield 009,E02000285,E,5844,382,329,249,377,0.6,0.8,9.2252,2.499276
Enfield 010,E02000286,E,7228,473,407,308,466,0.4,0.6,12.182400000000001,2.883712
Enfield 011,E02000287,E,6045,395,340,258,390,0.6,0.8,9.543500000000002,2.540655
Enfield 012,E02000288,E,9295,608,523,396,599,0.0,0.2,21.192,4.05496
Enfield 013,E02000289,E,5819,381,328,248,375,0.6,0.8,9.1847,2.494011
Enfield 014,E02000290,E,6416,420,361,274,414,0.0,0.2,14.6406,3.203278
Enfield 015,E02000291,E,7906,517,445,337,510,0.2,0.4,15.763000000000002,3.34919
Enfield 016,E02000292,E,8434,552,475,359,544,0.4,0.6,14.2162,3.1481060000000003
Enfield 017,E02000293,E,5589,365,315,238,361,0.6,0.8,8.8277,2.447601
Enfield 018,E02000294,E,7865,515,443,335,508,0.2,0.4,15.6905,3.339765
Enfield 019,E02000295,E,7420,485,418,316,479,0.6,0.8,11.717,2.8232100000000004
Enfield 020,E02000296,E,8448,553,476,360,545,0.4,0.6,14.2444,3.1517720000000002
Enfield 021,E02000297,E,8237,539,464,351,532,0.6,0.8,13.0121,2.991573
Enfield 022,E02000298,E,7066,462,398,301,456,0.8,1.0,10.360800000000001,2.646904
Enfield 023,E02000299,E,8251,540,464,352,532,0.0,0.2,18.818600000000004,3.7464180000000002
Enfield 024,E02000300,E,7228,473,407,308,466,0.2,0.4,14.409,3.1731700000000003
Enfield 025,E02000301,E,8924,584,502,380,576,0.0,0.2,20.3564,3.946332
Enfield 026,E02000302,E,7376,482,415,314,476,0.4,0.6,12.4328,2.916264
Enfield 027,E02000303,E,7434,486,418,317,479,0.0,0.2,16.947400000000002,3.5031620000000006
Enfield 028,E02000304,E,7170,469,403,305,462,0.8,1.0,10.502,2.66526
Enfield 029,E02000305,E,7649,500,431,326,494,0.4,0.6,12.9027,2.977351
Enfield 030,E02000306,E,8107,530,456,346,523,0.0,0.2,18.4922,3.7039860000000004
Enfield 031,E02000307,E,8747,572,492,373,565,0.2,0.4,17.448500000000003,3.5683050000000005
Enfield 032,E02000308,E,6854,448,386,292,443,0.2,0.4,13.675,3.07775
Enfield 033,E02000309,E,9295,608,523,396,599,0.0,0.2,21.192,4.05496
Enfield 035,E02000311,E,8747,572,492,373,565,0.2,0.4,17.448500000000003,3.5683050000000005
Enfield 036,E02000312,E,9282,607,522,396,599,0.4,0.6,15.6506,3.3345780000000005
Enfield 037,E02006793,E,7893,516,444,336,509,0.0,0.2,17.995800000000003,3.6394540000000006
Epping Forest 001,E02004527,E,7299,604,552,439,726,0.6,0.8,15.7867,3.352271
Epping Forest 002,E02004528,E,6797,563,514,409,676,0.6,0.8,14.702100000000002,3.2112730000000003
Epping Forest 003,E02004529,E,5595,463,423,336,556,0.2,0.4,14.9025,3.2373250000000002
Epping Forest 004,E02004530,E,5288,438,400,318,526,0.6,0.8,11.4384,2.786992
Epping Forest 005,E02004531,E,5276,437,399,317,524,0.6,0.8,11.4018,2.782234
Epping Forest 006,E02004532,E,5238,434,396,315,521,0.6,0.8,11.3294,2.772822
Epping Forest 007,E02004533,E,6052,501,458,364,601,0.2,0.4,16.121,3.3957300000000004
Epping Forest 008,E02004534,E,7408,613,560,445,736,0.4,0.6,17.1904,3.534752
Epping Forest 009,E02004535,E,4428,367,335,266,440,0.2,0.4,11.797,2.83361
Epping Forest 010,E02004536,E,5139,425,389,309,511,0.8,1.0,10.3357,2.6436409999999997
Epping Forest 011,E02004537,E,7232,599,547,435,719,0.2,0.4,19.274,3.8056200000000002
Epping Forest 012,E02004538,E,7589,628,574,456,754,0.8,1.0,15.2547,3.283111
Epping Forest 013,E02004539,E,6439,533,487,387,641,0.4,0.6,14.959700000000002,3.2447610000000005
Epping Forest 014,E02004540,E,5051,418,382,304,502,0.8,1.0,10.1573,2.620449
Epping Forest 015,E02004541,E,9625,797,728,578,957,0.8,1.0,19.3545,3.816085
Epping Forest 016,E02004542,E,5386,446,407,324,535,0.8,1.0,10.8268,2.707484
Epping Forest 017,E02004543,E,5600,464,424,337,557,0.6,0.8,12.116,2.87508
Epsom and Ewell 001,E02006335,E,6741,481,450,352,640,0.8,1.0,12.6843,2.9489590000000003
Epsom and Ewell 002,E02006336,E,5850,418,390,305,555,0.6,0.8,11.780999999999999,2.83153
Epsom and Ewell 003,E02006337,E,7520,537,502,393,714,0.8,1.0,14.152999999999999,3.13989
Epsom and Ewell 004,E02006338,E,5856,418,391,306,556,0.8,1.0,11.0208,2.732704
Epsom and Ewell 005,E02006339,E,7718,551,515,403,732,0.6,0.8,15.544400000000001,3.3207720000000007
Epsom and Ewell 007,E02006341,E,8178,584,545,427,776,0.6,0.8,16.4724,3.4414120000000006
Epsom and Ewell 008,E02006342,E,6208,443,414,324,589,0.8,1.0,11.6754,2.8178020000000004
Epsom and Ewell 009,E02006343,E,7475,534,498,390,709,0.8,1.0,14.055499999999999,3.1272149999999996
Epsom and Ewell 010,E02006837,E,9075,648,605,474,861,0.8,1.0,17.0695,3.5190350000000006
Erewash 001,E02004078,E,5782,504,461,357,617,0.0,0.2,18.197200000000002,3.665636
Erewash 003,E02004080,E,7600,662,606,469,812,0.2,0.4,21.237000000000002,4.06081
Erewash 004,E02004081,E,4625,403,369,285,493,0.8,1.0,9.7795,2.5713350000000004
Erewash 005,E02004082,E,5100,444,407,315,544,0.8,1.0,10.791,2.70283
Erewash 006,E02004083,E,6277,547,501,387,670,0.4,0.6,15.3431,3.2946030000000004
Erewash 007,E02004084,E,5029,438,401,310,537,0.0,0.2,15.8264,3.357432
Erewash 008,E02004085,E,7029,612,561,434,751,0.4,0.6,17.192700000000002,3.535051
Erewash 009,E02004086,E,5934,517,473,366,634,0.6,0.8,13.510200000000001,3.0563260000000003
Erewash 010,E02004087,E,6324,551,505,390,675,0.2,0.4,17.665,3.59645
Erewash 011,E02004088,E,6159,537,491,380,657,0.8,1.0,13.0307,2.9939910000000003
Erewash 012,E02004089,E,5425,473,433,335,579,0.2,0.4,15.156500000000001,3.2703450000000003
Erewash 013,E02004090,E,4967,433,396,306,531,0.6,0.8,11.3111,2.770443
Erewash 014,E02004091,E,7192,626,574,444,767,0.6,0.8,16.3626,3.4271380000000002
Erewash 015,E02004092,E,7731,673,617,477,825,0.4,0.6,18.8953,3.7563890000000004
Erewash 016,E02006828,E,5499,479,439,339,587,0.6,0.8,12.5157,2.927041
Exeter 001,E02004149,E,8794,525,504,412,712,0.8,1.0,14.5882,3.196466
Exeter 002,E02004150,E,6654,397,382,311,539,0.2,0.4,14.690999999999999,3.20983
Exeter 003,E02004151,E,7757,463,445,363,628,0.4,0.6,14.7471,3.217123
Exeter 004,E02004152,E,8209,490,471,384,665,0.6,0.8,14.5617,3.193021
Exeter 005,E02004153,E,7356,439,422,344,596,0.4,0.6,13.988800000000001,3.118544
Exeter 006,E02004154,E,7967,476,457,373,645,0.6,0.8,14.1301,3.1369130000000003
Exeter 007,E02004155,E,7367,440,423,345,597,0.4,0.6,14.016100000000002,3.1220930000000005
Exeter 008,E02004156,E,9342,558,536,437,757,0.2,0.4,20.632,3.9821600000000004
Exeter 009,E02004157,E,6424,383,368,301,520,0.8,1.0,10.6542,2.685046
Exeter 010,E02004158,E,7627,455,438,357,618,0.4,0.6,14.5081,3.1860530000000002
Exeter 011,E02004159,E,9075,542,520,425,735,0.8,1.0,15.0565,3.257345
Exeter 012,E02004160,E,6993,418,401,327,567,0.6,0.8,12.4099,2.9132870000000004
Exeter 013,E02004161,E,7776,464,446,364,630,0.2,0.4,17.172,3.5323600000000006
Exeter 014,E02004162,E,7048,421,404,330,571,0.6,0.8,12.5034,2.9254420000000003
Exeter 015,E02004163,E,6424,384,369,301,521,0.6,0.8,11.4072,2.7829360000000003
Fareham 001,E02004727,E,6932,676,670,549,987,0.8,1.0,18.3736,3.688568
Fareham 002,E02004728,E,6583,642,637,521,937,0.8,1.0,17.444899999999997,3.567837
Fareham 003,E02004729,E,5690,555,550,451,811,0.6,0.8,16.192999999999998,3.4050899999999995
Fareham 004,E02004730,E,6721,656,650,532,957,0.8,1.0,17.8153,3.615989
Fareham 005,E02004731,E,6077,593,588,481,865,0.8,1.0,16.1051,3.393663
Fareham 006,E02004732,E,6282,613,608,497,894,0.8,1.0,16.6456,3.463928
Fareham 007,E02004733,E,5663,553,548,449,806,0.6,0.8,16.1079,3.3940270000000003
Fareham 008,E02004734,E,7847,765,759,621,1118,0.6,0.8,22.3231,4.202003
Fareham 009,E02004735,E,5784,564,559,458,823,0.8,1.0,15.3242,3.292146
Fareham 010,E02004736,E,6035,589,584,478,859,0.8,1.0,15.9955,3.379415
Fareham 011,E02004737,E,5713,557,553,453,813,0.4,0.6,17.5139,3.5768069999999996
Fareham 012,E02004738,E,5663,552,548,448,806,0.6,0.8,16.1009,3.393117
Fareham 013,E02004739,E,5314,518,514,421,757,0.8,1.0,14.0902,3.131726
Fareham 014,E02004740,E,5516,538,533,437,785,0.8,1.0,14.6168,3.200184
Fenland 001,E02003742,E,5514,521,494,388,663,0.2,0.4,16.968,3.50584
Fenland 002,E02003743,E,8898,840,798,626,1071,0.0,0.2,30.762800000000002,5.299164
Fenland 003,E02003744,E,11080,1046,993,780,1333,0.0,0.2,38.299,6.2788699999999995
Fenland 004,E02003745,E,8476,800,760,596,1020,0.2,0.4,26.090000000000003,4.691700000000001
Fenland 005,E02003746,E,6853,647,614,482,824,0.2,0.4,21.0855,4.0411150000000005
Fenland 006,E02003747,E,9795,925,878,689,1179,0.4,0.6,26.582500000000003,4.755725000000001
Fenland 007,E02003748,E,6498,614,583,457,782,0.2,0.4,20.006,3.90078
Fenland 008,E02003749,E,5246,495,470,369,632,0.4,0.6,14.241800000000001,3.151434
Fenland 009,E02003750,E,6151,581,552,433,740,0.4,0.6,16.6933,3.470129
Fenland 010,E02003751,E,5669,535,508,399,682,0.6,0.8,14.2997,3.158961
Fenland 011,E02003752,E,9145,863,820,643,1101,0.4,0.6,24.819499999999998,4.526535
Forest Heath 001,E02006238,E,7842,673,637,504,961,0.4,0.6,20.8026,4.004338000000001
Forest Heath 002,E02006239,E,5337,458,434,343,654,0.6,0.8,13.162099999999999,3.0110729999999997
Forest Heath 003,E02006240,E,7063,606,574,454,865,0.4,0.6,18.7309,3.735017
Forest Heath 004,E02006241,E,7068,607,575,454,867,0.4,0.6,18.7624,3.7391120000000004
Forest Heath 005,E02006242,E,6193,531,503,398,759,0.6,0.8,15.270900000000001,3.2852170000000003
Forest Heath 006,E02006243,E,7320,628,595,471,897,0.4,0.6,19.421999999999997,3.82486
Forest Heath 008,E02006826,E,7795,669,634,501,956,0.6,0.8,19.2335,3.8003549999999997
Forest of Dean 001,E02004626,E,8044,922,857,665,1031,0.4,0.6,24.0472,4.4261360000000005
Forest of Dean 002,E02004627,E,4446,509,474,367,570,0.4,0.6,13.2898,3.027674
Forest of Dean 003,E02004628,E,6450,739,687,533,827,0.4,0.6,19.283,3.8067900000000003
Forest of Dean 004,E02004629,E,10188,1168,1085,842,1307,0.2,0.4,34.516000000000005,5.7870800000000004
Forest of Dean 005,E02004630,E,5451,624,580,450,699,0.4,0.6,16.2913,3.4178690000000005
Forest of Dean 006,E02004631,E,4163,477,443,344,534,0.6,0.8,11.5689,2.803957
Forest of Dean 007,E02004632,E,8321,953,886,688,1067,0.4,0.6,24.878300000000003,4.534179000000001
Forest of Dean 008,E02004633,E,6788,778,723,561,871,0.4,0.6,20.3024,3.939312
Forest of Dean 009,E02004634,E,8305,952,885,686,1065,0.4,0.6,24.831500000000002,4.528095
Forest of Dean 010,E02004635,E,5963,683,635,493,765,0.6,0.8,16.5749,3.4547369999999997
Fylde 001,E02005203,E,5438,730,733,596,962,0.6,0.8,19.5854,3.846102
Fylde 002,E02005204,E,7841,1053,1057,859,1386,0.6,0.8,28.2273,4.969549
Fylde 003,E02005205,E,5210,700,703,571,921,0.6,0.8,18.761000000000003,3.7389300000000008
Fylde 004,E02005206,E,5177,696,698,567,916,0.4,0.6,20.1311,3.9170430000000005
Fylde 005,E02005207,E,6125,822,825,670,1082,0.6,0.8,22.0335,4.1643550000000005
Fylde 006,E02005208,E,7564,1016,1020,828,1338,0.2,0.4,32.762,5.55906
Fylde 007,E02005209,E,5939,798,801,650,1050,0.6,0.8,21.3817,4.079621
Fylde 008,E02005210,E,7774,1044,1048,851,1375,0.6,0.8,27.9922,4.938986
Fylde 009,E02005211,E,6492,872,875,711,1148,0.6,0.8,23.3746,4.338698
Gateshead 001,E02001682,E,6072,480,466,375,565,0.4,0.6,13.6756,3.0778280000000002
Gateshead 002,E02001683,E,7060,559,542,436,657,0.6,0.8,14.811,3.2254300000000002
Gateshead 003,E02001684,E,5308,420,408,328,494,0.0,0.2,15.5488,3.321344
Gateshead 004,E02001685,E,6383,505,490,394,593,0.0,0.2,18.6788,3.728244
Gateshead 005,E02001686,E,5489,434,422,339,511,0.4,0.6,12.3687,2.9079310000000005
Gateshead 007,E02001688,E,5973,472,459,369,555,0.0,0.2,17.4818,3.572634
Gateshead 008,E02001689,E,6373,504,489,394,593,0.0,0.2,18.6628,3.726164
Gateshead 009,E02001690,E,5859,463,450,362,545,0.4,0.6,13.195700000000002,3.0154410000000005
Gateshead 010,E02001691,E,6439,509,494,398,599,0.0,0.2,18.8524,3.750812
Gateshead 011,E02001692,E,4958,392,381,306,461,0.0,0.2,14.5138,3.186794
Gateshead 012,E02001693,E,4341,343,333,268,404,0.0,0.2,12.7086,2.9521180000000005
Gateshead 013,E02001694,E,5077,401,390,314,472,0.4,0.6,11.4331,2.786303
Gateshead 014,E02001695,E,4907,388,377,303,456,0.4,0.6,11.0461,2.7359929999999997
Gateshead 015,E02001696,E,7266,575,558,449,676,0.0,0.2,21.279600000000002,4.0663480000000005
Gateshead 016,E02001697,E,6049,478,465,374,562,0.6,0.8,12.6827,2.948751
Gateshead 017,E02001698,E,5622,445,432,347,523,0.8,1.0,10.9286,2.7207179999999997
Gateshead 018,E02001699,E,5397,427,414,333,502,0.0,0.2,15.798200000000001,3.3537660000000002
Gateshead 019,E02001700,E,8198,649,630,507,763,0.4,0.6,18.4754,3.701802
Gateshead 020,E02001701,E,4886,386,375,302,454,0.8,1.0,9.4918,2.5339340000000004
Gateshead 021,E02001702,E,6228,493,478,385,579,0.0,0.2,18.2348,3.6705240000000003
Gateshead 022,E02001703,E,4410,349,339,272,410,0.4,0.6,9.929,2.59077
Gateshead 023,E02001704,E,5533,438,425,342,515,0.0,0.2,16.2088,3.4071439999999997
Gateshead 024,E02001705,E,5445,431,418,337,507,0.2,0.4,14.130500000000001,3.136965
Gateshead 025,E02001706,E,5144,407,395,318,478,0.2,0.4,13.335,3.03355
Gateshead 026,E02001707,E,6467,512,497,400,602,0.2,0.4,16.7815,3.4815950000000004
Gateshead 027,E02006841,E,5789,458,445,358,538,0.0,0.2,16.950400000000002,3.503552
Gateshead 028,E02006842,E,4120,326,316,255,383,0.2,0.4,10.683,2.68879
Gedling 001,E02005865,E,6705,570,540,424,673,0.8,1.0,13.7545,3.0880850000000004
Gedling 002,E02005866,E,7568,644,610,479,760,0.6,0.8,16.7534,3.4779419999999996
Gedling 004,E02005868,E,5458,464,440,345,547,0.4,0.6,12.9594,2.984722
Gedling 005,E02005869,E,4938,420,398,312,496,0.2,0.4,13.457,3.04941
Gedling 006,E02005870,E,5575,474,449,353,559,0.2,0.4,15.184500000000002,3.2739850000000006
Gedling 007,E02005871,E,6032,513,486,381,606,0.8,1.0,12.378599999999999,2.909218
Gedling 008,E02005872,E,4885,415,394,309,490,0.8,1.0,10.0185,2.602405
Gedling 009,E02005873,E,8486,722,684,537,851,0.8,1.0,17.403799999999997,3.562494
Gedling 010,E02005874,E,7089,603,571,448,711,0.8,1.0,14.5357,3.189641
Gedling 011,E02005875,E,6097,518,491,386,612,0.6,0.8,13.4911,3.053843
Gedling 012,E02005876,E,7657,651,617,484,768,0.6,0.8,16.9351,3.501563
Gedling 013,E02005877,E,6226,530,502,394,626,0.4,0.6,14.811800000000002,3.2255340000000006
Gedling 014,E02005878,E,8076,687,651,511,811,0.4,0.6,19.1988,3.7958439999999998
Gedling 015,E02005879,E,6255,532,504,396,628,0.2,0.4,17.0475,3.5161749999999996
Gedling 016,E02006835,E,4975,423,401,315,500,0.4,0.6,11.8325,2.838225
Gloucester 001,E02004636,E,7122,540,493,390,635,0.8,1.0,13.137599999999999,3.007888
Gloucester 002,E02004637,E,7812,592,541,428,697,0.2,0.4,19.206000000000003,3.796780000000001
Gloucester 003,E02004638,E,5089,386,353,279,454,0.6,0.8,10.0997,2.6129610000000003
Gloucester 004,E02004639,E,7245,549,502,397,646,0.0,0.2,20.133,3.9172900000000004
Gloucester 005,E02004640,E,6918,524,479,379,617,0.0,0.2,19.2228,3.798964
Gloucester 006,E02004641,E,6412,486,444,351,573,0.8,1.0,11.8416,2.839408
Gloucester 007,E02004642,E,10467,793,725,573,934,0.4,0.6,22.272100000000002,4.195373
Gloucester 008,E02004643,E,6893,522,477,377,615,0.0,0.2,19.1498,3.7894740000000002
Gloucester 009,E02004644,E,7672,581,531,420,685,0.2,0.4,18.863,3.7521899999999997
Gloucester 010,E02004645,E,8364,634,579,458,747,0.8,1.0,15.4422,3.307486
Gloucester 011,E02004646,E,7494,568,519,410,668,0.0,0.2,20.8174,4.006262
Gloucester 012,E02004647,E,5191,393,360,284,463,0.2,0.4,12.758499999999998,2.958605
Gloucester 013,E02004648,E,5147,390,357,282,459,0.4,0.6,10.952100000000002,2.7237730000000004
Gloucester 014,E02004649,E,6258,474,433,343,558,0.8,1.0,11.5444,2.8007720000000003
Gloucester 015,E02004650,E,9187,696,636,503,820,0.6,0.8,18.2271,3.669523
Gosport 001,E02004741,E,5760,548,539,439,672,0.2,0.4,17.817,3.6162099999999997
Gosport 002,E02004742,E,5566,529,520,424,650,0.2,0.4,17.218,3.53834
Gosport 003,E02004743,E,5669,539,530,432,661,0.6,0.8,14.329699999999999,3.162861
Gosport 004,E02004744,E,6439,612,602,491,751,0.0,0.2,22.3824,4.209712000000001
Gosport 005,E02004745,E,6704,637,627,511,783,0.2,0.4,20.744,3.99672
Gosport 006,E02004746,E,8068,767,754,615,942,0.8,1.0,18.8994,3.7569220000000003
Gosport 007,E02004747,E,4896,466,458,373,571,0.4,0.6,13.3228,3.0319640000000003
Gosport 008,E02004748,E,7127,678,666,543,832,0.0,0.2,24.7812,4.521556
Gosport 009,E02004749,E,5312,505,496,405,620,0.8,1.0,12.4406,2.917278
Gosport 010,E02004750,E,5837,555,546,445,682,0.6,0.8,14.772100000000002,3.2203730000000004
Gravesham 001,E02005055,E,6595,492,436,334,529,0.2,0.4,15.203499999999998,3.276455
Gravesham 002,E02005056,E,8471,632,559,429,680,0.2,0.4,19.5305,3.838965
Gravesham 003,E02005057,E,8964,669,592,454,720,0.2,0.4,20.675,3.98775
Gravesham 004,E02005058,E,6522,487,431,330,524,0.2,0.4,15.044,3.25572
Gravesham 005,E02005059,E,8372,625,553,424,672,0.6,0.8,15.4856,3.313128
Gravesham 006,E02005060,E,6223,464,411,315,499,0.4,0.6,12.3169,2.9011970000000002
Gravesham 007,E02005061,E,6023,449,398,305,484,0.0,0.2,15.7918,3.3529340000000003
Gravesham 008,E02005062,E,5901,440,390,299,473,0.4,0.6,11.6803,2.818439
Gravesham 009,E02005063,E,5582,417,369,283,448,0.4,0.6,11.0586,2.7376180000000003
Gravesham 010,E02005064,E,5640,421,372,285,452,0.6,0.8,10.419,2.65447
Gravesham 011,E02005065,E,6102,455,403,309,490,0.2,0.4,14.071000000000002,3.1292300000000006
Gravesham 012,E02005066,E,6587,491,435,333,529,0.8,1.0,11.312100000000001,2.770573
Gravesham 013,E02005067,E,4983,372,329,252,400,0.6,0.8,9.2149,2.4979370000000003
Great Yarmouth 001,E02005538,E,6794,771,731,566,931,0.2,0.4,23.768,4.38984
Great Yarmouth 002,E02005539,E,5621,638,605,468,770,0.4,0.6,17.430300000000003,3.565939
Great Yarmouth 003,E02005540,E,6762,767,727,563,926,0.4,0.6,20.9606,4.024878
Great Yarmouth 004,E02005541,E,4530,514,487,377,620,0.0,0.2,17.802000000000003,3.6142600000000007
Great Yarmouth 005,E02005542,E,5114,581,550,426,701,0.0,0.2,20.117400000000004,3.9152620000000002
Great Yarmouth 006,E02005543,E,6468,734,696,538,887,0.0,0.2,25.440800000000003,4.607304000000001
Great Yarmouth 007,E02005544,E,5317,603,572,443,728,0.0,0.2,20.9022,4.017286
Great Yarmouth 008,E02005545,E,4805,545,517,400,658,0.6,0.8,13.8375,3.098875
Great Yarmouth 009,E02005546,E,5876,667,632,489,806,0.0,0.2,23.1156,4.305028
Great Yarmouth 010,E02005547,E,6709,761,722,558,919,0.2,0.4,23.459500000000002,4.349735000000001
Great Yarmouth 011,E02005548,E,5407,614,582,450,740,0.0,0.2,21.2542,4.063046
Great Yarmouth 012,E02005549,E,4081,463,439,340,559,0.4,0.6,12.6543,2.945059
Great Yarmouth 013,E02005550,E,4996,567,537,416,684,0.4,0.6,15.484800000000002,3.3130240000000004
Greenwich 001,E02000313,E,7171,366,300,218,282,0.2,0.4,10.7935,2.7031549999999998
Greenwich 002,E02000314,E,14376,735,602,437,567,0.2,0.4,21.664,4.11632
Greenwich 003,E02000315,E,9913,507,415,301,391,0.0,0.2,17.3568,3.5563840000000004
Greenwich 004,E02000316,E,11737,600,492,357,462,0.2,0.4,17.6795,3.5983350000000005
Greenwich 005,E02000317,E,9139,467,383,278,360,0.0,0.2,15.9994,3.3799219999999996
Greenwich 006,E02000318,E,10746,549,450,327,424,0.2,0.4,16.197,3.4056100000000002
Greenwich 007,E02000319,E,11978,612,502,364,472,0.2,0.4,18.045,3.6458500000000003
Greenwich 008,E02000320,E,7233,370,303,220,285,0.2,0.4,10.8985,2.716805
Greenwich 009,E02000321,E,7864,402,329,239,309,0.0,0.2,13.7544,3.0880720000000004
Greenwich 011,E02000323,E,11655,596,488,354,460,0.0,0.2,20.411,3.95343
Greenwich 012,E02000324,E,7988,408,335,243,315,0.2,0.4,12.039000000000001,2.8650700000000002
Greenwich 014,E02000326,E,7719,395,323,235,304,0.4,0.6,9.4557,2.529241
Greenwich 015,E02000327,E,7453,381,312,227,294,0.2,0.4,11.2345,2.760485
Greenwich 016,E02000328,E,7212,369,302,219,284,0.4,0.6,8.8316,2.4481080000000004
Greenwich 017,E02000329,E,6749,345,283,205,266,0.4,0.6,8.2687,2.374931
Greenwich 019,E02000331,E,8552,437,358,260,337,0.2,0.4,12.883000000000001,2.9747900000000005
Greenwich 020,E02000332,E,7919,405,332,241,312,0.4,0.6,9.7037,2.561481
Greenwich 021,E02000333,E,6846,350,287,208,270,0.6,0.8,7.9118,2.3285340000000003
Greenwich 022,E02000334,E,7063,361,296,215,278,0.2,0.4,10.6395,2.683135
Greenwich 023,E02000335,E,7150,366,300,217,282,0.6,0.8,8.264,2.37432
Greenwich 025,E02000337,E,8632,441,362,262,341,0.2,0.4,13.013,2.99169
Greenwich 027,E02000339,E,6516,333,273,198,257,0.4,0.6,7.9848,2.338024
Greenwich 028,E02000340,E,6647,340,278,202,262,0.6,0.8,7.6781,2.298153
Greenwich 029,E02000341,E,8390,429,351,255,331,0.0,0.2,14.691,3.20983
Greenwich 030,E02000342,E,7045,360,295,214,278,0.4,0.6,8.6335,2.422355
Greenwich 031,E02000343,E,7291,373,305,222,287,0.2,0.4,10.9825,2.7277250000000004
Greenwich 032,E02000344,E,6974,356,292,212,275,0.6,0.8,8.0572,2.347436
Greenwich 033,E02006786,E,7527,385,315,229,297,0.2,0.4,11.3455,2.774915
Greenwich 034,E02006927,E,9080,464,380,276,357,0.4,0.6,11.112000000000002,2.7445600000000003
Greenwich 035,E02006928,E,8016,410,336,244,316,0.4,0.6,9.8248,2.577224
Greenwich 036,E02006929,E,8177,418,343,249,323,0.2,0.4,12.333499999999999,2.903355
Greenwich 037,E02006930,E,7163,366,300,218,282,0.4,0.6,8.7729,2.440477
Greenwich 038,E02006931,E,10031,513,420,305,395,0.4,0.6,12.2853,2.8970890000000002
Guildford 001,E02006344,E,7347,477,451,354,620,0.6,0.8,13.5521,3.061773
Guildford 002,E02006345,E,5765,375,354,278,487,0.8,1.0,9.9345,2.591485
Guildford 003,E02006346,E,8497,552,522,410,717,0.8,1.0,14.6341,3.202433
Guildford 004,E02006347,E,6207,403,381,299,523,0.8,1.0,10.6781,2.6881530000000002
Guildford 005,E02006348,E,7373,479,453,356,622,0.6,0.8,13.6039,3.0685070000000003
Guildford 006,E02006349,E,7053,458,433,340,596,0.8,1.0,12.1539,2.880007
Guildford 007,E02006350,E,5348,348,328,258,451,0.2,0.4,12.248000000000001,2.89224
Guildford 008,E02006351,E,7147,464,439,345,603,0.8,1.0,12.3081,2.9000529999999998
Guildford 009,E02006352,E,5262,342,323,254,444,0.8,1.0,9.0626,2.478138
Guildford 010,E02006353,E,5311,345,326,256,448,0.4,0.6,10.499300000000002,2.664909
Guildford 011,E02006354,E,7759,504,477,374,655,0.8,1.0,13.3647,3.037411
Guildford 012,E02006355,E,6748,439,414,325,569,0.4,0.6,13.336400000000001,3.0337320000000005
Guildford 013,E02006356,E,9047,588,556,436,764,0.8,1.0,15.5861,3.326193
Guildford 014,E02006357,E,5320,346,327,257,449,0.8,1.0,9.166,2.49158
Guildford 015,E02006358,E,7369,479,453,355,621,0.8,1.0,12.6807,2.9484909999999998
Guildford 016,E02006359,E,5126,333,315,247,432,0.8,1.0,8.8208,2.4467040000000004
Guildford 017,E02006360,E,7147,464,439,345,603,0.8,1.0,12.3081,2.9000529999999998
Guildford 018,E02006361,E,4752,309,292,229,401,0.8,1.0,8.1836,2.363868
Hackney 001,E02000345,E,9927,427,348,245,304,0.2,0.4,12.9995,2.989935
Hackney 002,E02000346,E,6846,294,240,169,209,0.0,0.2,10.4686,2.660918
Hackney 003,E02000347,E,8939,384,313,221,274,0.2,0.4,11.7085,2.8221050000000005
Hackney 004,E02000348,E,9124,392,320,225,278,0.0,0.2,13.9454,3.112902
Hackney 006,E02000350,E,10676,459,374,264,327,0.2,0.4,13.983,3.1177900000000003
Hackney 007,E02000351,E,9576,412,336,237,293,0.2,0.4,12.543000000000001,2.9305900000000005
Hackney 008,E02000352,E,7731,333,271,191,236,0.2,0.4,10.1175,2.615275
Hackney 009,E02000353,E,8747,376,307,216,268,0.2,0.4,11.4575,2.7894750000000004
Hackney 010,E02000354,E,10676,459,374,264,327,0.0,0.2,16.342600000000004,3.424538000000001
Hackney 011,E02000355,E,9531,410,334,236,292,0.2,0.4,12.487499999999999,2.923375
Hackney 012,E02000356,E,8254,355,289,204,252,0.2,0.4,10.8,2.704
Hackney 013,E02000357,E,7121,306,250,176,217,0.0,0.2,10.8886,2.7155180000000003
Hackney 014,E02000358,E,12424,534,436,307,380,0.0,0.2,19.013400000000004,3.7717420000000006
Hackney 015,E02000359,E,7393,318,259,183,226,0.2,0.4,9.6795,2.5583350000000005
Hackney 016,E02000360,E,12686,546,445,313,388,0.0,0.2,19.4136,3.8237680000000003
Hackney 017,E02000361,E,8583,369,301,212,262,0.0,0.2,13.1278,3.006614
Hackney 018,E02000362,E,7148,307,251,177,219,0.0,0.2,10.9458,2.722954
Hackney 019,E02000363,E,12183,524,427,301,373,0.0,0.2,18.6478,3.724214
Hackney 020,E02000364,E,9962,428,349,246,304,0.2,0.4,13.030999999999999,2.99403
Hackney 021,E02000365,E,14339,617,503,354,438,0.2,0.4,18.7665,3.7396450000000003
Hackney 022,E02000366,E,9564,411,335,236,292,0.0,0.2,14.6244,3.201172
Hackney 023,E02000367,E,10941,471,384,270,335,0.2,0.4,14.329500000000003,3.1628350000000003
Hackney 024,E02000368,E,10801,465,379,267,331,0.0,0.2,16.541600000000003,3.4504080000000004
Hackney 025,E02000369,E,13025,560,457,322,398,0.0,0.2,19.93,3.8909000000000002
Hackney 026,E02000370,E,9325,401,327,230,285,0.0,0.2,14.265,3.15445
Hackney 027,E02000371,E,13897,598,487,343,425,0.2,0.4,18.1915,3.6648950000000005
Hackney 028,E02006918,E,8549,368,300,211,262,0.0,0.2,13.0904,3.001752
Hackney 029,E02006921,E,8701,374,305,215,266,0.0,0.2,13.312600000000002,3.0306380000000006
Halton 001,E02002574,E,5862,480,457,360,501,0.6,0.8,11.857600000000001,2.841488
Halton 002,E02002575,E,7938,650,619,488,678,0.8,1.0,14.8174,3.226262
Halton 003,E02002576,E,6054,495,472,372,516,0.2,0.4,15.196000000000002,3.2754800000000004
Halton 004,E02002577,E,6156,504,480,378,526,0.0,0.2,17.5716,3.584308
Halton 005,E02002578,E,6344,519,495,390,542,0.2,0.4,15.943000000000001,3.3725900000000006
Halton 006,E02002579,E,6412,524,500,394,548,0.0,0.2,18.3012,3.6791560000000008
Halton 007,E02002580,E,6171,505,481,379,527,0.0,0.2,17.6096,3.5892480000000004
Halton 008,E02002581,E,6041,494,471,371,516,0.4,0.6,13.1023,3.003299
Halton 009,E02002582,E,6728,550,525,413,575,0.8,1.0,12.558399999999999,2.9325919999999996
Halton 010,E02002583,E,5629,460,439,346,480,0.0,0.2,16.0544,3.387072
Halton 011,E02002584,E,6130,501,478,376,523,0.2,0.4,15.388,3.30044
Halton 012,E02002585,E,8618,705,672,529,736,0.0,0.2,24.5908,4.496804
Halton 013,E02002586,E,8063,660,629,495,688,0.0,0.2,23.0038,4.290494
Halton 014,E02002587,E,5688,465,444,349,486,0.0,0.2,16.2328,3.4102640000000006
Halton 015,E02002588,E,6160,504,481,378,526,0.0,0.2,17.579,3.5852700000000004
Halton 016,E02002589,E,5297,433,413,325,452,0.6,0.8,10.7041,2.691533
Hambleton 001,E02005750,E,5329,696,710,550,882,0.6,0.8,18.2827,3.6767510000000003
Hambleton 002,E02005751,E,5833,762,778,602,966,0.8,1.0,18.465899999999998,3.7005669999999995
Hambleton 003,E02005752,E,4531,591,604,468,750,0.6,0.8,15.5473,3.321149
Hambleton 004,E02005753,E,8893,1161,1185,918,1474,0.4,0.6,32.9259,5.580367
Hambleton 005,E02005754,E,5084,663,677,525,842,0.8,1.0,16.0922,3.391986
Hambleton 006,E02005755,E,4303,562,573,444,713,0.8,1.0,13.6239,3.0711070000000005
Hambleton 007,E02005756,E,4907,640,654,506,813,0.6,0.8,16.8411,3.489343
Hambleton 008,E02005757,E,5747,750,766,593,952,0.6,0.8,19.725099999999998,3.8642630000000002
Hambleton 009,E02005758,E,5664,739,755,585,938,0.4,0.6,20.9632,4.025216
Hambleton 010,E02005759,E,5768,753,769,595,956,0.6,0.8,19.8034,3.874442
Hambleton 011,E02005760,E,4544,593,606,469,753,0.8,1.0,14.389199999999999,3.1705959999999997
Hammersmith and Fulham 001,E02000372,E,8552,487,406,296,445,0.0,0.2,17.0082,3.5110659999999996
Hammersmith and Fulham 002,E02000373,E,6207,354,295,215,323,0.0,0.2,12.350200000000001,2.905526
Hammersmith and Fulham 003,E02000374,E,6273,358,298,217,326,0.2,0.4,10.8335,2.708355
Hammersmith and Fulham 004,E02000375,E,6551,373,311,226,341,0.2,0.4,11.3125,2.770625
Hammersmith and Fulham 005,E02000376,E,6445,367,306,223,335,0.2,0.4,11.1285,2.7467050000000004
Hammersmith and Fulham 006,E02000377,E,7615,434,362,263,396,0.2,0.4,13.150500000000001,3.0095650000000003
Hammersmith and Fulham 007,E02000378,E,6090,347,289,211,317,0.2,0.4,10.523,2.66799
Hammersmith and Fulham 008,E02000379,E,7066,403,336,244,368,0.4,0.6,10.1498,2.6194740000000003
Hammersmith and Fulham 009,E02000380,E,5465,311,259,189,284,0.4,0.6,7.839500000000001,2.319135
Hammersmith and Fulham 010,E02000381,E,7240,413,344,250,377,0.4,0.6,10.398,2.65174
Hammersmith and Fulham 011,E02000382,E,5748,328,273,199,298,0.4,0.6,8.2424,2.371512
Hammersmith and Fulham 012,E02000383,E,8793,501,417,304,457,0.4,0.6,12.6159,2.940067
Hammersmith and Fulham 013,E02000384,E,6823,389,324,236,355,0.0,0.2,13.5708,3.064204
Hammersmith and Fulham 014,E02000385,E,5743,327,273,199,298,0.4,0.6,8.238900000000001,2.3710570000000004
Hammersmith and Fulham 015,E02000386,E,7583,432,360,262,394,0.0,0.2,15.0718,3.259334
Hammersmith and Fulham 016,E02000387,E,5847,333,278,202,304,0.2,0.4,10.0965,2.612545
Hammersmith and Fulham 017,E02000388,E,7646,436,363,264,398,0.4,0.6,10.9778,2.7271140000000003
Hammersmith and Fulham 018,E02000389,E,7693,439,365,266,400,0.6,0.8,10.3759,2.648867
Hammersmith and Fulham 019,E02000390,E,6009,343,285,208,313,0.4,0.6,8.6327,2.422251
Hammersmith and Fulham 020,E02000391,E,7204,411,342,249,375,0.4,0.6,10.3452,2.644876
Hammersmith and Fulham 021,E02000392,E,8928,509,424,309,464,0.4,0.6,12.814400000000001,2.965872
Hammersmith and Fulham 022,E02000393,E,5623,320,267,194,292,0.8,1.0,7.0428999999999995,2.215577
Hammersmith and Fulham 023,E02000394,E,7229,412,343,250,376,0.4,0.6,10.3767,2.648971
Hammersmith and Fulham 024,E02000395,E,5546,316,263,192,288,0.6,0.8,7.4758,2.2718540000000003
Hammersmith and Fulham 025,E02000396,E,6182,352,294,214,321,0.4,0.6,8.8706,2.4531780000000003
Harborough 002,E02005368,E,5676,539,513,417,695,0.6,0.8,14.5628,3.1931640000000003
Harborough 003,E02005369,E,8968,851,810,658,1099,0.8,1.0,21.391399999999997,4.080882
Harborough 004,E02005370,E,8183,777,739,600,1002,0.8,1.0,19.5089,3.836157
Harborough 005,E02005371,E,9194,873,831,675,1125,0.8,1.0,21.9162,4.149106
Harborough 006,E02005372,E,8618,818,779,632,1056,0.8,1.0,20.5554,3.9722020000000002
Harborough 007,E02005373,E,8896,844,804,653,1089,0.8,1.0,21.2088,4.057144
Harborough 008,E02005374,E,5980,568,540,439,732,0.4,0.6,16.508000000000003,3.446040000000001
Harborough 009,E02005375,E,7686,729,694,564,941,0.8,1.0,18.3228,3.6819640000000007
Harborough 010,E02005376,E,8561,813,774,628,1048,0.8,1.0,20.4103,3.9533389999999997
Harborough 011,E02006816,E,6390,606,577,469,782,0.8,1.0,15.23,3.2799000000000005
Haringey 001,E02000397,E,7224,417,345,252,335,0.2,0.4,12.027000000000001,2.86351
Haringey 002,E02000398,E,6585,380,315,230,305,0.0,0.2,12.696000000000002,2.95048
Haringey 004,E02000400,E,7090,409,339,247,329,0.4,0.6,9.731,2.56503
Haringey 005,E02000401,E,6226,359,298,217,289,0.0,0.2,12.0076,2.860988
Haringey 006,E02000402,E,6191,357,296,216,287,0.0,0.2,11.9356,2.8516280000000003
Haringey 007,E02000403,E,6653,384,318,232,309,0.2,0.4,11.082500000000001,2.7407250000000003
Haringey 008,E02000404,E,6761,390,323,236,313,0.2,0.4,11.250499999999999,2.762565
Haringey 009,E02000405,E,6053,349,289,211,281,0.6,0.8,7.815899999999999,2.316067
Haringey 010,E02000406,E,6493,375,310,227,301,0.0,0.2,12.5218,2.9278340000000003
Haringey 011,E02000407,E,6760,390,323,236,313,0.0,0.2,13.029,2.99377
Haringey 012,E02000408,E,7036,406,336,246,326,0.0,0.2,13.5656,3.063528
Haringey 013,E02000409,E,6034,348,288,211,280,0.0,0.2,11.6374,2.812862
Haringey 014,E02000410,E,6187,357,296,216,287,0.6,0.8,7.9911,2.3388430000000002
Haringey 015,E02000411,E,6889,398,329,240,319,0.0,0.2,13.276399999999999,3.025932
Haringey 016,E02000412,E,6391,369,306,223,296,0.0,0.2,12.322600000000001,2.9019380000000004
Haringey 017,E02000413,E,6933,400,331,242,321,0.6,0.8,8.9449,2.4628370000000004
Haringey 018,E02000414,E,6630,383,317,231,307,0.2,0.4,11.033000000000001,2.7342900000000006
Haringey 019,E02000415,E,6327,365,303,221,293,0.2,0.4,10.5335,2.6693550000000004
Haringey 020,E02000416,E,6923,400,331,242,321,0.2,0.4,11.5315,2.7990950000000003
Haringey 021,E02000417,E,6170,356,295,215,286,0.6,0.8,7.964,2.3353200000000003
Haringey 022,E02000418,E,5091,294,243,178,236,0.6,0.8,6.5733,2.154529
Haringey 023,E02000419,E,7494,433,358,262,347,0.2,0.4,12.475999999999999,2.92188
Haringey 024,E02000420,E,6869,397,328,240,319,0.0,0.2,13.2544,3.023072
Haringey 025,E02000421,E,6607,382,316,231,307,0.0,0.2,12.755200000000002,2.9581760000000004
Haringey 026,E02000422,E,7233,418,346,252,335,0.2,0.4,12.038499999999999,2.865005
Haringey 027,E02000423,E,6298,364,301,220,292,0.2,0.4,10.488999999999999,2.66357
Haringey 028,E02000424,E,6653,384,318,232,309,0.4,0.6,9.135900000000001,2.487667
Haringey 029,E02000425,E,6709,387,321,234,311,0.2,0.4,11.1695,2.7520350000000002
Haringey 030,E02000426,E,6222,359,297,217,289,0.6,0.8,8.0366,2.344758
Haringey 031,E02000427,E,6336,366,303,221,294,0.2,0.4,10.552999999999999,2.67189
Haringey 032,E02000428,E,6491,375,310,227,301,0.2,0.4,10.8115,2.705495
Haringey 033,E02000429,E,6334,366,303,221,293,0.6,0.8,8.1722,2.362386
Haringey 034,E02000430,E,6854,396,328,239,317,0.6,0.8,8.8422,2.4494860000000003
Haringey 035,E02000431,E,6180,357,295,216,287,0.6,0.8,7.985,2.33805
Haringey 036,E02000432,E,5968,344,285,208,276,0.2,0.4,9.924,2.5901199999999998
Haringey 037,E02006794,E,6754,390,323,236,313,0.0,0.2,13.025400000000001,2.9933020000000004
Harlow 001,E02004544,E,6305,382,355,290,402,0.6,0.8,9.9475,2.593175
Harlow 002,E02004545,E,6502,394,366,299,415,0.2,0.4,12.97,2.9861000000000004
Harlow 003,E02004546,E,6714,407,378,309,429,0.2,0.4,13.401,3.0421300000000002
Harlow 004,E02004547,E,7198,437,405,332,459,0.2,0.4,14.361999999999998,3.16706
Harlow 005,E02004548,E,8048,488,453,371,514,0.8,1.0,11.8054,2.834702
Harlow 006,E02004549,E,6960,422,392,321,444,0.2,0.4,13.889,3.10557
Harlow 007,E02004550,E,6934,421,390,319,443,0.2,0.4,13.839000000000002,3.09907
Harlow 008,E02004551,E,6520,396,367,300,416,0.2,0.4,13.008,2.99104
Harlow 009,E02004552,E,5841,354,329,269,372,0.4,0.6,9.8543,2.581059
Harlow 010,E02004553,E,6580,399,370,303,419,0.2,0.4,13.116000000000001,3.0050800000000004
Harlow 011,E02004554,E,6542,397,368,301,417,0.4,0.6,11.0386,2.735018
Harrogate 001,E02005761,E,3811,433,422,337,585,0.6,0.8,11.8173,2.836249
Harrogate 002,E02005762,E,4390,499,486,388,673,0.8,1.0,12.629999999999999,2.9419
Harrogate 003,E02005763,E,4551,518,504,402,698,0.6,0.8,14.1053,3.1336890000000004
Harrogate 004,E02005764,E,7271,827,805,643,1115,0.6,0.8,22.5353,4.229589
Harrogate 005,E02005765,E,4336,493,480,384,666,0.6,0.8,13.4528,3.048864
Harrogate 006,E02005766,E,4272,486,473,378,655,0.6,0.8,13.2406,3.021278
Harrogate 007,E02005767,E,4702,535,520,416,721,0.8,1.0,13.5316,3.059108
Harrogate 008,E02005768,E,4209,479,466,372,646,0.8,1.0,12.1187,2.875431
Harrogate 009,E02005769,E,4819,548,533,426,740,0.4,0.6,16.1097,3.394261
Harrogate 010,E02005770,E,6510,740,721,576,999,0.8,1.0,18.744,3.73672
Harrogate 011,E02005771,E,5138,585,569,455,789,0.6,0.8,15.941400000000002,3.372382
Harrogate 012,E02005772,E,4295,488,475,380,659,0.8,1.0,12.3635,2.907255
Harrogate 013,E02005773,E,6164,701,682,545,946,0.2,0.4,23.08,4.3004
Harrogate 014,E02005774,E,6542,744,724,579,1004,0.6,0.8,20.2856,3.9371280000000004
Harrogate 015,E02005775,E,6484,737,718,573,995,0.6,0.8,20.1012,3.913156
Harrogate 016,E02005776,E,5870,668,650,519,900,0.6,0.8,18.192,3.6649599999999998
Harrogate 017,E02005777,E,5909,672,654,523,907,0.8,1.0,17.0167,3.5121710000000004
Harrogate 018,E02005778,E,4306,490,477,381,661,0.6,0.8,13.3558,3.0362540000000005
Harrogate 019,E02005779,E,5293,602,586,468,812,0.8,1.0,15.235899999999997,3.2806669999999998
Harrogate 020,E02005780,E,7403,842,819,655,1136,0.8,1.0,21.313899999999997,4.070806999999999
Harrogate 021,E02005781,E,3943,448,436,349,605,0.8,1.0,11.3509,2.775617
Harrow 001,E02000433,E,6382,448,410,338,534,0.6,0.8,12.014599999999998,2.861898
Harrow 002,E02000434,E,7132,501,458,378,597,0.6,0.8,13.430599999999998,3.045978
Harrow 003,E02000435,E,6167,433,396,327,515,0.4,0.6,12.4421,2.917473
Harrow 004,E02000436,E,4801,337,308,254,401,0.8,1.0,8.4113,2.393469
Harrow 005,E02000437,E,6957,488,447,368,582,0.4,0.6,14.0431,3.125603
Harrow 006,E02000438,E,6568,461,422,348,549,0.4,0.6,13.2564,3.023332
Harrow 007,E02000439,E,6814,478,437,361,570,0.4,0.6,13.754199999999999,3.0880460000000003
Harrow 008,E02000440,E,7945,558,510,421,665,0.8,1.0,13.9395,3.1121350000000003
Harrow 009,E02000441,E,5575,391,358,295,466,0.4,0.6,11.2485,2.762305
Harrow 010,E02000442,E,7231,507,464,383,605,0.6,0.8,13.6093,3.069209
Harrow 011,E02000443,E,7865,552,505,417,658,0.2,0.4,18.4235,3.695055
Harrow 012,E02000444,E,7058,495,453,374,590,0.6,0.8,13.279399999999999,3.026322
Harrow 013,E02000445,E,8512,597,546,451,712,0.4,0.6,17.181600000000003,3.533608
Harrow 015,E02000447,E,5862,411,376,310,491,0.6,0.8,11.035599999999999,2.734628
Harrow 016,E02000448,E,5514,387,354,292,461,0.8,1.0,9.667200000000001,2.5567360000000003
Harrow 017,E02000449,E,6758,474,434,358,565,0.4,0.6,13.639400000000002,3.0731220000000006
Harrow 019,E02000451,E,5441,382,349,288,455,0.8,1.0,9.5393,2.540109
Harrow 020,E02000452,E,6824,479,438,361,571,0.4,0.6,13.7752,3.090776
Harrow 021,E02000453,E,6327,444,406,335,530,0.6,0.8,11.915099999999999,2.848963
Harrow 022,E02000454,E,5882,413,378,311,492,0.8,1.0,10.313600000000001,2.6407680000000004
Harrow 023,E02000455,E,6757,474,434,358,565,0.4,0.6,13.6391,3.073083
Harrow 024,E02000456,E,5862,411,376,310,491,0.6,0.8,11.035599999999999,2.734628
Harrow 025,E02000457,E,5243,368,337,278,438,0.6,0.8,9.8649,2.582437
Harrow 027,E02000459,E,6839,480,439,362,572,0.4,0.6,13.8037,3.094481
Harrow 028,E02000460,E,5413,380,347,287,453,0.2,0.4,12.6795,2.948335
Harrow 029,E02000461,E,5767,405,370,306,483,0.8,1.0,10.1231,2.616003
Harrow 030,E02000462,E,5507,387,354,292,461,0.4,0.6,11.126100000000001,2.7463930000000003
Harrow 031,E02000463,E,7001,491,449,371,586,0.4,0.6,14.1363,3.137719
Harrow 032,E02006795,E,6745,473,433,357,564,0.6,0.8,12.6905,2.949765
Harrow 033,E02006882,E,11770,826,756,623,985,0.6,0.8,22.157,4.18041
Hart 001,E02004751,E,6813,544,526,428,795,0.8,1.0,15.0689,3.258957
Hart 002,E02004752,E,6942,554,536,436,810,0.8,1.0,15.3526,3.2958380000000003
Hart 003,E02004753,E,8441,673,652,530,985,0.8,1.0,18.667299999999997,3.726749
Hart 004,E02004754,E,5054,403,390,317,590,0.8,1.0,11.1772,2.753036
Hart 005,E02004755,E,9690,773,748,608,1131,0.8,1.0,21.43,4.0859000000000005
Hart 006,E02004756,E,6957,555,537,437,812,0.8,1.0,15.3881,3.300453
Hart 007,E02004757,E,6724,536,519,422,784,0.8,1.0,14.861199999999998,3.231956
Hart 008,E02004758,E,6584,525,508,413,768,0.8,1.0,14.5542,3.1920460000000004
Hart 009,E02004759,E,6765,540,522,425,790,0.8,1.0,14.968499999999999,3.245905
Hart 010,E02004760,E,6470,516,499,406,755,0.8,1.0,14.306000000000001,3.1597800000000005
Hart 011,E02004761,E,5542,442,428,348,647,0.8,1.0,12.259599999999999,2.893748
Hartlepool 001,E02002483,E,6894,616,611,469,656,0.4,0.6,16.4302,3.4359260000000003
Hartlepool 002,E02002484,E,7828,699,694,533,745,0.0,0.2,24.3328,4.463264
Hartlepool 003,E02002485,E,5946,531,527,405,566,0.0,0.2,18.4846,3.702998
Hartlepool 005,E02002487,E,4064,363,361,277,387,0.0,0.2,12.6414,2.943382
Hartlepool 006,E02002488,E,4636,414,411,316,441,0.4,0.6,11.050799999999999,2.736604
Hartlepool 007,E02002489,E,6015,537,534,409,572,0.0,0.2,18.691,3.7298299999999998
Hartlepool 008,E02002490,E,4612,412,409,314,439,0.0,0.2,14.3382,3.1639660000000003
Hartlepool 009,E02002491,E,4977,444,441,339,474,0.0,0.2,15.4722,3.3113860000000006
Hartlepool 010,E02002492,E,5073,453,450,345,482,0.2,0.4,13.8945,3.106285
Hartlepool 011,E02002493,E,4900,438,435,334,466,0.6,0.8,10.882,2.7146600000000003
Hartlepool 012,E02002494,E,5881,525,522,400,560,0.0,0.2,18.2836,3.676868
Hartlepool 014,E02006909,E,9007,804,799,613,857,0.6,0.8,19.9981,3.8997530000000005
Hastings 001,E02004368,E,6143,635,569,418,669,0.4,0.6,15.924900000000001,3.3702370000000004
Hastings 002,E02004369,E,7396,765,685,503,805,0.4,0.6,19.166800000000002,3.791684
Hastings 003,E02004370,E,5886,609,545,400,641,0.0,0.2,19.7936,3.8731680000000006
Hastings 004,E02004371,E,5364,554,497,365,584,0.0,0.2,18.0364,3.6447320000000003
Hastings 005,E02004372,E,4961,513,459,337,540,0.0,0.2,16.675600000000003,3.467828000000001
Hastings 006,E02004373,E,6529,675,605,444,711,0.2,0.4,19.3495,3.815435
Hastings 007,E02004374,E,5917,612,548,402,644,0.2,0.4,17.5285,3.5787050000000002
Hastings 008,E02004375,E,6530,675,605,444,711,0.0,0.2,21.958,4.15454
Hastings 009,E02004376,E,5338,552,494,363,581,0.0,0.2,17.945800000000002,3.6329540000000007
Hastings 010,E02004377,E,8083,835,748,549,880,0.2,0.4,23.941499999999998,4.412395
Hastings 011,E02004378,E,6795,702,629,462,740,0.0,0.2,22.846,4.26998
Havant 003,E02004764,E,6420,653,636,508,818,0.6,0.8,17.314,3.55082
Havant 004,E02004765,E,4920,500,488,389,627,0.8,1.0,12.294,2.8982200000000002
Havant 005,E02004766,E,5250,534,521,415,669,0.2,0.4,17.244,3.5417199999999998
Havant 006,E02004767,E,4821,490,478,381,614,0.0,0.2,17.7676,3.609788
Havant 007,E02004768,E,4570,465,453,362,582,0.4,0.6,13.269,3.02497
Havant 008,E02004769,E,5236,533,519,414,667,0.0,0.2,19.3036,3.809468
Havant 009,E02004770,E,5651,574,560,447,719,0.0,0.2,20.8176,4.006288
Havant 010,E02004771,E,7333,745,727,580,934,0.0,0.2,27.0278,4.813614
Havant 011,E02004772,E,7498,762,744,593,955,0.6,0.8,20.2194,3.928522
Havant 013,E02004774,E,7762,789,770,614,988,0.6,0.8,20.924599999999998,4.020198
Havant 014,E02004775,E,7264,738,720,574,925,0.4,0.6,21.0792,4.0402960000000006
Havant 015,E02004776,E,4887,497,485,387,622,0.6,0.8,13.1771,3.013023
Havant 016,E02004777,E,4402,448,436,348,560,0.4,0.6,12.7686,2.959918
Havant 017,E02004778,E,4922,500,488,389,627,0.4,0.6,14.2866,3.157258
Havant 018,E02006822,E,7167,728,710,567,912,0.4,0.6,20.792099999999998,4.002973
Havant 019,E02006830,E,5488,558,544,434,699,0.2,0.4,18.020000000000003,3.6426000000000007
Havant 020,E02006831,E,5091,517,505,403,648,0.8,1.0,12.714299999999998,2.952859
Havering 001,E02000464,E,6199,407,363,293,479,0.2,0.4,13.5715,3.0642950000000004
Havering 002,E02000465,E,7621,500,447,360,590,0.2,0.4,16.698500000000003,3.4708050000000004
Havering 003,E02000466,E,7963,523,467,376,616,0.2,0.4,17.4425,3.567525
Havering 004,E02000467,E,9267,608,543,438,716,0.0,0.2,22.973200000000002,4.286516000000001
Havering 005,E02000468,E,7477,491,438,353,579,0.4,0.6,14.0431,3.125603
Havering 006,E02000469,E,6189,406,363,293,479,0.2,0.4,13.563500000000001,3.0632550000000003
Havering 007,E02000470,E,7578,497,444,358,586,0.6,0.8,13.279399999999999,3.026322
Havering 008,E02000471,E,7165,470,420,339,554,0.8,1.0,11.718499999999999,2.823405
Havering 009,E02000472,E,8638,567,506,408,668,0.6,0.8,15.1374,3.267862
Havering 010,E02000473,E,9213,605,540,435,712,0.6,0.8,16.140900000000002,3.3983170000000005
Havering 011,E02000474,E,8014,526,470,379,620,0.4,0.6,15.0502,3.256526
Havering 012,E02000475,E,8837,580,518,418,683,0.6,0.8,15.4861,3.313193
Havering 013,E02000476,E,8086,531,474,382,625,0.2,0.4,17.706,3.6017799999999998
Havering 014,E02000477,E,8994,590,527,425,696,0.8,1.0,14.7132,3.2127160000000003
Havering 015,E02000478,E,5653,371,331,267,437,0.8,1.0,9.2419,2.5014469999999998
Havering 016,E02000479,E,7815,513,458,369,605,0.4,0.6,14.676499999999999,3.207945
Havering 017,E02000480,E,9412,618,552,445,728,0.4,0.6,17.6736,3.597568
Havering 018,E02000481,E,7488,492,439,354,579,0.8,1.0,12.2474,2.892162
Havering 019,E02000482,E,6145,403,360,290,475,0.8,1.0,10.0445,2.605785
Havering 020,E02000483,E,7316,480,429,346,566,0.6,0.8,12.826799999999999,2.967484
Havering 021,E02000484,E,7879,517,462,372,610,0.6,0.8,13.8157,3.096041
Havering 022,E02000485,E,7674,504,450,363,594,0.8,1.0,12.5592,2.932696
Havering 023,E02000486,E,7078,465,415,334,548,0.8,1.0,11.581399999999999,2.8055820000000002
Havering 024,E02000487,E,7536,495,442,356,583,0.8,1.0,12.3278,2.902614
Havering 025,E02000488,E,7140,469,418,337,552,0.8,1.0,11.673000000000002,2.8174900000000003
Havering 026,E02000489,E,7574,497,444,358,586,0.4,0.6,14.2222,3.148886
Havering 027,E02000490,E,7521,494,441,355,581,0.4,0.6,14.1103,3.134339
Havering 028,E02000491,E,8479,557,497,401,656,0.2,0.4,18.5775,3.7150750000000006
Havering 029,E02000492,E,6025,396,353,285,466,0.6,0.8,10.5625,2.673125
Havering 030,E02000493,E,5967,392,350,282,461,0.2,0.4,13.0655,2.9985150000000003
Herefordshire 001,E02002905,E,4823,561,535,414,676,0.4,0.6,15.3049,3.289637
Herefordshire 002,E02002906,E,4611,536,511,396,646,0.2,0.4,16.4815,3.442595
Herefordshire 003,E02002907,E,4719,549,524,405,662,0.2,0.4,16.8815,3.4945950000000003
Herefordshire 004,E02002908,E,6829,794,758,586,957,0.4,0.6,21.6687,4.116931
Herefordshire 005,E02002909,E,8260,961,916,709,1157,0.4,0.6,26.202,4.70626
Herefordshire 006,E02002910,E,6284,731,697,540,881,0.2,0.4,22.475,4.22175
Herefordshire 007,E02002911,E,7440,865,826,639,1043,0.4,0.6,23.616,4.37008
Herefordshire 008,E02002912,E,5702,663,633,490,799,0.6,0.8,16.8076,3.4849880000000004
Herefordshire 009,E02002913,E,4470,520,496,384,626,0.6,0.8,13.171,3.0122299999999997
Herefordshire 010,E02002914,E,7128,829,791,612,999,0.4,0.6,22.6204,4.240652
Herefordshire 011,E02002915,E,5360,623,595,460,751,0.6,0.8,15.795,3.35335
Herefordshire 012,E02002916,E,7711,897,856,662,1081,0.2,0.4,27.5765,4.884945
Herefordshire 013,E02002917,E,5508,640,611,473,772,0.6,0.8,16.2334,3.410342
Herefordshire 014,E02002918,E,4761,554,528,409,667,0.8,1.0,12.9743,2.986659
Herefordshire 015,E02002919,E,7433,864,825,638,1042,0.2,0.4,26.5785,4.755205
Herefordshire 016,E02002920,E,5207,606,578,447,730,0.6,0.8,15.351099999999999,3.295643
Herefordshire 017,E02002921,E,6190,720,687,532,868,0.0,0.2,24.889000000000003,4.535570000000001
Herefordshire 018,E02002922,E,4985,580,553,428,698,0.4,0.6,15.811499999999999,3.3554950000000003
Herefordshire 019,E02002923,E,7691,894,853,660,1078,0.6,0.8,22.6653,4.2464889999999995
Herefordshire 020,E02002924,E,4846,564,538,416,679,0.4,0.6,15.3778,3.2991140000000003
Herefordshire 021,E02002925,E,8742,1017,970,751,1225,0.4,0.6,27.742600000000003,4.906538
Herefordshire 022,E02002926,E,8446,982,937,725,1183,0.4,0.6,26.791800000000002,4.782934
Herefordshire 023,E02002927,E,9293,1081,1031,798,1302,0.4,0.6,29.4859,5.133167
Hertsmere 001,E02004896,E,6453,493,472,371,653,0.8,1.0,12.9039,2.977507
Hertsmere 002,E02004897,E,5460,417,400,314,553,0.8,1.0,10.925,2.72025
Hertsmere 003,E02004898,E,6017,460,441,346,609,0.4,0.6,13.8731,3.103503
Hertsmere 004,E02004899,E,4512,345,330,259,456,0.6,0.8,9.6746,2.5576980000000002
Hertsmere 005,E02004900,E,6689,511,490,384,678,0.8,1.0,13.386700000000001,3.040271
Hertsmere 006,E02004901,E,6916,528,506,397,700,0.2,0.4,18.244999999999997,3.67185
Hertsmere 007,E02004902,E,6498,496,476,373,658,0.4,0.6,14.979400000000002,3.2473220000000005
Hertsmere 008,E02004903,E,5512,421,404,317,559,0.6,0.8,11.845600000000001,2.8399280000000005
Hertsmere 009,E02004904,E,4841,370,354,278,490,0.4,0.6,11.1563,2.750319
Hertsmere 010,E02004905,E,5543,423,406,318,561,0.8,1.0,11.0819,2.740647
Hertsmere 011,E02004906,E,7933,606,581,456,804,0.4,0.6,18.2999,3.6789870000000002
Hertsmere 012,E02004907,E,7591,580,556,436,768,0.8,1.0,15.1773,3.2730490000000003
Hertsmere 013,E02004908,E,8009,612,586,460,811,0.8,1.0,16.0197,3.382561
High Peak 001,E02004093,E,4995,515,478,363,539,0.4,0.6,13.086500000000001,3.001245
High Peak 002,E02004094,E,5711,589,546,415,617,0.2,0.4,17.1155,3.525015
High Peak 003,E02004095,E,7694,793,736,559,831,0.4,0.6,20.1642,3.9213460000000007
High Peak 004,E02004096,E,7400,763,708,538,799,0.8,1.0,16.641,3.46333
High Peak 005,E02004097,E,5987,617,573,435,646,0.8,1.0,13.4571,3.049423
High Peak 006,E02004098,E,5705,588,546,415,616,0.4,0.6,14.953500000000002,3.2439550000000006
High Peak 008,E02004100,E,5934,612,568,431,641,0.8,1.0,13.3462,3.035006
High Peak 010,E02004102,E,6660,687,637,484,719,0.4,0.6,17.451999999999998,3.56876
High Peak 011,E02004103,E,5516,569,527,401,596,0.2,0.4,16.532,3.44916
High Peak 012,E02004104,E,5516,569,528,401,596,0.8,1.0,12.4098,2.9132740000000004
High Peak 013,E02006872,E,9755,1006,933,709,1054,0.6,0.8,23.8095,4.3952350000000004
Hillingdon 001,E02000494,E,7239,433,381,298,463,0.8,1.0,10.3827,2.649751
Hillingdon 002,E02000495,E,9169,549,482,377,586,0.6,0.8,14.1077,3.134001
Hillingdon 003,E02000496,E,7162,429,377,295,458,0.4,0.6,11.7806,2.831478
Hillingdon 004,E02000497,E,8255,494,434,340,527,0.6,0.8,12.6975,2.9506750000000004
Hillingdon 005,E02000498,E,5827,349,307,240,372,0.6,0.8,8.9661,2.465593
Hillingdon 006,E02000499,E,7516,450,395,309,480,0.8,1.0,10.7698,2.700074
Hillingdon 007,E02000500,E,7468,447,393,307,477,0.8,1.0,10.7024,2.691312
Hillingdon 008,E02000501,E,7984,478,420,328,510,0.8,1.0,11.4412,2.787356
Hillingdon 009,E02000502,E,7370,441,388,303,471,0.8,1.0,10.565000000000001,2.6734500000000003
Hillingdon 010,E02000503,E,8699,521,458,358,555,0.8,1.0,12.4627,2.920151
Hillingdon 011,E02000504,E,7145,428,376,294,456,0.8,1.0,10.2375,2.630875
Hillingdon 013,E02000506,E,7300,437,384,300,467,0.8,1.0,10.469000000000001,2.6609700000000003
Hillingdon 014,E02000507,E,7688,460,404,316,491,0.6,0.8,11.8234,2.8370420000000003
Hillingdon 015,E02000508,E,8888,532,468,366,568,0.4,0.6,14.6144,3.199872
Hillingdon 016,E02000509,E,9507,569,500,391,607,0.4,0.6,15.6201,3.3306130000000005
Hillingdon 017,E02000510,E,8357,500,440,344,534,0.4,0.6,13.7391,3.0860830000000004
Hillingdon 018,E02000511,E,9125,546,480,375,583,0.4,0.6,14.9955,3.249415
Hillingdon 019,E02000512,E,7744,464,407,319,495,0.2,0.4,15.065000000000001,3.2584500000000003
Hillingdon 020,E02000513,E,8692,520,457,358,555,0.2,0.4,16.900000000000002,3.4970000000000008
Hillingdon 021,E02000514,E,9505,569,500,391,607,0.4,0.6,15.619499999999999,3.3305350000000002
Hillingdon 022,E02000515,E,10103,605,532,416,646,0.2,0.4,19.6585,3.8556049999999997
Hillingdon 023,E02000516,E,8003,479,421,329,512,0.2,0.4,15.5695,3.3240350000000003
Hillingdon 024,E02000517,E,8350,500,439,344,534,0.2,0.4,16.247,3.41211
Hillingdon 025,E02000518,E,8329,499,438,343,532,0.2,0.4,16.198500000000003,3.405805000000001
Hillingdon 026,E02000519,E,8382,502,441,345,536,0.2,0.4,16.308,3.42004
Hillingdon 027,E02000520,E,10891,652,573,448,695,0.2,0.4,21.1695,4.052035
Hillingdon 028,E02000521,E,9594,574,505,395,613,0.2,0.4,18.66,3.7258000000000004
Hillingdon 029,E02000522,E,8374,501,441,345,535,0.2,0.4,16.289,3.4175700000000004
Hillingdon 030,E02000523,E,9327,558,491,384,596,0.4,0.6,15.3341,3.2934330000000003
Hillingdon 031,E02000524,E,6448,386,339,265,412,0.2,0.4,12.536999999999999,2.92981
Hillingdon 032,E02000525,E,8542,511,449,351,546,0.2,0.4,16.609,3.4591700000000003
Hillingdon 033,E02006796,E,8168,489,430,336,521,0.6,0.8,12.5594,2.932722
Hinckley and Bosworth 001,E02005377,E,7722,687,634,510,848,0.6,0.8,18.104599999999998,3.6535979999999997
Hinckley and Bosworth 002,E02005378,E,4846,431,398,320,533,0.8,1.0,10.5748,2.6747240000000003
Hinckley and Bosworth 003,E02005379,E,5652,503,464,373,621,0.8,1.0,12.3256,2.902328
Hinckley and Bosworth 004,E02005380,E,7806,694,641,515,858,0.8,1.0,17.0248,3.513224
Hinckley and Bosworth 005,E02005381,E,7466,664,613,493,820,0.6,0.8,17.5048,3.5756240000000004
Hinckley and Bosworth 006,E02005382,E,9364,833,769,618,1029,0.4,0.6,23.6072,4.368936
Hinckley and Bosworth 007,E02005383,E,8410,748,690,555,924,0.4,0.6,21.197000000000003,4.055610000000001
Hinckley and Bosworth 008,E02005384,E,5984,532,491,395,657,0.6,0.8,14.025199999999998,3.1232759999999997
Hinckley and Bosworth 009,E02005385,E,5548,494,455,366,610,0.8,1.0,12.1024,2.8733120000000003
Hinckley and Bosworth 010,E02005386,E,7806,695,641,515,858,0.4,0.6,19.6818,3.8586340000000003
Hinckley and Bosworth 011,E02005387,E,8456,752,694,558,929,0.4,0.6,21.3128,4.070664
Hinckley and Bosworth 012,E02005388,E,5303,472,435,350,583,0.4,0.6,13.3709,3.0382170000000004
Hinckley and Bosworth 013,E02005389,E,5318,473,437,351,585,0.4,0.6,13.415400000000002,3.0440020000000003
Hinckley and Bosworth 014,E02005390,E,8260,735,678,545,908,0.8,1.0,18.017,3.6422100000000004
Horsham 001,E02006588,E,6590,666,644,510,873,0.4,0.6,19.421,3.8247299999999997
Horsham 002,E02006589,E,9873,998,965,764,1309,0.8,1.0,25.1069,4.563897
Horsham 003,E02006590,E,7574,766,740,586,1004,0.8,1.0,19.2582,3.803566
Horsham 004,E02006591,E,7037,711,687,545,932,0.8,1.0,17.884099999999997,3.6249329999999995
Horsham 005,E02006592,E,5589,565,546,433,741,0.6,0.8,15.3067,3.2898709999999998
Horsham 006,E02006593,E,9216,931,900,713,1221,0.6,0.8,25.2228,4.578964
Horsham 007,E02006594,E,5903,597,577,457,783,0.8,1.0,15.0169,3.252197
Horsham 008,E02006595,E,7506,759,733,581,995,0.8,1.0,19.0858,3.781154
Horsham 009,E02006596,E,7658,774,748,593,1015,0.8,1.0,19.4714,3.831282
Horsham 010,E02006597,E,8264,835,807,640,1095,0.6,0.8,22.6222,4.240886
Horsham 011,E02006598,E,4846,490,473,375,642,0.6,0.8,13.262799999999999,3.024164
Horsham 012,E02006599,E,6152,622,601,476,816,0.8,1.0,15.647599999999999,3.334188
Horsham 013,E02006600,E,8175,826,799,633,1083,0.6,0.8,22.378499999999995,4.209205
Horsham 014,E02006601,E,7166,724,700,555,949,0.6,0.8,19.611800000000002,3.8495340000000002
Horsham 015,E02006602,E,6578,665,643,509,871,0.6,0.8,18.0014,3.6401820000000003
Horsham 016,E02006603,E,7556,764,738,585,1002,0.8,1.0,19.2178,3.7983140000000004
Hounslow 001,E02000526,E,7568,469,398,308,423,0.6,0.8,10.993400000000001,2.7291420000000004
Hounslow 003,E02000528,E,9588,594,504,390,536,0.2,0.4,17.754,3.6080200000000007
Hounslow 004,E02000529,E,7629,473,401,310,427,0.2,0.4,14.131499999999999,3.137095
Hounslow 005,E02000530,E,6174,383,325,251,346,0.0,0.2,13.153400000000001,3.0099420000000006
Hounslow 006,E02000531,E,9338,578,491,379,522,0.2,0.4,17.284000000000002,3.54692
Hounslow 007,E02000532,E,8274,513,435,336,463,0.6,0.8,12.0212,2.862756
Hounslow 008,E02000533,E,7594,470,399,309,425,0.4,0.6,11.7682,2.829866
Hounslow 009,E02000534,E,7266,450,382,295,406,0.6,0.8,10.5488,2.6713440000000004
Hounslow 010,E02000535,E,8393,520,441,341,470,0.4,0.6,13.0079,2.991027
Hounslow 011,E02000536,E,8373,519,440,340,468,0.4,0.6,12.965900000000001,2.9855670000000005
Hounslow 012,E02000537,E,7785,482,410,316,435,0.4,0.6,12.0555,2.867215
Hounslow 013,E02000538,E,7839,486,412,319,439,0.2,0.4,14.526500000000002,3.1884450000000006
Hounslow 014,E02000539,E,9711,602,511,395,543,0.2,0.4,17.9865,3.6382450000000004
Hounslow 015,E02000540,E,8351,517,439,339,468,0.4,0.6,12.9453,2.982889
Hounslow 016,E02000541,E,8015,497,422,326,449,0.2,0.4,14.856499999999999,3.231345
Hounslow 017,E02000542,E,8487,526,446,345,475,0.2,0.4,15.720500000000001,3.3436650000000006
Hounslow 018,E02000543,E,10581,655,557,430,592,0.4,0.6,16.3963,3.4315189999999998
Hounslow 019,E02000544,E,7405,459,390,301,414,0.6,0.8,10.7585,2.698605
Hounslow 020,E02000545,E,7390,458,389,300,414,0.2,0.4,13.693000000000001,3.08009
Hounslow 021,E02000546,E,8807,546,463,358,493,0.4,0.6,13.6501,3.074513
Hounslow 022,E02000547,E,8455,524,445,344,473,0.4,0.6,13.104500000000002,3.003585
Hounslow 023,E02000548,E,8223,509,433,334,460,0.2,0.4,15.2285,3.279705
Hounslow 024,E02000549,E,9952,616,523,404,557,0.2,0.4,18.428,3.69564
Hounslow 025,E02000550,E,9397,582,494,382,526,0.2,0.4,17.4065,3.5628450000000003
Hounslow 026,E02000551,E,7781,482,409,316,435,0.0,0.2,16.5556,3.452228
Hounslow 027,E02000552,E,7465,463,393,303,418,0.4,0.6,11.5715,2.804295
Hounslow 028,E02000553,E,5966,370,314,242,334,0.4,0.6,9.2458,2.501954
Hounslow 029,E02006792,E,7582,470,399,308,424,0.6,0.8,11.014600000000002,2.731898
Huntingdonshire 001,E02003753,E,9043,799,734,578,1024,0.6,0.8,21.4009,4.082117
Huntingdonshire 002,E02003754,E,4713,417,383,301,534,0.6,0.8,11.1589,2.750657
Huntingdonshire 003,E02003755,E,6944,614,564,444,787,0.4,0.6,17.675200000000004,3.5977760000000005
Huntingdonshire 004,E02003756,E,5353,473,434,342,606,0.6,0.8,12.6639,2.946307
Huntingdonshire 005,E02003757,E,5204,460,422,332,590,0.6,0.8,12.319199999999999,2.901496
Huntingdonshire 006,E02003758,E,7677,679,623,490,870,0.6,0.8,18.1731,3.662503
Huntingdonshire 007,E02003759,E,5016,443,407,320,569,0.8,1.0,11.0638,2.7382940000000002
Huntingdonshire 008,E02003760,E,6860,606,557,438,778,0.2,0.4,19.878,3.8841400000000004
Huntingdonshire 009,E02003761,E,4879,431,396,312,553,0.6,0.8,11.5527,2.801851
Huntingdonshire 010,E02003762,E,7020,620,570,448,796,0.8,1.0,15.482000000000001,3.31266
Huntingdonshire 011,E02003763,E,8084,714,656,516,916,0.6,0.8,19.1332,3.7873159999999997
Huntingdonshire 012,E02003764,E,7696,680,625,492,872,0.6,0.8,18.220799999999997,3.668704
Huntingdonshire 013,E02003765,E,5336,472,433,341,605,0.8,1.0,11.7708,2.830204
Huntingdonshire 014,E02003766,E,5496,486,446,351,623,0.6,0.8,13.012799999999999,2.991664
Huntingdonshire 015,E02003767,E,5344,472,434,342,606,0.6,0.8,12.659199999999998,2.945696
Huntingdonshire 016,E02003768,E,7598,672,617,485,861,0.8,1.0,16.7534,3.4779419999999996
Huntingdonshire 017,E02003769,E,6086,538,494,389,690,0.8,1.0,13.424800000000001,3.045224
Huntingdonshire 018,E02003770,E,6497,574,527,415,737,0.8,1.0,14.3331,3.163303
Huntingdonshire 019,E02003771,E,5137,454,417,328,583,0.6,0.8,12.170099999999998,2.882113
Huntingdonshire 020,E02003772,E,5582,493,453,357,633,0.8,1.0,12.314599999999999,2.9008979999999998
Huntingdonshire 021,E02003773,E,8580,758,696,548,972,0.4,0.6,21.826,4.13738
Huntingdonshire 022,E02003774,E,4671,413,379,298,529,0.4,0.6,11.8793,2.844309
Hyndburn 001,E02005212,E,8616,679,606,477,715,0.2,0.4,20.688000000000002,3.98944
Hyndburn 002,E02005213,E,9342,737,657,517,775,0.2,0.4,22.429000000000002,4.21577
Hyndburn 003,E02005214,E,5284,417,372,293,439,0.2,0.4,12.7,2.951
Hyndburn 004,E02005215,E,9440,745,664,523,783,0.0,0.2,25.766000000000002,4.64958
Hyndburn 005,E02005216,E,4306,340,303,238,357,0.0,0.2,11.7486,2.827318
Hyndburn 006,E02005217,E,9672,763,680,535,803,0.0,0.2,26.3992,4.731896
Hyndburn 007,E02005218,E,5943,469,418,329,493,0.0,0.2,16.2198,3.4085739999999998
Hyndburn 008,E02005219,E,6752,533,475,374,561,0.2,0.4,16.225,3.40925
Hyndburn 009,E02005220,E,5040,398,355,279,418,0.4,0.6,10.418,2.65434
Ipswich 001,E02006245,E,6394,451,406,331,556,0.2,0.4,15.163,3.27119
Ipswich 002,E02006246,E,5935,419,377,307,515,0.6,0.8,11.3265,2.7724450000000003
Ipswich 003,E02006247,E,7062,498,449,366,613,0.2,0.4,16.739,3.47607
Ipswich 004,E02006248,E,6621,467,421,343,575,0.4,0.6,13.5623,3.0630990000000002
Ipswich 005,E02006249,E,6265,442,398,324,544,0.6,0.8,11.9595,2.854735
Ipswich 006,E02006250,E,7904,558,502,409,686,0.0,0.2,21.1374,4.047862
Ipswich 007,E02006251,E,7714,544,490,399,670,0.2,0.4,18.282000000000004,3.676660000000001
Ipswich 008,E02006252,E,7265,512,462,376,631,0.6,0.8,13.872499999999999,3.1034249999999997
Ipswich 009,E02006253,E,5612,396,357,290,487,0.8,1.0,9.996599999999999,2.599558
Ipswich 010,E02006254,E,7022,495,446,363,609,0.0,0.2,18.767200000000003,3.7397360000000006
Ipswich 011,E02006255,E,6204,438,394,321,539,0.4,0.6,12.7072,2.951936
Ipswich 012,E02006256,E,6865,484,436,355,596,0.0,0.2,18.356,3.68628
Ipswich 013,E02006257,E,5298,374,337,274,460,0.2,0.4,12.557,2.93241
Ipswich 014,E02006258,E,7152,504,454,370,621,0.0,0.2,19.1232,3.786016
Ipswich 015,E02006259,E,5786,408,368,300,503,0.0,0.2,15.4876,3.3133879999999998
Ipswich 016,E02006260,E,6994,493,444,362,607,0.0,0.2,18.6994,3.7309220000000005
Isle of Wight 001,E02003581,E,5417,813,790,632,1009,0.4,0.6,22.311100000000003,4.200443000000001
Isle of Wight 002,E02003582,E,5676,852,829,663,1058,0.6,0.8,21.675800000000002,4.117854
Isle of Wight 003,E02003583,E,4468,671,652,522,832,0.2,0.4,20.493000000000002,3.9640900000000006
Isle of Wight 004,E02003584,E,4309,647,629,503,804,0.0,0.2,22.1344,4.177472
Isle of Wight 005,E02003585,E,4606,692,672,538,859,0.6,0.8,17.5928,3.587064
Isle of Wight 006,E02003586,E,5300,796,773,619,988,0.2,0.4,24.319000000000003,4.46147
Isle of Wight 007,E02003587,E,5814,873,849,679,1084,0.2,0.4,26.683,4.76879
Isle of Wight 008,E02003588,E,5160,775,753,603,962,0.0,0.2,26.501,4.7451300000000005
Isle of Wight 009,E02003589,E,5873,882,857,686,1094,0.2,0.4,26.9405,4.802265
Isle of Wight 010,E02003590,E,5152,773,752,602,960,0.6,0.8,19.6696,3.857048
Isle of Wight 011,E02003591,E,6381,958,931,745,1190,0.4,0.6,26.3043,4.719559
Isle of Wight 012,E02003592,E,6557,984,957,766,1222,0.4,0.6,27.0231,4.813003
Isle of Wight 013,E02003593,E,3670,551,536,429,684,0.4,0.6,15.129000000000001,3.26677
Isle of Wight 014,E02003594,E,6374,957,930,744,1188,0.2,0.4,29.242,5.10146
Isle of Wight 015,E02003595,E,5590,839,816,653,1042,0.4,0.6,23.040999999999997,4.29533
Isle of Wight 016,E02003596,E,6035,906,881,705,1124,0.2,0.4,27.682499999999997,4.898725
Isle of Wight 017,E02003597,E,3884,583,567,454,723,0.2,0.4,17.813000000000002,3.6156900000000007
Isle of Wight 018,E02003598,E,5344,802,780,624,996,0.2,0.4,24.518,4.4873400000000006
Islington 001,E02000554,E,10341,448,378,261,336,0.0,0.2,16.193600000000004,3.4051680000000006
Islington 002,E02000555,E,10597,459,387,267,345,0.2,0.4,14.232499999999998,3.150225
Islington 003,E02000556,E,11271,488,412,285,367,0.2,0.4,15.1465,3.269045
Islington 004,E02000557,E,9149,396,334,231,298,0.0,0.2,14.3324,3.163212
Islington 005,E02000558,E,9990,433,365,252,325,0.0,0.2,15.648,3.3342400000000003
Islington 006,E02000559,E,9885,428,361,250,322,0.4,0.6,10.6295,2.6818350000000004
Islington 007,E02000560,E,7968,345,291,201,259,0.2,0.4,10.698,2.69074
Islington 008,E02000561,E,8725,378,319,220,284,0.4,0.6,9.3775,2.519075
Islington 009,E02000562,E,8936,387,326,226,291,0.2,0.4,12.007000000000001,2.8609100000000005
Islington 010,E02000563,E,9557,414,349,241,311,0.0,0.2,14.9682,3.2458660000000004
Islington 011,E02000564,E,11812,512,431,298,384,0.2,0.4,15.860000000000001,3.3618000000000006
Islington 012,E02000565,E,9221,399,337,233,300,0.2,0.4,12.3865,2.9102449999999997
Islington 013,E02000566,E,9196,398,336,232,299,0.4,0.6,9.878800000000002,2.5842440000000004
Islington 014,E02000567,E,11666,505,426,294,380,0.2,0.4,15.670000000000002,3.3371000000000004
Islington 015,E02000568,E,10841,469,396,274,353,0.0,0.2,16.983600000000003,3.507868
Islington 016,E02000569,E,11286,489,412,285,368,0.2,0.4,15.169,3.2719700000000005
Islington 017,E02000570,E,9703,420,354,245,316,0.4,0.6,10.4289,2.6557570000000004
Islington 018,E02000571,E,9045,392,330,228,294,0.0,0.2,14.161000000000001,3.14093
Islington 019,E02000572,E,9652,418,353,244,314,0.0,0.2,15.122200000000001,3.265886
Islington 020,E02000573,E,9769,423,357,247,318,0.4,0.6,10.5027,2.6653510000000002
Islington 021,E02000574,E,9574,415,350,242,312,0.2,0.4,12.870000000000001,2.9731000000000005
Islington 022,E02000575,E,13390,580,489,338,436,0.2,0.4,17.989,3.6385700000000005
Islington 023,E02000576,E,10573,458,386,267,344,0.2,0.4,14.201500000000001,3.1461950000000005
Kensington and Chelsea 001,E02000577,E,5486,421,379,296,517,0.0,0.2,15.567600000000002,3.3237880000000004
Kensington and Chelsea 002,E02000578,E,4416,339,305,238,416,0.0,0.2,12.5276,2.928588
Kensington and Chelsea 003,E02000579,E,6566,503,454,354,619,0.2,0.4,16.514,3.4468199999999998
Kensington and Chelsea 004,E02000580,E,6596,506,456,355,622,0.0,0.2,18.7166,3.7331580000000004
Kensington and Chelsea 005,E02000581,E,5561,426,384,300,524,0.0,0.2,15.7746,3.3506980000000004
Kensington and Chelsea 006,E02000582,E,5836,448,403,314,551,0.4,0.6,12.754800000000001,2.958124
Kensington and Chelsea 007,E02000583,E,5564,427,385,300,525,0.4,0.6,12.1632,2.881216
Kensington and Chelsea 008,E02000584,E,6232,478,431,336,588,0.6,0.8,12.6976,2.950688
Kensington and Chelsea 009,E02000585,E,6389,490,442,344,603,0.4,0.6,13.9647,3.115411
Kensington and Chelsea 010,E02000586,E,5919,454,409,319,558,0.8,1.0,11.2347,2.760511
Kensington and Chelsea 011,E02000587,E,5733,440,396,309,540,0.6,0.8,11.6689,2.8169570000000004
Kensington and Chelsea 012,E02000588,E,6217,477,430,335,586,0.6,0.8,12.6601,2.9458130000000002
Kensington and Chelsea 013,E02000589,E,6435,493,445,347,607,0.4,0.6,14.0625,3.128125
Kensington and Chelsea 014,E02000590,E,5345,410,369,288,504,0.4,0.6,11.6755,2.817815
Kensington and Chelsea 015,E02000591,E,5159,396,357,278,486,0.2,0.4,12.9735,2.986555
Kensington and Chelsea 016,E02000592,E,5151,395,356,278,486,0.6,0.8,10.4953,2.664389
Kensington and Chelsea 017,E02000593,E,5809,445,402,313,548,0.4,0.6,12.694700000000001,2.950311
Kensington and Chelsea 018,E02000594,E,5525,424,382,298,521,0.6,0.8,11.2545,2.7630850000000002
Kensington and Chelsea 019,E02000595,E,5587,428,386,301,526,0.6,0.8,11.3671,2.777723
Kensington and Chelsea 020,E02000596,E,5928,455,410,320,559,0.6,0.8,12.0774,2.870062
Kensington and Chelsea 021,E02000597,E,5432,417,376,293,512,0.0,0.2,15.419200000000002,3.3044960000000003
Kettering 001,E02005639,E,5102,412,367,274,443,0.6,0.8,10.0656,2.608528
Kettering 002,E02005640,E,10345,836,744,555,897,0.6,0.8,20.3935,3.951155
Kettering 003,E02005641,E,7439,601,535,399,645,0.4,0.6,15.7077,3.3420010000000007
Kettering 004,E02005642,E,7996,646,575,429,693,0.6,0.8,15.758799999999999,3.348644
Kettering 005,E02005643,E,7781,629,560,417,676,0.0,0.2,21.644600000000004,4.113798000000001
Kettering 006,E02005644,E,7979,645,574,428,693,0.2,0.4,19.532500000000002,3.8392250000000008
Kettering 007,E02005645,E,10631,859,765,570,922,0.4,0.6,22.4513,4.218669
Kettering 008,E02005646,E,6213,502,447,333,539,0.8,1.0,11.355899999999998,2.776267
Kettering 009,E02005647,E,6801,550,489,365,590,0.2,0.4,16.6415,3.4633950000000002
Kettering 010,E02005648,E,6977,564,502,374,605,0.8,1.0,12.7501,2.957513
Kettering 011,E02005649,E,13136,1061,945,704,1140,0.6,0.8,25.9028,4.667364
King's Lynn and West Norfolk 001,E02005551,E,3934,468,457,358,568,0.2,0.4,14.521,3.18773
King's Lynn and West Norfolk 002,E02005552,E,5132,610,596,467,741,0.2,0.4,18.941,3.7623300000000004
King's Lynn and West Norfolk 003,E02005553,E,6374,758,740,580,921,0.4,0.6,20.9202,4.019626000000001
King's Lynn and West Norfolk 004,E02005554,E,5004,595,581,456,723,0.4,0.6,16.4272,3.435536
King's Lynn and West Norfolk 005,E02005555,E,5013,596,582,457,724,0.8,1.0,14.108899999999998,3.134157
King's Lynn and West Norfolk 006,E02005556,E,5575,663,648,508,806,0.4,0.6,18.3105,3.680365
King's Lynn and West Norfolk 007,E02005557,E,4407,524,512,401,637,0.0,0.2,18.2752,3.675776
King's Lynn and West Norfolk 008,E02005558,E,4987,593,579,454,720,0.2,0.4,18.4065,3.692845
King's Lynn and West Norfolk 009,E02005559,E,5096,606,592,464,736,0.2,0.4,18.814,3.74582
King's Lynn and West Norfolk 010,E02005560,E,6173,734,717,562,892,0.2,0.4,22.7945,4.263285
King's Lynn and West Norfolk 011,E02005561,E,7135,849,829,650,1031,0.0,0.2,29.593,5.14709
King's Lynn and West Norfolk 012,E02005562,E,5087,605,591,463,735,0.2,0.4,18.7835,3.741855
King's Lynn and West Norfolk 013,E02005563,E,5405,643,628,492,781,0.2,0.4,19.9595,3.894735
King's Lynn and West Norfolk 014,E02005564,E,7455,886,866,679,1077,0.4,0.6,24.4705,4.481165000000001
King's Lynn and West Norfolk 015,E02005565,E,5099,606,592,464,737,0.2,0.4,18.8275,3.7475750000000003
King's Lynn and West Norfolk 016,E02005566,E,6914,822,803,630,999,0.2,0.4,25.533,4.61929
King's Lynn and West Norfolk 017,E02005567,E,7252,862,842,661,1048,0.4,0.6,23.8096,4.3952480000000005
King's Lynn and West Norfolk 018,E02005568,E,5219,620,606,475,754,0.4,0.6,17.127699999999997,3.5266009999999994
King's Lynn and West Norfolk 019,E02005569,E,5757,684,669,524,831,0.4,0.6,18.8871,3.7553229999999997
Kingston upon Hull 001,E02002652,E,9009,564,533,409,546,0.0,0.2,20.3054,3.9397019999999996
Kingston upon Hull 002,E02002653,E,6913,433,409,314,419,0.0,0.2,15.583800000000002,3.325894000000001
Kingston upon Hull 003,E02002654,E,6345,397,376,288,384,0.0,0.2,14.296000000000001,3.15848
Kingston upon Hull 004,E02002655,E,7414,464,439,337,449,0.0,0.2,16.7104,3.472352
Kingston upon Hull 005,E02002656,E,4452,279,264,202,270,0.4,0.6,7.4016,2.262208
Kingston upon Hull 006,E02002657,E,6259,392,371,284,380,0.2,0.4,12.3375,2.903875
Kingston upon Hull 007,E02002658,E,5716,358,338,260,346,0.4,0.6,9.494800000000001,2.5343240000000002
Kingston upon Hull 008,E02002659,E,9150,573,542,416,555,0.0,0.2,20.637,3.9828100000000006
Kingston upon Hull 009,E02002660,E,5766,361,341,262,350,0.0,0.2,13.003600000000002,2.9904680000000003
Kingston upon Hull 010,E02002661,E,6615,414,392,300,401,0.0,0.2,14.911000000000001,3.23843
Kingston upon Hull 011,E02002662,E,5993,375,355,272,363,0.0,0.2,13.5058,3.0557540000000003
Kingston upon Hull 012,E02002663,E,5690,356,337,258,344,0.4,0.6,9.443000000000001,2.52759
Kingston upon Hull 013,E02002664,E,6326,396,375,287,384,0.6,0.8,9.8488,2.580344
Kingston upon Hull 014,E02002665,E,6904,432,409,314,418,0.4,0.6,11.4712,2.7912559999999997
Kingston upon Hull 015,E02002666,E,7444,466,441,338,451,0.0,0.2,16.7794,3.4813219999999996
Kingston upon Hull 016,E02002667,E,5906,370,350,268,358,0.2,0.4,11.635000000000002,2.8125500000000003
Kingston upon Hull 017,E02002668,E,7363,461,436,334,446,0.0,0.2,16.5928,3.457064
Kingston upon Hull 018,E02002669,E,7049,441,417,320,427,0.2,0.4,13.8795,3.104335
Kingston upon Hull 019,E02002670,E,6537,409,387,297,396,0.2,0.4,12.874500000000001,2.9736850000000006
Kingston upon Hull 020,E02002671,E,6948,435,411,316,422,0.0,0.2,15.6748,3.3377239999999997
Kingston upon Hull 021,E02002672,E,6124,384,363,278,371,0.0,0.2,13.8074,3.0949619999999998
Kingston upon Hull 022,E02002673,E,6577,412,389,299,399,0.0,0.2,14.8322,3.228186
Kingston upon Hull 023,E02002674,E,5734,359,340,261,348,0.2,0.4,11.307,2.7699100000000003
Kingston upon Hull 024,E02002675,E,7031,440,416,319,426,0.0,0.2,15.8436,3.359668
Kingston upon Hull 025,E02002676,E,6300,394,373,286,382,0.0,0.2,14.201,3.1461300000000003
Kingston upon Hull 026,E02002677,E,6992,438,414,318,424,0.0,0.2,15.769200000000001,3.349996
Kingston upon Hull 027,E02002678,E,6388,400,378,290,388,0.0,0.2,14.4088,3.1731439999999997
Kingston upon Hull 028,E02002679,E,6158,386,365,280,373,0.2,0.4,12.133,2.87729
Kingston upon Hull 029,E02002680,E,7367,461,436,335,447,0.0,0.2,16.6142,3.4598459999999998
Kingston upon Hull 030,E02002681,E,7069,443,419,321,428,0.0,0.2,15.9344,3.371472
Kingston upon Hull 031,E02002682,E,6604,414,391,300,401,0.0,0.2,14.8994,3.236922
Kingston upon Hull 033,E02006813,E,6829,428,404,310,414,0.0,0.2,15.3954,3.3014020000000004
Kingston upon Thames 001,E02000598,E,7393,469,395,306,513,0.8,1.0,11.1189,2.745457
Kingston upon Thames 002,E02000599,E,6858,435,367,284,475,0.8,1.0,10.3064,2.639832
Kingston upon Thames 003,E02000600,E,7757,492,415,321,538,0.8,1.0,11.6641,2.816333
Kingston upon Thames 004,E02000601,E,9817,623,525,406,680,0.8,1.0,14.751100000000001,3.2176430000000003
Kingston upon Thames 005,E02000602,E,8856,562,473,366,613,0.4,0.6,15.2248,3.279224
Kingston upon Thames 006,E02000603,E,7414,470,396,307,514,0.4,0.6,12.758200000000002,2.9585660000000003
Kingston upon Thames 007,E02000604,E,8101,514,433,335,561,0.6,0.8,13.0363,2.994719
Kingston upon Thames 008,E02000605,E,7415,470,396,307,514,0.6,0.8,11.9375,2.851875
Kingston upon Thames 009,E02000606,E,9533,605,510,394,660,0.8,1.0,14.3199,3.161587
Kingston upon Thames 010,E02000607,E,6440,409,344,266,446,0.8,1.0,9.674,2.55762
Kingston upon Thames 011,E02000608,E,6596,418,353,273,457,0.6,0.8,10.6188,2.680444
Kingston upon Thames 012,E02000609,E,7014,445,375,290,486,0.6,0.8,11.2902,2.767726
Kingston upon Thames 013,E02000610,E,7195,456,385,298,498,0.6,0.8,11.5785,2.805205
Kingston upon Thames 014,E02000611,E,6900,437,369,285,478,0.8,1.0,10.365,2.64745
Kingston upon Thames 015,E02000612,E,7574,480,405,313,525,0.8,1.0,11.382200000000001,2.7796860000000003
Kingston upon Thames 016,E02000613,E,7395,469,395,306,513,0.6,0.8,11.909500000000001,2.8482350000000003
Kingston upon Thames 017,E02000614,E,7929,503,424,328,549,0.6,0.8,12.7597,2.958761
Kingston upon Thames 018,E02000615,E,7046,447,377,291,488,0.8,1.0,10.584800000000001,2.676024
Kingston upon Thames 019,E02000616,E,5688,361,304,235,394,0.8,1.0,8.5454,2.410902
Kingston upon Thames 020,E02000617,E,8053,511,430,333,558,0.4,0.6,13.8519,3.100747
Kirklees 001,E02002271,E,5970,464,409,324,506,0.6,0.8,11.541,2.80033
Kirklees 002,E02002272,E,7942,617,544,431,674,0.2,0.4,19.103,3.7833900000000007
Kirklees 003,E02002273,E,5191,404,355,282,441,0.4,0.6,10.769300000000001,2.7000090000000005
Kirklees 004,E02002274,E,5884,458,403,319,500,0.6,0.8,11.388200000000001,2.7804660000000005
Kirklees 005,E02002275,E,7197,559,493,390,610,0.2,0.4,17.2975,3.5486750000000002
Kirklees 006,E02002276,E,6123,476,419,332,519,0.2,0.4,14.7175,3.2132750000000003
Kirklees 007,E02002277,E,5473,426,375,297,464,0.2,0.4,13.1615,3.0109950000000003
Kirklees 008,E02002278,E,5359,417,367,291,454,0.2,0.4,12.883500000000002,2.9748550000000002
Kirklees 009,E02002279,E,5191,404,355,282,441,0.0,0.2,14.175600000000001,3.142828
Kirklees 010,E02002280,E,5253,408,360,285,445,0.0,0.2,14.3268,3.162484
Kirklees 011,E02002281,E,9585,745,656,520,813,0.2,0.4,23.0475,4.296175
Kirklees 012,E02002282,E,6056,471,415,328,513,0.0,0.2,16.5156,3.4470280000000004
Kirklees 013,E02002283,E,6586,512,451,357,559,0.0,0.2,17.9736,3.6365680000000005
Kirklees 014,E02002284,E,5090,396,349,276,432,0.2,0.4,12.245000000000001,2.8918500000000003
Kirklees 015,E02002285,E,6721,522,460,364,570,0.6,0.8,12.990300000000001,2.9887390000000003
Kirklees 016,E02002286,E,5109,397,350,277,433,0.0,0.2,13.9354,3.111602
Kirklees 017,E02002287,E,5830,453,399,316,494,0.0,0.2,15.898,3.36674
Kirklees 018,E02002288,E,7797,606,534,423,661,0.0,0.2,21.2712,4.065256
Kirklees 019,E02002289,E,5516,429,378,299,468,0.0,0.2,15.0536,3.256968
Kirklees 020,E02002290,E,5240,407,359,284,445,0.6,0.8,10.137,2.6178100000000004
Kirklees 021,E02002291,E,5508,428,377,299,467,0.4,0.6,11.4144,2.783872
Kirklees 022,E02002292,E,4799,373,329,260,407,0.4,0.6,9.9457,2.592941
Kirklees 023,E02002293,E,6671,519,457,362,566,0.0,0.2,18.2086,3.6671180000000003
Kirklees 024,E02002294,E,8989,699,615,488,763,0.0,0.2,24.535400000000003,4.4896020000000005
Kirklees 025,E02002295,E,5625,438,385,305,477,0.0,0.2,15.349,3.29537
Kirklees 026,E02002296,E,5701,443,390,309,483,0.4,0.6,11.8063,2.8348190000000004
Kirklees 027,E02002297,E,5802,451,397,315,492,0.4,0.6,12.024600000000001,2.8631980000000006
Kirklees 028,E02002298,E,5674,441,388,308,481,0.2,0.4,13.64,3.0732
Kirklees 029,E02002299,E,5507,428,377,299,467,0.0,0.2,15.0262,3.253406
Kirklees 030,E02002300,E,5620,437,385,305,477,0.6,0.8,10.872,2.7133599999999998
Kirklees 031,E02002301,E,6437,500,441,349,546,0.0,0.2,17.5622,3.5830859999999998
Kirklees 032,E02002302,E,5372,417,368,291,456,0.6,0.8,10.3886,2.650518
Kirklees 033,E02002303,E,5439,423,372,295,462,0.4,0.6,11.2797,2.766361
Kirklees 034,E02002304,E,5501,428,377,298,466,0.2,0.4,13.220500000000001,3.0186650000000004
Kirklees 035,E02002305,E,5105,397,349,277,433,0.0,0.2,13.927999999999999,3.11064
Kirklees 036,E02002306,E,5349,416,366,290,454,0.6,0.8,10.3447,2.644811
Kirklees 037,E02002307,E,5047,393,346,274,428,0.2,0.4,12.1405,2.878265
Kirklees 038,E02002308,E,5432,422,372,295,460,0.4,0.6,11.2516,2.762708
Kirklees 039,E02002309,E,5689,442,390,309,483,0.0,0.2,15.532399999999999,3.3192120000000003
Kirklees 040,E02002310,E,5114,398,350,277,434,0.2,0.4,12.298,2.89874
Kirklees 041,E02002311,E,5403,420,370,293,458,0.2,0.4,12.9885,2.988505
Kirklees 042,E02002312,E,6844,532,468,371,580,0.2,0.4,16.447,3.43811
Kirklees 043,E02002313,E,6444,501,441,349,547,0.0,0.2,17.583399999999997,3.5858419999999995
Kirklees 044,E02002314,E,5054,393,346,274,428,0.4,0.6,10.4662,2.6606060000000005
Kirklees 045,E02002315,E,5698,443,390,309,483,0.2,0.4,13.697,3.08061
Kirklees 046,E02002316,E,5411,421,370,293,459,0.6,0.8,10.459299999999999,2.659709
Kirklees 047,E02002317,E,5922,460,405,321,502,0.0,0.2,16.1492,3.3993960000000003
Kirklees 048,E02002318,E,5385,419,369,292,456,0.0,0.2,14.687000000000001,3.2093100000000003
Kirklees 049,E02002319,E,5507,428,377,299,467,0.4,0.6,11.414100000000001,2.7838330000000004
Kirklees 050,E02002320,E,5381,418,368,292,456,0.4,0.6,11.1463,2.749019
Kirklees 051,E02002321,E,6081,473,416,330,515,0.8,1.0,10.917300000000001,2.7192490000000005
Kirklees 052,E02002322,E,5385,418,368,292,456,0.4,0.6,11.1475,2.749175
Kirklees 053,E02002323,E,7099,552,486,385,602,0.6,0.8,13.724699999999999,3.084211
Kirklees 054,E02002324,E,5482,426,375,297,465,0.6,0.8,10.596599999999999,2.677558
Kirklees 055,E02002325,E,7176,558,491,389,608,0.6,0.8,13.8658,3.102554
Kirklees 056,E02002326,E,5266,410,361,286,447,0.8,1.0,9.4688,2.530944
Kirklees 057,E02002327,E,8277,644,567,449,702,0.6,0.8,16.006100000000004,3.3807930000000006
Kirklees 058,E02002328,E,5866,456,402,318,498,0.6,0.8,11.3478,2.775214
Kirklees 059,E02002329,E,10054,782,688,545,852,0.6,0.8,19.4292,3.8257960000000004
Knowsley 001,E02001327,E,6440,496,486,367,440,0.0,0.2,16.623,3.4609900000000007
Knowsley 002,E02001328,E,8771,675,662,499,599,0.2,0.4,19.7395,3.866135
Knowsley 003,E02001329,E,6574,506,496,374,449,0.0,0.2,16.9604,3.5048520000000005
Knowsley 004,E02001330,E,7525,579,568,429,514,0.0,0.2,19.421,3.8247299999999997
Knowsley 005,E02001331,E,8698,669,657,495,595,0.0,0.2,22.4538,4.218994
Knowsley 006,E02001332,E,5742,442,434,327,393,0.0,0.2,14.830200000000001,3.227926
Knowsley 007,E02001333,E,7088,545,535,404,485,0.0,0.2,18.300800000000002,3.6791040000000006
Knowsley 008,E02001334,E,4996,384,377,285,342,0.0,0.2,12.901599999999998,2.977208
Knowsley 009,E02001335,E,6628,510,500,378,453,0.2,0.4,14.926,3.24038
Knowsley 010,E02001336,E,5904,455,446,336,404,0.0,0.2,15.247399999999999,3.282162
Knowsley 011,E02001337,E,5130,395,387,292,350,0.0,0.2,13.232000000000003,3.0201600000000006
Knowsley 012,E02001338,E,5130,395,387,292,350,0.0,0.2,13.232000000000003,3.0201600000000006
Knowsley 013,E02001339,E,5825,448,440,332,398,0.0,0.2,15.035,3.25455
Knowsley 014,E02001340,E,7779,598,587,443,531,0.4,0.6,14.9077,3.238001
Knowsley 015,E02001341,E,5929,456,447,338,406,0.0,0.2,15.3104,3.2903520000000004
Knowsley 016,E02001342,E,6198,477,468,353,424,0.4,0.6,11.8914,2.8458820000000005
Knowsley 017,E02001343,E,6154,473,464,350,421,0.4,0.6,11.8002,2.834026
Knowsley 018,E02001344,E,4620,355,349,263,316,0.0,0.2,11.925,2.85025
Knowsley 019,E02001345,E,4874,375,368,278,333,0.4,0.6,9.3482,2.5152660000000004
Knowsley 020,E02001346,E,6111,470,461,348,417,0.0,0.2,15.761600000000001,3.3490080000000004
Lambeth 002,E02000619,E,7978,368,314,216,285,0.2,0.4,11.281,2.7665300000000004
Lambeth 003,E02000620,E,9279,428,365,252,332,0.2,0.4,13.131499999999999,3.007095
Lambeth 004,E02000621,E,10331,477,406,280,369,0.2,0.4,14.6085,3.1991050000000003
Lambeth 005,E02000622,E,8016,370,315,217,287,0.2,0.4,11.341000000000001,2.77433
Lambeth 006,E02000623,E,7914,365,311,215,283,0.2,0.4,11.197,2.75561
Lambeth 007,E02000624,E,7902,365,311,214,283,0.2,0.4,11.184000000000001,2.75392
Lambeth 008,E02000625,E,8281,382,326,224,297,0.2,0.4,11.7225,2.823925
Lambeth 009,E02000626,E,8221,380,324,223,295,0.0,0.2,13.5536,3.0619680000000002
Lambeth 010,E02000627,E,9482,438,373,257,340,0.2,0.4,13.426,3.04538
Lambeth 011,E02000628,E,9639,445,379,261,344,0.0,0.2,15.8584,3.361592
Lambeth 012,E02000629,E,8947,413,352,243,320,0.2,0.4,12.6615,2.945995
Lambeth 013,E02000630,E,7197,332,283,195,258,0.2,0.4,10.1875,2.624375
Lambeth 014,E02000631,E,8749,404,344,237,313,0.4,0.6,9.9867,2.5982710000000004
Lambeth 015,E02000632,E,9426,435,371,255,338,0.2,0.4,13.343,3.03459
Lambeth 016,E02000633,E,8561,395,337,232,307,0.0,0.2,14.104600000000001,3.133598
Lambeth 017,E02000634,E,6783,313,267,184,242,0.2,0.4,9.5905,2.546765
Lambeth 018,E02000635,E,9070,419,357,246,324,0.2,0.4,12.83,2.9679
Lambeth 019,E02000636,E,7566,349,298,205,271,0.4,0.6,8.6418,2.4234340000000003
Lambeth 020,E02000637,E,8603,397,339,233,308,0.2,0.4,12.1755,2.882815
Lambeth 021,E02000638,E,9803,453,386,266,350,0.2,0.4,13.866500000000002,3.1026450000000003
Lambeth 022,E02000639,E,8042,371,316,218,287,0.2,0.4,11.368,2.7778400000000003
Lambeth 023,E02000640,E,9036,417,356,245,323,0.4,0.6,10.3148,2.640924
Lambeth 024,E02000641,E,8698,401,342,236,311,0.0,0.2,14.317800000000002,3.1613140000000004
Lambeth 025,E02000642,E,9537,440,375,258,342,0.2,0.4,13.4985,3.054805
Lambeth 026,E02000643,E,8289,383,326,225,297,0.2,0.4,11.7365,2.825745
Lambeth 027,E02000644,E,8537,394,336,231,305,0.4,0.6,9.7391,2.566083
Lambeth 028,E02000645,E,8934,412,352,242,320,0.2,0.4,12.645,2.9438500000000003
Lambeth 029,E02000646,E,9035,417,355,245,323,0.4,0.6,10.3105,2.640365
Lambeth 030,E02000647,E,8402,388,331,228,301,0.4,0.6,9.6006,2.5480780000000003
Lambeth 031,E02000648,E,7717,356,304,209,276,0.0,0.2,12.705200000000001,2.951676
Lambeth 032,E02000649,E,11074,511,436,300,396,0.2,0.4,15.666,3.3365800000000005
Lambeth 033,E02000650,E,7353,339,289,199,263,0.2,0.4,10.3985,2.6518050000000004
Lambeth 034,E02000651,E,8510,393,335,231,305,0.4,0.6,9.725000000000001,2.5642500000000004
Lambeth 035,E02000652,E,7292,337,287,198,261,0.4,0.6,8.329600000000001,2.382848
Lambeth 036,E02006801,E,8005,370,315,217,287,0.4,0.6,9.1475,2.4891750000000004
Lancaster 001,E02005221,E,8407,715,687,543,825,0.4,0.6,19.8581,3.8815530000000003
Lancaster 002,E02005222,E,5074,432,415,328,498,0.6,0.8,11.164200000000001,2.7513460000000003
Lancaster 003,E02005223,E,6126,521,501,395,601,0.8,1.0,12.4678,2.920814
Lancaster 004,E02005224,E,4384,373,358,283,430,0.4,0.6,10.3512,2.6456560000000002
Lancaster 005,E02005225,E,4419,376,361,285,434,0.8,1.0,8.9987,2.469831
Lancaster 006,E02005226,E,6598,561,539,426,648,0.0,0.2,20.2168,3.928184
Lancaster 008,E02005228,E,4887,416,400,316,480,0.2,0.4,13.2635,3.024255
Lancaster 009,E02005229,E,4753,405,389,307,467,0.0,0.2,14.5748,3.194724
Lancaster 010,E02005230,E,5543,472,453,358,545,0.0,0.2,16.9968,3.5095840000000003
Lancaster 011,E02005231,E,6763,575,553,437,664,0.0,0.2,20.724800000000002,3.994224
Lancaster 013,E02005233,E,5123,436,419,331,503,0.2,0.4,13.898500000000002,3.1068050000000005
Lancaster 014,E02005234,E,6371,542,521,411,625,0.2,0.4,17.2725,3.545425
Lancaster 015,E02005235,E,4531,386,371,293,445,0.6,0.8,9.9753,2.5967890000000002
Lancaster 016,E02005236,E,10771,916,881,695,1057,0.2,0.4,29.206500000000002,5.096845
Lancaster 017,E02005237,E,8307,707,679,536,815,0.4,0.6,19.6181,3.850353
Lancaster 018,E02005238,E,4845,412,396,313,476,0.4,0.6,11.4515,2.7886949999999997
Lancaster 019,E02005239,E,9873,840,807,637,969,0.6,0.8,21.713900000000002,4.122807000000001
Lancaster 020,E02006871,E,10073,857,823,650,988,0.2,0.4,27.305500000000002,4.849715000000001
Leeds 001,E02002330,E,5970,347,322,254,395,0.8,1.0,8.744,2.43672
Leeds 002,E02002331,E,5961,347,321,254,395,0.4,0.6,10.0303,2.6039390000000004
Leeds 003,E02002332,E,5292,308,285,225,350,0.4,0.6,8.8936,2.456168
Leeds 004,E02002333,E,7072,412,381,301,468,0.6,0.8,11.1226,2.745938
Leeds 005,E02002334,E,6437,375,347,274,426,0.8,1.0,9.4311,2.5260430000000005
Leeds 006,E02002335,E,6831,397,368,291,452,0.8,1.0,10.0063,2.600819
Leeds 007,E02002336,E,6119,356,330,261,405,0.8,1.0,8.9677,2.465801
Leeds 008,E02002337,E,6070,353,327,259,402,0.8,1.0,8.898,2.45674
Leeds 009,E02002338,E,6149,358,331,262,408,0.6,0.8,9.6827,2.558751
Leeds 010,E02002339,E,5173,301,279,220,342,0.2,0.4,10.249500000000001,2.632435
Leeds 011,E02002340,E,5010,291,270,213,331,0.4,0.6,8.415,2.3939500000000002
Leeds 012,E02002341,E,6646,387,358,283,439,0.8,1.0,9.7278,2.564614
Leeds 013,E02002342,E,5203,303,280,222,344,0.6,0.8,8.180900000000001,2.3635170000000003
Leeds 014,E02002343,E,5182,302,279,221,343,0.8,1.0,7.5946,2.287298
Leeds 015,E02002344,E,6946,404,374,296,460,0.8,1.0,10.1798,2.623374
Leeds 016,E02002345,E,4978,290,268,212,329,0.8,1.0,7.288399999999999,2.247492
Leeds 017,E02002346,E,5411,315,292,231,358,0.2,0.4,10.7315,2.6950950000000002
Leeds 018,E02002347,E,5427,316,292,231,359,0.0,0.2,12.2212,2.888756
Leeds 019,E02002348,E,5528,322,298,235,366,0.2,0.4,10.959,2.72467
Leeds 020,E02002349,E,5099,297,275,217,338,0.6,0.8,8.0267,2.343471
Leeds 021,E02002350,E,5610,326,302,239,371,0.8,1.0,8.215,2.36795
Leeds 022,E02002351,E,4881,284,263,208,323,0.8,1.0,7.1513,2.2296690000000003
Leeds 023,E02002352,E,6666,388,359,284,441,0.8,1.0,9.764800000000001,2.569424
Leeds 024,E02002353,E,5262,306,283,224,348,0.8,1.0,7.704600000000001,2.3015980000000003
Leeds 025,E02002354,E,7079,412,381,302,468,0.4,0.6,11.899700000000001,2.8469610000000003
Leeds 027,E02002356,E,6803,396,367,290,450,0.8,1.0,9.966899999999999,2.595697
Leeds 028,E02002357,E,7041,410,379,300,466,0.4,0.6,11.840300000000001,2.839239
Leeds 029,E02002358,E,6651,387,358,283,441,0.2,0.4,13.1915,3.014895
Leeds 030,E02002359,E,5782,336,312,246,383,0.8,1.0,8.473600000000001,2.401568
Leeds 031,E02002360,E,6104,355,329,260,404,0.4,0.6,10.2652,2.6344760000000003
Leeds 032,E02002361,E,5198,302,280,221,344,0.4,0.6,8.737400000000001,2.435862
Leeds 033,E02002362,E,6960,405,375,297,460,0.0,0.2,15.675,3.3377499999999998
Leeds 034,E02002363,E,6310,367,340,269,418,0.6,0.8,9.93,2.5909
Leeds 035,E02002364,E,5216,304,281,222,346,0.0,0.2,11.7606,2.8288780000000004
Leeds 037,E02002366,E,7026,409,379,299,465,0.4,0.6,11.815800000000001,2.8360540000000003
Leeds 038,E02002367,E,5350,311,288,228,354,0.0,0.2,12.049,2.86637
Leeds 039,E02002368,E,7192,419,388,306,476,0.8,1.0,10.537600000000001,2.6698880000000003
Leeds 040,E02002369,E,6277,365,338,267,416,0.0,0.2,14.142199999999999,3.138486
Leeds 041,E02002370,E,6016,350,324,256,398,0.0,0.2,13.547600000000001,3.0611880000000005
Leeds 042,E02002371,E,8695,506,469,370,576,0.0,0.2,19.594,3.84722
Leeds 044,E02002373,E,7740,450,417,330,512,0.4,0.6,13.014,2.9918199999999997
Leeds 045,E02002374,E,6001,349,323,256,397,0.2,0.4,11.8955,2.8464150000000004
Leeds 046,E02002375,E,5775,336,311,246,383,0.0,0.2,13.018,2.9923400000000004
Leeds 047,E02002376,E,6213,362,335,265,412,0.0,0.2,14.011800000000001,3.1215340000000005
Leeds 048,E02002377,E,6392,372,344,272,423,0.0,0.2,14.3952,3.1713760000000004
Leeds 050,E02002379,E,4742,276,256,202,314,0.0,0.2,10.6872,2.689336
Leeds 051,E02002380,E,4767,277,257,203,315,0.2,0.4,9.4435,2.527655
Leeds 052,E02002381,E,5521,321,297,235,365,0.2,0.4,10.936499999999999,2.721745
Leeds 053,E02002382,E,5428,316,292,231,359,0.0,0.2,12.2218,2.888834
Leeds 054,E02002383,E,6906,402,372,294,457,0.2,0.4,13.689,3.0795700000000004
Leeds 055,E02002384,E,9763,568,526,416,646,0.0,0.2,21.991799999999998,4.1589339999999995
Leeds 056,E02002385,E,7232,421,390,308,479,0.0,0.2,16.2982,3.4187660000000006
Leeds 057,E02002386,E,7546,439,407,321,499,0.4,0.6,12.683800000000002,2.948894
Leeds 058,E02002387,E,4933,287,266,210,327,0.0,0.2,11.1188,2.745444
Leeds 059,E02002388,E,6654,387,359,283,441,0.0,0.2,14.9954,3.249402
Leeds 060,E02002389,E,5970,347,322,254,395,0.0,0.2,13.445,3.0478500000000004
Leeds 061,E02002390,E,5479,319,295,233,362,0.0,0.2,12.3324,2.903212
Leeds 062,E02002391,E,7029,409,379,299,466,0.4,0.6,11.828700000000001,2.8377310000000002
Leeds 063,E02002392,E,8389,488,452,357,555,0.2,0.4,16.625500000000002,3.461315000000001
Leeds 064,E02002393,E,6863,399,370,292,454,0.0,0.2,15.454800000000002,3.3091240000000006
Leeds 065,E02002394,E,6127,356,330,261,406,0.0,0.2,13.8052,3.0946759999999998
Leeds 066,E02002395,E,5735,334,309,244,379,0.4,0.6,9.6365,2.552745
Leeds 067,E02002396,E,7656,446,413,326,507,0.0,0.2,17.2546,3.5430980000000005
Leeds 068,E02002397,E,6721,391,362,286,445,0.2,0.4,13.323500000000001,3.032055
Leeds 069,E02002398,E,6733,392,363,287,445,0.4,0.6,11.3179,2.7713270000000003
Leeds 070,E02002399,E,5612,327,302,239,371,0.0,0.2,12.6372,2.942836
Leeds 071,E02002400,E,7437,433,401,317,493,0.0,0.2,16.767200000000003,3.479736000000001
Leeds 072,E02002401,E,5612,326,302,239,371,0.0,0.2,12.6322,2.942186
Leeds 073,E02002402,E,5224,304,281,222,346,0.8,1.0,7.6532,2.294916
Leeds 074,E02002403,E,5493,320,296,234,363,0.6,0.8,8.6349,2.422537
Leeds 075,E02002404,E,7846,457,423,334,520,0.0,0.2,17.6856,3.5991280000000003
Leeds 076,E02002405,E,6770,394,365,288,448,0.4,0.6,11.383,2.77979
Leeds 077,E02002406,E,6346,369,342,270,420,0.8,1.0,9.2958,2.508454
Leeds 078,E02002407,E,5780,336,311,246,383,0.0,0.2,13.021,2.99273
Leeds 079,E02002408,E,6546,381,353,279,433,0.4,0.6,11.0078,2.731014
Leeds 080,E02002409,E,5372,313,289,229,356,0.0,0.2,12.1082,2.874066
Leeds 081,E02002410,E,5959,347,321,254,395,0.2,0.4,11.8225,2.836925
Leeds 082,E02002411,E,6381,371,344,272,422,0.0,0.2,14.3716,3.168308
Leeds 083,E02002412,E,6148,358,331,262,407,0.2,0.4,12.19,2.8847
Leeds 085,E02002414,E,5178,301,279,221,342,0.0,0.2,11.6578,2.8155140000000003
Leeds 086,E02002415,E,5865,341,316,250,388,0.0,0.2,13.21,3.0173000000000005
Leeds 087,E02002416,E,5715,333,308,243,379,0.4,0.6,9.618500000000001,2.5504050000000005
Leeds 088,E02002417,E,5722,333,308,244,379,0.4,0.6,9.6266,2.5514580000000002
Leeds 089,E02002418,E,6545,381,353,279,433,0.4,0.6,11.0075,2.730975
Leeds 090,E02002419,E,7083,412,382,302,468,0.0,0.2,15.9498,3.373474
Leeds 091,E02002420,E,7103,413,383,303,470,0.2,0.4,14.0835,3.1308550000000004
Leeds 092,E02002421,E,5365,312,289,229,355,0.0,0.2,12.087,2.8713100000000003
Leeds 093,E02002422,E,5588,325,301,238,370,0.6,0.8,8.790399999999998,2.4427519999999996
Leeds 094,E02002423,E,5102,297,275,217,338,0.0,0.2,11.496200000000002,2.794506
Leeds 095,E02002424,E,6887,401,371,293,456,0.4,0.6,11.5821,2.805673
Leeds 096,E02002425,E,7641,445,412,326,506,0.4,0.6,12.8583,2.971579
Leeds 097,E02002426,E,6930,403,373,295,458,0.4,0.6,11.643,2.8135900000000005
Leeds 098,E02002427,E,6200,361,334,264,410,0.2,0.4,12.286999999999999,2.89731
Leeds 099,E02002428,E,6221,362,335,265,412,0.2,0.4,12.3355,2.9036150000000003
Leeds 100,E02002429,E,7459,434,402,318,493,0.4,0.6,12.537700000000001,2.929901
Leeds 101,E02002430,E,6489,378,350,276,429,0.0,0.2,14.6134,3.199742
Leeds 102,E02002431,E,7231,421,389,308,478,0.2,0.4,14.3265,3.162445
Leeds 103,E02002432,E,6512,379,351,277,431,0.4,0.6,10.9496,2.7234480000000003
Leeds 104,E02002433,E,5586,325,301,238,370,0.2,0.4,11.078,2.7401400000000002
Leeds 105,E02002434,E,7797,454,420,332,516,0.4,0.6,13.1111,3.004443
Leeds 106,E02002435,E,6689,389,360,285,443,0.4,0.6,11.2507,2.762591
Leeds 107,E02002436,E,5973,348,322,255,395,0.2,0.4,11.8435,2.8396550000000005
Leeds 108,E02002437,E,5600,326,302,239,371,0.8,1.0,8.212,2.36756
Leeds 109,E02006852,E,11230,653,605,478,743,0.6,0.8,17.658,3.5955400000000006
Leeds 110,E02006861,E,11316,658,610,482,749,0.4,0.6,19.0308,3.7740039999999997
Leeds 111,E02006875,E,6770,394,365,288,448,0.4,0.6,11.383,2.77979
Leeds 112,E02006876,E,6464,376,348,275,428,0.0,0.2,14.5594,3.192722
Leicester 001,E02002827,E,6358,302,275,220,323,0.2,0.4,10.601,2.6781300000000003
Leicester 002,E02002828,E,7493,356,324,259,382,0.4,0.6,10.393900000000002,2.6512070000000003
Leicester 003,E02002829,E,10485,498,453,363,533,0.0,0.2,19.983,3.8977900000000005
Leicester 004,E02002830,E,9931,472,429,344,505,0.0,0.2,18.9316,3.761108
Leicester 005,E02002831,E,6752,321,292,234,344,0.2,0.4,11.273,2.76549
Leicester 006,E02002832,E,7977,379,345,276,406,0.2,0.4,13.3095,3.0302350000000002
Leicester 007,E02002833,E,8064,383,349,279,410,0.2,0.4,13.45,3.0484999999999998
Leicester 008,E02002834,E,9615,457,416,333,489,0.4,0.6,13.328500000000002,3.0327050000000004
Leicester 009,E02002835,E,12480,593,539,432,635,0.4,0.6,17.298000000000002,3.5487400000000004
Leicester 010,E02002836,E,9223,438,399,319,469,0.2,0.4,15.3825,3.2997250000000005
Leicester 011,E02002837,E,7357,350,318,255,374,0.0,0.2,14.0272,3.123536
Leicester 012,E02002838,E,7634,363,330,264,388,0.0,0.2,14.549400000000002,3.191422
Leicester 013,E02002839,E,7551,359,326,261,384,0.2,0.4,12.5915,2.936895
Leicester 016,E02002842,E,7568,360,327,262,386,0.0,0.2,14.4418,3.177434
Leicester 017,E02002843,E,12896,613,557,446,656,0.2,0.4,21.509,4.09617
Leicester 018,E02002844,E,11813,561,511,409,601,0.0,0.2,22.5228,4.227964
Leicester 019,E02002845,E,10230,486,442,354,520,0.0,0.2,19.496000000000002,3.83448
Leicester 020,E02002846,E,7299,347,315,253,372,0.4,0.6,10.1257,2.6163410000000002
Leicester 021,E02002847,E,10154,482,439,351,517,0.2,0.4,16.94,3.5022
Leicester 022,E02002848,E,11069,526,478,383,563,0.0,0.2,21.0984,4.042792
Leicester 023,E02002849,E,12287,584,531,425,625,0.2,0.4,20.494500000000002,3.9642850000000003
Leicester 025,E02002851,E,7890,375,341,273,402,0.6,0.8,10.268,2.63484
Leicester 026,E02002852,E,7016,333,303,243,357,0.0,0.2,13.374600000000001,3.038698
Leicester 027,E02002853,E,12650,601,547,438,643,0.4,0.6,17.529,3.5787700000000005
Leicester 028,E02002854,E,8127,386,351,281,414,0.0,0.2,15.496200000000002,3.3145060000000006
Leicester 029,E02002855,E,6507,309,281,225,331,0.2,0.4,10.851500000000001,2.7106950000000003
Leicester 030,E02002856,E,11486,546,496,397,584,0.6,0.8,14.9308,3.241004
Leicester 031,E02002857,E,6156,293,266,213,313,0.0,0.2,11.735600000000002,2.825628
Leicester 032,E02002858,E,7377,351,319,255,376,0.8,1.0,8.9641,2.465333
Leicester 034,E02002860,E,7850,373,339,272,400,0.2,0.4,13.104,3.00352
Leicester 035,E02002861,E,7663,364,331,265,390,0.0,0.2,14.607800000000001,3.199014
Leicester 036,E02002862,E,8221,391,355,284,418,0.0,0.2,15.6666,3.336658
Leicester 037,E02006815,E,9076,431,392,314,461,0.0,0.2,17.2906,3.547778
Leicester 038,E02006817,E,8015,381,346,277,408,0.4,0.6,11.1085,2.7441050000000002
Leicester 039,E02006819,E,8014,381,346,277,408,0.0,0.2,15.278400000000001,3.2861920000000002
Leicester 040,E02006850,E,9739,463,421,337,495,0.2,0.4,16.241500000000002,3.4113950000000006
Leicester 041,E02006851,E,5962,283,258,206,303,0.2,0.4,9.940000000000001,2.5922
Lewes 001,E02004379,E,5929,664,652,528,953,0.6,0.8,18.837699999999998,3.748901
Lewes 002,E02004380,E,6809,763,749,607,1094,0.8,1.0,20.1357,3.9176409999999997
Lewes 003,E02004381,E,7434,833,817,663,1196,0.4,0.6,25.4942,4.614246
Lewes 004,E02004382,E,4976,558,547,444,800,0.4,0.6,17.0608,3.5179040000000006
Lewes 005,E02004383,E,5967,669,656,532,960,0.8,1.0,17.6601,3.5958129999999997
Lewes 006,E02004384,E,5794,649,637,516,931,0.6,0.8,18.4052,3.6926760000000005
Lewes 007,E02004385,E,5883,659,647,524,945,0.4,0.6,20.1549,3.9201370000000004
Lewes 008,E02004386,E,4870,546,536,434,784,0.2,0.4,18.663,3.72619
Lewes 009,E02004387,E,4608,516,507,411,741,0.2,0.4,17.649,3.5943700000000005
Lewes 010,E02004388,E,5018,563,552,447,807,0.2,0.4,19.219,3.79847
Lewes 011,E02004389,E,7345,823,808,655,1182,0.8,1.0,21.7425,4.126525
Lewes 012,E02004390,E,6085,682,669,542,979,0.6,0.8,19.344500000000004,3.8147850000000005
Lewes 013,E02004391,E,4834,542,531,431,777,0.4,0.6,16.5682,3.4538660000000005
Lewisham 001,E02000653,E,8902,441,365,253,316,0.2,0.4,12.797,2.96361
Lewisham 002,E02000654,E,8395,416,345,238,298,0.0,0.2,14.084000000000001,3.1309200000000006
Lewisham 003,E02000655,E,8549,424,351,243,304,0.0,0.2,14.3534,3.1659420000000003
Lewisham 005,E02000657,E,9458,469,388,268,336,0.2,0.4,13.596,3.06748
Lewisham 006,E02000658,E,8663,429,356,246,308,0.2,0.4,12.4605,2.919865
Lewisham 007,E02000659,E,8019,397,329,228,285,0.2,0.4,11.5325,2.799225
Lewisham 008,E02000660,E,8416,417,346,239,299,0.2,0.4,12.104000000000003,2.8735200000000005
Lewisham 009,E02000661,E,6606,327,271,187,234,0.4,0.6,7.649800000000001,2.294474
Lewisham 010,E02000662,E,8438,418,346,239,300,0.2,0.4,12.13,2.8769
Lewisham 011,E02000663,E,7496,371,308,213,266,0.4,0.6,8.6928,2.430064
Lewisham 012,E02000664,E,10344,513,425,294,368,0.0,0.2,17.3704,3.5581519999999998
Lewisham 013,E02000665,E,8246,409,339,234,293,0.4,0.6,9.5678,2.5438140000000002
Lewisham 014,E02000666,E,7627,378,313,216,271,0.4,0.6,8.844100000000001,2.449733
Lewisham 015,E02000667,E,6809,337,279,193,242,0.4,0.6,7.8947,2.326311
Lewisham 016,E02000668,E,6935,344,285,197,246,0.4,0.6,8.0425,2.3455250000000003
Lewisham 017,E02000669,E,7833,388,322,222,278,0.2,0.4,11.2585,2.763605
Lewisham 018,E02000670,E,6811,338,280,193,242,0.0,0.2,11.4316,2.786108
Lewisham 019,E02000671,E,8755,434,359,248,311,0.4,0.6,10.150500000000001,2.619565
Lewisham 020,E02000672,E,8727,433,358,248,310,0.0,0.2,14.647200000000002,3.204136
Lewisham 021,E02000673,E,8342,413,342,237,296,0.4,0.6,9.6706,2.5571780000000004
Lewisham 022,E02000674,E,8350,414,343,237,296,0.4,0.6,9.679,2.5582700000000003
Lewisham 023,E02000675,E,8546,424,351,243,304,0.4,0.6,9.921800000000001,2.589834
Lewisham 024,E02000676,E,8034,398,330,228,286,0.4,0.6,9.3262,2.5124060000000004
Lewisham 025,E02000677,E,7500,372,308,213,266,0.2,0.4,10.781,2.70153
Lewisham 026,E02000678,E,6341,314,260,180,226,0.2,0.4,9.1245,2.486185
Lewisham 027,E02000679,E,8236,408,338,234,292,0.2,0.4,11.836,2.83868
Lewisham 028,E02000680,E,7134,354,293,202,254,0.2,0.4,10.263,2.6341900000000003
Lewisham 029,E02000681,E,8433,418,346,239,300,0.0,0.2,14.1528,3.139864
Lewisham 030,E02000682,E,8505,421,349,241,302,0.2,0.4,12.2225,2.8889250000000004
Lewisham 031,E02000683,E,6715,333,276,191,238,0.0,0.2,11.267000000000001,2.76471
Lewisham 033,E02000685,E,8000,396,328,227,284,0.2,0.4,11.497,2.79461
Lewisham 034,E02000686,E,6958,345,286,198,248,0.0,0.2,11.6918,2.819934
Lewisham 035,E02000687,E,8255,409,339,234,294,0.2,0.4,11.876500000000002,2.8439450000000006
Lewisham 037,E02006783,E,7510,372,308,213,267,0.0,0.2,12.601,2.93813
Lewisham 038,E02006784,E,7668,380,315,218,272,0.0,0.2,12.8658,2.972554
Lewisham 039,E02006798,E,7863,390,323,223,280,0.0,0.2,13.2038,3.016494
Lichfield 001,E02006146,E,5653,522,510,405,706,0.6,0.8,14.570899999999998,3.194217
Lichfield 002,E02006147,E,6042,558,546,433,755,0.8,1.0,14.4906,3.183778
Lichfield 003,E02006148,E,5741,530,518,411,717,0.8,1.0,13.7603,3.088839
Lichfield 004,E02006149,E,8307,768,750,595,1037,0.2,0.4,26.066499999999998,4.688645
Lichfield 005,E02006150,E,9198,850,831,659,1149,0.8,1.0,22.0554,4.167202
Lichfield 006,E02006151,E,6966,644,629,499,870,0.4,0.6,19.3278,3.812614
Lichfield 007,E02006152,E,8021,741,724,575,1001,0.8,1.0,19.222299999999997,3.7988989999999996
Lichfield 008,E02006153,E,5586,516,504,400,697,0.8,1.0,13.3828,3.039764
Lichfield 009,E02006154,E,7834,724,707,561,978,0.8,1.0,18.775199999999998,3.7407760000000003
Lichfield 010,E02006155,E,4570,422,413,327,570,0.2,0.4,14.332,3.1631600000000004
Lichfield 011,E02006156,E,6174,571,557,442,771,0.8,1.0,14.799199999999999,3.223896
Lichfield 012,E02006157,E,5661,523,511,406,706,0.4,0.6,15.696299999999999,3.3405189999999996
Lincoln 001,E02005442,E,5067,305,298,225,387,0.0,0.2,12.2742,2.895646
Lincoln 002,E02005443,E,6016,362,353,268,460,0.2,0.4,12.902000000000001,2.9772600000000002
Lincoln 003,E02005444,E,10559,636,620,470,808,0.4,0.6,19.4357,3.8266410000000004
Lincoln 004,E02005445,E,10245,617,602,456,785,0.0,0.2,24.854,4.53102
Lincoln 005,E02005446,E,7484,451,439,333,573,0.4,0.6,13.7772,3.091036
Lincoln 006,E02005447,E,5970,359,351,266,457,0.0,0.2,14.478,3.18214
Lincoln 007,E02005448,E,6353,382,373,283,486,0.0,0.2,15.399799999999999,3.3019740000000004
Lincoln 008,E02005449,E,6993,421,411,311,535,0.4,0.6,12.8699,2.973087
Lincoln 009,E02005450,E,7495,451,440,334,573,0.6,0.8,12.883500000000002,2.9748550000000002
Lincoln 010,E02005451,E,6748,406,396,300,517,0.0,0.2,16.3628,3.4271640000000003
Lincoln 011,E02005452,E,9692,583,569,431,741,0.4,0.6,17.8276,3.6175880000000005
Liverpool 001,E02001347,E,7365,415,399,312,419,0.0,0.2,15.701000000000002,3.3411300000000006
Liverpool 002,E02001348,E,6951,392,376,295,395,0.0,0.2,14.8156,3.2260280000000003
Liverpool 003,E02001349,E,7668,432,415,325,436,0.0,0.2,16.3428,3.424564
Liverpool 004,E02001350,E,7562,426,410,321,430,0.0,0.2,16.124200000000002,3.3961460000000008
Liverpool 005,E02001351,E,8561,482,464,363,488,0.0,0.2,18.2636,3.6742680000000005
Liverpool 006,E02001352,E,7137,402,387,303,407,0.0,0.2,15.232200000000002,3.2801860000000005
Liverpool 007,E02001353,E,7289,411,395,309,415,0.4,0.6,11.4227,2.7849510000000004
Liverpool 008,E02001354,E,7327,413,397,311,417,0.0,0.2,15.627199999999998,3.331536
Liverpool 009,E02001355,E,6415,362,347,272,365,0.0,0.2,13.678,3.0781400000000003
Liverpool 010,E02001356,E,5373,303,291,228,306,0.0,0.2,11.4618,2.7900340000000003
Liverpool 011,E02001357,E,6719,379,364,285,382,0.0,0.2,14.325400000000002,3.1623020000000004
Liverpool 012,E02001358,E,6805,383,369,288,387,0.0,0.2,14.503,3.18539
Liverpool 013,E02001359,E,5537,312,300,235,315,0.2,0.4,10.3295,2.642835
Liverpool 014,E02001360,E,8044,453,436,341,458,0.0,0.2,17.154400000000003,3.5300720000000005
Liverpool 015,E02001361,E,7334,413,397,311,417,0.0,0.2,15.6314,3.3320819999999998
Liverpool 016,E02001362,E,7123,402,386,302,405,0.0,0.2,15.1878,3.274414
Liverpool 017,E02001363,E,7496,422,406,318,426,0.0,0.2,15.975599999999998,3.3768279999999997
Liverpool 018,E02001364,E,5112,288,277,217,291,0.0,0.2,10.9032,2.717416
Liverpool 019,E02001365,E,8710,491,472,369,496,0.0,0.2,18.576,3.71488
Liverpool 020,E02001366,E,8649,487,468,367,492,0.0,0.2,18.4374,3.6968620000000003
Liverpool 021,E02001367,E,8957,505,485,380,510,0.4,0.6,14.0371,3.124823
Liverpool 022,E02001368,E,5628,317,305,239,320,0.0,0.2,11.9998,2.8599740000000002
Liverpool 023,E02001369,E,7367,415,399,312,419,0.0,0.2,15.702200000000003,3.341286
Liverpool 024,E02001370,E,5957,336,322,252,339,0.0,0.2,12.696200000000001,2.9505060000000003
Liverpool 025,E02001371,E,7167,404,388,304,408,0.0,0.2,15.284199999999998,3.286946
Liverpool 026,E02001372,E,5987,337,324,254,341,0.0,0.2,12.7672,2.9597360000000004
Liverpool 027,E02001373,E,8906,502,482,378,507,0.0,0.2,18.9936,3.7691680000000005
Liverpool 028,E02001374,E,7892,445,427,335,449,0.0,0.2,16.828200000000002,3.487666000000001
Liverpool 029,E02001375,E,6926,390,375,294,394,0.0,0.2,14.7666,3.219658
Liverpool 030,E02001376,E,8152,459,441,346,463,0.0,0.2,17.369200000000003,3.557996
Liverpool 031,E02001377,E,11038,622,598,468,628,0.0,0.2,23.5348,4.359524
Liverpool 032,E02001378,E,7674,432,416,325,436,0.0,0.2,16.3514,3.425682
Liverpool 034,E02001380,E,7244,408,392,307,412,0.2,0.4,13.506999999999998,3.05591
Liverpool 035,E02001381,E,8938,504,484,379,509,0.0,0.2,19.0638,3.778294
Liverpool 036,E02001382,E,6833,385,370,290,389,0.6,0.8,10.0289,2.603757
Liverpool 037,E02001383,E,7218,407,391,306,411,0.0,0.2,15.3948,3.301324
Liverpool 038,E02001384,E,10358,584,561,439,589,0.0,0.2,22.0808,4.170504
Liverpool 039,E02001385,E,7850,443,425,333,447,0.0,0.2,16.745,3.4768500000000007
Liverpool 040,E02001386,E,7265,409,393,308,413,0.0,0.2,15.481000000000002,3.3125300000000006
Liverpool 041,E02001387,E,7725,435,418,327,440,0.6,0.8,11.3345,2.773485
Liverpool 042,E02001388,E,8527,481,462,361,486,0.2,0.4,15.913499999999999,3.368755
Liverpool 043,E02001389,E,5998,338,325,254,341,0.0,0.2,12.783800000000001,2.961894
Liverpool 044,E02001390,E,8427,475,456,357,480,0.0,0.2,17.970200000000002,3.636126
Liverpool 045,E02001391,E,5744,324,311,244,327,0.0,0.2,12.2534,2.8929419999999997
Liverpool 046,E02001392,E,5502,310,298,233,314,0.6,0.8,8.0816,2.3506080000000003
Liverpool 047,E02001393,E,7463,421,404,316,425,0.8,1.0,10.1439,2.618707
Liverpool 048,E02001394,E,9764,550,529,414,556,0.2,0.4,18.218,3.6683399999999997
Liverpool 049,E02001395,E,5830,329,316,247,332,0.6,0.8,8.558,2.41254
Liverpool 050,E02001396,E,7735,436,419,328,440,0.0,0.2,16.492,3.4439600000000006
Liverpool 051,E02001397,E,7345,414,398,311,418,0.2,0.4,13.6995,3.080935
Liverpool 052,E02001398,E,7468,421,404,317,425,0.2,0.4,13.931999999999999,3.11116
Liverpool 053,E02001399,E,7003,395,379,297,399,0.6,0.8,10.280899999999999,2.636517
Liverpool 054,E02001400,E,6367,359,345,270,362,0.0,0.2,13.574200000000001,3.064646
Liverpool 055,E02001401,E,7579,427,410,321,432,0.4,0.6,11.8777,2.844101
Liverpool 056,E02001402,E,8070,455,437,342,459,0.4,0.6,12.639,2.94307
Liverpool 057,E02001403,E,5808,327,315,246,331,0.0,0.2,12.3888,2.910544
Liverpool 058,E02001404,E,6988,394,378,296,397,0.0,0.2,14.8888,3.235544
Liverpool 059,E02001405,E,9249,521,501,392,527,0.0,0.2,19.727400000000003,3.8645620000000003
Liverpool 060,E02006932,E,9577,540,519,406,545,0.2,0.4,17.866500000000002,3.6226450000000003
Liverpool 061,E02006933,E,5234,295,283,222,298,0.2,0.4,9.764000000000001,2.5693200000000003
Liverpool 062,E02006934,E,5007,282,271,212,285,0.4,0.6,7.8421,2.3194730000000003
Luton 001,E02003258,E,7060,387,346,265,413,0.8,1.0,9.452000000000002,2.52876
Luton 002,E02003259,E,5351,293,262,200,313,0.4,0.6,8.1953,2.365389
Luton 003,E02003260,E,6982,383,342,262,408,0.0,0.2,14.5442,3.190746
Luton 004,E02003261,E,5023,276,246,188,294,0.4,0.6,7.6989,2.300857
Luton 005,E02003262,E,8162,448,400,306,477,0.2,0.4,14.891,3.23583
Luton 006,E02003263,E,9783,537,479,367,572,0.4,0.6,14.9909,3.248817
Luton 007,E02003264,E,7758,425,380,291,453,0.8,1.0,10.375399999999999,2.648802
Luton 008,E02003265,E,6848,376,335,257,400,0.4,0.6,10.488399999999999,2.6634919999999997
Luton 009,E02003266,E,7710,423,378,289,451,0.0,0.2,16.066,3.38858
Luton 010,E02003267,E,11025,605,540,413,644,0.2,0.4,20.1065,3.9138450000000002
Luton 011,E02003268,E,9075,498,444,340,530,0.2,0.4,16.5475,3.451175
Luton 012,E02003269,E,8306,456,407,311,485,0.4,0.6,12.7178,2.953314
Luton 013,E02003270,E,6654,365,326,249,389,0.4,0.6,10.1922,2.624986
Luton 014,E02003271,E,8133,446,398,305,475,0.6,0.8,11.6739,2.8176069999999998
Luton 015,E02003272,E,8727,479,427,327,510,0.0,0.2,18.1752,3.662776
Luton 016,E02003273,E,8556,469,419,321,500,0.2,0.4,15.608,3.32904
Luton 017,E02003274,E,9026,495,442,338,527,0.0,0.2,18.790599999999998,3.7427779999999995
Luton 018,E02003275,E,9760,535,478,366,570,0.0,0.2,20.323,3.9419900000000005
Luton 019,E02003276,E,7025,385,344,263,411,0.2,0.4,12.816500000000001,2.966145
Luton 020,E02003277,E,8476,465,415,318,496,0.0,0.2,17.663600000000002,3.5962680000000002
Luton 021,E02003278,E,9602,527,470,360,561,0.2,0.4,17.514,3.5768199999999997
Maidstone 001,E02005068,E,6817,532,485,376,652,0.6,0.8,14.101099999999999,3.133143
Maidstone 002,E02005069,E,8295,648,590,458,793,0.8,1.0,15.9775,3.3770749999999996
Maidstone 003,E02005070,E,8318,650,592,459,795,0.8,1.0,16.019399999999997,3.382522
Maidstone 004,E02005071,E,10070,786,716,556,964,0.2,0.4,25.717,4.64321
Maidstone 005,E02005072,E,7380,576,525,407,706,0.8,1.0,14.216999999999999,3.1482099999999997
Maidstone 006,E02005073,E,10264,802,730,566,982,0.4,0.6,22.7832,4.2618160000000005
Maidstone 007,E02005074,E,7725,603,549,426,739,0.8,1.0,14.8805,3.234465
Maidstone 008,E02005075,E,9159,715,651,505,875,0.4,0.6,20.311700000000002,3.9405210000000004
Maidstone 009,E02005076,E,8305,649,591,458,795,0.4,0.6,18.4415,3.697395
Maidstone 010,E02005077,E,7579,592,539,418,725,0.2,0.4,19.347500000000004,3.815175000000001
Maidstone 011,E02005078,E,7673,599,546,423,734,0.4,0.6,17.0299,3.5138870000000004
Maidstone 012,E02005079,E,7620,595,542,420,728,0.8,1.0,14.668,3.2068399999999997
Maidstone 013,E02005080,E,10654,832,758,588,1018,0.0,0.2,30.674400000000002,5.287672000000001
Maidstone 014,E02005081,E,6387,499,454,352,611,0.6,0.8,13.211099999999998,3.017443
Maidstone 015,E02005082,E,9238,721,657,510,884,0.6,0.8,19.1154,3.7850020000000004
Maidstone 016,E02005083,E,6526,510,464,360,624,0.6,0.8,13.4978,3.054714
Maidstone 017,E02005084,E,6238,487,444,344,597,0.4,0.6,13.849400000000001,3.100422
Maidstone 018,E02005085,E,6182,483,440,341,591,0.4,0.6,13.718600000000002,3.0834180000000004
Maidstone 019,E02005086,E,5757,450,410,318,550,0.6,0.8,11.9071,2.8479229999999998
Maldon 001,E02004555,E,4798,557,507,411,699,0.6,0.8,14.325399999999998,3.162302
Maldon 002,E02004556,E,5687,660,600,487,829,0.8,1.0,15.780100000000001,3.351413
Maldon 003,E02004557,E,6491,754,685,556,946,0.6,0.8,19.3813,3.8195690000000004
Maldon 004,E02004558,E,5104,593,539,437,744,0.4,0.6,16.4232,3.435016
Maldon 005,E02004559,E,6188,718,653,530,902,0.6,0.8,18.476399999999998,3.7019320000000002
Maldon 006,E02004560,E,6615,768,699,567,964,0.4,0.6,21.2865,4.067245
Maldon 007,E02004561,E,7962,925,841,682,1160,0.6,0.8,23.772599999999997,4.390438
Maldon 008,E02004562,E,6092,707,643,522,888,0.6,0.8,18.1916,3.6649080000000005
Malvern Hills 001,E02006710,E,6141,774,746,605,1114,0.4,0.6,23.372300000000003,4.338399000000001
Malvern Hills 002,E02006711,E,6126,772,744,604,1111,0.6,0.8,21.5988,4.107844
Malvern Hills 003,E02006712,E,5409,682,657,533,981,0.6,0.8,19.070700000000002,3.779191000000001
Malvern Hills 004,E02006713,E,4802,606,583,474,872,0.4,0.6,18.2926,3.678038
Malvern Hills 005,E02006714,E,4107,518,499,405,746,0.6,0.8,14.4951,3.1843630000000003
Malvern Hills 006,E02006715,E,6421,809,780,633,1165,0.6,0.8,22.6443,4.243759000000001
Malvern Hills 007,E02006716,E,5014,632,609,494,910,0.0,0.2,23.5914,4.366882
Malvern Hills 008,E02006717,E,4444,560,540,438,806,0.6,0.8,15.6692,3.336996
Malvern Hills 009,E02006718,E,4785,603,581,472,869,0.6,0.8,16.8845,3.494985
Malvern Hills 010,E02006719,E,5676,716,689,560,1030,0.8,1.0,18.6428,3.7235640000000005
Malvern Hills 011,E02006720,E,5330,672,647,525,967,0.4,0.6,20.285000000000004,3.937050000000001
Manchester 001,E02001045,E,8142,340,281,197,255,0.0,0.2,12.429200000000002,2.9157960000000003
Manchester 002,E02001046,E,9646,403,333,234,302,0.0,0.2,14.729600000000001,3.2148480000000004
Manchester 003,E02001047,E,10138,424,350,246,318,0.0,0.2,15.4908,3.313804
Manchester 004,E02001048,E,8704,364,300,211,272,0.0,0.2,13.2834,3.0268420000000003
Manchester 005,E02001049,E,9895,414,341,240,310,0.0,0.2,15.112,3.2645600000000004
Manchester 006,E02001050,E,7359,308,254,178,230,0.0,0.2,11.2314,2.760082
Manchester 007,E02001051,E,8257,345,285,200,258,0.0,0.2,12.600200000000001,2.9380260000000002
Manchester 008,E02001052,E,13118,548,453,318,410,0.0,0.2,20.0218,3.9028340000000004
Manchester 009,E02001053,E,10313,431,356,250,322,0.0,0.2,15.736799999999999,3.345784
Manchester 011,E02001055,E,8835,369,305,214,276,0.0,0.2,13.480999999999998,3.05253
Manchester 012,E02001056,E,8390,351,289,203,262,0.0,0.2,12.799,2.96387
Manchester 013,E02001057,E,8328,348,287,202,260,0.0,0.2,12.7058,2.951754
Manchester 015,E02001059,E,10069,421,347,244,315,0.0,0.2,15.369399999999999,3.298022
Manchester 017,E02001061,E,9248,387,319,224,289,0.0,0.2,14.1148,3.1349240000000003
Manchester 018,E02001062,E,10230,428,353,248,320,0.0,0.2,15.619000000000002,3.33047
Manchester 019,E02001063,E,10847,453,374,263,339,0.2,0.4,14.1875,3.144375
Manchester 020,E02001064,E,9377,392,323,227,293,0.0,0.2,14.3062,3.159806
Manchester 021,E02001065,E,8915,373,308,216,279,0.0,0.2,13.614,3.06982
Manchester 022,E02001066,E,12248,512,423,297,383,0.0,0.2,18.698800000000002,3.7308440000000003
Manchester 023,E02001067,E,9774,409,337,237,306,0.0,0.2,14.925400000000002,3.2403020000000002
Manchester 024,E02001068,E,9931,415,343,241,310,0.0,0.2,15.1556,3.2702280000000004
Manchester 025,E02001069,E,11294,472,390,274,353,0.0,0.2,17.2404,3.541252
Manchester 026,E02001070,E,12218,511,422,296,382,0.0,0.2,18.6518,3.7247340000000007
Manchester 027,E02001071,E,13613,569,470,330,426,0.0,0.2,20.784800000000004,4.0020240000000005
Manchester 028,E02001072,E,8841,370,305,214,276,0.2,0.4,11.560500000000001,2.802865
Manchester 029,E02001073,E,9951,416,343,241,311,0.4,0.6,10.3673,2.647749
Manchester 030,E02001074,E,11893,497,410,288,372,0.0,0.2,18.1508,3.659604
Manchester 031,E02001075,E,8498,355,293,206,266,0.0,0.2,12.972800000000001,2.9864640000000002
Manchester 032,E02001076,E,11893,497,410,288,372,0.2,0.4,15.557500000000001,3.322475
Manchester 033,E02001077,E,7961,333,275,193,249,0.2,0.4,10.4185,2.654405
Manchester 034,E02001078,E,10759,450,371,261,337,0.2,0.4,14.0845,3.130985
Manchester 035,E02001079,E,9226,386,318,224,289,0.0,0.2,14.0916,3.131908
Manchester 036,E02001080,E,9789,409,338,237,306,0.2,0.4,12.8045,2.9645850000000005
Manchester 037,E02001081,E,6383,267,220,155,200,0.4,0.6,6.658899999999999,2.165657
Manchester 038,E02001082,E,6976,292,241,169,218,0.2,0.4,9.126999999999999,2.48651
Manchester 039,E02001083,E,8138,340,281,197,255,0.2,0.4,10.652000000000001,2.6847600000000003
Manchester 040,E02001084,E,8855,370,305,215,277,0.2,0.4,11.586500000000001,2.8062450000000005
Manchester 041,E02001085,E,8466,354,292,205,264,0.0,0.2,12.912600000000001,2.978638
Manchester 042,E02001086,E,6773,283,234,164,212,0.0,0.2,10.340800000000002,2.644304
Manchester 043,E02001087,E,9724,407,335,236,304,0.6,0.8,9.5952,2.547376
Manchester 044,E02001088,E,9134,382,315,221,285,0.0,0.2,13.932400000000001,3.111212
Manchester 045,E02001089,E,8235,344,284,200,258,0.4,0.6,8.590500000000002,2.4167650000000003
Manchester 046,E02001090,E,6867,287,237,167,214,0.2,0.4,8.9795,2.4673350000000003
Manchester 047,E02001091,E,8377,350,289,203,262,0.2,0.4,10.9595,2.724735
Manchester 048,E02001092,E,8738,365,301,212,274,0.0,0.2,13.344800000000001,3.0348240000000004
Manchester 049,E02001093,E,9457,395,326,229,295,0.0,0.2,14.4222,3.174886
Manchester 050,E02001094,E,9247,387,319,224,289,0.0,0.2,14.1142,3.1348460000000005
Manchester 051,E02001095,E,8527,357,294,207,266,0.0,0.2,13.0122,2.991586
Manchester 052,E02001096,E,7596,318,262,184,237,0.0,0.2,11.5896,2.806648
Manchester 053,E02001097,E,8272,346,285,201,259,0.0,0.2,12.633200000000002,2.9423160000000004
Manchester 054,E02006902,E,6227,260,215,151,195,0.0,0.2,9.5082,2.536066
Manchester 055,E02006912,E,9066,379,313,220,283,0.2,0.4,11.858,2.84154
Manchester 056,E02006913,E,6861,287,237,166,214,0.0,0.2,10.466600000000001,2.660658
Manchester 057,E02006914,E,7124,298,246,173,223,0.2,0.4,9.327000000000002,2.5125100000000002
Manchester 058,E02006915,E,8957,374,309,217,280,0.0,0.2,13.6682,3.076866
Manchester 059,E02006916,E,5905,247,204,143,185,0.0,0.2,9.019,2.4724700000000004
Manchester 060,E02006917,E,5199,217,179,126,162,0.4,0.6,5.4097,2.003261
Mansfield 001,E02005880,E,5292,476,448,344,492,0.0,0.2,16.1072,3.393936
Mansfield 002,E02005881,E,4890,440,413,318,455,0.0,0.2,14.885000000000002,3.23505
Mansfield 003,E02005882,E,6695,602,566,436,623,0.4,0.6,15.5685,3.323905
Mansfield 004,E02005883,E,6548,589,554,426,609,0.0,0.2,19.9338,3.891394
Mansfield 005,E02005884,E,5197,467,439,338,484,0.4,0.6,12.0851,2.8710630000000004
Mansfield 006,E02005885,E,7029,632,594,457,654,0.0,0.2,21.3944,4.081272
Mansfield 007,E02005886,E,8779,790,743,571,817,0.4,0.6,20.4157,3.954041
Mansfield 008,E02005887,E,7727,695,654,503,719,0.0,0.2,23.5302,4.358926
Mansfield 009,E02005888,E,6932,623,586,451,645,0.0,0.2,21.1012,4.043156
Mansfield 010,E02005889,E,8631,776,730,562,803,0.2,0.4,23.133499999999998,4.307355
Mansfield 011,E02005890,E,5687,511,481,370,530,0.6,0.8,12.3321,2.9031730000000002
Mansfield 012,E02005891,E,5367,482,454,349,500,0.0,0.2,16.3432,3.4246160000000003
Mansfield 013,E02005892,E,9861,887,834,642,918,0.8,1.0,19.7083,3.8620790000000005
Medway 001,E02003314,E,5530,372,335,258,384,0.2,0.4,11.635000000000002,2.8125500000000003
Medway 002,E02003315,E,4869,327,295,228,338,0.6,0.8,8.1527,2.359851
Medway 003,E02003316,E,8493,571,514,397,590,0.4,0.6,15.2079,3.2770270000000004
Medway 004,E02003317,E,5173,348,313,242,359,0.4,0.6,9.2599,2.503787
Medway 005,E02003318,E,5256,353,318,246,365,0.6,0.8,8.799800000000001,2.4439740000000003
Medway 006,E02003319,E,6807,457,412,318,472,0.2,0.4,14.312499999999998,3.1606249999999996
Medway 007,E02003320,E,7235,486,438,338,503,0.2,0.4,15.229500000000002,3.2798350000000003
Medway 008,E02003321,E,5332,358,323,249,370,0.0,0.2,12.787200000000002,2.9623360000000005
Medway 009,E02003322,E,6112,411,370,286,424,0.0,0.2,14.662200000000002,3.2060860000000004
Medway 010,E02003323,E,6368,428,385,297,442,0.0,0.2,15.2688,3.2849440000000003
Medway 011,E02003324,E,7876,529,477,368,547,0.2,0.4,16.573,3.45449
Medway 012,E02003325,E,6134,412,371,287,426,0.0,0.2,14.716400000000002,3.2131320000000003
Medway 013,E02003326,E,6823,458,413,319,474,0.2,0.4,14.3585,3.166605
Medway 014,E02003327,E,6408,431,388,299,445,0.2,0.4,13.482,3.05266
Medway 015,E02003328,E,7255,487,439,339,503,0.0,0.2,17.392000000000003,3.5609600000000006
Medway 016,E02003329,E,5832,392,353,273,405,0.2,0.4,12.274999999999999,2.8957499999999996
Medway 017,E02003330,E,5919,398,358,277,411,0.2,0.4,12.4565,2.919345
Medway 018,E02003331,E,7701,517,466,360,535,0.2,0.4,16.2055,3.406715
Medway 019,E02003332,E,5258,353,318,246,365,0.2,0.4,11.062000000000001,2.73806
Medway 020,E02003333,E,5873,395,355,275,408,0.0,0.2,14.094800000000003,3.1323240000000006
Medway 021,E02003334,E,5223,351,316,244,363,0.2,0.4,10.9925,2.729025
Medway 022,E02003335,E,6252,420,378,292,434,0.0,0.2,14.993200000000002,3.2491160000000003
Medway 023,E02003336,E,5130,345,310,240,357,0.6,0.8,8.596,2.4174800000000003
Medway 024,E02003337,E,6185,416,374,289,430,0.4,0.6,11.0775,2.740075
Medway 025,E02003338,E,6159,414,373,288,428,0.2,0.4,12.9655,2.9855150000000004
Medway 026,E02003339,E,5500,370,333,257,382,0.4,0.6,9.848,2.58024
Medway 027,E02003340,E,6828,459,413,319,474,0.2,0.4,14.364,3.16732
Medway 028,E02003341,E,4774,321,289,223,332,0.6,0.8,7.997199999999999,2.339636
Medway 029,E02003342,E,5494,369,332,257,382,0.6,0.8,9.2012,2.496156
Medway 030,E02003343,E,5216,351,316,244,363,0.8,1.0,8.1118,2.354534
Medway 031,E02003344,E,6153,413,372,288,428,0.2,0.4,12.9555,2.9842150000000003
Medway 032,E02003345,E,5173,348,313,242,359,0.8,1.0,8.0329,2.344277
Medway 033,E02003346,E,5457,367,330,255,379,0.4,0.6,9.769100000000002,2.5699830000000006
Medway 034,E02003347,E,5457,367,330,255,379,0.6,0.8,9.135100000000001,2.487563
Medway 035,E02003348,E,7013,471,424,328,487,0.8,1.0,10.8909,2.7158170000000004
Medway 036,E02003349,E,6553,440,396,306,455,0.6,0.8,10.9649,2.7254370000000003
Medway 037,E02003350,E,5512,370,333,258,382,0.4,0.6,9.857600000000001,2.5814880000000002
Medway 038,E02003351,E,6925,465,419,324,480,0.4,0.6,12.3875,2.910375
Melton 001,E02005391,E,6878,838,817,610,953,0.8,1.0,18.906399999999998,3.7578319999999996
Melton 002,E02005392,E,6371,776,757,565,882,0.8,1.0,17.5043,3.575559
Melton 003,E02005393,E,5005,610,595,444,693,0.6,0.8,14.9445,3.242785
Melton 004,E02005394,E,6711,818,798,596,930,0.4,0.6,21.5773,4.105049
Melton 005,E02005395,E,6343,773,754,563,878,0.4,0.6,20.3789,3.9492570000000002
Melton 006,E02005396,E,4726,576,562,419,655,0.6,0.8,14.117799999999999,3.135314
Mendip 001,E02006047,E,6623,731,696,546,925,0.4,0.6,20.6089,3.979157
Mendip 002,E02006048,E,5643,623,593,465,788,0.6,0.8,16.3039,3.4195070000000003
Mendip 003,E02006049,E,6004,663,631,495,839,0.8,1.0,16.0932,3.3921159999999997
Mendip 004,E02006050,E,6686,738,703,551,934,0.2,0.4,23.433999999999997,4.34642
Mendip 005,E02006051,E,6203,685,652,511,867,0.6,0.8,17.9309,3.631017
Mendip 006,E02006052,E,6307,696,663,520,881,0.6,0.8,18.2271,3.669523
Mendip 007,E02006053,E,7437,821,782,613,1039,0.4,0.6,23.147100000000002,4.3091230000000005
Mendip 008,E02006054,E,6203,685,652,511,867,0.4,0.6,19.3089,3.8101570000000002
Mendip 009,E02006055,E,7108,784,747,585,993,0.4,0.6,22.1144,4.174872
Mendip 010,E02006056,E,5955,657,626,491,832,0.6,0.8,17.2115,3.537495
Mendip 011,E02006057,E,6016,664,633,496,841,0.2,0.4,21.096,4.04248
Mendip 012,E02006058,E,6842,755,719,564,956,0.6,0.8,19.7746,3.870698
Mendip 013,E02006059,E,5243,579,551,432,732,0.4,0.6,16.310900000000004,3.4204170000000005
Mendip 014,E02006060,E,6170,681,649,508,862,0.4,0.6,19.201,3.79613
Merton 001,E02000689,E,7110,446,369,271,411,0.8,1.0,9.639,2.55307
Merton 002,E02000690,E,4870,305,253,186,281,0.8,1.0,6.598,2.15774
Merton 003,E02000691,E,6316,396,328,241,365,0.8,1.0,8.5628,2.413164
Merton 004,E02000692,E,6597,414,343,252,382,0.8,1.0,8.9551,2.464163
Merton 005,E02000693,E,7900,495,410,301,457,0.6,0.8,11.532,2.79916
Merton 006,E02000694,E,7518,471,390,287,434,0.8,1.0,10.186399999999999,2.624232
Merton 007,E02000695,E,7136,447,371,272,413,0.6,0.8,10.421800000000001,2.654834
Merton 008,E02000696,E,6950,436,361,265,402,0.4,0.6,10.815,2.70595
Merton 009,E02000697,E,7076,443,367,270,409,0.8,1.0,9.5918,2.5469340000000003
Merton 010,E02000698,E,6731,422,350,257,389,0.8,1.0,9.1273,2.486549
Merton 011,E02000699,E,6622,415,344,253,382,0.8,1.0,8.9716,2.466308
Merton 012,E02000700,E,7138,447,371,272,413,0.2,0.4,13.254000000000001,3.0230200000000003
Merton 013,E02000701,E,7248,454,376,277,419,0.4,0.6,11.2764,2.7659320000000003
Merton 014,E02000702,E,6578,412,342,251,380,0.2,0.4,12.21,2.8873
Merton 015,E02000703,E,6739,422,350,257,390,0.8,1.0,9.140699999999999,2.4882910000000003
Merton 016,E02000704,E,6665,418,346,254,386,0.6,0.8,9.735499999999998,2.5656149999999998
Merton 017,E02000705,E,6994,438,363,267,405,0.6,0.8,10.2162,2.6281060000000003
Merton 018,E02000706,E,7410,464,385,283,428,0.2,0.4,13.754000000000001,3.08802
Merton 019,E02000707,E,6447,404,335,246,373,0.2,0.4,11.973500000000001,2.856555
Merton 020,E02000708,E,7135,447,371,272,413,0.8,1.0,9.6795,2.5583350000000005
Merton 021,E02000709,E,6630,416,344,253,384,0.8,1.0,8.998000000000001,2.4697400000000003
Merton 022,E02000710,E,7173,450,372,274,415,0.2,0.4,13.322500000000002,3.031925
Merton 023,E02000711,E,7024,440,365,268,407,0.2,0.4,13.052,2.99676
Merton 024,E02000712,E,7499,470,389,286,434,0.2,0.4,13.925500000000001,3.1103150000000004
Merton 025,E02000713,E,6452,404,335,246,373,0.8,1.0,8.7466,2.4370580000000004
Mid Devon 001,E02004164,E,5728,591,549,417,657,0.4,0.6,15.482400000000002,3.3127120000000003
Mid Devon 002,E02004165,E,6998,722,671,509,803,0.6,0.8,17.605400000000003,3.5887020000000005
Mid Devon 003,E02004166,E,5643,582,541,410,647,0.6,0.8,14.187899999999999,3.1444270000000003
Mid Devon 004,E02004167,E,6263,646,600,455,719,0.2,0.4,19.2825,3.806725
Mid Devon 005,E02004168,E,5294,546,508,385,608,0.2,0.4,16.308,3.42004
Mid Devon 006,E02004169,E,6179,637,592,449,709,0.6,0.8,15.5397,3.3201609999999997
Mid Devon 007,E02004170,E,6646,686,637,483,762,0.6,0.8,16.7108,3.472404
Mid Devon 008,E02004171,E,6577,678,630,478,755,0.6,0.8,16.5441,3.4507330000000005
Mid Devon 009,E02004172,E,5356,552,513,389,615,0.4,0.6,14.4768,3.181984
Mid Devon 010,E02004173,E,6330,653,607,460,726,0.4,0.6,17.105,3.52365
Mid Devon 011,E02004174,E,6609,682,634,481,758,0.6,0.8,16.625700000000002,3.461341
Mid Suffolk 001,E02006261,E,6124,719,671,533,900,0.4,0.6,19.9572,3.894436
Mid Suffolk 002,E02006262,E,6896,810,756,600,1013,0.6,0.8,20.8558,4.011254
Mid Suffolk 003,E02006263,E,5797,681,635,504,852,0.6,0.8,17.533099999999997,3.5793029999999995
Mid Suffolk 004,E02006264,E,6498,763,712,565,954,0.8,1.0,18.2184,3.668392
Mid Suffolk 005,E02006265,E,5540,650,607,482,814,0.6,0.8,16.753999999999998,3.47802
Mid Suffolk 006,E02006266,E,7268,854,797,633,1068,0.6,0.8,21.989399999999996,4.158621999999999
Mid Suffolk 007,E02006267,E,6675,784,731,581,980,0.6,0.8,20.179499999999997,3.923335
Mid Suffolk 008,E02006268,E,5000,587,548,435,734,0.2,0.4,18.306,3.67978
Mid Suffolk 009,E02006269,E,5533,649,606,481,813,0.6,0.8,16.7299,3.474887
Mid Suffolk 010,E02006270,E,9052,1063,992,787,1330,0.6,0.8,27.3746,4.858698
Mid Suffolk 011,E02006271,E,6764,794,741,588,993,0.6,0.8,20.444200000000002,3.957746
Mid Suffolk 012,E02006272,E,5894,692,646,513,866,0.6,0.8,17.827199999999998,3.6175359999999994
Mid Sussex 001,E02006604,E,10799,919,850,681,1257,0.6,0.8,25.709699999999998,4.6422609999999995
Mid Sussex 002,E02006605,E,5648,481,444,356,658,0.8,1.0,12.5624,2.9331120000000004
Mid Sussex 003,E02006606,E,7088,603,558,447,825,0.8,1.0,15.7584,3.348592
Mid Sussex 004,E02006607,E,6531,556,514,412,761,0.8,1.0,14.530299999999999,3.188939
Mid Sussex 005,E02006608,E,4994,425,393,315,581,0.8,1.0,11.100200000000001,2.7430260000000004
Mid Sussex 006,E02006609,E,6213,529,489,392,723,0.8,1.0,13.812899999999999,3.0956770000000002
Mid Sussex 007,E02006610,E,6133,522,483,387,714,0.6,0.8,14.604899999999999,3.1986369999999997
Mid Sussex 008,E02006611,E,8786,748,691,554,1023,0.8,1.0,19.5368,3.839784
Mid Sussex 009,E02006612,E,8786,748,691,554,1023,0.8,1.0,19.5368,3.839784
Mid Sussex 010,E02006613,E,6248,532,492,394,727,0.6,0.8,14.8734,3.233542
Mid Sussex 011,E02006614,E,8679,739,683,547,1010,0.8,1.0,19.2927,3.808051
Mid Sussex 012,E02006615,E,5861,499,461,370,682,0.8,1.0,13.0303,2.993939
Mid Sussex 013,E02006616,E,6981,594,549,440,812,0.8,1.0,15.5123,3.316599
Mid Sussex 014,E02006617,E,7862,669,619,496,915,0.6,0.8,18.717599999999997,3.733288
Mid Sussex 015,E02006618,E,5355,456,421,338,624,0.8,1.0,11.9145,2.848885
Mid Sussex 016,E02006619,E,7119,606,560,449,828,0.6,0.8,16.9407,3.5022910000000005
Mid Sussex 017,E02006620,E,7958,677,626,502,926,0.8,1.0,17.6894,3.599622
Middlesbrough 001,E02002496,E,9249,618,622,512,701,0.0,0.2,23.7454,4.386902
Middlesbrough 002,E02002497,E,4976,333,335,275,377,0.0,0.2,12.7746,2.960698
Middlesbrough 003,E02002498,E,6818,456,459,377,517,0.0,0.2,17.5088,3.576144
Middlesbrough 004,E02002499,E,5968,399,402,330,452,0.0,0.2,15.3198,3.291574
Middlesbrough 005,E02002500,E,4700,314,316,260,356,0.0,0.2,12.062000000000001,2.8680600000000003
Middlesbrough 006,E02002501,E,4245,284,286,235,321,0.0,0.2,10.894,2.71622
Middlesbrough 007,E02002502,E,7636,510,514,422,578,0.0,0.2,19.5916,3.846908
Middlesbrough 008,E02002503,E,5174,346,348,286,392,0.0,0.2,13.2804,3.026452
Middlesbrough 009,E02002504,E,7712,515,519,427,584,0.4,0.6,14.9896,3.248648
Middlesbrough 010,E02002505,E,4964,332,334,275,376,0.0,0.2,12.745400000000002,2.9569020000000004
Middlesbrough 011,E02002506,E,4711,315,317,261,357,0.0,0.2,12.0976,2.872688
Middlesbrough 012,E02002507,E,4786,320,322,265,363,0.6,0.8,8.6818,2.428634
Middlesbrough 013,E02002508,E,4027,269,271,223,305,0.6,0.8,7.3001000000000005,2.249013
Middlesbrough 014,E02002509,E,4433,296,298,245,336,0.2,0.4,10.0435,2.605655
Middlesbrough 015,E02002510,E,4537,303,305,251,344,0.6,0.8,8.226099999999999,2.3693929999999996
Middlesbrough 017,E02002512,E,4213,282,284,233,319,0.8,1.0,7.0699000000000005,2.219087
Middlesbrough 018,E02002513,E,7023,469,473,388,532,0.0,0.2,18.0238,3.6430940000000005
Middlesbrough 019,E02002514,E,7122,476,479,394,540,0.2,0.4,16.143,3.3985900000000004
Middlesbrough 020,E02006811,E,7620,509,513,421,577,0.8,1.0,12.782,2.96166
Milton Keynes 001,E02003459,E,7875,509,452,373,596,0.8,1.0,12.7055,2.951715
Milton Keynes 002,E02003460,E,8325,538,478,395,630,0.6,0.8,14.3905,3.1707650000000003
Milton Keynes 003,E02003461,E,6665,430,382,316,505,0.6,0.8,11.5225,2.797925
Milton Keynes 004,E02003462,E,6964,450,400,330,527,0.8,1.0,11.2362,2.760706
Milton Keynes 005,E02003463,E,6090,393,349,289,461,0.4,0.6,11.275,2.76575
Milton Keynes 006,E02003464,E,6081,393,349,288,460,0.2,0.4,13.1515,3.0096950000000002
Milton Keynes 007,E02003465,E,5602,362,321,266,425,0.6,0.8,9.6936,2.560168
Milton Keynes 008,E02003466,E,6545,423,375,310,496,0.4,0.6,12.121500000000001,2.875795
Milton Keynes 009,E02003467,E,5745,371,330,272,435,0.2,0.4,12.4295,2.9158350000000004
Milton Keynes 010,E02003468,E,6656,430,382,316,504,0.6,0.8,11.5088,2.796144
Milton Keynes 011,E02003469,E,5230,338,300,248,396,0.6,0.8,9.041,2.47533
Milton Keynes 012,E02003470,E,5068,327,291,240,383,0.0,0.2,12.4068,2.912884
Milton Keynes 013,E02003471,E,5919,382,340,281,448,0.4,0.6,10.9617,2.725021
Milton Keynes 014,E02003472,E,7749,501,445,368,588,0.2,0.4,16.7895,3.482635
Milton Keynes 015,E02003473,E,5124,331,294,243,389,0.8,1.0,8.2812,2.376556
Milton Keynes 016,E02003474,E,7793,503,447,370,590,0.4,0.6,14.4319,3.1761470000000003
Milton Keynes 017,E02003475,E,13414,866,770,636,1016,0.8,1.0,21.6522,4.1147860000000005
Milton Keynes 018,E02003476,E,7795,503,447,370,590,0.0,0.2,19.097,3.78261
Milton Keynes 019,E02003477,E,10261,663,589,487,778,0.6,0.8,17.753300000000003,3.6079290000000004
Milton Keynes 020,E02003478,E,6221,402,357,295,471,0.6,0.8,10.7543,2.698059
Milton Keynes 021,E02003479,E,6704,433,385,318,508,0.2,0.4,14.513,3.18669
Milton Keynes 022,E02003480,E,7380,477,423,350,559,0.6,0.8,12.759,2.95867
Milton Keynes 023,E02003481,E,6430,415,369,305,487,0.0,0.2,15.757000000000001,3.3484100000000003
Milton Keynes 024,E02003482,E,5616,363,322,266,425,0.8,1.0,9.0598,2.477774
Milton Keynes 025,E02003483,E,9829,635,564,466,745,0.8,1.0,15.8717,3.363321
Milton Keynes 026,E02003484,E,6531,422,375,310,494,0.6,0.8,11.287299999999998,2.767349
Milton Keynes 027,E02003485,E,7269,469,417,345,550,0.4,0.6,13.456700000000001,3.0493710000000003
Milton Keynes 028,E02003486,E,8025,518,460,380,607,0.8,1.0,12.9405,2.982265
Milton Keynes 029,E02003487,E,6521,421,374,309,494,0.4,0.6,12.0763,2.8699190000000003
Milton Keynes 030,E02003488,E,6364,411,365,302,482,0.2,0.4,13.773,3.09049
Milton Keynes 031,E02003489,E,6240,403,358,296,473,0.6,0.8,10.793,2.70309
Milton Keynes 032,E02003490,E,6305,407,362,299,477,0.0,0.2,15.445,3.30785
Mole Valley 001,E02006362,E,4722,521,490,393,682,0.8,1.0,12.9056,2.977728
Mole Valley 002,E02006363,E,4180,461,433,348,603,0.8,1.0,11.415,2.78395
Mole Valley 003,E02006364,E,4994,551,518,416,721,0.6,0.8,14.6832,3.208816
Mole Valley 004,E02006365,E,4195,463,435,349,606,0.8,1.0,11.465499999999999,2.790515
Mole Valley 005,E02006366,E,5676,626,588,473,820,0.8,1.0,15.515799999999999,3.3170539999999997
Mole Valley 006,E02006367,E,4104,453,425,341,593,0.8,1.0,11.2152,2.757976
Mole Valley 007,E02006368,E,3970,438,412,331,573,0.8,1.0,10.849,2.71037
Mole Valley 008,E02006369,E,4605,508,477,383,665,0.8,1.0,12.5815,2.935595
Mole Valley 009,E02006370,E,4367,482,453,364,631,0.8,1.0,11.941099999999999,2.852343
Mole Valley 010,E02006371,E,4970,548,515,414,717,0.8,1.0,13.573999999999998,3.0646199999999997
Mole Valley 011,E02006372,E,4553,502,472,379,658,0.4,0.6,14.427900000000001,3.1756270000000004
Mole Valley 012,E02006373,E,5368,592,556,447,776,0.6,0.8,15.789399999999999,3.352622
Mole Valley 013,E02006374,E,4898,540,508,408,708,0.6,0.8,14.4094,3.173222
New Forest 001,E02004779,E,7238,908,948,791,1502,0.6,0.8,28.2564,4.973332
New Forest 002,E02004780,E,4009,503,525,438,832,0.4,0.6,16.9207,3.4996910000000003
New Forest 003,E02004781,E,5496,690,720,600,1140,0.6,0.8,21.4488,4.088344
New Forest 004,E02004782,E,5091,639,667,556,1057,0.4,0.6,21.4933,4.094129000000001
New Forest 005,E02004783,E,4682,588,614,512,973,0.6,0.8,18.299599999999998,3.678948
New Forest 006,E02004784,E,3837,481,503,419,796,0.6,0.8,14.9761,3.246893
New Forest 007,E02004785,E,3689,463,483,403,766,0.6,0.8,14.4057,3.1727410000000003
New Forest 008,E02004786,E,5868,736,769,641,1217,0.6,0.8,22.900399999999998,4.277051999999999
New Forest 009,E02004787,E,4908,616,643,536,1019,0.8,1.0,17.8794,3.6243220000000003
New Forest 010,E02004788,E,4788,601,627,523,994,0.6,0.8,18.6954,3.7304019999999998
New Forest 011,E02004789,E,6968,875,913,761,1447,0.4,0.6,29.4224,5.124912
New Forest 012,E02004790,E,5116,642,670,559,1062,0.4,0.6,21.5968,4.107584
New Forest 013,E02004791,E,3729,468,489,407,774,0.4,0.6,15.7407,3.346291
New Forest 014,E02004792,E,5780,725,757,631,1200,0.6,0.8,22.567,4.23371
New Forest 015,E02004793,E,4944,621,648,540,1027,0.8,1.0,18.0182,3.642366
New Forest 016,E02004794,E,4604,578,603,503,956,0.6,0.8,17.9802,3.6374260000000005
New Forest 017,E02004795,E,5608,704,735,613,1164,0.6,0.8,21.8994,4.146922
New Forest 018,E02004796,E,6416,805,841,701,1332,0.8,1.0,23.373800000000003,4.3385940000000005
New Forest 019,E02004797,E,5226,656,685,571,1085,0.4,0.6,22.0658,4.168554
New Forest 020,E02004798,E,4082,512,535,446,847,0.2,0.4,19.003,3.77039
New Forest 021,E02004799,E,5299,665,694,579,1100,0.6,0.8,20.6907,3.9897910000000003
New Forest 022,E02004800,E,4964,623,650,542,1030,0.8,1.0,18.0752,3.649776
New Forest 023,E02004801,E,5090,639,667,556,1056,0.8,1.0,18.535,3.70955
Newark and Sherwood 001,E02005893,E,8550,835,777,615,952,0.2,0.4,25.616999999999997,4.63021
Newark and Sherwood 002,E02005894,E,8406,821,763,605,935,0.4,0.6,22.065800000000003,4.168554
Newark and Sherwood 003,E02005895,E,6812,666,619,490,758,0.6,0.8,16.6396,3.4631480000000003
Newark and Sherwood 004,E02005896,E,6265,612,569,451,697,0.6,0.8,15.3015,3.2891950000000003
Newark and Sherwood 005,E02005897,E,7615,744,692,548,847,0.6,0.8,18.5975,3.717675
Newark and Sherwood 006,E02005898,E,9190,898,835,661,1022,0.2,0.4,27.520000000000003,4.8776
Newark and Sherwood 007,E02005899,E,9083,887,825,654,1011,0.2,0.4,27.2125,4.837625
Newark and Sherwood 008,E02005900,E,6224,608,565,448,693,0.8,1.0,14.0762,3.129906
Newark and Sherwood 009,E02005901,E,7569,739,687,545,842,0.4,0.6,19.8707,3.883191
Newark and Sherwood 010,E02005902,E,6979,682,634,502,777,0.2,0.4,20.9095,4.018235000000001
Newark and Sherwood 011,E02005903,E,8322,813,756,599,927,0.4,0.6,21.864600000000003,4.142398000000001
Newark and Sherwood 012,E02005904,E,7068,690,642,509,786,0.6,0.8,17.2594,3.543722
Newark and Sherwood 013,E02005905,E,5866,573,533,422,653,0.8,1.0,13.2648,3.024424
Newcastle upon Tyne 001,E02001708,E,9016,473,456,380,588,0.4,0.6,14.8108,3.225404
Newcastle upon Tyne 002,E02001709,E,9481,498,480,400,619,0.8,1.0,13.6093,3.069209
Newcastle upon Tyne 003,E02001710,E,9100,478,461,384,594,0.0,0.2,19.971000000000004,3.896230000000001
Newcastle upon Tyne 004,E02001711,E,8985,472,455,379,586,0.0,0.2,19.711000000000002,3.8624300000000007
Newcastle upon Tyne 005,E02001712,E,9190,482,465,387,599,0.8,1.0,13.175,3.0127500000000005
Newcastle upon Tyne 006,E02001713,E,9715,510,492,410,634,0.6,0.8,14.926499999999999,3.2404450000000002
Newcastle upon Tyne 007,E02001714,E,9091,477,460,383,593,0.8,1.0,13.0393,2.9951090000000002
Newcastle upon Tyne 008,E02001715,E,10486,550,531,442,685,0.0,0.2,23.0106,4.291378
Newcastle upon Tyne 011,E02001718,E,5236,275,265,221,342,0.0,0.2,11.4926,2.794038
Newcastle upon Tyne 012,E02001719,E,8647,454,438,365,565,0.6,0.8,13.2941,3.028233
Newcastle upon Tyne 013,E02001720,E,9006,473,456,380,588,0.8,1.0,12.927800000000001,2.980614
Newcastle upon Tyne 014,E02001721,E,9500,499,481,401,620,0.2,0.4,18.418,3.6943400000000004
Newcastle upon Tyne 015,E02001722,E,8953,470,453,377,584,0.0,0.2,19.6338,3.8523940000000003
Newcastle upon Tyne 016,E02001723,E,5896,309,299,249,385,0.0,0.2,12.9406,2.982278
Newcastle upon Tyne 017,E02001724,E,8531,448,432,360,557,0.6,0.8,13.110299999999999,3.004339
Newcastle upon Tyne 018,E02001725,E,9572,502,485,404,625,0.2,0.4,18.560000000000002,3.7128000000000005
Newcastle upon Tyne 019,E02001726,E,10963,575,555,462,716,0.2,0.4,21.2525,4.062825
Newcastle upon Tyne 020,E02001727,E,7900,415,400,333,516,0.0,0.2,17.338,3.55394
Newcastle upon Tyne 021,E02001728,E,9016,473,456,380,588,0.0,0.2,19.7706,3.870178
Newcastle upon Tyne 022,E02001729,E,11387,598,576,480,743,0.2,0.4,22.067500000000003,4.168775
Newcastle upon Tyne 023,E02001730,E,11969,628,606,505,781,0.4,0.6,19.6727,3.857451
Newcastle upon Tyne 024,E02001731,E,11371,597,576,480,742,0.0,0.2,24.9516,4.543708
Newcastle upon Tyne 025,E02001732,E,4659,245,236,196,304,0.0,0.2,10.2204,2.6286519999999998
Newcastle upon Tyne 026,E02001733,E,11005,578,557,464,719,0.0,0.2,24.154,4.4400200000000005
Newcastle upon Tyne 027,E02001734,E,7097,372,359,299,464,0.0,0.2,15.574200000000001,3.3246460000000004
Newcastle upon Tyne 028,E02001735,E,6126,321,310,258,400,0.0,0.2,13.436599999999999,3.0467579999999996
Newcastle upon Tyne 029,E02001736,E,12030,631,609,507,785,0.0,0.2,26.387,4.73031
Newcastle upon Tyne 030,E02001737,E,5606,294,284,236,366,0.0,0.2,12.297600000000001,2.898688
Newcastle upon Tyne 031,E02006893,E,9921,521,502,418,648,0.4,0.6,16.310299999999998,3.4203390000000002
Newcastle-under-Lyme 001,E02006158,E,7212,586,540,424,729,0.6,0.8,15.6346,3.332498
Newcastle-under-Lyme 002,E02006159,E,4890,397,366,287,495,0.2,0.4,13.049,2.9963699999999998
Newcastle-under-Lyme 003,E02006160,E,7098,577,532,417,718,0.2,0.4,18.942999999999998,3.7625899999999994
Newcastle-under-Lyme 004,E02006161,E,5976,486,448,351,604,0.6,0.8,12.9558,2.984254
Newcastle-under-Lyme 005,E02006162,E,7167,583,537,421,725,0.4,0.6,16.6901,3.4697130000000005
Newcastle-under-Lyme 006,E02006163,E,6823,555,511,401,690,0.2,0.4,18.2075,3.666975
Newcastle-under-Lyme 007,E02006164,E,6306,513,473,370,637,0.0,0.2,18.9476,3.7631880000000004
Newcastle-under-Lyme 008,E02006165,E,6274,510,470,369,635,0.4,0.6,14.6162,3.200106
Newcastle-under-Lyme 009,E02006166,E,6110,497,458,359,618,0.6,0.8,13.251999999999999,3.02276
Newcastle-under-Lyme 010,E02006167,E,7411,602,555,435,749,0.0,0.2,22.2646,4.1943980000000005
Newcastle-under-Lyme 011,E02006168,E,7177,583,538,422,725,0.2,0.4,19.143500000000003,3.7886550000000003
Newcastle-under-Lyme 012,E02006169,E,6862,558,514,403,694,0.4,0.6,15.976600000000001,3.376958
Newcastle-under-Lyme 013,E02006170,E,4372,355,328,257,442,0.6,0.8,9.4806,2.5324780000000002
Newcastle-under-Lyme 014,E02006171,E,7572,616,568,445,766,0.4,0.6,17.6376,3.5928880000000003
Newcastle-under-Lyme 015,E02006172,E,8092,658,606,475,819,0.8,1.0,16.3396,3.4241480000000006
Newcastle-under-Lyme 016,E02006173,E,5904,480,442,347,597,0.6,0.8,12.8012,2.964156
Newham 001,E02000714,E,8855,402,317,235,290,0.2,0.4,12.0265,2.8634450000000005
Newham 002,E02000715,E,8035,365,288,213,263,0.2,0.4,10.9115,2.718495
Newham 003,E02000716,E,8005,363,287,212,261,0.2,0.4,10.8555,2.711215
Newham 004,E02000717,E,8820,400,316,234,288,0.2,0.4,11.968,2.85584
Newham 005,E02000718,E,7453,338,267,197,244,0.0,0.2,11.803799999999999,2.8344940000000003
Newham 006,E02000719,E,8945,406,320,237,292,0.2,0.4,12.1335,2.877355
Newham 007,E02000720,E,8147,370,292,216,266,0.2,0.4,11.0555,2.737215
Newham 008,E02000721,E,10522,478,377,279,343,0.0,0.2,16.6572,3.4654360000000004
Newham 009,E02000722,E,8956,407,321,237,292,0.2,0.4,12.145999999999999,2.87898
Newham 010,E02000723,E,11543,524,413,306,377,0.2,0.4,15.6615,3.3359950000000005
Newham 011,E02000724,E,10252,465,367,272,334,0.2,0.4,13.901,3.10713
Newham 012,E02000725,E,9664,439,346,256,315,0.2,0.4,13.105,3.0036500000000004
Newham 013,E02000726,E,9680,439,347,256,316,0.2,0.4,13.129,3.00677
Newham 014,E02000727,E,9041,410,324,240,295,0.2,0.4,12.2665,2.894645
Newham 015,E02000728,E,8956,407,321,237,292,0.2,0.4,12.145999999999999,2.87898
Newham 016,E02000729,E,7709,350,276,204,252,0.2,0.4,10.4605,2.659865
Newham 017,E02000730,E,9792,444,350,259,320,0.2,0.4,13.281,3.02653
Newham 018,E02000731,E,10966,498,393,291,358,0.2,0.4,14.881999999999998,3.23466
Newham 019,E02000732,E,8237,374,295,218,269,0.0,0.2,13.0412,2.995356
Newham 020,E02000733,E,10619,482,380,281,347,0.2,0.4,14.4065,3.172845
Newham 021,E02000734,E,8322,378,298,220,271,0.2,0.4,11.279000000000002,2.7662700000000005
Newham 022,E02000735,E,8256,375,296,219,269,0.2,0.4,11.198,2.7557400000000003
Newham 023,E02000736,E,9330,424,334,247,305,0.0,0.2,14.777000000000001,3.22101
Newham 024,E02000737,E,10271,466,368,272,336,0.2,0.4,13.9415,3.1123950000000002
Newham 025,E02000738,E,9219,418,330,244,301,0.2,0.4,12.5035,2.9254550000000004
Newham 026,E02000739,E,7507,341,269,199,245,0.2,0.4,10.185500000000001,2.624115
Newham 027,E02000740,E,7382,335,264,196,241,0.0,0.2,11.6882,2.8194660000000002
Newham 028,E02000741,E,8995,408,322,238,294,0.2,0.4,12.203500000000002,2.8864550000000007
Newham 029,E02000742,E,8716,396,312,231,284,0.2,0.4,11.818999999999999,2.8364700000000003
Newham 030,E02000743,E,8564,389,307,227,280,0.0,0.2,13.567400000000001,3.0637620000000005
Newham 031,E02000744,E,8742,397,313,232,286,0.0,0.2,13.851200000000002,3.1006560000000003
Newham 032,E02000745,E,8863,402,317,235,290,0.2,0.4,12.0305,2.8639650000000003
Newham 033,E02000746,E,8037,365,288,213,263,0.0,0.2,12.734200000000001,2.9554460000000002
Newham 034,E02000747,E,11591,526,415,307,378,0.0,0.2,18.344600000000003,3.6847980000000007
Newham 035,E02000748,E,6792,308,243,180,222,0.2,0.4,9.216,2.49808
Newham 036,E02000749,E,8910,404,319,236,290,0.0,0.2,14.093,3.13209
Newham 037,E02000750,E,11627,528,416,308,380,0.2,0.4,15.777500000000002,3.3510750000000007
North Devon 001,E02004175,E,4310,497,479,382,623,0.0,0.2,17.616,3.5900800000000004
North Devon 002,E02004176,E,4366,503,485,387,631,0.2,0.4,15.913,3.36869
North Devon 003,E02004177,E,4682,539,520,415,677,0.2,0.4,17.067,3.5187100000000004
North Devon 004,E02004178,E,4274,493,475,379,618,0.6,0.8,12.8612,2.971956
North Devon 005,E02004179,E,7092,817,788,629,1025,0.8,1.0,19.757599999999996,3.8684879999999993
North Devon 006,E02004180,E,4610,531,512,409,666,0.4,0.6,14.939,3.24207
North Devon 007,E02004181,E,4569,527,508,406,660,0.4,0.6,14.8127,3.225651
North Devon 008,E02004182,E,4845,558,538,430,700,0.0,0.2,19.797,3.87361
North Devon 009,E02004183,E,4516,521,502,401,653,0.4,0.6,14.6468,3.204084
North Devon 010,E02004184,E,6731,775,748,597,972,0.2,0.4,24.5255,4.488315
North Devon 011,E02004185,E,4541,523,505,403,656,0.6,0.8,13.6593,3.075709
North Devon 012,E02004186,E,6425,740,714,570,928,0.6,0.8,19.3215,3.811795
North Devon 013,E02004187,E,7294,840,811,647,1054,0.4,0.6,23.6422,4.373486
North Devon 014,E02004188,E,4927,568,548,437,712,0.2,0.4,17.962500000000002,3.6351250000000004
North Dorset 001,E02004255,E,5166,717,723,590,1014,0.6,0.8,19.9798,3.897374
North Dorset 002,E02004256,E,6338,880,887,724,1244,0.6,0.8,24.513399999999997,4.486742
North Dorset 003,E02004257,E,5037,699,705,575,988,0.4,0.6,21.0351,4.034563
North Dorset 004,E02004258,E,7111,987,996,812,1396,0.6,0.8,27.5073,4.875949
North Dorset 005,E02004259,E,4886,678,684,558,959,0.4,0.6,20.413800000000002,3.9537940000000003
North Dorset 006,E02004260,E,6501,903,910,742,1275,0.6,0.8,25.1313,4.567069
North Dorset 007,E02004261,E,6874,954,962,785,1349,0.6,0.8,26.5822,4.755686
North Dorset 008,E02004262,E,5310,737,744,607,1042,0.4,0.6,22.189,4.18457
North East Derbyshire 001,E02004105,E,7222,774,728,604,949,0.6,0.8,20.0856,3.9111279999999997
North East Derbyshire 002,E02004106,E,5344,573,539,447,701,0.8,1.0,13.7732,3.090516
North East Derbyshire 004,E02004108,E,5765,618,581,482,757,0.4,0.6,17.2655,3.5445149999999996
North East Derbyshire 005,E02004109,E,5156,553,520,431,678,0.8,1.0,13.3058,3.029754
North East Derbyshire 006,E02004110,E,5707,612,576,478,750,0.8,1.0,14.728100000000001,3.214653
North East Derbyshire 007,E02004111,E,4189,449,422,351,551,0.4,0.6,12.5607,2.932891
North East Derbyshire 008,E02004112,E,4992,535,503,418,655,0.8,1.0,12.868599999999999,2.972918
North East Derbyshire 009,E02004113,E,7027,753,709,588,923,0.0,0.2,26.718200000000003,4.773366
North East Derbyshire 010,E02004114,E,5571,597,562,466,732,0.6,0.8,15.4953,3.3143890000000003
North East Derbyshire 011,E02004115,E,6898,739,696,577,906,0.4,0.6,20.665399999999998,3.9865019999999998
North East Derbyshire 012,E02004116,E,6032,646,608,505,792,0.2,0.4,20.424999999999997,3.9552499999999995
North East Derbyshire 013,E02004117,E,5592,599,564,468,734,0.2,0.4,18.933,3.76129
North East Derbyshire 014,E02006804,E,6234,668,629,522,819,0.4,0.6,18.6822,3.7286860000000006
North East Lincolnshire 001,E02002726,E,7462,696,676,538,848,0.2,0.4,22.465,4.2204500000000005
North East Lincolnshire 002,E02002727,E,4279,400,388,309,486,0.0,0.2,14.502400000000002,3.1853120000000006
North East Lincolnshire 003,E02002728,E,5633,526,510,406,639,0.0,0.2,19.0698,3.7790740000000005
North East Lincolnshire 004,E02002729,E,4318,403,391,312,490,0.2,0.4,12.996,2.9894800000000004
North East Lincolnshire 005,E02002730,E,5518,515,500,398,627,0.0,0.2,18.6958,3.730454
North East Lincolnshire 006,E02002731,E,4315,403,391,311,490,0.0,0.2,14.616,3.20008
North East Lincolnshire 007,E02002732,E,5512,514,499,398,626,0.6,0.8,13.5536,3.0619680000000002
North East Lincolnshire 008,E02002733,E,4396,410,398,317,499,0.2,0.4,13.227,3.0195100000000004
North East Lincolnshire 009,E02002734,E,3737,349,339,270,425,0.2,0.4,11.261500000000002,2.7639950000000004
North East Lincolnshire 010,E02002735,E,3888,363,352,281,442,0.0,0.2,13.1788,3.0132440000000003
North East Lincolnshire 011,E02002736,E,4265,398,386,308,484,0.0,0.2,14.443,3.1775900000000004
North East Lincolnshire 012,E02002737,E,5392,503,489,389,612,0.2,0.4,16.228,3.4096400000000004
North East Lincolnshire 013,E02002738,E,5200,485,471,375,591,0.4,0.6,13.756,3.08828
North East Lincolnshire 014,E02002739,E,4339,405,393,313,493,0.2,0.4,13.063500000000001,2.9982550000000003
North East Lincolnshire 015,E02002740,E,4070,380,369,294,463,0.0,0.2,13.801000000000002,3.0941300000000003
North East Lincolnshire 016,E02002741,E,6681,624,605,482,759,0.2,0.4,20.1145,3.914885
North East Lincolnshire 017,E02002742,E,4134,386,375,298,469,0.4,0.6,10.9282,2.720666
North East Lincolnshire 018,E02002743,E,3965,370,359,286,450,0.2,0.4,11.9305,2.8509650000000004
North East Lincolnshire 019,E02002744,E,5174,483,469,373,588,0.0,0.2,17.5314,3.5790820000000005
North East Lincolnshire 020,E02002745,E,5534,517,501,399,629,0.6,0.8,13.6122,3.069586
North East Lincolnshire 021,E02002746,E,6414,599,581,463,729,0.6,0.8,15.7802,3.351426
North East Lincolnshire 022,E02002747,E,5809,542,526,419,660,0.8,1.0,13.2337,3.0203810000000004
North East Lincolnshire 023,E02002748,E,5884,549,533,425,668,0.6,0.8,14.4682,3.180866
North Hertfordshire 001,E02004909,E,4209,331,315,253,446,0.6,0.8,9.355699999999999,2.516241
North Hertfordshire 002,E02004910,E,8768,689,656,526,930,0.8,1.0,18.1804,3.6634520000000004
North Hertfordshire 003,E02004911,E,5376,422,402,323,571,0.4,0.6,12.854800000000001,2.9711240000000005
North Hertfordshire 004,E02004912,E,8453,664,633,507,897,0.8,1.0,17.5319,3.579147
North Hertfordshire 005,E02004913,E,12122,952,907,727,1285,0.8,1.0,25.1246,4.566198
North Hertfordshire 006,E02004914,E,6064,476,454,364,643,0.4,0.6,14.487200000000001,3.1833360000000006
North Hertfordshire 007,E02004915,E,4451,349,333,267,472,0.4,0.6,10.6313,2.6820690000000003
North Hertfordshire 008,E02004916,E,6033,474,452,362,640,0.6,0.8,13.415899999999999,3.044067
North Hertfordshire 009,E02004917,E,5420,426,406,325,575,0.4,0.6,12.952000000000002,2.98376
North Hertfordshire 010,E02004918,E,6658,523,498,400,707,0.8,1.0,13.8164,3.096132
North Hertfordshire 011,E02004919,E,5993,471,449,360,636,0.6,0.8,13.331900000000001,3.0331470000000005
North Hertfordshire 012,E02004920,E,8761,688,656,526,930,0.6,0.8,19.488300000000002,3.8334790000000005
North Hertfordshire 013,E02004921,E,6217,488,465,373,660,0.8,1.0,12.8961,2.9764930000000005
North Hertfordshire 014,E02004922,E,7775,611,582,467,825,0.6,0.8,17.2925,3.548025
North Hertfordshire 015,E02004923,E,8229,646,616,494,873,0.8,1.0,17.0657,3.518541
North Kesteven 001,E02005453,E,9076,909,897,706,1126,0.8,1.0,22.2508,4.192604
North Kesteven 003,E02005455,E,10547,1056,1043,821,1308,0.8,1.0,25.8551,4.661163
North Kesteven 004,E02005456,E,8401,841,831,654,1042,0.6,0.8,22.2583,4.193579
North Kesteven 005,E02005457,E,7165,717,709,558,889,0.6,0.8,18.9885,3.768505
North Kesteven 006,E02005458,E,5606,561,554,436,696,0.6,0.8,14.855799999999999,3.231254
North Kesteven 007,E02005459,E,6875,688,680,535,853,0.2,0.4,22.2025,4.186325
North Kesteven 008,E02005460,E,5365,537,530,418,666,0.8,1.0,13.159500000000001,3.0107350000000004
North Kesteven 009,E02005461,E,5378,538,532,418,667,0.6,0.8,14.244399999999999,3.1517720000000002
North Kesteven 010,E02005462,E,7784,779,770,606,966,0.4,0.6,22.2012,4.186156
North Kesteven 011,E02005463,E,7392,740,731,575,918,0.8,1.0,18.1326,3.6572380000000004
North Kesteven 012,E02005464,E,7041,705,696,548,874,0.4,0.6,20.0823,3.910699
North Kesteven 013,E02006866,E,5561,557,550,433,690,0.6,0.8,14.737300000000001,3.2158490000000004
North Kesteven 014,E02006867,E,6365,637,629,495,790,0.8,1.0,15.6065,3.3288450000000003
North Lincolnshire 001,E02002749,E,8450,857,803,622,950,0.4,0.6,22.593000000000004,4.23709
North Lincolnshire 002,E02002750,E,4797,486,456,353,539,0.4,0.6,12.8211,2.966743
North Lincolnshire 003,E02002751,E,4927,499,468,363,554,0.4,0.6,13.174100000000001,3.012633
North Lincolnshire 004,E02002752,E,5195,527,494,382,585,0.4,0.6,13.900500000000001,3.1070650000000004
North Lincolnshire 005,E02002753,E,6636,673,631,489,747,0.4,0.6,17.7588,3.608644
North Lincolnshire 006,E02002754,E,6329,642,602,466,712,0.4,0.6,16.9307,3.500991
North Lincolnshire 007,E02002755,E,5374,545,511,396,605,0.0,0.2,18.5364,3.709732
North Lincolnshire 008,E02002756,E,6508,660,619,479,732,0.0,0.2,22.4368,4.2167840000000005
North Lincolnshire 009,E02002757,E,4727,479,449,348,531,0.4,0.6,12.632100000000001,2.9421730000000004
North Lincolnshire 010,E02002758,E,4849,492,461,357,545,0.2,0.4,14.7835,3.221855
North Lincolnshire 011,E02002759,E,7339,744,698,540,825,0.4,0.6,19.6217,3.850821
North Lincolnshire 012,E02002760,E,4487,455,427,330,504,0.2,0.4,13.6745,3.0776850000000002
North Lincolnshire 013,E02002761,E,5188,526,493,382,583,0.6,0.8,12.903400000000001,2.9774420000000004
North Lincolnshire 014,E02002762,E,5121,519,487,377,576,0.2,0.4,15.616499999999998,3.330145
North Lincolnshire 015,E02002763,E,5635,571,536,415,634,0.0,0.2,19.429000000000002,3.8257700000000003
North Lincolnshire 016,E02002764,E,4445,451,422,327,500,0.0,0.2,15.321,3.2917300000000003
North Lincolnshire 017,E02002765,E,4867,493,463,358,547,0.2,0.4,14.8345,3.228485
North Lincolnshire 018,E02002766,E,6997,709,665,515,786,0.6,0.8,17.3981,3.5617530000000004
North Lincolnshire 019,E02002767,E,5185,526,493,382,583,0.8,1.0,11.9165,2.849145
North Lincolnshire 020,E02002768,E,5535,561,526,408,622,0.6,0.8,13.7685,3.089905
North Lincolnshire 021,E02002769,E,4461,452,424,328,502,0.6,0.8,11.1003,2.7430390000000004
North Lincolnshire 022,E02002770,E,5358,543,509,394,603,0.4,0.6,14.3294,3.1628220000000002
North Lincolnshire 023,E02002771,E,5470,555,520,403,616,0.6,0.8,13.622,3.07086
North Norfolk 001,E02005570,E,5010,796,788,631,1076,0.6,0.8,21.238,4.06094
North Norfolk 002,E02005571,E,4046,643,636,510,869,0.4,0.6,18.531800000000004,3.7091340000000006
North Norfolk 003,E02005572,E,5225,830,821,658,1122,0.2,0.4,26.456500000000002,4.739345
North Norfolk 004,E02005573,E,3881,617,610,489,832,0.4,0.6,17.7563,3.608319
North Norfolk 005,E02005574,E,4595,730,722,579,987,0.4,0.6,21.0445,4.035785
North Norfolk 006,E02005575,E,4748,755,746,598,1019,0.4,0.6,21.7344,4.125472
North Norfolk 007,E02005576,E,4519,718,711,570,970,0.2,0.4,22.887500000000003,4.275375
North Norfolk 008,E02005577,E,4044,643,636,510,868,0.4,0.6,18.5192,3.707496
North Norfolk 009,E02005578,E,3896,619,612,491,836,0.2,0.4,19.722,3.8638600000000007
North Norfolk 010,E02005579,E,8594,1366,1351,1083,1844,0.4,0.6,39.340199999999996,6.414225999999999
North Norfolk 011,E02005580,E,5180,823,814,653,1112,0.4,0.6,23.718,4.3833400000000005
North Norfolk 012,E02005581,E,5240,833,824,660,1125,0.4,0.6,23.994,4.41922
North Norfolk 013,E02005582,E,4423,703,695,557,949,0.2,0.4,22.387500000000003,4.210375000000001
North Norfolk 014,E02005583,E,5629,894,885,709,1209,0.4,0.6,25.7787,4.651231
North Somerset 001,E02003065,E,7233,672,636,510,920,0.8,1.0,17.4559,3.569267
North Somerset 002,E02003066,E,5115,475,450,361,651,0.8,1.0,12.3505,2.905565
North Somerset 003,E02003067,E,6403,594,563,452,814,0.8,1.0,15.4489,3.308357
North Somerset 004,E02003068,E,5258,488,462,371,669,0.6,0.8,13.6154,3.070002
North Somerset 005,E02003069,E,4603,427,405,325,586,0.8,1.0,11.1159,2.745067
North Somerset 006,E02003070,E,10300,956,906,727,1311,0.8,1.0,24.87,4.5331
North Somerset 007,E02003071,E,6723,624,591,474,855,0.6,0.8,17.4039,3.562507
North Somerset 008,E02003072,E,7696,714,677,543,978,0.6,0.8,19.9178,3.8893139999999997
North Somerset 009,E02003073,E,5602,520,493,395,712,0.8,1.0,13.5136,3.056768
North Somerset 010,E02003074,E,6783,630,596,478,863,0.8,1.0,16.3699,3.4280870000000006
North Somerset 011,E02003075,E,4925,457,433,347,626,0.8,1.0,11.878499999999999,2.8442049999999997
North Somerset 012,E02003076,E,7889,732,694,557,1003,0.8,1.0,19.0367,3.7747710000000003
North Somerset 013,E02003077,E,5083,472,447,359,647,0.8,1.0,12.274899999999999,2.895737
North Somerset 014,E02003078,E,5851,543,515,413,744,0.6,0.8,15.1503,3.269539
North Somerset 015,E02003079,E,8169,758,718,576,1039,0.6,0.8,21.1477,4.049201
North Somerset 016,E02003080,E,7306,678,643,516,930,0.4,0.6,20.3758,3.9488540000000008
North Somerset 017,E02003081,E,7799,724,686,550,992,0.6,0.8,20.1937,3.9251810000000003
North Somerset 018,E02003082,E,7304,678,642,515,929,0.2,0.4,23.006999999999998,4.29091
North Somerset 020,E02003084,E,8090,751,711,571,1029,0.0,0.2,28.509,5.00617
North Somerset 021,E02003085,E,6410,595,564,452,815,0.0,0.2,22.585,4.2360500000000005
North Somerset 022,E02003086,E,5151,478,453,363,655,0.2,0.4,16.2225,3.408925
North Somerset 023,E02003087,E,7802,724,686,550,992,0.6,0.8,20.1946,3.9252980000000006
North Somerset 024,E02003088,E,7114,660,626,502,905,0.8,1.0,17.1712,3.5322560000000003
North Somerset 025,E02003089,E,4915,456,432,347,625,0.2,0.4,15.4825,3.3127250000000004
North Somerset 026,E02006845,E,6781,629,596,478,863,0.6,0.8,17.5593,3.5827090000000004
North Somerset 027,E02006846,E,6044,561,531,426,769,0.4,0.6,16.8432,3.489616
North Tyneside 001,E02001738,E,4647,401,398,317,458,0.8,1.0,9.6151,2.549963
North Tyneside 002,E02001739,E,6200,536,531,424,611,0.2,0.4,17.132,3.5271600000000003
North Tyneside 003,E02001740,E,4783,413,410,327,471,0.8,1.0,9.8969,2.5865970000000003
North Tyneside 004,E02001741,E,5754,497,493,393,567,0.6,0.8,12.894199999999998,2.9762459999999997
North Tyneside 005,E02001742,E,4986,431,427,341,491,0.8,1.0,10.3178,2.6413140000000004
North Tyneside 006,E02001743,E,6253,540,536,427,616,0.4,0.6,15.053899999999999,3.2570069999999998
North Tyneside 007,E02001744,E,5396,466,462,368,531,0.4,0.6,12.9788,2.987244
North Tyneside 008,E02001745,E,5249,454,450,359,517,0.4,0.6,12.640699999999999,2.943291
North Tyneside 009,E02001746,E,6885,595,590,470,679,0.4,0.6,16.5835,3.4558550000000006
North Tyneside 010,E02001747,E,5105,441,437,349,503,0.8,1.0,10.5655,2.673515
North Tyneside 011,E02001748,E,6222,537,533,425,613,0.2,0.4,17.185000000000002,3.5340500000000006
North Tyneside 012,E02001749,E,5088,440,436,348,502,0.6,0.8,11.4124,2.7836119999999998
North Tyneside 013,E02001750,E,5480,473,470,374,540,0.6,0.8,12.280000000000001,2.8964000000000003
North Tyneside 014,E02001751,E,4988,431,427,341,492,0.4,0.6,12.0164,2.862132
North Tyneside 015,E02001752,E,5189,448,445,354,511,0.0,0.2,16.1884,3.4044920000000003
North Tyneside 016,E02001753,E,5206,450,446,356,513,0.4,0.6,12.5378,2.929914
North Tyneside 017,E02001754,E,4976,430,426,340,490,0.8,1.0,10.294799999999999,2.638324
North Tyneside 018,E02001755,E,6594,570,565,450,649,0.6,0.8,14.767199999999999,3.219736
North Tyneside 019,E02001756,E,7647,660,655,522,753,0.2,0.4,21.113500000000002,4.044755
North Tyneside 020,E02001757,E,4889,422,419,334,482,0.2,0.4,13.5085,3.056105
North Tyneside 021,E02001758,E,4623,399,396,316,456,0.4,0.6,11.1369,2.7477970000000003
North Tyneside 022,E02001759,E,5199,449,445,355,512,0.2,0.4,14.3555,3.1662150000000002
North Tyneside 023,E02001760,E,6421,555,550,439,633,0.0,0.2,20.0466,3.9060580000000007
North Tyneside 024,E02001761,E,4459,385,382,304,440,0.4,0.6,10.739700000000001,2.696161
North Tyneside 025,E02001762,E,4617,399,396,315,454,0.6,0.8,10.3361,2.643693
North Tyneside 026,E02001763,E,5210,450,446,356,513,0.0,0.2,16.253999999999998,3.4130199999999995
North Tyneside 027,E02001764,E,6243,539,535,426,615,0.0,0.2,19.4778,3.832114
North Tyneside 028,E02001765,E,6015,519,515,411,593,0.0,0.2,18.772000000000002,3.740360000000001
North Tyneside 029,E02001766,E,5721,494,490,391,564,0.0,0.2,17.8576,3.6214880000000003
North Tyneside 030,E02001767,E,5815,502,498,397,573,0.0,0.2,18.144000000000002,3.6587200000000006
North Warwickshire 001,E02006468,E,9444,848,791,617,1034,0.6,0.8,22.1522,4.179786
North Warwickshire 002,E02006469,E,7845,704,657,512,859,0.4,0.6,19.7695,3.8700350000000006
North Warwickshire 003,E02006470,E,9910,889,830,647,1085,0.2,0.4,28.491,5.00383
North Warwickshire 004,E02006471,E,6237,560,522,407,683,0.6,0.8,14.6271,3.201523
North Warwickshire 005,E02006472,E,8050,723,674,526,882,0.4,0.6,20.297,3.9386100000000006
North Warwickshire 006,E02006473,E,8939,802,749,584,978,0.6,0.8,20.959699999999998,4.024761
North Warwickshire 007,E02006474,E,5429,487,455,354,595,0.4,0.6,13.686700000000002,3.0792710000000003
North West Leicestershire 001,E02005397,E,8607,762,691,514,756,0.6,0.8,17.756099999999996,3.6082929999999998
North West Leicestershire 002,E02005398,E,6334,561,509,379,557,0.8,1.0,12.0622,2.868086
North West Leicestershire 003,E02005399,E,6611,586,531,395,581,0.6,0.8,13.6453,3.0738890000000003
North West Leicestershire 004,E02005400,E,5857,519,470,350,515,0.4,0.6,12.9551,2.984163
North West Leicestershire 005,E02005401,E,5936,526,477,355,522,0.6,0.8,12.2578,2.893514
North West Leicestershire 006,E02005402,E,6409,568,515,383,563,0.6,0.8,13.226700000000001,3.0194710000000002
North West Leicestershire 007,E02005403,E,7135,632,573,426,628,0.6,0.8,14.7345,3.215485
North West Leicestershire 008,E02005404,E,7854,696,631,469,691,0.4,0.6,17.3782,3.5591660000000003
North West Leicestershire 009,E02005405,E,7177,636,576,429,630,0.2,0.4,18.363500000000002,3.6872550000000004
North West Leicestershire 010,E02005406,E,7682,680,617,459,675,0.4,0.6,16.9866,3.5082579999999997
North West Leicestershire 011,E02005407,E,9013,799,724,539,793,0.8,1.0,17.1679,3.531827
North West Leicestershire 012,E02005408,E,7752,687,623,463,681,0.6,0.8,15.9976,3.379688
North West Leicestershire 013,E02005409,E,10753,952,863,643,945,0.6,0.8,22.1919,4.184947
Northampton 001,E02005650,E,6006,393,361,279,450,0.6,0.8,10.3768,2.648984
Northampton 002,E02005651,E,5504,360,330,255,412,0.6,0.8,9.4982,2.5347660000000003
Northampton 003,E02005652,E,5229,342,314,243,392,0.4,0.6,9.6707,2.557191
Northampton 004,E02005653,E,7118,466,427,330,533,0.0,0.2,17.4418,3.5674340000000004
Northampton 005,E02005654,E,7210,472,433,335,540,0.2,0.4,15.578000000000001,3.32514
Northampton 006,E02005655,E,5095,334,306,236,382,0.4,0.6,9.4205,2.524665
Northampton 007,E02005656,E,5173,339,311,240,388,0.0,0.2,12.689799999999998,2.949674
Northampton 008,E02005657,E,5343,350,321,248,401,0.4,0.6,9.8869,2.585297
Northampton 009,E02005658,E,5511,361,331,256,413,0.0,0.2,13.514600000000002,3.0568980000000003
Northampton 010,E02005659,E,4439,291,267,206,333,0.4,0.6,8.2137,2.367781
Northampton 011,E02005660,E,4964,325,298,230,372,0.0,0.2,12.1674,2.881762
Northampton 012,E02005661,E,5681,372,341,264,426,0.0,0.2,13.9336,3.111368
Northampton 013,E02005662,E,5902,386,354,274,442,0.4,0.6,10.906600000000001,2.717858
Northampton 014,E02005663,E,4775,313,287,222,358,0.8,1.0,7.6805,2.298465
Northampton 015,E02005664,E,5266,345,316,244,395,0.2,0.4,11.38,2.7794
Northampton 016,E02005665,E,6457,423,388,300,484,0.4,0.6,11.943100000000001,2.852603
Northampton 017,E02005666,E,7166,469,430,333,537,0.0,0.2,17.5696,3.584048
Northampton 018,E02005667,E,5287,346,317,245,396,0.2,0.4,11.4165,2.784145
Northampton 019,E02005668,E,5356,351,322,249,401,0.6,0.8,9.2528,2.502864
Northampton 020,E02005669,E,4992,327,300,232,374,0.8,1.0,8.0256,2.343328
Northampton 021,E02005670,E,7170,469,430,333,537,0.0,0.2,17.572,3.58436
Northampton 022,E02005671,E,6388,418,384,296,478,0.4,0.6,11.8004,2.834052
Northampton 023,E02005672,E,6424,421,386,298,481,0.2,0.4,13.877,3.10401
Northampton 024,E02005673,E,6283,411,377,292,471,0.2,0.4,13.578500000000002,3.0652050000000006
Northampton 025,E02005674,E,6182,405,371,287,463,0.0,0.2,15.1542,3.270046
Northampton 026,E02005675,E,5028,329,302,233,376,0.0,0.2,12.314800000000002,2.9009240000000003
Northampton 027,E02005676,E,5184,339,311,241,388,0.2,0.4,11.196,2.7554800000000004
Northampton 028,E02005677,E,7062,462,424,328,529,0.4,0.6,13.0546,2.9970980000000003
Northampton 029,E02005678,E,8521,558,512,395,639,0.6,0.8,14.7243,3.214159
Northampton 030,E02005679,E,7740,507,465,359,580,0.8,1.0,12.440999999999999,2.9173299999999998
Northampton 031,E02005680,E,7481,490,449,347,560,0.8,1.0,12.017299999999999,2.8622490000000003
Northumberland 001,E02005706,E,6915,808,816,672,1005,0.2,0.4,25.9095,4.668235
Northumberland 002,E02005707,E,4960,579,585,481,720,0.4,0.6,16.512,3.44656
Northumberland 003,E02005708,E,7515,878,886,729,1092,0.4,0.6,25.0325,4.554225
Northumberland 004,E02005702,E,4713,551,556,458,685,0.8,1.0,13.4529,3.048877
Northumberland 005,E02005703,E,4866,568,574,472,707,0.4,0.6,16.2078,3.407014
Northumberland 006,E02005704,E,8922,1043,1053,866,1296,0.4,0.6,29.7226,5.163938
Northumberland 007,E02005705,E,5399,631,637,524,784,0.4,0.6,17.9817,3.637621
Northumberland 008,E02005720,E,8693,1016,1026,844,1263,0.2,0.4,32.5625,5.533125
Northumberland 009,E02005734,E,4534,530,535,440,659,0.0,0.2,19.0334,3.774342
Northumberland 010,E02005735,E,5710,667,674,554,829,0.0,0.2,23.957,4.41441
Northumberland 011,E02005721,E,3724,435,439,362,541,0.4,0.6,12.4072,2.912936
Northumberland 012,E02005737,E,5196,607,613,504,755,0.2,0.4,19.459,3.82967
Northumberland 013,E02005736,E,5431,635,641,527,790,0.0,0.2,22.8076,4.264988000000001
Northumberland 014,E02005738,E,3643,426,430,354,529,0.4,0.6,12.1369,2.877797
Northumberland 015,E02005722,E,5116,598,604,497,743,0.6,0.8,15.8048,3.3546240000000003
Northumberland 016,E02005723,E,4513,528,533,438,656,0.2,0.4,16.9105,3.4983649999999997
Northumberland 017,E02005739,E,6805,795,803,661,989,0.2,0.4,25.494500000000002,4.614285000000001
Northumberland 018,E02005724,E,4421,516,521,429,642,0.8,1.0,12.607299999999999,2.938949
Northumberland 019,E02005727,E,4599,538,543,447,668,0.4,0.6,15.325700000000001,3.2923410000000004
Northumberland 020,E02005740,E,7387,863,872,717,1074,0.0,0.2,31.014200000000002,5.3318460000000005
Northumberland 021,E02005741,E,6126,716,723,595,890,0.4,0.6,20.4118,3.9535340000000003
Northumberland 022,E02005709,E,4932,576,582,479,716,0.0,0.2,20.694200000000002,3.990246000000001
Northumberland 023,E02005710,E,6060,708,715,589,881,0.0,0.2,25.446000000000005,4.60798
Northumberland 024,E02005711,E,5996,701,708,582,872,0.0,0.2,25.180600000000002,4.573478000000001
Northumberland 025,E02005712,E,5055,591,596,491,734,0.0,0.2,21.213,4.05769
Northumberland 026,E02005713,E,4799,561,566,466,697,0.8,1.0,13.6907,3.079791
Northumberland 027,E02005714,E,3868,452,456,376,562,0.8,1.0,11.0384,2.734992
Northumberland 028,E02005716,E,6314,738,745,613,917,0.4,0.6,21.0322,4.034186
Northumberland 029,E02005715,E,6206,725,732,603,901,0.0,0.2,26.041600000000003,4.685408000000001
Northumberland 030,E02005717,E,5613,656,662,545,815,0.4,0.6,18.6939,3.730207
Northumberland 031,E02005718,E,4757,556,561,462,691,0.6,0.8,14.694100000000002,3.2102330000000006
Northumberland 032,E02005719,E,5475,640,646,532,796,0.2,0.4,20.5175,3.967275
Northumberland 033,E02005725,E,4686,547,553,455,681,0.8,1.0,13.3718,3.038334
Northumberland 034,E02005726,E,5542,648,654,538,806,0.8,1.0,15.8226,3.3569380000000004
Northumberland 035,E02005730,E,9416,1100,1111,914,1368,0.6,0.8,29.0868,5.081284
Northumberland 036,E02005729,E,4039,472,477,392,587,0.6,0.8,12.4807,2.922491
Northumberland 037,E02005728,E,5104,597,602,496,742,0.4,0.6,17.0132,3.511716
Northumberland 038,E02005731,E,7803,912,921,758,1134,0.6,0.8,24.112899999999996,4.434677
Northumberland 039,E02005732,E,6508,761,768,632,946,0.8,1.0,18.5764,3.714932
Northumberland 040,E02005733,E,5850,684,690,568,850,0.6,0.8,18.073,3.64949
Norwich 001,E02005584,E,9867,549,485,391,697,0.2,0.4,19.6215,3.8507950000000006
Norwich 002,E02005585,E,9921,552,488,393,700,0.0,0.2,22.3036,4.199468
Norwich 003,E02005586,E,9249,515,455,366,652,0.2,0.4,18.375500000000002,3.688815000000001
Norwich 004,E02005587,E,9175,511,452,363,647,0.0,0.2,20.625,3.98125
Norwich 005,E02005588,E,10878,606,535,431,767,0.0,0.2,24.452800000000003,4.478864000000001
Norwich 006,E02005589,E,10710,597,527,424,756,0.0,0.2,24.086,4.43118
Norwich 007,E02005590,E,8975,500,442,355,634,0.0,0.2,20.188000000000002,3.9244400000000006
Norwich 009,E02005592,E,8656,482,426,343,611,0.8,1.0,12.8488,2.970344
Norwich 010,E02005593,E,9571,533,471,379,675,0.4,0.6,16.195300000000003,3.4053890000000004
Norwich 011,E02005594,E,9686,539,477,384,684,0.4,0.6,16.403800000000004,3.432494000000001
Norwich 012,E02005595,E,8177,455,402,324,577,0.8,1.0,12.1341,2.877433
Norwich 013,E02005596,E,8684,484,427,344,613,0.0,0.2,19.529400000000003,3.8388220000000004
Norwich 014,E02006907,E,4782,266,235,189,338,0.2,0.4,9.508,2.53604
Norwich 015,E02006908,E,5047,281,248,200,356,0.2,0.4,10.0305,2.603965
Nottingham 001,E02002868,E,5671,288,249,184,263,0.2,0.4,9.1395,2.4881349999999998
Nottingham 002,E02002869,E,7294,371,321,237,339,0.0,0.2,13.563400000000001,3.0632420000000002
Nottingham 004,E02002871,E,7703,391,339,250,358,0.0,0.2,14.317800000000002,3.1613140000000004
Nottingham 005,E02002872,E,8578,436,377,278,399,0.0,0.2,15.9458,3.372954
Nottingham 006,E02002873,E,8883,451,390,288,413,0.0,0.2,16.506800000000002,3.4458840000000004
Nottingham 007,E02002874,E,7819,397,344,254,363,0.0,0.2,14.530400000000002,3.1889520000000005
Nottingham 008,E02002875,E,8106,412,356,263,377,0.0,0.2,15.0686,3.2589180000000004
Nottingham 009,E02002876,E,7819,397,344,254,363,0.0,0.2,14.530400000000002,3.1889520000000005
Nottingham 010,E02002877,E,7394,376,325,240,344,0.4,0.6,9.8382,2.5789660000000003
Nottingham 011,E02002878,E,8824,448,388,286,410,0.0,0.2,16.3964,3.431532
Nottingham 012,E02002879,E,8946,454,393,290,416,0.2,0.4,14.429000000000002,3.1757700000000004
Nottingham 013,E02002880,E,8487,431,373,275,395,0.0,0.2,15.7772,3.3510360000000006
Nottingham 014,E02002881,E,6066,308,267,197,283,0.0,0.2,11.2896,2.7676480000000003
Nottingham 015,E02002882,E,8055,409,354,261,375,0.2,0.4,12.9975,2.989675
Nottingham 016,E02002883,E,7441,378,327,241,346,0.0,0.2,13.828600000000002,3.0977180000000004
Nottingham 017,E02002884,E,6023,306,265,195,281,0.0,0.2,11.2058,2.756754
Nottingham 018,E02002885,E,8006,407,352,260,372,0.0,0.2,14.882600000000002,3.234738
Nottingham 019,E02002886,E,8630,438,379,280,401,0.2,0.4,13.917000000000002,3.10921
Nottingham 020,E02002887,E,6349,323,279,206,295,0.0,0.2,11.801400000000001,2.834182
Nottingham 021,E02002888,E,6438,327,283,209,299,0.0,0.2,11.963800000000003,2.8552940000000007
Nottingham 022,E02002889,E,8432,428,371,274,392,0.0,0.2,15.676200000000001,3.3379060000000003
Nottingham 023,E02002890,E,10973,557,482,356,510,0.0,0.2,20.390800000000002,3.9508040000000006
Nottingham 024,E02002891,E,8187,416,360,266,381,0.2,0.4,13.215499999999999,3.018015
Nottingham 025,E02002892,E,5964,303,262,194,277,0.0,0.2,11.085400000000002,2.7411020000000006
Nottingham 026,E02002893,E,13183,670,579,428,613,0.0,0.2,24.5068,4.4858839999999995
Nottingham 027,E02002894,E,6723,342,296,218,313,0.6,0.8,8.4179,2.394327
Nottingham 028,E02002895,E,7854,399,345,255,365,0.4,0.6,10.4442,2.6577460000000004
Nottingham 029,E02002896,E,9837,500,432,319,458,0.0,0.2,18.291200000000003,3.6778560000000002
Nottingham 030,E02002897,E,7757,394,341,252,361,0.6,0.8,9.710099999999999,2.5623129999999996
Nottingham 031,E02002898,E,10729,545,471,348,498,0.4,0.6,14.256699999999999,3.153371
Nottingham 032,E02002899,E,9776,497,430,317,454,0.2,0.4,15.766,3.3495800000000004
Nottingham 034,E02002901,E,5633,286,248,183,263,0.4,0.6,7.507900000000001,2.276027
Nottingham 035,E02002902,E,8469,430,372,275,394,0.0,0.2,15.7444,3.3467720000000005
Nottingham 036,E02002903,E,6231,317,274,202,289,0.0,0.2,11.575600000000001,2.8048280000000005
Nottingham 037,E02002904,E,6030,306,265,196,281,0.0,0.2,11.217,2.75821
Nottingham 038,E02006834,E,7576,385,333,246,352,0.0,0.2,14.0816,3.130608
Nottingham 039,E02006904,E,6926,352,304,225,322,0.2,0.4,11.174,2.7526200000000003
Nottingham 040,E02006905,E,7485,380,329,243,348,0.0,0.2,13.913000000000002,3.10869
Nuneaton and Bedworth 001,E02006475,E,6414,496,436,333,530,0.8,1.0,11.2832,2.7668160000000004
Nuneaton and Bedworth 002,E02006476,E,6469,500,440,336,536,0.0,0.2,17.3654,3.5575020000000004
Nuneaton and Bedworth 003,E02006477,E,6138,474,418,318,507,0.8,1.0,10.7924,2.703012
Nuneaton and Bedworth 004,E02006478,E,7278,563,495,377,603,0.4,0.6,14.787400000000002,3.2223620000000004
Nuneaton and Bedworth 005,E02006479,E,7707,596,524,400,638,0.0,0.2,20.6802,3.9884260000000005
Nuneaton and Bedworth 006,E02006480,E,6588,509,448,342,545,0.2,0.4,15.547,3.32111
Nuneaton and Bedworth 007,E02006481,E,6078,470,414,315,503,0.0,0.2,16.3078,3.420014
Nuneaton and Bedworth 008,E02006482,E,5954,460,405,309,493,0.4,0.6,12.0962,2.872506
Nuneaton and Bedworth 009,E02006483,E,6884,532,468,357,570,0.0,0.2,18.4694,3.701022
Nuneaton and Bedworth 010,E02006484,E,6785,525,462,352,561,0.2,0.4,16.0115,3.381495
Nuneaton and Bedworth 011,E02006485,E,6078,470,414,315,503,0.8,1.0,10.6994,2.6909220000000005
Nuneaton and Bedworth 012,E02006486,E,6223,481,423,323,515,0.4,0.6,12.6389,2.943057
Nuneaton and Bedworth 013,E02006487,E,5892,456,401,306,488,0.2,0.4,13.916,3.10908
Nuneaton and Bedworth 014,E02006488,E,5433,420,370,282,449,0.6,0.8,10.2989,2.638857
Nuneaton and Bedworth 015,E02006489,E,7109,550,484,369,588,0.2,0.4,16.779500000000002,3.4813350000000005
Nuneaton and Bedworth 016,E02006490,E,6605,511,449,343,547,0.4,0.6,13.4215,3.044795
Nuneaton and Bedworth 018,E02006806,E,7077,547,481,367,586,0.2,0.4,16.7045,3.471585
Oadby and Wigston 003,E02005412,E,6679,488,488,404,759,0.6,0.8,15.3007,3.289091
Oadby and Wigston 005,E02005414,E,6350,464,464,384,722,0.2,0.4,17.775,3.6107500000000003
Oadby and Wigston 006,E02005415,E,6118,447,447,370,695,0.2,0.4,17.118000000000002,3.525340000000001
Oadby and Wigston 007,E02005416,E,7188,525,525,435,817,0.8,1.0,15.4184,3.304392
Oadby and Wigston 008,E02006818,E,6743,492,492,408,766,0.6,0.8,15.4409,3.3073170000000003
Oadby and Wigston 009,E02006911,E,12798,935,935,774,1454,0.8,1.0,27.4434,4.867642
Oldham 001,E02001098,E,5542,368,323,249,376,0.4,0.6,9.6966,2.5605580000000003
Oldham 002,E02001099,E,5524,367,321,248,374,0.2,0.4,11.371,2.77823
Oldham 003,E02001100,E,5590,372,325,251,379,0.2,0.4,11.516,2.7970800000000002
Oldham 004,E02001101,E,5464,363,318,245,370,0.4,0.6,9.5472,2.541136
Oldham 005,E02001102,E,5589,372,325,251,379,0.4,0.6,9.7747,2.570711
Oldham 006,E02001103,E,5066,337,295,227,344,0.6,0.8,8.2928,2.378064
Oldham 007,E02001104,E,6346,422,369,285,431,0.2,0.4,13.082,3.00066
Oldham 008,E02001105,E,5483,364,319,246,372,0.2,0.4,11.2955,2.768415
Oldham 009,E02001106,E,5525,367,322,248,374,0.2,0.4,11.3755,2.7788150000000003
Oldham 010,E02001107,E,5622,374,327,252,382,0.2,0.4,11.589,2.8065700000000002
Oldham 011,E02001108,E,4646,309,270,208,315,0.0,0.2,10.918600000000001,2.719418
Oldham 012,E02001109,E,6687,445,389,300,454,0.0,0.2,15.7302,3.344926
Oldham 013,E02001110,E,5710,379,332,256,387,0.8,1.0,8.672,2.42736
Oldham 014,E02001111,E,6104,406,355,274,414,0.0,0.2,14.3534,3.1659420000000003
Oldham 015,E02001112,E,5429,361,316,243,368,0.8,1.0,8.2457,2.371941
Oldham 016,E02001113,E,8718,580,507,391,591,0.0,0.2,20.4948,3.9643240000000004
Oldham 017,E02001114,E,7452,495,434,334,505,0.2,0.4,15.345,3.2948500000000003
Oldham 018,E02001115,E,5445,362,317,244,370,0.2,0.4,11.2245,2.7591850000000004
Oldham 019,E02001116,E,5907,393,344,265,401,0.0,0.2,13.8962,3.1065060000000004
Oldham 020,E02001117,E,5400,359,314,242,366,0.8,1.0,8.202,2.36626
Oldham 021,E02001118,E,5723,380,333,257,388,0.6,0.8,9.3619,2.517047
Oldham 022,E02001119,E,9919,659,577,445,672,0.0,0.2,23.3104,4.330352
Oldham 024,E02001121,E,5961,396,347,267,404,0.0,0.2,14.008600000000001,3.121118
Oldham 026,E02001123,E,5896,392,343,264,400,0.0,0.2,13.860600000000002,3.101878
Oldham 027,E02001124,E,5246,349,305,235,355,0.0,0.2,12.3226,2.9019380000000004
Oldham 028,E02001125,E,7349,489,428,330,499,0.2,0.4,15.151500000000002,3.2696950000000005
Oldham 029,E02001126,E,6824,454,397,306,463,0.0,0.2,16.0474,3.3861619999999997
Oldham 030,E02001127,E,6473,430,377,290,439,0.0,0.2,15.2168,3.278184
Oldham 031,E02001128,E,6823,453,397,306,463,0.0,0.2,16.0418,3.385434
Oldham 032,E02001129,E,5303,353,309,238,359,0.0,0.2,12.4658,2.920554
Oldham 033,E02001130,E,5283,351,307,237,359,0.2,0.4,10.8895,2.715635
Oldham 034,E02001131,E,4849,322,282,217,329,0.4,0.6,8.476700000000001,2.4019710000000005
Oldham 035,E02006860,E,12716,845,740,570,862,0.0,0.2,29.888600000000004,5.185518000000001
Oxford 001,E02005940,E,4777,248,226,176,296,0.8,1.0,6.517099999999999,2.147223
Oxford 002,E02005941,E,5872,305,278,216,364,0.8,1.0,8.0116,2.341508
Oxford 003,E02005942,E,5496,285,260,202,341,0.8,1.0,7.4998000000000005,2.2749740000000003
Oxford 004,E02005943,E,5095,265,241,187,317,0.8,1.0,6.9625,2.2051250000000002
Oxford 005,E02005944,E,5713,296,270,210,355,0.2,0.4,10.5545,2.672085
Oxford 006,E02005945,E,8545,444,404,314,531,0.8,1.0,11.6705,2.817165
Oxford 007,E02005946,E,6507,338,308,239,405,0.8,1.0,8.894100000000002,2.456233
Oxford 008,E02005947,E,13305,691,630,489,827,0.4,0.6,20.7515,3.997695
Oxford 009,E02005948,E,5553,288,263,204,345,0.6,0.8,8.1089,2.354157
Oxford 010,E02005949,E,5948,309,281,219,369,0.4,0.6,9.2684,2.504892
Oxford 011,E02005950,E,9185,477,435,338,571,0.4,0.6,14.329500000000001,3.1628350000000003
Oxford 012,E02005951,E,4841,251,229,178,301,0.6,0.8,7.071300000000001,2.219269
Oxford 013,E02005952,E,11684,606,553,430,726,0.4,0.6,18.2212,3.668756
Oxford 014,E02005953,E,4651,241,220,171,289,0.6,0.8,6.7913,2.182869
Oxford 015,E02005954,E,7848,407,371,289,487,0.4,0.6,12.2304,2.889952
Oxford 016,E02005955,E,8032,417,380,295,499,0.2,0.4,14.84,3.2292
Oxford 017,E02005956,E,4993,259,236,184,310,0.0,0.2,10.478800000000001,2.6622440000000003
Oxford 018,E02005957,E,5647,293,267,208,351,0.0,0.2,11.8562,2.8413060000000003
Pendle 001,E02005240,E,4406,351,316,254,393,0.4,0.6,9.5278,2.538614
Pendle 002,E02005241,E,4490,358,322,259,401,0.4,0.6,9.717,2.56321
Pendle 003,E02005242,E,5003,399,359,288,446,0.4,0.6,10.814900000000002,2.7059370000000005
Pendle 004,E02005243,E,4117,328,295,237,368,0.0,0.2,11.6602,2.8158260000000004
Pendle 005,E02005244,E,4715,376,338,272,420,0.2,0.4,11.781500000000001,2.831595
Pendle 006,E02005245,E,5619,448,403,324,501,0.6,0.8,11.3247,2.7722110000000004
Pendle 007,E02005246,E,4190,334,300,242,374,0.0,0.2,11.866,2.84258
Pendle 008,E02005247,E,8043,641,577,464,717,0.6,0.8,16.2099,3.407287
Pendle 009,E02005248,E,5249,418,376,303,468,0.0,0.2,14.8564,3.231332
Pendle 010,E02005249,E,7645,609,548,441,682,0.0,0.2,21.643,4.11359
Pendle 011,E02005250,E,6228,497,447,359,555,0.0,0.2,17.6298,3.591874
Pendle 012,E02005251,E,5593,446,401,323,499,0.2,0.4,13.9875,3.1183750000000003
Pendle 013,E02005252,E,7062,563,506,407,630,0.0,0.2,19.9912,3.8988560000000003
Peterborough 001,E02003237,E,6222,394,342,265,428,0.6,0.8,10.0556,2.607228
Peterborough 002,E02003238,E,5933,376,327,253,409,0.4,0.6,10.2659,2.634567
Peterborough 003,E02003239,E,7904,501,435,337,545,0.6,0.8,12.7932,2.9631160000000003
Peterborough 004,E02003240,E,6636,420,365,282,457,0.6,0.8,10.7278,2.694614
Peterborough 005,E02003241,E,6143,389,338,262,424,0.2,0.4,12.5125,2.926625
Peterborough 006,E02003242,E,7935,502,437,338,547,0.4,0.6,13.7245,3.084185
Peterborough 007,E02003243,E,9749,617,537,415,672,0.0,0.2,22.5884,4.236492
Peterborough 008,E02003244,E,8832,559,486,376,609,0.0,0.2,20.464199999999998,3.9603459999999995
Peterborough 009,E02003245,E,7663,485,422,326,528,0.0,0.2,17.750799999999998,3.6076040000000003
Peterborough 010,E02003246,E,9104,577,501,388,628,0.0,0.2,21.104400000000002,4.043572
Peterborough 011,E02003247,E,7868,498,433,335,543,0.0,0.2,18.236800000000002,3.6707840000000003
Peterborough 012,E02003248,E,10347,655,569,440,714,0.2,0.4,21.0625,4.038125
Peterborough 013,E02003249,E,10571,670,582,450,729,0.0,0.2,24.5006,4.485078
Peterborough 014,E02003250,E,10032,635,552,427,691,0.0,0.2,23.2352,4.320576
Peterborough 015,E02003251,E,7123,451,392,303,491,0.6,0.8,11.5229,2.7979770000000004
Peterborough 016,E02003252,E,10258,650,565,437,707,0.2,0.4,20.881999999999998,4.01466
Peterborough 017,E02003253,E,8401,532,462,358,579,0.2,0.4,17.0985,3.522805
Peterborough 018,E02003254,E,8653,548,476,368,597,0.6,0.8,14.0029,3.1203770000000004
Peterborough 019,E02003255,E,8815,558,485,375,608,0.2,0.4,17.9425,3.6325250000000002
Peterborough 021,E02003257,E,8633,547,475,368,595,0.0,0.2,20.0058,3.900754
Peterborough 022,E02006877,E,7910,501,435,337,545,0.4,0.6,13.677,3.07801
Peterborough 023,E02006878,E,9059,574,499,386,624,0.4,0.6,15.665700000000001,3.3365410000000004
Plymouth 001,E02003122,E,5467,417,394,320,503,0.6,0.8,11.1831,2.753803
Plymouth 002,E02003123,E,6528,497,471,382,601,0.2,0.4,16.525,3.44825
Plymouth 003,E02003124,E,6345,483,457,372,584,0.0,0.2,18.119,3.65547
Plymouth 004,E02003125,E,4872,371,351,285,448,0.0,0.2,13.9042,3.107546
Plymouth 005,E02003126,E,5901,450,425,346,544,0.4,0.6,12.974300000000001,2.9866590000000004
Plymouth 006,E02003127,E,6151,469,443,360,566,0.0,0.2,17.5626,3.583138
Plymouth 007,E02003128,E,7031,536,507,412,647,0.0,0.2,20.0816,3.9106080000000008
Plymouth 008,E02003129,E,5300,404,382,311,488,0.4,0.6,11.648,2.81424
Plymouth 009,E02003130,E,8307,633,599,487,765,0.0,0.2,23.733200000000004,4.385316
Plymouth 010,E02003131,E,6095,464,439,357,561,0.2,0.4,15.4265,3.3054450000000006
Plymouth 011,E02003132,E,6448,491,465,378,594,0.4,0.6,14.172400000000001,3.142412
Plymouth 012,E02003133,E,5971,455,430,350,550,0.4,0.6,13.121300000000002,3.0057690000000004
Plymouth 013,E02003134,E,5633,429,406,330,518,0.0,0.2,16.0808,3.390504
Plymouth 014,E02003135,E,6079,463,438,356,559,0.0,0.2,17.352400000000003,3.5558120000000004
Plymouth 015,E02003136,E,6424,490,463,376,592,0.6,0.8,13.1512,3.009656
Plymouth 016,E02003137,E,6334,483,457,371,583,0.8,1.0,12.0482,2.866266
Plymouth 017,E02003138,E,6075,463,438,356,559,0.6,0.8,12.4295,2.9158350000000004
Plymouth 018,E02003139,E,5288,403,381,310,487,0.8,1.0,10.061399999999999,2.607982
Plymouth 019,E02003140,E,6254,477,451,367,576,0.8,1.0,11.903199999999998,2.847416
Plymouth 020,E02003141,E,6514,496,469,382,599,0.0,0.2,18.5954,3.7174020000000008
Plymouth 021,E02003142,E,7384,563,532,433,680,0.0,0.2,21.096400000000003,4.0425320000000005
Plymouth 022,E02003143,E,6331,482,456,371,583,0.6,0.8,12.955300000000001,2.984189
Plymouth 023,E02003144,E,7347,560,530,430,677,0.2,0.4,18.6075,3.7189750000000004
Plymouth 024,E02003145,E,5670,432,409,332,522,0.2,0.4,14.355,3.16615
Plymouth 025,E02003146,E,7329,558,528,429,675,0.2,0.4,18.5535,3.7119549999999997
Plymouth 026,E02003147,E,6214,473,448,364,572,0.0,0.2,17.7454,3.606902
Plymouth 027,E02003148,E,8035,612,579,471,740,0.0,0.2,22.953000000000003,4.28389
Plymouth 028,E02003149,E,7591,578,547,445,699,0.0,0.2,21.6826,4.1187380000000005
Plymouth 029,E02003150,E,9318,710,672,546,858,0.0,0.2,26.6188,4.760444000000001
Plymouth 030,E02003151,E,6055,461,436,355,557,0.8,1.0,11.5125,2.7966249999999997
Plymouth 031,E02003152,E,7659,584,552,449,705,0.6,0.8,15.6737,3.337581
Plymouth 032,E02003153,E,6406,488,462,375,590,0.6,0.8,13.1108,3.004404
Poole 001,E02003194,E,4889,448,427,341,594,0.8,1.0,11.4557,2.789241
Poole 002,E02003195,E,4393,403,384,307,534,0.4,0.6,11.9099,2.848287
Poole 003,E02003196,E,8066,740,705,563,981,0.8,1.0,18.915799999999997,3.759054
Poole 004,E02003197,E,5336,489,466,372,649,0.4,0.6,14.462800000000001,3.1801640000000004
Poole 005,E02003198,E,5688,521,497,397,691,0.4,0.6,15.4104,3.3033520000000003
Poole 006,E02003199,E,7186,659,628,501,874,0.4,0.6,19.4798,3.8323740000000006
Poole 007,E02003200,E,7799,715,682,544,948,0.2,0.4,23.9565,4.414345
Poole 008,E02003201,E,8278,759,724,577,1006,0.2,0.4,25.423000000000002,4.604990000000001
Poole 009,E02003202,E,4860,445,425,339,591,0.6,0.8,12.244,2.8917200000000003
Poole 010,E02003203,E,5804,532,508,405,705,0.4,0.6,15.727200000000002,3.3445360000000006
Poole 011,E02003204,E,6802,624,595,475,827,0.4,0.6,18.4426,3.6975379999999998
Poole 012,E02003205,E,6449,591,564,450,784,0.6,0.8,16.246699999999997,3.412071
Poole 013,E02003206,E,7511,689,657,524,914,0.6,0.8,18.933300000000003,3.761329000000001
Poole 014,E02003207,E,5558,510,486,388,676,0.2,0.4,17.081000000000003,3.520530000000001
Poole 015,E02003208,E,8363,767,731,583,1017,0.2,0.4,25.6915,4.639895
Poole 016,E02003209,E,4730,434,414,330,575,0.4,0.6,12.823,2.96699
Poole 017,E02003210,E,7129,654,623,497,867,0.8,1.0,16.7147,3.472911
Poole 018,E02003211,E,6749,619,590,471,820,0.8,1.0,15.8177,3.356301
Portsmouth 001,E02003524,E,7183,420,394,303,452,0.0,0.2,15.924800000000001,3.3702240000000003
Portsmouth 002,E02003525,E,5612,328,307,236,353,0.0,0.2,12.430200000000003,2.9159260000000007
Portsmouth 003,E02003526,E,5855,342,321,247,368,0.8,1.0,8.3655,2.3875150000000005
Portsmouth 004,E02003527,E,5278,309,289,222,332,0.2,0.4,10.260000000000002,2.6338000000000004
Portsmouth 006,E02003529,E,6964,407,382,293,438,0.6,0.8,10.7142,2.6928460000000003
Portsmouth 007,E02003530,E,6767,396,371,285,426,0.2,0.4,13.1625,3.011125
Portsmouth 008,E02003531,E,7149,418,392,301,450,0.4,0.6,11.7547,2.828111
Portsmouth 009,E02003532,E,6780,396,371,286,426,0.2,0.4,13.176,3.01288
Portsmouth 010,E02003533,E,5009,293,274,211,315,0.0,0.2,11.0974,2.742662
Portsmouth 011,E02003534,E,7931,464,434,334,498,0.2,0.4,15.407499999999999,3.302975
Portsmouth 012,E02003535,E,8536,499,468,359,537,0.2,0.4,16.593999999999998,3.4572199999999995
Portsmouth 013,E02003536,E,6761,395,370,285,425,0.0,0.2,14.976600000000001,3.2469580000000002
Portsmouth 014,E02003537,E,9415,550,516,397,592,0.4,0.6,15.474499999999999,3.3116849999999998
Portsmouth 015,E02003538,E,9181,537,503,387,577,0.0,0.2,20.3416,3.944408
Portsmouth 016,E02003539,E,11123,650,609,468,700,0.0,0.2,24.644800000000004,4.503824000000001
Portsmouth 017,E02003540,E,8203,479,449,345,515,0.2,0.4,15.9295,3.3708350000000005
Portsmouth 018,E02003541,E,10460,611,573,440,657,0.0,0.2,23.160000000000004,4.3108
Portsmouth 019,E02003542,E,8504,497,466,358,535,0.4,0.6,13.9772,3.117036
Portsmouth 020,E02003543,E,8052,471,441,339,506,0.4,0.6,13.227600000000002,3.0195880000000006
Portsmouth 021,E02003544,E,5801,339,318,244,364,0.4,0.6,9.522300000000001,2.5378990000000003
Portsmouth 022,E02003545,E,6428,376,352,271,405,0.2,0.4,12.507000000000001,2.92591
Portsmouth 023,E02003546,E,7668,448,420,323,482,0.4,0.6,12.5984,2.937792
Portsmouth 024,E02003547,E,7774,454,426,327,489,0.4,0.6,12.7742,2.960646
Portsmouth 025,E02003548,E,6113,357,335,257,384,0.4,0.6,10.0379,2.604927
Portsmouth 026,E02006821,E,5888,344,323,248,370,0.8,1.0,8.4104,2.393352
Preston 001,E02005253,E,5080,321,286,210,291,0.6,0.8,7.561,2.2829300000000003
Preston 002,E02005254,E,5502,347,310,227,314,0.8,1.0,7.5536,2.281968
Preston 003,E02005255,E,7651,483,431,316,438,0.8,1.0,10.5213,2.667769
Preston 004,E02005256,E,6091,385,344,252,348,0.6,0.8,9.0613,2.477969
Preston 005,E02005257,E,5138,324,290,212,293,0.0,0.2,11.1528,2.749864
Preston 006,E02005258,E,6966,440,393,288,399,0.6,0.8,10.3708,2.648204
Preston 007,E02005259,E,8842,558,499,365,505,0.0,0.2,19.205199999999998,3.7966759999999997
Preston 008,E02005260,E,5902,373,333,244,338,0.4,0.6,9.3686,2.517918
Preston 009,E02005261,E,8636,545,487,357,494,0.0,0.2,18.768600000000003,3.7399180000000003
Preston 010,E02005262,E,5348,338,302,221,306,0.6,0.8,7.9594000000000005,2.334722
Preston 011,E02005263,E,6123,386,345,253,350,0.0,0.2,13.299800000000001,3.0289740000000003
Preston 012,E02005264,E,10816,683,610,447,619,0.2,0.4,20.454,3.9590200000000006
Preston 013,E02005265,E,9364,591,528,387,535,0.2,0.4,17.695999999999998,3.60048
Preston 014,E02005266,E,7067,446,398,292,404,0.0,0.2,15.3522,3.295786
Preston 015,E02005267,E,5949,376,335,246,340,0.0,0.2,12.926400000000001,2.9804320000000004
Preston 016,E02005268,E,8003,505,451,331,458,0.0,0.2,17.394800000000004,3.561324000000001
Preston 017,E02005269,E,8539,539,482,353,488,0.0,0.2,18.5554,3.7122019999999996
Purbeck 001,E02004263,E,3919,544,549,448,770,0.6,0.8,15.169699999999999,3.272061
Purbeck 002,E02004264,E,5497,763,770,628,1079,0.6,0.8,21.2641,4.064333
Purbeck 003,E02004265,E,5692,791,797,650,1117,0.4,0.6,23.7816,4.391608000000001
Purbeck 004,E02004266,E,5778,802,809,660,1134,0.4,0.6,24.1414,4.438382
Purbeck 005,E02004267,E,3468,481,485,396,680,0.4,0.6,14.4784,3.182192
Purbeck 006,E02004268,E,6613,918,925,755,1297,0.6,0.8,25.5619,4.623047000000001
Reading 001,E02003389,E,6909,382,333,259,403,0.8,1.0,9.2307,2.499991
Reading 002,E02003390,E,6749,373,325,253,394,0.8,1.0,9.0197,2.4725610000000002
Reading 003,E02003391,E,7310,404,352,274,427,0.8,1.0,9.772,2.57036
Reading 004,E02003392,E,7210,398,347,270,421,0.4,0.6,11.019000000000002,2.73247
Reading 005,E02003393,E,6954,384,335,261,406,0.8,1.0,9.2952,2.508376
Reading 006,E02003394,E,6693,370,323,251,391,0.2,0.4,12.1975,2.885675
Reading 007,E02003395,E,8393,464,405,315,490,0.4,0.6,12.835899999999999,2.968667
Reading 008,E02003396,E,8177,452,394,306,477,0.4,0.6,12.4931,2.924103
Reading 009,E02003397,E,6612,365,319,248,386,0.2,0.4,12.044999999999998,2.86585
Reading 010,E02003398,E,9338,516,450,350,545,0.4,0.6,14.273399999999999,3.1555419999999996
Reading 011,E02003399,E,10509,581,507,394,614,0.2,0.4,19.1515,3.789695
Reading 012,E02003400,E,7515,415,362,282,438,0.6,0.8,10.7605,2.698865
Reading 013,E02003401,E,7378,407,356,276,431,0.4,0.6,11.279399999999999,2.7663219999999997
Reading 014,E02003402,E,8474,468,408,318,495,0.4,0.6,12.958200000000001,2.984566
Reading 015,E02003403,E,7594,419,366,284,443,0.2,0.4,13.822,3.09686
Reading 016,E02003404,E,7002,387,338,262,409,0.2,0.4,12.756,2.9582800000000002
Reading 017,E02003405,E,8818,487,425,330,515,0.0,0.2,18.3408,3.684304
Reading 018,E02003406,E,6623,366,319,248,386,0.2,0.4,12.0535,2.866955
Redbridge 001,E02000751,E,9759,580,489,383,563,0.8,1.0,13.1737,3.012581
Redbridge 002,E02000752,E,6381,379,320,250,369,0.2,0.4,11.7855,2.832115
Redbridge 003,E02000753,E,5746,342,288,225,332,0.2,0.4,10.61,2.6793
Redbridge 004,E02000754,E,6030,358,302,236,348,0.6,0.8,8.741,2.43633
Redbridge 005,E02000755,E,4885,290,245,192,282,0.4,0.6,7.5615000000000006,2.282995
Redbridge 006,E02000756,E,11824,703,593,464,683,0.4,0.6,18.3052,3.6796759999999997
Redbridge 007,E02000757,E,10783,641,541,423,623,0.8,1.0,14.5669,3.1936970000000002
Redbridge 008,E02000758,E,5574,331,280,219,322,0.4,0.6,8.632200000000001,2.422186
Redbridge 009,E02000759,E,11276,670,566,442,651,0.4,0.6,17.4508,3.5686040000000006
Redbridge 010,E02000760,E,6514,387,327,255,376,0.2,0.4,12.023,2.86299
Redbridge 012,E02000762,E,5890,350,295,231,340,0.8,1.0,7.952,2.33376
Redbridge 013,E02000763,E,6486,385,325,254,375,0.4,0.6,10.0398,2.605174
Redbridge 014,E02000764,E,11109,660,557,436,641,0.6,0.8,16.1117,3.394521
Redbridge 015,E02000765,E,5916,352,297,232,342,0.6,0.8,8.588799999999999,2.416544
Redbridge 017,E02000767,E,7130,424,358,280,412,0.4,0.6,11.043,2.73559
Redbridge 018,E02000768,E,5299,315,266,208,307,0.8,1.0,7.168699999999999,2.231931
Redbridge 019,E02000769,E,13348,793,669,523,771,0.4,0.6,20.6564,3.9853320000000005
Redbridge 020,E02000770,E,7080,421,355,278,409,0.4,0.6,10.962,2.72506
Redbridge 022,E02000772,E,7439,442,373,292,430,0.4,0.6,11.5197,2.797561
Redbridge 023,E02000773,E,8610,512,432,338,497,0.4,0.6,13.327,3.0325100000000003
Redbridge 024,E02000774,E,6757,402,339,265,391,0.2,0.4,12.4875,2.923375
Redbridge 026,E02000776,E,5965,355,299,234,344,0.4,0.6,9.2275,2.499575
Redbridge 027,E02000777,E,5508,327,276,216,318,0.4,0.6,8.522400000000001,2.4079120000000005
Redbridge 029,E02000779,E,7257,431,364,285,419,0.2,0.4,13.4005,3.042065
Redbridge 030,E02000780,E,13729,816,689,538,793,0.2,0.4,25.3505,4.595565000000001
Redbridge 031,E02000781,E,12800,761,642,502,739,0.4,0.6,19.810000000000002,3.8753
Redbridge 032,E02000782,E,8697,517,436,341,502,0.2,0.4,16.0545,3.387085
Redbridge 033,E02000783,E,6792,404,341,266,393,0.2,0.4,12.55,2.9315
Redbridge 034,E02006800,E,12238,727,614,480,707,0.4,0.6,18.9454,3.7629020000000004
Redbridge 035,E02006924,E,11966,711,600,469,692,0.4,0.6,18.5298,3.7088740000000007
Redbridge 036,E02006925,E,12397,737,622,486,716,0.6,0.8,17.987099999999998,3.6383229999999998
Redcar and Cleveland 001,E02002515,E,5084,515,508,406,620,0.0,0.2,18.447400000000002,3.698162
Redcar and Cleveland 002,E02002516,E,4279,433,428,342,523,0.0,0.2,15.5424,3.320512
Redcar and Cleveland 003,E02002517,E,4017,407,401,321,491,0.0,0.2,14.589199999999998,3.1965959999999995
Redcar and Cleveland 004,E02002518,E,8004,810,800,639,977,0.6,0.8,21.1632,4.051216
Redcar and Cleveland 005,E02002519,E,5259,532,525,420,642,0.0,0.2,19.0844,3.780972
Redcar and Cleveland 006,E02002520,E,9834,996,983,786,1200,0.4,0.6,27.9902,4.938726
Redcar and Cleveland 007,E02002521,E,4448,450,444,355,543,0.2,0.4,14.351,3.16563
Redcar and Cleveland 009,E02002523,E,4862,492,486,388,594,0.0,0.2,17.6512,3.5946559999999996
Redcar and Cleveland 010,E02002524,E,4027,408,402,322,491,0.2,0.4,12.991499999999998,2.988895
Redcar and Cleveland 011,E02002525,E,6237,631,623,498,762,0.0,0.2,22.642200000000003,4.243486000000001
Redcar and Cleveland 012,E02002526,E,5566,563,556,445,679,0.2,0.4,17.959,3.63467
Redcar and Cleveland 013,E02002527,E,3864,391,386,309,472,0.0,0.2,14.0304,3.123952
Redcar and Cleveland 015,E02002529,E,4281,433,428,342,523,0.2,0.4,13.8215,3.096795
Redcar and Cleveland 016,E02002530,E,4865,493,486,389,594,0.0,0.2,17.665,3.59645
Redcar and Cleveland 018,E02002532,E,4673,473,467,373,571,0.0,0.2,16.9668,3.5056839999999996
Redcar and Cleveland 019,E02002533,E,4298,435,429,343,525,0.8,1.0,10.5074,2.6659620000000004
Redcar and Cleveland 020,E02002534,E,4298,435,429,343,525,0.8,1.0,10.5074,2.6659620000000004
Redcar and Cleveland 021,E02006812,E,5488,556,548,438,670,0.2,0.4,17.71,3.6023000000000005
Redcar and Cleveland 022,E02006910,E,7516,761,751,601,918,0.0,0.2,27.2926,4.848038
Redditch 001,E02006721,E,4501,322,296,243,415,0.6,0.8,8.9583,2.464579
Redditch 002,E02006722,E,4328,310,285,234,399,0.0,0.2,11.997800000000002,2.8597140000000003
Redditch 003,E02006723,E,6532,467,430,353,603,0.0,0.2,18.1112,3.6544560000000006
Redditch 004,E02006724,E,5424,388,357,293,501,0.0,0.2,15.0424,3.2555120000000004
Redditch 005,E02006725,E,4465,319,294,241,412,0.2,0.4,10.996500000000001,2.7295450000000003
Redditch 006,E02006726,E,5054,362,333,273,467,0.4,0.6,10.8142,2.705846
Redditch 007,E02006727,E,4795,343,316,259,443,0.6,0.8,9.5565,2.542345
Redditch 008,E02006728,E,5568,398,367,301,514,0.8,1.0,10.3594,2.6467220000000005
Redditch 009,E02006729,E,5744,411,378,310,530,0.4,0.6,12.2772,2.8960360000000005
Redditch 010,E02006730,E,4878,349,322,264,450,0.0,0.2,13.529800000000002,3.0588740000000003
Redditch 011,E02006731,E,4597,329,303,248,424,0.2,0.4,11.3215,2.771795
Redditch 012,E02006732,E,5750,411,379,311,532,0.6,0.8,11.469999999999999,2.7911
Redditch 013,E02006733,E,4772,341,314,258,440,0.6,0.8,9.499600000000001,2.534948
Reigate and Banstead 001,E02006375,E,5582,419,385,297,529,0.8,1.0,10.5866,2.6762580000000002
Reigate and Banstead 002,E02006376,E,8145,611,561,434,772,0.8,1.0,15.4495,3.3084350000000002
Reigate and Banstead 003,E02006377,E,5190,390,358,276,492,0.8,1.0,9.844999999999999,2.57985
Reigate and Banstead 004,E02006378,E,7891,592,544,420,747,0.6,0.8,16.0443,3.385759
Reigate and Banstead 005,E02006379,E,5210,391,359,278,494,0.2,0.4,13.088000000000001,3.0014400000000006
Reigate and Banstead 006,E02006380,E,6370,478,439,339,603,0.8,1.0,12.073,2.86949
Reigate and Banstead 007,E02006381,E,6161,463,425,328,584,0.8,1.0,11.6883,2.8194790000000003
Reigate and Banstead 008,E02006382,E,5837,438,402,311,553,0.4,0.6,12.737100000000002,2.9558230000000005
Reigate and Banstead 009,E02006383,E,8435,633,581,449,799,0.8,1.0,15.9925,3.3790250000000004
Reigate and Banstead 010,E02006384,E,8990,675,620,479,852,0.6,0.8,18.294,3.6782200000000005
Reigate and Banstead 011,E02006385,E,8921,670,615,475,845,0.8,1.0,16.9163,3.4991190000000003
Reigate and Banstead 012,E02006386,E,7029,528,484,374,666,0.8,1.0,13.3287,3.032731
Reigate and Banstead 013,E02006387,E,5749,431,396,306,545,0.6,0.8,11.695699999999999,2.8204409999999998
Reigate and Banstead 014,E02006388,E,7918,595,546,422,750,0.6,0.8,16.1094,3.394222
Reigate and Banstead 015,E02006389,E,6081,457,419,324,576,0.4,0.6,13.270299999999999,3.0251390000000002
Reigate and Banstead 016,E02006390,E,7023,527,484,374,666,0.6,0.8,14.2929,3.158077
Reigate and Banstead 017,E02006391,E,5298,398,365,282,502,0.8,1.0,10.0474,2.6061620000000003
Reigate and Banstead 018,E02006392,E,7420,557,511,395,703,0.4,0.6,16.19,3.4047
Ribble Valley 001,E02005270,E,5899,688,641,496,835,0.6,0.8,17.374699999999997,3.5587109999999997
Ribble Valley 002,E02005271,E,6013,701,653,505,852,0.8,1.0,16.408900000000003,3.4331570000000005
Ribble Valley 003,E02005272,E,5761,672,626,484,816,0.4,0.6,18.2723,3.6753990000000005
Ribble Valley 004,E02005273,E,4586,535,498,386,650,0.8,1.0,12.521799999999999,2.927834
Ribble Valley 005,E02005274,E,5284,616,574,444,749,0.8,1.0,14.424199999999999,3.175146
Ribble Valley 006,E02005275,E,4299,501,467,361,609,0.6,0.8,12.663699999999999,2.946281
Ribble Valley 007,E02005276,E,6588,768,715,554,934,0.8,1.0,17.9864,3.6382320000000004
Ribble Valley 008,E02005277,E,7125,831,774,599,1010,0.8,1.0,19.4525,3.828825
Richmond upon Thames 001,E02000784,E,8823,699,612,452,740,0.8,1.0,15.668899999999999,3.336957
Richmond upon Thames 002,E02000785,E,8306,658,576,425,696,0.8,1.0,14.7408,3.216304
Richmond upon Thames 003,E02000786,E,9354,741,648,479,784,0.8,1.0,16.6032,3.4584160000000006
Richmond upon Thames 004,E02000787,E,9223,731,639,472,773,0.6,0.8,17.6479,3.594227
Richmond upon Thames 005,E02000788,E,7446,590,516,381,625,0.8,1.0,13.2258,3.019354
Richmond upon Thames 006,E02000789,E,5308,420,368,272,445,0.8,1.0,9.4234,2.525042
Richmond upon Thames 007,E02000790,E,5303,420,368,272,445,0.8,1.0,9.4219,2.5248470000000003
Richmond upon Thames 008,E02000791,E,5257,416,364,269,441,0.8,1.0,9.3331,2.513303
Richmond upon Thames 009,E02000792,E,5988,474,415,306,502,0.8,1.0,10.6264,2.681432
Richmond upon Thames 010,E02000793,E,6958,551,482,356,583,0.6,0.8,13.3104,3.030352
Richmond upon Thames 011,E02000794,E,5661,449,392,290,475,0.8,1.0,10.055299999999999,2.607189
Richmond upon Thames 012,E02000795,E,5909,468,410,302,495,0.8,1.0,10.483699999999999,2.662881
Richmond upon Thames 013,E02000796,E,8835,700,612,452,741,0.4,0.6,18.1025,3.6533249999999997
Richmond upon Thames 014,E02000797,E,5978,474,414,306,502,0.8,1.0,10.6214,2.6807819999999998
Richmond upon Thames 015,E02000798,E,9018,714,625,462,757,0.8,1.0,16.020400000000002,3.382652
Richmond upon Thames 016,E02000799,E,5496,435,381,281,461,0.8,1.0,9.7568,2.568384
Richmond upon Thames 017,E02000800,E,4439,352,308,227,372,0.4,0.6,9.093700000000002,2.4821810000000006
Richmond upon Thames 018,E02000801,E,5661,448,392,290,475,0.8,1.0,10.0533,2.606929
Richmond upon Thames 019,E02000802,E,5778,458,401,296,485,0.8,1.0,10.2664,2.6346320000000003
Richmond upon Thames 020,E02000803,E,8040,637,557,412,674,0.4,0.6,16.474000000000004,3.4416200000000003
Richmond upon Thames 021,E02000804,E,6087,482,422,312,511,0.8,1.0,10.815100000000001,2.705963
Richmond upon Thames 022,E02000805,E,8756,694,607,448,735,0.8,1.0,15.553799999999999,3.321994
Richmond upon Thames 023,E02000806,E,8551,678,593,438,717,0.8,1.0,15.1843,3.273959
Richmondshire 001,E02005782,E,5264,635,599,458,705,0.6,0.8,15.2902,3.287726
Richmondshire 002,E02005783,E,5845,705,665,508,783,0.6,0.8,16.9765,3.506945
Richmondshire 003,E02005784,E,4327,522,493,376,580,0.8,1.0,11.5881,2.8064530000000003
Richmondshire 004,E02005785,E,10615,1281,1209,923,1422,0.6,0.8,30.8395,5.309135
Richmondshire 005,E02005786,E,4248,512,484,369,569,0.6,0.8,12.3384,2.903992
Richmondshire 006,E02005787,E,5801,700,660,504,778,0.6,0.8,16.8583,3.4915789999999998
Rochdale 001,E02001132,E,5933,410,356,278,407,0.2,0.4,12.4505,2.918565
Rochdale 002,E02001133,E,5668,392,340,266,389,0.4,0.6,10.1084,2.6140920000000003
Rochdale 003,E02001134,E,5757,398,346,270,395,0.4,0.6,10.267100000000001,2.634723
Rochdale 004,E02001135,E,6982,483,419,328,479,0.0,0.2,16.7432,3.476616
Rochdale 005,E02001136,E,8435,583,506,396,578,0.2,0.4,17.6985,3.6008050000000003
Rochdale 006,E02001137,E,5689,393,341,267,390,0.6,0.8,9.4817,2.532621
Rochdale 007,E02001138,E,8212,568,493,385,563,0.6,0.8,13.689599999999999,3.0796479999999997
Rochdale 008,E02001139,E,8497,588,510,399,582,0.0,0.2,20.3652,3.947476
Rochdale 009,E02001140,E,6944,480,417,326,476,0.0,0.2,16.6454,3.463902
Rochdale 010,E02001141,E,11419,790,685,536,783,0.0,0.2,27.3744,4.858672
Rochdale 011,E02001142,E,5439,376,326,255,373,0.6,0.8,9.0657,2.478541
Rochdale 012,E02001143,E,9763,675,586,458,669,0.0,0.2,23.3968,4.341584
Rochdale 013,E02001144,E,5632,389,338,264,386,0.2,0.4,11.815,2.83595
Rochdale 014,E02001145,E,6525,451,392,306,448,0.4,0.6,11.639500000000002,2.8131350000000004
Rochdale 015,E02001146,E,8382,580,503,393,575,0.0,0.2,20.0952,3.912376
Rochdale 016,E02001147,E,8304,574,498,390,569,0.0,0.2,19.9004,3.8870520000000006
Rochdale 017,E02001148,E,9194,636,552,431,630,0.0,0.2,22.0334,4.164342
Rochdale 018,E02001149,E,8886,615,534,417,610,0.0,0.2,21.315600000000003,4.071028000000001
Rochdale 019,E02001150,E,7795,539,468,366,535,0.0,0.2,18.694,3.73022
Rochdale 020,E02001151,E,8641,598,519,405,592,0.4,0.6,15.398299999999999,3.301779
Rochdale 021,E02001152,E,8350,577,501,392,572,0.0,0.2,20.008000000000003,3.90104
Rochdale 022,E02001153,E,9178,635,551,431,629,0.0,0.2,22.001800000000003,4.160234000000001
Rochdale 023,E02001154,E,9387,649,563,440,644,0.2,0.4,19.700499999999998,3.861065
Rochdale 024,E02001155,E,6394,442,384,300,438,0.0,0.2,15.3224,3.291912
Rochdale 025,E02001156,E,8921,617,535,418,612,0.4,0.6,15.9023,3.367299
Rochford 001,E02004563,E,5482,509,486,391,637,0.6,0.8,13.5686,3.063918
Rochford 002,E02004564,E,6694,621,593,478,779,0.8,1.0,15.395199999999999,3.3013760000000003
Rochford 003,E02004565,E,12495,1159,1107,892,1453,0.8,1.0,28.7235,5.034055
Rochford 004,E02004566,E,4811,446,426,343,559,0.2,0.4,14.5565,3.192345
Rochford 005,E02004567,E,6847,635,606,489,796,0.8,1.0,15.7371,3.345823
Rochford 006,E02004568,E,7177,666,636,512,834,0.8,1.0,16.4911,3.443843
Rochford 007,E02004569,E,6133,569,543,438,713,0.4,0.6,16.3339,3.423407
Rochford 008,E02004570,E,7293,677,646,521,848,0.8,1.0,16.7669,3.479697
Rochford 009,E02004571,E,6634,616,588,474,772,0.8,1.0,15.2602,3.2838260000000004
Rochford 010,E02004572,E,6398,593,567,457,744,0.6,0.8,15.8424,3.3595120000000005
Rossendale 001,E02005278,E,6756,576,489,364,579,0.6,0.8,13.3238,3.032094
Rossendale 002,E02005279,E,8993,767,650,484,771,0.2,0.4,22.0375,4.164875
Rossendale 003,E02005280,E,8854,755,640,477,759,0.0,0.2,24.7344,4.515472
Rossendale 004,E02005281,E,7229,617,523,389,620,0.2,0.4,17.7205,3.6036650000000003
Rossendale 007,E02005284,E,5086,434,368,274,436,0.6,0.8,10.0318,2.604134
Rossendale 008,E02005285,E,5487,468,397,296,470,0.6,0.8,10.8201,2.706613
Rossendale 009,E02005286,E,6571,561,475,354,563,0.2,0.4,16.1025,3.393325
Rossendale 010,E02006884,E,10584,903,766,570,907,0.0,0.2,29.5694,5.1440220000000005
Rother 001,E02004392,E,6621,1000,1013,833,1498,0.6,0.8,28.681299999999997,5.028569
Rother 002,E02004393,E,4373,660,669,550,989,0.2,0.4,22.5605,4.232865
Rother 003,E02004394,E,5585,843,854,703,1264,0.4,0.6,26.1635,4.701255
Rother 004,E02004395,E,5412,817,827,681,1225,0.2,0.4,27.932000000000002,4.93116
Rother 005,E02004396,E,6181,933,945,778,1398,0.4,0.6,28.944300000000002,5.062759000000001
Rother 006,E02004397,E,5706,862,873,718,1291,0.4,0.6,26.727800000000002,4.774614000000001
Rother 007,E02004398,E,6233,941,953,784,1410,0.0,0.2,35.6178,5.930314
Rother 008,E02004399,E,5534,836,846,696,1252,0.4,0.6,25.916200000000003,4.669106
Rother 009,E02004400,E,7301,1102,1116,919,1652,0.6,0.8,31.6253,5.411289
Rother 010,E02004401,E,5474,827,837,689,1239,0.6,0.8,23.7182,4.383366
Rother 011,E02004402,E,6214,938,950,782,1407,0.2,0.4,32.079,5.47027
Rotherham 001,E02001578,E,7939,642,587,477,728,0.2,0.4,20.3185,3.9414050000000005
Rotherham 002,E02001579,E,7722,625,571,464,707,0.2,0.4,19.752000000000002,3.8677600000000005
Rotherham 003,E02001580,E,6932,561,513,417,635,0.2,0.4,17.740000000000002,3.6062000000000003
Rotherham 004,E02001581,E,4912,397,363,295,450,0.0,0.2,14.212200000000001,3.1475860000000004
Rotherham 005,E02001582,E,6053,490,448,364,555,0.2,0.4,15.496500000000001,3.314545
Rotherham 006,E02001583,E,4754,385,351,286,436,0.2,0.4,12.170000000000002,2.8821000000000003
Rotherham 007,E02001584,E,5962,482,441,358,546,0.6,0.8,12.3126,2.900638
Rotherham 008,E02001585,E,5255,425,389,316,481,0.0,0.2,15.207,3.27691
Rotherham 009,E02001586,E,6820,552,504,410,625,0.0,0.2,19.742,3.86646
Rotherham 010,E02001587,E,4887,395,361,294,448,0.0,0.2,14.1462,3.139006
Rotherham 011,E02001588,E,5999,486,444,361,550,0.0,0.2,17.376400000000004,3.5589320000000004
Rotherham 012,E02001589,E,6857,555,507,412,628,0.6,0.8,14.1631,3.141203
Rotherham 013,E02001590,E,6285,509,465,378,576,0.0,0.2,18.199,3.66587
Rotherham 014,E02001591,E,6962,563,515,418,637,0.0,0.2,20.1372,3.9178360000000003
Rotherham 015,E02001592,E,7465,604,552,449,684,0.2,0.4,19.1035,3.783455
Rotherham 016,E02001593,E,5954,482,440,358,546,0.0,0.2,17.2404,3.541252
Rotherham 017,E02001594,E,5773,467,427,347,529,0.0,0.2,16.7108,3.472404
Rotherham 018,E02001595,E,7353,595,544,442,673,0.4,0.6,16.2999,3.4189870000000004
Rotherham 019,E02001596,E,7259,587,537,436,665,0.4,0.6,16.0957,3.392441
Rotherham 020,E02001597,E,7993,647,591,480,732,0.0,0.2,23.129800000000003,4.3068740000000005
Rotherham 021,E02001598,E,8080,654,597,486,740,0.2,0.4,20.672000000000004,3.9873600000000007
Rotherham 022,E02001599,E,5252,425,388,316,481,0.6,0.8,10.848600000000001,2.710318
Rotherham 023,E02001600,E,9041,732,669,543,828,0.4,0.6,20.046300000000002,3.9060190000000006
Rotherham 024,E02001601,E,4230,342,313,254,387,0.4,0.6,9.373000000000001,2.5184900000000003
Rotherham 025,E02001602,E,7515,608,556,452,688,0.4,0.6,16.6625,3.466125
Rotherham 026,E02001603,E,5523,447,408,332,506,0.0,0.2,15.9848,3.378024
Rotherham 027,E02001604,E,7194,582,532,432,659,0.4,0.6,15.950200000000002,3.373526
Rotherham 028,E02001605,E,6071,491,449,365,556,0.2,0.4,15.531500000000001,3.319095
Rotherham 029,E02001606,E,6720,544,497,404,616,0.2,0.4,17.2,3.5359999999999996
Rotherham 030,E02001607,E,7392,598,547,444,677,0.2,0.4,18.910000000000004,3.7583
Rotherham 031,E02001608,E,5765,467,426,347,529,0.4,0.6,12.7975,2.9636750000000003
Rotherham 032,E02001609,E,7021,568,519,422,643,0.4,0.6,15.566300000000002,3.3236190000000008
Rotherham 033,E02001610,E,6914,560,511,416,633,0.6,0.8,14.2812,3.156556
Rugby 001,E02006492,E,10459,748,699,521,958,0.6,0.8,20.5727,3.974451
Rugby 002,E02006493,E,8522,610,570,425,781,0.6,0.8,16.772599999999997,3.4804379999999995
Rugby 003,E02006494,E,6362,455,425,317,583,0.2,0.4,15.461,3.3099300000000005
Rugby 004,E02006495,E,7238,518,484,361,663,0.6,0.8,14.241399999999999,3.151382
Rugby 005,E02006496,E,6536,467,437,326,598,0.4,0.6,13.7748,3.0907240000000002
Rugby 006,E02006497,E,7308,523,489,364,670,0.4,0.6,15.418400000000002,3.304392
Rugby 007,E02006498,E,10666,763,713,532,978,0.6,0.8,20.9958,4.029454
Rugby 008,E02006499,E,5570,399,372,278,510,0.8,1.0,10.213,2.6276900000000003
Rugby 009,E02006500,E,5525,395,369,275,506,0.6,0.8,10.8645,2.7123850000000003
Rugby 010,E02006501,E,8501,608,568,424,779,0.6,0.8,16.7273,3.4745489999999997
Rugby 011,E02006502,E,10174,728,680,507,932,0.6,0.8,20.0152,3.9019760000000003
Rugby 012,E02006503,E,7403,530,495,369,678,0.8,1.0,13.573899999999998,3.0646069999999996
Runnymede 001,E02006393,E,5888,376,345,268,474,0.6,0.8,10.4524,2.658812
Runnymede 002,E02006394,E,9784,625,574,445,786,0.6,0.8,17.3522,3.5557860000000003
Runnymede 003,E02006395,E,8411,537,493,383,676,0.6,0.8,14.920300000000001,3.2396390000000004
Runnymede 004,E02006396,E,5318,340,312,242,427,0.6,0.8,9.4304,2.525952
Runnymede 005,E02006397,E,5478,350,321,249,440,0.8,1.0,9.0704,2.479152
Runnymede 006,E02006398,E,6985,446,410,318,562,0.6,0.8,12.3995,2.911935
Runnymede 007,E02006399,E,9825,627,576,447,790,0.6,0.8,17.430500000000002,3.5659650000000003
Runnymede 008,E02006400,E,5230,334,307,238,420,0.6,0.8,9.274999999999999,2.50575
Runnymede 009,E02006401,E,8493,542,498,386,682,0.6,0.8,15.055900000000001,3.2572670000000006
Runnymede 010,E02006402,E,8844,565,519,402,711,0.8,1.0,14.6522,3.2047860000000004
Rushcliffe 001,E02005906,E,6486,512,494,404,713,0.8,1.0,13.8208,3.096704
Rushcliffe 002,E02005907,E,8417,665,641,524,926,0.8,1.0,17.9431,3.6326030000000005
Rushcliffe 003,E02005908,E,8185,646,623,509,901,0.8,1.0,17.4495,3.568435
Rushcliffe 004,E02005909,E,7550,596,575,470,831,0.8,1.0,16.098,3.39274
Rushcliffe 005,E02005910,E,8288,654,631,516,912,0.8,1.0,17.6684,3.5968919999999995
Rushcliffe 006,E02005911,E,7902,624,601,492,870,0.8,1.0,16.8506,3.490578
Rushcliffe 007,E02005912,E,8153,644,621,508,897,0.8,1.0,17.3829,3.5597770000000004
Rushcliffe 008,E02005913,E,6292,497,479,392,693,0.8,1.0,13.4226,3.044938
Rushcliffe 009,E02005914,E,6638,524,505,413,731,0.6,0.8,15.1654,3.271502
Rushcliffe 010,E02005915,E,5260,415,400,327,579,0.8,1.0,11.212,2.75756
Rushcliffe 011,E02005916,E,6651,525,506,414,732,0.8,1.0,14.1793,3.1433090000000004
Rushcliffe 012,E02005917,E,5291,418,403,329,582,0.8,1.0,11.276299999999999,2.7659190000000002
Rushcliffe 013,E02005918,E,4698,371,358,292,517,0.8,1.0,10.014399999999998,2.601872
Rushcliffe 014,E02005919,E,5880,464,448,366,647,0.8,1.0,12.535,2.92955
Rushcliffe 015,E02005920,E,6743,532,513,420,742,0.8,1.0,14.3749,3.168737
Rushmoor 001,E02004802,E,5340,371,340,256,417,0.4,0.6,10.244,2.63172
Rushmoor 002,E02004803,E,5881,408,375,282,459,0.2,0.4,13.1465,3.009045
Rushmoor 003,E02004804,E,5620,390,358,270,438,0.8,1.0,9.35,2.5155000000000003
Rushmoor 004,E02004805,E,6434,447,410,309,502,0.8,1.0,10.7112,2.692456
Rushmoor 005,E02004806,E,6367,442,405,306,496,0.8,1.0,10.5901,2.6767130000000003
Rushmoor 006,E02004807,E,7051,490,449,339,550,0.6,0.8,12.6363,2.9427190000000003
Rushmoor 007,E02004808,E,8088,561,515,388,631,0.6,0.8,14.4894,3.183622
Rushmoor 008,E02004809,E,6866,477,437,330,536,0.2,0.4,15.354000000000001,3.2960200000000004
Rushmoor 009,E02004810,E,5872,408,374,282,458,0.6,0.8,10.5216,2.667808
Rushmoor 010,E02004811,E,5802,403,369,279,452,0.4,0.6,11.1206,2.745678
Rushmoor 011,E02004812,E,5045,350,321,242,394,0.8,1.0,8.3995,2.391935
Rushmoor 012,E02004813,E,4707,327,300,226,368,0.2,0.4,10.532499999999999,2.669225
Rutland 001,E02002863,E,6446,716,682,554,978,0.6,0.8,19.6218,3.850834
Rutland 002,E02002864,E,4828,536,511,415,732,0.8,1.0,13.6694,3.0770220000000004
Rutland 003,E02002865,E,6520,724,690,560,989,0.8,1.0,18.463,3.70019
Rutland 004,E02002866,E,6093,677,645,523,925,0.8,1.0,17.261899999999997,3.544047
Rutland 005,E02002867,E,6945,771,735,597,1054,0.8,1.0,19.674500000000002,3.857685
Ryedale 001,E02005788,E,5014,638,606,477,786,0.4,0.6,17.4982,3.5747660000000003
Ryedale 002,E02005789,E,7904,1005,955,752,1239,0.6,0.8,25.5902,4.626726
Ryedale 003,E02005790,E,5410,688,654,515,848,0.4,0.6,18.881,3.75453
Ryedale 004,E02005791,E,5241,666,633,499,821,0.4,0.6,18.2823,3.676699
Ryedale 007,E02005794,E,7364,936,890,701,1155,0.6,0.8,23.8512,4.400656
Ryedale 008,E02006870,E,9616,1223,1162,916,1508,0.4,0.6,33.5708,5.664204
Salford 001,E02001157,E,7586,412,365,272,385,0.0,0.2,14.9606,3.244878
Salford 002,E02001158,E,6214,338,299,223,316,0.0,0.2,12.266399999999999,2.8946319999999996
Salford 003,E02001159,E,5981,325,287,215,304,0.0,0.2,11.8016,2.8342080000000003
Salford 004,E02001160,E,6499,353,312,233,330,0.0,0.2,12.8154,2.9660020000000005
Salford 005,E02001161,E,6122,333,294,220,311,0.2,0.4,10.508,2.6660399999999997
Salford 006,E02001162,E,6080,330,292,218,308,0.2,0.4,10.42,2.6546000000000003
Salford 007,E02001163,E,9745,530,468,350,495,0.2,0.4,16.724500000000003,3.4741850000000003
Salford 008,E02001164,E,7446,405,358,267,378,0.0,0.2,14.6876,3.209388
Salford 009,E02001165,E,6436,350,309,231,327,0.2,0.4,11.045,2.73585
Salford 010,E02001166,E,7325,398,352,263,372,0.2,0.4,12.5695,2.9340349999999997
Salford 011,E02001167,E,6653,361,320,239,337,0.0,0.2,13.113800000000001,3.0047940000000004
Salford 012,E02001168,E,9846,535,473,354,500,0.0,0.2,19.425600000000003,3.8253280000000007
Salford 013,E02001169,E,11041,600,531,396,561,0.8,1.0,13.7253,3.084289
Salford 014,E02001170,E,10148,551,488,364,515,0.8,1.0,12.607400000000002,2.938962
Salford 015,E02001171,E,5857,318,281,210,298,0.6,0.8,7.8451,2.3198630000000002
Salford 016,E02001172,E,12504,679,601,449,635,0.0,0.2,24.6654,4.506502
Salford 017,E02001173,E,8755,476,421,314,445,0.0,0.2,17.276,3.5458800000000004
Salford 018,E02001174,E,5905,321,284,212,300,0.4,0.6,8.4215,2.3947950000000002
Salford 019,E02001175,E,7263,395,349,261,369,0.0,0.2,14.332799999999999,3.163264
Salford 020,E02001176,E,11442,622,550,411,581,0.2,0.4,19.636,3.8526800000000003
Salford 021,E02001177,E,12203,663,586,438,620,0.0,0.2,24.0728,4.429464
Salford 022,E02001178,E,11156,606,536,401,567,0.0,0.2,22.0146,4.161898000000001
Salford 023,E02001179,E,6072,330,292,218,308,0.0,0.2,11.975200000000001,2.856776
Salford 024,E02001180,E,6154,334,296,221,312,0.0,0.2,12.1334,2.877342
Salford 025,E02001181,E,5958,324,286,214,302,0.0,0.2,11.7468,2.827084
Salford 026,E02001182,E,6284,341,302,226,319,0.0,0.2,12.395400000000002,2.9114020000000007
Salford 027,E02001183,E,6328,344,304,227,321,0.0,0.2,12.4778,2.922114
Salford 028,E02001184,E,10889,592,523,391,553,0.0,0.2,21.4814,4.092582
Salford 029,E02001185,E,10579,575,508,380,537,0.2,0.4,18.1505,3.6595650000000006
Salford 030,E02001186,E,10429,567,501,375,530,0.2,0.4,17.9045,3.627585
Sandwell 001,E02002043,E,8050,515,439,320,463,0.0,0.2,17.396,3.5614800000000004
Sandwell 002,E02002044,E,7118,455,388,283,410,0.2,0.4,13.377,3.03901
Sandwell 003,E02002045,E,7359,471,402,292,424,0.2,0.4,13.8325,3.0982250000000002
Sandwell 004,E02002046,E,5340,341,291,212,307,0.0,0.2,11.532,2.79916
Sandwell 005,E02002047,E,6136,392,335,244,353,0.0,0.2,13.2606,3.023878
Sandwell 006,E02002048,E,6094,390,333,242,351,0.4,0.6,9.604199999999999,2.548546
Sandwell 007,E02002049,E,5631,360,307,224,324,0.2,0.4,10.5795,2.675335
Sandwell 009,E02002051,E,5237,335,286,208,301,0.0,0.2,11.3152,2.770976
Sandwell 010,E02002052,E,10108,646,552,401,581,0.0,0.2,21.8338,4.138394
Sandwell 011,E02002053,E,5670,363,309,225,326,0.2,0.4,10.647,2.6841100000000004
Sandwell 012,E02002054,E,5300,339,289,210,305,0.2,0.4,9.953,2.59389
Sandwell 013,E02002055,E,8591,549,469,341,495,0.0,0.2,18.5716,3.714308
Sandwell 014,E02002056,E,8184,523,447,325,471,0.0,0.2,17.6874,3.599362
Sandwell 015,E02002057,E,8538,546,466,339,491,0.0,0.2,18.4478,3.698214
Sandwell 016,E02002058,E,11083,709,605,440,637,0.0,0.2,23.943800000000003,4.412694
Sandwell 017,E02002059,E,9999,639,546,397,575,0.0,0.2,21.6034,4.108442
Sandwell 018,E02002060,E,5954,381,325,236,343,0.0,0.2,12.8704,2.973152
Sandwell 019,E02002061,E,5507,352,300,219,317,0.0,0.2,11.901200000000001,2.847156
Sandwell 020,E02002062,E,6802,435,371,270,391,0.0,0.2,14.693200000000001,3.210116
Sandwell 021,E02002063,E,8706,557,475,346,501,0.2,0.4,16.358,3.42654
Sandwell 022,E02002064,E,11362,726,620,451,653,0.2,0.4,21.332,4.073160000000001
Sandwell 023,E02002065,E,11530,737,629,458,663,0.0,0.2,24.91,4.5383000000000004
Sandwell 024,E02002066,E,6845,438,373,272,394,0.0,0.2,14.794,3.2232200000000004
Sandwell 025,E02002067,E,5229,334,285,208,300,0.2,0.4,9.8125,2.575625
Sandwell 026,E02002068,E,11375,727,621,451,654,0.0,0.2,24.57,4.4941
Sandwell 027,E02002069,E,6234,399,340,247,359,0.0,0.2,13.4724,3.051412
Sandwell 028,E02002070,E,8677,555,473,344,499,0.0,0.2,18.7422,3.736486
Sandwell 029,E02002071,E,6179,395,337,245,355,0.0,0.2,13.3424,3.0345120000000003
Sandwell 030,E02002072,E,7922,506,432,314,456,0.2,0.4,14.876999999999999,3.23401
Sandwell 031,E02002073,E,7168,458,391,284,412,0.0,0.2,15.477799999999998,3.3121140000000002
Sandwell 032,E02002074,E,7621,487,416,302,438,0.0,0.2,16.4576,3.439488
Sandwell 033,E02002075,E,8104,518,442,322,466,0.0,0.2,17.5084,3.576092
Sandwell 034,E02002076,E,9782,625,534,388,562,0.2,0.4,18.362000000000002,3.6870600000000007
Sandwell 035,E02002077,E,9665,618,527,384,556,0.2,0.4,18.154500000000002,3.6600850000000005
Sandwell 036,E02002078,E,5890,377,321,234,339,0.4,0.6,9.277000000000001,2.5060100000000003
Sandwell 037,E02002079,E,7580,485,414,301,436,0.2,0.4,14.239999999999998,3.1512000000000002
Sandwell 038,E02002080,E,6326,404,345,251,363,0.0,0.2,13.653599999999999,3.074968
Sandwell 039,E02006810,E,9523,609,520,378,548,0.2,0.4,17.8905,3.6257650000000003
Scarborough 001,E02005795,E,4759,644,642,514,768,0.2,0.4,19.6935,3.860155
Scarborough 002,E02005796,E,4656,630,628,502,751,0.2,0.4,19.256,3.80328
Scarborough 003,E02005797,E,4167,564,563,450,672,0.2,0.4,17.241500000000002,3.5413950000000005
Scarborough 004,E02005798,E,5761,779,777,622,930,0.4,0.6,21.2863,4.067219000000001
Scarborough 005,E02005799,E,6075,822,820,656,981,0.6,0.8,20.817500000000003,4.0062750000000005
Scarborough 006,E02005800,E,5444,736,735,587,879,0.0,0.2,25.2784,4.5861920000000005
Scarborough 007,E02005801,E,3800,514,513,410,613,0.0,0.2,17.641,3.59333
Scarborough 008,E02005802,E,5646,764,762,609,912,0.2,0.4,23.37,4.3381
Scarborough 009,E02005803,E,6138,830,828,662,991,0.2,0.4,25.397,4.60161
Scarborough 010,E02005804,E,5540,749,748,598,894,0.0,0.2,25.723,4.64399
Scarborough 011,E02005805,E,4786,647,646,516,772,0.4,0.6,17.6738,3.597594
Scarborough 012,E02005806,E,4842,655,653,522,782,0.0,0.2,22.4832,4.222816
Scarborough 013,E02005807,E,4192,567,566,452,676,0.6,0.8,14.351600000000001,3.1657080000000004
Scarborough 014,E02005808,E,7699,1041,1039,831,1242,0.2,0.4,31.8495,5.440435
Sedgemoor 001,E02006061,E,7288,783,748,592,1030,0.8,1.0,19.538400000000003,3.8399920000000005
Sedgemoor 002,E02006062,E,8718,937,895,708,1232,0.6,0.8,25.1614,4.570982
Sedgemoor 003,E02006063,E,5732,616,588,466,810,0.6,0.8,16.543599999999998,3.4506679999999994
Sedgemoor 004,E02006064,E,6394,687,656,520,903,0.4,0.6,19.8722,3.883386
Sedgemoor 005,E02006065,E,6932,745,711,563,979,0.2,0.4,24.234,4.45042
Sedgemoor 006,E02006066,E,6292,676,646,511,889,0.4,0.6,19.5576,3.8424880000000003
Sedgemoor 007,E02006067,E,5726,615,588,465,809,0.4,0.6,17.797800000000002,3.6137140000000008
Sedgemoor 008,E02006068,E,6206,667,637,504,877,0.0,0.2,24.2956,4.4584280000000005
Sedgemoor 009,E02006069,E,7982,857,819,649,1128,0.2,0.4,27.917,4.92921
Sedgemoor 010,E02006070,E,5547,596,569,451,784,0.4,0.6,17.2461,3.5419929999999997
Sedgemoor 011,E02006071,E,6938,746,712,564,981,0.6,0.8,20.0324,3.9042120000000002
Sedgemoor 012,E02006072,E,7492,805,769,609,1058,0.4,0.6,23.2836,4.326868
Sedgemoor 013,E02006073,E,5755,619,591,468,813,0.0,0.2,22.535,4.229550000000001
Sedgemoor 014,E02006074,E,6844,735,702,556,967,0.4,0.6,21.2712,4.065256
Sefton 001,E02001429,E,5012,493,507,416,646,0.4,0.6,14.7656,3.219528
Sefton 002,E02001430,E,5302,521,536,440,684,0.6,0.8,14.500599999999999,3.185078
Sefton 003,E02001431,E,5409,532,547,449,698,0.2,0.4,18.0075,3.640975
Sefton 004,E02001432,E,6234,613,631,517,804,0.0,0.2,23.2274,4.319562
Sefton 005,E02001433,E,5673,558,574,471,732,0.2,0.4,18.887500000000003,3.755375000000001
Sefton 006,E02001434,E,5351,526,542,444,691,0.4,0.6,15.7813,3.3515690000000005
Sefton 007,E02001435,E,5981,588,605,496,772,0.2,0.4,19.9105,3.8883650000000003
Sefton 008,E02001436,E,6463,635,654,536,834,0.4,0.6,19.048900000000003,3.776357000000001
Sefton 009,E02001437,E,7116,699,720,591,918,0.6,0.8,19.4658,3.8305540000000002
Sefton 010,E02001438,E,5566,547,563,462,718,0.6,0.8,15.2238,3.279094
Sefton 011,E02001439,E,4671,459,472,388,602,0.2,0.4,15.540500000000002,3.320265
Sefton 012,E02001440,E,4314,424,436,358,556,0.8,1.0,10.9202,2.719626
Sefton 013,E02001441,E,4873,479,493,404,629,0.8,1.0,12.344899999999999,2.9048369999999997
Sefton 014,E02001442,E,4370,430,442,363,564,0.6,0.8,11.957999999999998,2.85454
Sefton 015,E02001443,E,4206,413,425,349,543,0.8,1.0,10.6558,2.685254
Sefton 016,E02001444,E,4252,418,430,353,549,0.6,0.8,11.6356,2.812628
Sefton 017,E02001445,E,5211,512,527,433,673,0.6,0.8,14.2633,3.154229
Sefton 018,E02001446,E,5074,499,513,421,655,0.6,0.8,13.882200000000001,3.104686
Sefton 019,E02001447,E,4426,435,448,367,571,0.4,0.6,13.043800000000001,2.9956940000000003
Sefton 020,E02001448,E,5145,506,520,427,663,0.6,0.8,14.0635,3.1282550000000002
Sefton 021,E02001449,E,6860,674,694,569,886,0.2,0.4,22.843,4.26959
Sefton 022,E02001450,E,6077,597,615,504,785,0.8,1.0,15.402099999999999,3.3022729999999996
Sefton 023,E02001451,E,4606,453,466,382,594,0.0,0.2,17.160600000000002,3.5308780000000004
Sefton 024,E02001452,E,4916,483,497,408,634,0.0,0.2,18.3136,3.6807680000000005
Sefton 025,E02001453,E,6440,633,652,534,831,0.6,0.8,17.617,3.59021
Sefton 026,E02001454,E,5472,538,554,454,706,0.4,0.6,16.1296,3.3968480000000003
Sefton 027,E02001455,E,5342,525,541,443,690,0.4,0.6,15.7546,3.3480980000000002
Sefton 028,E02001456,E,5584,549,565,463,720,0.4,0.6,16.4512,3.438656
Sefton 029,E02001457,E,5025,494,509,417,648,0.0,0.2,18.725,3.7342500000000003
Sefton 030,E02001458,E,5691,560,576,472,735,0.2,0.4,18.953500000000002,3.763955
Sefton 031,E02001459,E,5395,530,546,448,696,0.0,0.2,20.105,3.9136500000000005
Sefton 032,E02001460,E,5587,549,565,464,722,0.0,0.2,20.834200000000003,4.008446
Sefton 033,E02001461,E,4696,462,475,390,606,0.2,0.4,15.636000000000001,3.33268
Sefton 034,E02001462,E,5587,549,565,464,722,0.0,0.2,20.834200000000003,4.008446
Sefton 035,E02001463,E,5084,500,514,422,656,0.0,0.2,18.9464,3.763032
Sefton 036,E02001464,E,5097,501,516,423,658,0.0,0.2,19.0002,3.7700259999999997
Sefton 037,E02001465,E,4748,467,480,394,613,0.0,0.2,17.6978,3.600714
Sefton 038,E02001466,E,6376,627,645,529,823,0.0,0.2,23.7646,4.389398
Selby 001,E02005809,E,6562,587,553,434,679,0.6,0.8,14.993599999999999,3.249168
Selby 002,E02005810,E,7988,715,673,529,827,0.8,1.0,16.9144,3.4988720000000004
Selby 003,E02005811,E,8231,737,693,545,852,0.8,1.0,17.426299999999998,3.5654189999999994
Selby 004,E02005812,E,8156,730,687,540,844,0.8,1.0,17.2648,3.5444240000000002
Selby 005,E02005813,E,9835,881,829,651,1019,0.2,0.4,27.661500000000004,4.895995000000001
Selby 006,E02005814,E,5799,519,489,384,601,0.6,0.8,13.264700000000001,3.024411
Selby 007,E02005815,E,7421,664,625,491,769,0.8,1.0,15.7183,3.3433789999999997
Selby 008,E02005816,E,7602,681,641,503,788,0.6,0.8,17.3896,3.5606480000000005
Selby 009,E02005817,E,6437,576,542,426,667,0.8,1.0,13.6341,3.072433
Selby 010,E02005818,E,7368,660,621,488,763,0.6,0.8,16.8474,3.4901619999999998
Sevenoaks 001,E02005087,E,5803,485,447,357,647,0.6,0.8,13.4009,3.042117
Sevenoaks 002,E02005088,E,7489,626,576,461,834,0.2,0.4,21.161500000000004,4.050995
Sevenoaks 003,E02005089,E,5210,435,401,321,581,0.6,0.8,12.033000000000001,2.8642900000000004
Sevenoaks 004,E02005090,E,4855,406,374,299,541,0.8,1.0,10.4625,2.660125
Sevenoaks 005,E02005091,E,5515,461,424,339,615,0.6,0.8,12.7325,2.955225
Sevenoaks 007,E02005093,E,5046,422,388,311,563,0.6,0.8,11.6578,2.8155140000000003
Sevenoaks 008,E02005094,E,7039,588,542,433,784,0.6,0.8,16.244699999999998,3.411811
Sevenoaks 009,E02005095,E,6175,516,475,380,688,0.8,1.0,13.3025,3.029325
Sevenoaks 010,E02005096,E,7913,661,609,487,882,0.6,0.8,18.268900000000002,3.674957
Sevenoaks 011,E02005097,E,7819,653,602,481,871,0.8,1.0,16.8417,3.489421
Sevenoaks 012,E02005098,E,8149,681,627,502,907,0.8,1.0,17.5477,3.581201
Sevenoaks 013,E02005099,E,6477,541,499,399,721,0.6,0.8,14.947099999999999,3.2431229999999998
Sevenoaks 014,E02005100,E,7412,619,571,456,826,0.4,0.6,18.3936,3.6911680000000002
Sevenoaks 015,E02005101,E,5591,467,431,344,623,0.6,0.8,12.9083,2.978079
Sevenoaks 016,E02006832,E,5132,429,395,316,572,0.6,0.8,11.8496,2.8404480000000003
Sheffield 001,E02001611,E,7074,440,386,304,475,0.2,0.4,14.229,3.14977
Sheffield 002,E02001612,E,5453,339,298,235,367,0.6,0.8,8.7179,2.4333270000000002
Sheffield 003,E02001613,E,9725,605,531,419,653,0.2,0.4,19.570500000000003,3.8441650000000003
Sheffield 004,E02001614,E,10452,650,570,450,702,0.4,0.6,17.8396,3.619148
Sheffield 005,E02001615,E,7000,436,382,301,470,0.6,0.8,11.175,2.7527500000000003
Sheffield 006,E02001616,E,6601,411,360,284,444,0.2,0.4,13.2895,3.027635
Sheffield 007,E02001617,E,5228,325,285,225,351,0.0,0.2,11.9738,2.8565940000000003
Sheffield 008,E02001618,E,9009,561,492,388,605,0.6,0.8,14.387699999999999,3.170401
Sheffield 009,E02001619,E,8772,546,479,378,589,0.0,0.2,20.1022,3.9132860000000003
Sheffield 010,E02001620,E,6117,381,334,263,410,0.0,0.2,14.0062,3.120806
Sheffield 011,E02001621,E,5095,317,278,219,342,0.0,0.2,11.669,2.8169700000000004
Sheffield 012,E02001622,E,8272,515,451,356,555,0.0,0.2,18.9452,3.7628760000000003
Sheffield 013,E02001623,E,7708,479,420,332,517,0.0,0.2,17.6478,3.594214
Sheffield 014,E02001624,E,9013,561,492,388,606,0.2,0.4,18.1455,3.6589150000000004
Sheffield 015,E02001625,E,7290,454,398,314,489,0.0,0.2,16.700000000000003,3.471
Sheffield 016,E02001626,E,5504,342,300,237,369,0.6,0.8,8.7792,2.441296
Sheffield 017,E02001627,E,5653,352,308,243,380,0.2,0.4,11.3755,2.7788150000000003
Sheffield 018,E02001628,E,5894,367,322,254,395,0.0,0.2,13.499400000000001,3.0549220000000004
Sheffield 019,E02001629,E,6043,376,330,260,406,0.0,0.2,13.847800000000001,3.1002140000000002
Sheffield 020,E02001630,E,8083,503,441,348,542,0.0,0.2,18.509800000000002,3.7062740000000005
Sheffield 021,E02001631,E,7243,451,395,312,486,0.4,0.6,12.3589,2.906657
Sheffield 022,E02001632,E,11453,713,625,493,769,0.0,0.2,26.2408,4.711304
Sheffield 023,E02001633,E,6914,430,377,298,465,0.8,1.0,10.293199999999999,2.638116
Sheffield 024,E02001634,E,8580,534,468,369,576,0.6,0.8,13.695,3.08035
Sheffield 025,E02001635,E,5617,349,306,242,377,0.2,0.4,11.2975,2.768675
Sheffield 026,E02001636,E,8936,556,488,385,600,0.0,0.2,20.4766,3.961958
Sheffield 027,E02001637,E,6449,401,352,278,433,0.0,0.2,14.776399999999999,3.220932
Sheffield 028,E02001638,E,5926,369,323,255,397,0.8,1.0,8.8038,2.444494
Sheffield 029,E02001639,E,5733,357,313,247,385,0.8,1.0,8.5299,2.408887
Sheffield 030,E02001640,E,7729,481,422,333,519,0.6,0.8,12.3427,2.904551
Sheffield 032,E02001642,E,8996,560,491,387,604,0.2,0.4,18.099,3.65287
Sheffield 033,E02001643,E,5858,365,320,252,393,0.8,1.0,8.7104,2.432352
Sheffield 036,E02001646,E,7937,494,433,342,533,0.8,1.0,11.8081,2.8350530000000003
Sheffield 037,E02001647,E,5690,354,310,245,382,0.2,0.4,11.446000000000002,2.78798
Sheffield 038,E02001648,E,8225,512,449,354,553,0.8,1.0,12.2425,2.891525
Sheffield 039,E02001649,E,8779,546,479,378,589,0.0,0.2,20.1064,3.913832
Sheffield 040,E02001650,E,8477,528,463,365,570,0.2,0.4,17.069499999999998,3.5190349999999997
Sheffield 041,E02001651,E,7593,472,414,327,510,0.8,1.0,11.294899999999998,2.768337
Sheffield 042,E02001652,E,11482,714,626,494,771,0.2,0.4,23.097,4.3026100000000005
Sheffield 043,E02001653,E,6656,414,363,286,447,0.0,0.2,15.244600000000002,3.281798
Sheffield 044,E02001654,E,5963,371,325,257,401,0.2,0.4,12.005500000000001,2.8607150000000003
Sheffield 045,E02001655,E,7126,443,389,307,478,0.0,0.2,16.320600000000002,3.421678
Sheffield 046,E02001656,E,7262,452,396,313,487,0.8,1.0,10.7966,2.703558
Sheffield 047,E02001657,E,8368,521,456,360,562,0.8,1.0,12.4464,2.918032
Sheffield 048,E02001658,E,5009,312,273,216,337,0.0,0.2,11.486400000000001,2.7932320000000006
Sheffield 049,E02001659,E,5703,355,311,245,383,0.0,0.2,13.062800000000001,2.998164
Sheffield 050,E02001660,E,9153,570,499,394,615,0.4,0.6,15.625899999999998,3.331367
Sheffield 051,E02001661,E,7310,455,399,315,491,0.0,0.2,16.753,3.4778900000000004
Sheffield 052,E02001662,E,7118,443,388,306,478,0.2,0.4,14.317999999999998,3.16134
Sheffield 053,E02001663,E,7165,446,391,308,481,0.4,0.6,12.2255,2.889315
Sheffield 054,E02001664,E,5734,357,313,247,385,0.4,0.6,9.7882,2.5724660000000004
Sheffield 055,E02001665,E,8822,549,481,380,593,0.8,1.0,13.1296,3.006848
Sheffield 056,E02001666,E,5768,359,315,248,387,0.2,0.4,11.600999999999999,2.8081300000000002
Sheffield 059,E02001669,E,7175,446,392,309,482,0.6,0.8,11.4595,2.7897350000000003
Sheffield 060,E02001670,E,5541,345,302,239,372,0.0,0.2,12.6966,2.950558
Sheffield 061,E02001671,E,5553,346,303,239,373,0.4,0.6,9.4799,2.532387
Sheffield 062,E02001672,E,5740,357,313,247,386,0.4,0.6,9.802,2.5742599999999998
Sheffield 063,E02001673,E,5210,324,284,224,350,0.6,0.8,8.317,2.3812100000000003
Sheffield 064,E02001674,E,8105,504,442,349,544,0.6,0.8,12.9365,2.981745
Sheffield 065,E02001675,E,8427,524,460,363,566,0.0,0.2,19.3092,3.8101960000000004
Sheffield 066,E02001676,E,5615,349,306,242,377,0.8,1.0,8.3515,2.385695
Sheffield 068,E02001678,E,9328,580,509,401,626,0.8,1.0,13.8674,3.1027620000000002
Sheffield 069,E02001679,E,5839,363,319,251,392,0.0,0.2,13.374400000000001,3.038672
Sheffield 070,E02001680,E,5706,355,311,246,383,0.0,0.2,13.0716,2.999308
Sheffield 071,E02001681,E,6947,432,379,299,467,0.6,0.8,11.0961,2.742493
Sheffield 072,E02006803,E,8191,510,447,353,550,0.6,0.8,13.080300000000001,3.000439
Sheffield 073,E02006843,E,8617,536,470,371,579,0.4,0.6,14.711100000000002,3.2124430000000004
Sheffield 074,E02006844,E,8132,506,444,350,546,0.2,0.4,16.362,3.42706
Sheffield 075,E02006868,E,11322,705,618,487,760,0.0,0.2,25.9372,4.671836
Sheffield 076,E02006869,E,10420,648,569,448,700,0.2,0.4,20.966,4.025580000000001
Shepway 001,E02005102,E,4981,590,560,434,697,0.6,0.8,14.7513,3.217669
Shepway 002,E02005103,E,7561,895,850,658,1058,0.4,0.6,24.1023,4.433299
Shepway 003,E02005104,E,6627,784,745,577,928,0.0,0.2,26.7962,4.783506
Shepway 004,E02005105,E,6148,728,691,535,861,0.0,0.2,24.8608,4.531904
Shepway 005,E02005106,E,7221,854,811,629,1011,0.4,0.6,23.024299999999997,4.293158999999999
Shepway 006,E02005107,E,9738,1152,1094,848,1363,0.6,0.8,28.834400000000002,5.048472
Shepway 008,E02005109,E,5211,617,586,454,730,0.8,1.0,14.2693,3.1550089999999997
Shepway 009,E02005110,E,5377,636,604,468,752,0.4,0.6,17.1331,3.527303
Shepway 010,E02005111,E,5766,682,648,502,807,0.2,0.4,20.719,3.9934700000000003
Shepway 011,E02005112,E,5515,653,620,480,772,0.2,0.4,19.8205,3.876665
Shepway 012,E02005113,E,5554,657,624,484,778,0.4,0.6,17.7162,3.6031060000000004
Shepway 013,E02005114,E,5214,617,586,454,730,0.2,0.4,18.740000000000002,3.7362
Shepway 014,E02006879,E,5318,629,598,463,745,0.0,0.2,21.5068,4.095884
Shepway 015,E02006880,E,5495,650,617,478,769,0.2,0.4,19.7395,3.866135
Shropshire 001,E02006015,E,8026,969,923,710,1164,0.4,0.6,26.2658,4.714554
Shropshire 002,E02006016,E,6100,737,702,540,885,0.4,0.6,19.972,3.8963600000000005
Shropshire 003,E02006023,E,7906,955,909,700,1147,0.4,0.6,25.881800000000002,4.664634
Shropshire 004,E02006017,E,6067,733,698,537,880,0.4,0.6,19.860100000000003,3.881813
Shropshire 005,E02006018,E,9572,1156,1101,847,1389,0.4,0.6,31.3376,5.373888
Shropshire 006,E02006024,E,7785,940,895,689,1130,0.4,0.6,25.4895,4.613635
Shropshire 007,E02006025,E,7453,900,857,660,1081,0.4,0.6,24.395899999999997,4.471467
Shropshire 008,E02006019,E,4773,576,549,422,693,0.4,0.6,15.6279,3.331627
Shropshire 009,E02006020,E,5779,698,665,512,839,0.4,0.6,18.9297,3.7608610000000002
Shropshire 010,E02006021,E,6457,780,743,572,937,0.4,0.6,21.1451,4.048863
Shropshire 011,E02006026,E,5685,687,654,503,825,0.4,0.6,18.613500000000002,3.719755
Shropshire 012,E02006027,E,4316,521,496,382,627,0.4,0.6,14.136800000000001,3.137784
Shropshire 013,E02006022,E,4856,587,558,430,704,0.6,0.8,14.7568,3.2183840000000004
Shropshire 014,E02006028,E,7460,901,858,660,1082,0.4,0.6,24.415999999999997,4.47408
Shropshire 015,E02006029,E,6699,809,770,593,972,0.2,0.4,24.6715,4.507295
Shropshire 016,E02006030,E,5806,701,668,514,843,0.4,0.6,19.0158,3.772054
Shropshire 017,E02006031,E,6002,725,690,531,871,0.4,0.6,19.648600000000002,3.854318
Shropshire 018,E02006032,E,7337,886,844,649,1064,0.2,0.4,27.0135,4.811755000000001
Shropshire 019,E02006033,E,6535,789,751,578,948,0.6,0.8,19.860500000000002,3.8818650000000003
Shropshire 020,E02006034,E,6929,837,797,613,1005,0.6,0.8,21.060699999999997,4.037891
Shropshire 021,E02006035,E,4644,561,534,411,674,0.6,0.8,14.1202,3.1356260000000002
Shropshire 022,E02006036,E,4966,600,571,440,721,0.6,0.8,15.104800000000001,3.263624
Shropshire 023,E02006037,E,8206,991,944,726,1190,0.6,0.8,24.9398,4.542174
Shropshire 024,E02006038,E,6188,748,712,548,898,0.6,0.8,18.8184,3.746392
Shropshire 025,E02006008,E,6096,736,701,540,884,0.6,0.8,18.5288,3.7087440000000003
Shropshire 026,E02006039,E,6374,770,733,564,925,0.6,0.8,19.379199999999997,3.8192959999999996
Shropshire 027,E02006009,E,5792,700,666,513,841,0.6,0.8,17.6176,3.590288
Shropshire 028,E02006040,E,6103,737,702,540,886,0.4,0.6,19.9849,3.8980370000000004
Shropshire 029,E02006010,E,9065,1095,1043,802,1316,0.4,0.6,29.685499999999998,5.159115
Shropshire 030,E02006041,E,4774,577,549,423,693,0.2,0.4,17.591,3.58683
Shropshire 031,E02006011,E,4831,583,555,428,701,0.6,0.8,14.6863,3.209219
Shropshire 032,E02006042,E,4779,577,550,423,693,0.6,0.8,14.5257,3.1883410000000003
Shropshire 033,E02006012,E,4990,603,574,442,724,0.4,0.6,16.339000000000002,3.4240700000000004
Shropshire 034,E02006013,E,6297,760,724,557,913,0.4,0.6,20.603099999999998,3.978403
Shropshire 035,E02006014,E,7490,905,861,663,1087,0.4,0.6,24.523000000000003,4.487990000000001
Shropshire 036,E02006043,E,5590,675,643,495,811,0.2,0.4,20.589,3.9765699999999997
Shropshire 037,E02006044,E,5073,613,584,449,736,0.4,0.6,16.6099,3.459287
Shropshire 038,E02006045,E,8894,1074,1023,787,1290,0.4,0.6,29.110200000000003,5.084326000000001
Shropshire 039,E02006046,E,7210,871,829,638,1046,0.4,0.6,23.601,4.36813
Slough 001,E02003407,E,8688,437,350,271,377,0.2,0.4,13.475999999999999,3.0518799999999997
Slough 002,E02003408,E,9575,482,386,299,416,0.2,0.4,14.8625,3.232125
Slough 003,E02003409,E,9599,483,387,300,417,0.4,0.6,12.197700000000001,2.885701
Slough 004,E02003410,E,10611,534,428,331,461,0.2,0.4,16.4685,3.440905
Slough 005,E02003411,E,10210,514,411,319,443,0.2,0.4,15.84,3.3592000000000004
Slough 006,E02003412,E,8753,440,353,273,380,0.6,0.8,10.4629,2.660177
Slough 007,E02003413,E,11457,576,462,358,497,0.2,0.4,17.774500000000003,3.610685
Slough 008,E02003414,E,11228,565,452,351,487,0.4,0.6,14.2564,3.153332
Slough 009,E02003415,E,11229,565,452,351,487,0.2,0.4,17.4185,3.5644050000000007
Slough 010,E02003416,E,7488,377,302,234,325,0.6,0.8,8.9534,2.4639420000000003
Slough 011,E02003417,E,8698,437,350,272,378,0.4,0.6,11.051400000000001,2.736682
Slough 012,E02003418,E,8807,443,355,275,382,0.2,0.4,13.6615,3.075995
Slough 013,E02003419,E,7877,396,317,246,342,0.2,0.4,12.220500000000001,2.8886650000000005
Slough 014,E02003420,E,5705,287,230,178,248,0.2,0.4,8.8555,2.451215
Solihull 001,E02002081,E,4705,356,339,265,475,0.4,0.6,10.7695,2.700035
Solihull 002,E02002082,E,5169,391,373,291,522,0.0,0.2,15.2224,3.278912
Solihull 003,E02002083,E,5106,386,368,288,516,0.6,0.8,10.8918,2.715934
Solihull 004,E02002084,E,5407,409,390,305,546,0.0,0.2,15.926200000000001,3.370406
Solihull 005,E02002085,E,5468,414,394,308,552,0.0,0.2,16.1008,3.393104
Solihull 006,E02002086,E,4761,360,343,268,481,0.0,0.2,14.0196,3.122548
Solihull 007,E02002087,E,5279,399,381,297,533,0.0,0.2,15.5424,3.320512
Solihull 008,E02002088,E,8160,617,588,460,824,0.0,0.2,24.029000000000003,4.42377
Solihull 009,E02002089,E,6763,512,488,381,683,0.2,0.4,17.7325,3.605225
Solihull 010,E02002090,E,5077,384,366,286,513,0.4,0.6,11.627099999999999,2.811523
Solihull 011,E02002091,E,6366,481,459,359,643,0.6,0.8,13.575800000000001,3.0648540000000004
Solihull 012,E02002092,E,6245,472,451,352,631,0.2,0.4,16.3785,3.4292049999999996
Solihull 013,E02002093,E,5736,434,414,323,579,0.4,0.6,13.1308,3.0070040000000002
Solihull 014,E02002094,E,5214,394,376,294,527,0.8,1.0,10.371199999999998,2.648256
Solihull 015,E02002095,E,7466,565,539,421,754,0.6,0.8,15.9248,3.3702240000000003
Solihull 016,E02002096,E,8753,662,631,493,884,0.8,1.0,17.4009,3.5621169999999998
Solihull 017,E02002097,E,5734,434,414,323,579,0.6,0.8,12.228200000000001,2.889666
Solihull 018,E02002098,E,8239,623,594,464,832,0.6,0.8,17.5657,3.5835410000000003
Solihull 019,E02002099,E,5739,434,414,323,579,0.8,1.0,11.4017,2.782221
Solihull 021,E02002101,E,5112,387,369,288,516,0.4,0.6,11.7036,2.8214680000000003
Solihull 022,E02002102,E,7515,568,542,423,759,0.6,0.8,16.0225,3.382925
Solihull 023,E02002103,E,5270,399,380,297,532,0.8,1.0,10.475999999999999,2.66188
Solihull 024,E02002104,E,5392,408,389,304,545,0.8,1.0,10.7266,2.694458
Solihull 025,E02002105,E,6836,517,493,385,690,0.8,1.0,13.585799999999999,3.066154
Solihull 026,E02002106,E,8112,614,585,457,819,0.8,1.0,16.1256,3.3963279999999996
Solihull 027,E02002107,E,5060,383,365,285,511,0.8,1.0,10.059999999999999,2.6078
Solihull 028,E02002108,E,8569,648,618,483,866,0.8,1.0,17.0437,3.515681
Solihull 029,E02002109,E,8186,619,590,461,826,0.8,1.0,16.2648,3.4144240000000003
Solihull 030,E02006808,E,5334,404,385,301,539,0.6,0.8,11.3822,2.779686
South Bucks 001,E02003688,E,9272,844,767,608,1154,0.8,1.0,21.7376,4.125888
South Bucks 002,E02003689,E,6673,608,552,437,831,0.8,1.0,15.6479,3.3342270000000003
South Bucks 003,E02003690,E,4960,452,410,325,618,0.6,0.8,12.455,2.91915
South Bucks 004,E02003691,E,5264,479,435,345,655,0.8,1.0,12.3372,2.903836
South Bucks 005,E02003692,E,6505,592,538,427,810,0.8,1.0,15.2565,3.283345
South Bucks 006,E02003693,E,4763,434,394,312,593,0.8,1.0,11.1679,2.751827
South Bucks 007,E02003694,E,6022,548,498,395,749,0.6,0.8,15.1086,3.264118
South Bucks 008,E02003695,E,7865,716,651,516,979,0.6,0.8,19.744500000000002,3.866785
South Cambridgeshire 001,E02003775,E,5715,460,426,347,622,0.8,1.0,12.0635,2.868255
South Cambridgeshire 002,E02003776,E,5437,438,405,330,591,0.8,1.0,11.4681,2.7908530000000003
South Cambridgeshire 003,E02003777,E,5523,445,412,335,600,0.8,1.0,11.645900000000001,2.8139670000000003
South Cambridgeshire 004,E02003778,E,4998,402,372,303,543,0.8,1.0,10.5354,2.6696020000000003
South Cambridgeshire 005,E02003779,E,4193,338,313,255,456,0.8,1.0,8.8509,2.4506170000000003
South Cambridgeshire 006,E02003780,E,8805,709,656,535,959,0.8,1.0,18.5955,3.717415
South Cambridgeshire 007,E02003781,E,5287,426,394,321,575,0.6,0.8,11.944099999999999,2.8527329999999997
South Cambridgeshire 009,E02003783,E,5870,473,437,357,639,0.8,1.0,12.395,2.91135
South Cambridgeshire 010,E02003784,E,7180,578,535,436,781,0.8,1.0,15.151,3.2696300000000003
South Cambridgeshire 011,E02003785,E,7224,582,538,439,786,0.8,1.0,15.248199999999999,3.282266
South Cambridgeshire 012,E02003786,E,5071,408,378,308,552,0.8,1.0,10.705300000000001,2.691689
South Cambridgeshire 013,E02003787,E,6006,484,448,365,654,0.8,1.0,12.6848,2.949024
South Cambridgeshire 014,E02003788,E,5283,425,394,321,575,0.8,1.0,11.152899999999999,2.7498769999999997
South Cambridgeshire 015,E02003789,E,5937,478,442,361,646,0.8,1.0,12.5321,2.929173
South Cambridgeshire 016,E02003790,E,7915,637,590,481,861,0.8,1.0,16.7045,3.471585
South Cambridgeshire 017,E02003791,E,6494,523,484,394,707,0.8,1.0,13.7092,3.0821959999999997
South Cambridgeshire 018,E02003792,E,7783,627,580,473,847,0.8,1.0,16.4309,3.4360170000000005
South Cambridgeshire 019,E02003793,E,6224,501,464,378,677,0.6,0.8,14.062199999999999,3.1280859999999997
South Cambridgeshire 020,E02006873,E,5970,481,445,363,650,0.8,1.0,12.608,2.9390400000000003
South Cambridgeshire 021,E02006874,E,6677,538,498,406,727,0.8,1.0,14.1021,3.133273
South Derbyshire 001,E02004118,E,7084,600,526,394,629,0.6,0.8,14.3182,3.161366
South Derbyshire 002,E02004119,E,11288,957,839,628,1003,0.8,1.0,21.151400000000002,4.049682000000001
South Derbyshire 003,E02004120,E,7539,639,560,419,670,0.6,0.8,15.2447,3.2818110000000003
South Derbyshire 004,E02004121,E,6929,587,515,385,615,0.8,1.0,12.9727,2.9864509999999997
South Derbyshire 005,E02004122,E,6805,576,506,378,604,0.8,1.0,12.7395,2.9561349999999997
South Derbyshire 006,E02004123,E,6636,562,493,369,589,0.8,1.0,12.4248,2.9152240000000003
South Derbyshire 007,E02004124,E,7915,671,588,440,703,0.4,0.6,17.1445,3.528785
South Derbyshire 008,E02004125,E,9342,792,694,520,830,0.2,0.4,23.423000000000002,4.34499
South Derbyshire 009,E02004126,E,7171,608,533,399,637,0.4,0.6,15.5373,3.3198490000000005
South Derbyshire 011,E02004128,E,10660,903,792,593,946,0.4,0.6,23.082,4.300660000000001
South Derbyshire 012,E02006919,E,8865,751,659,493,788,0.4,0.6,19.2115,3.7974950000000005
South Derbyshire 013,E02006920,E,8112,688,603,451,720,0.4,0.6,17.5676,3.583788
South Gloucestershire 001,E02003090,E,6961,464,435,340,578,0.8,1.0,11.9443,2.852759
South Gloucestershire 002,E02003091,E,6618,440,413,323,550,0.8,1.0,11.3564,2.776332
South Gloucestershire 003,E02003092,E,7965,530,498,389,662,0.8,1.0,13.6725,3.077425
South Gloucestershire 004,E02003093,E,6620,441,414,324,550,0.8,1.0,11.366,2.7775800000000004
South Gloucestershire 005,E02003094,E,8407,560,525,411,698,0.6,0.8,15.475100000000001,3.311763
South Gloucestershire 006,E02003095,E,7169,477,448,350,596,0.8,1.0,12.3067,2.899871
South Gloucestershire 007,E02003096,E,6493,432,406,317,539,0.6,0.8,11.9499,2.8534870000000003
South Gloucestershire 008,E02003097,E,6259,417,391,306,520,0.8,1.0,10.7437,2.696681
South Gloucestershire 009,E02003098,E,10102,673,631,494,840,0.8,1.0,17.3486,3.5553180000000006
South Gloucestershire 010,E02003099,E,6868,457,429,336,571,0.6,0.8,12.651399999999999,2.9446820000000002
South Gloucestershire 011,E02003100,E,10579,704,661,517,879,0.4,0.6,20.875700000000002,4.013841
South Gloucestershire 012,E02003101,E,10627,708,664,519,883,0.8,1.0,18.240099999999998,3.671213
South Gloucestershire 013,E02003102,E,6562,437,410,321,545,0.8,1.0,11.262599999999999,2.764138
South Gloucestershire 014,E02003103,E,7262,484,454,355,604,0.6,0.8,13.381599999999999,3.039608
South Gloucestershire 015,E02003104,E,7703,513,481,376,640,0.6,0.8,14.180899999999998,3.143517
South Gloucestershire 016,E02003105,E,6337,422,396,310,526,0.8,1.0,10.8731,2.713503
South Gloucestershire 017,E02003106,E,10573,704,661,517,879,0.8,1.0,18.1559,3.660267
South Gloucestershire 018,E02003107,E,10674,711,667,522,887,0.6,0.8,19.6592,3.855696
South Gloucestershire 019,E02003108,E,9367,624,585,458,779,0.6,0.8,17.2571,3.5434230000000007
South Gloucestershire 020,E02003109,E,6024,401,376,294,500,0.8,1.0,10.331199999999999,2.643056
South Gloucestershire 021,E02003110,E,10437,695,652,510,868,0.8,1.0,17.9231,3.6300030000000003
South Gloucestershire 022,E02003111,E,6336,422,396,309,526,0.8,1.0,10.867799999999999,2.712814
South Gloucestershire 023,E02003112,E,6421,428,401,314,534,0.4,0.6,12.6783,2.948179
South Gloucestershire 024,E02003113,E,10231,681,639,500,851,0.6,0.8,18.848300000000002,3.750279000000001
South Gloucestershire 025,E02003114,E,7032,468,440,344,585,0.4,0.6,13.889600000000002,3.1056480000000004
South Gloucestershire 026,E02003115,E,9217,614,576,450,766,0.4,0.6,18.1891,3.6645830000000004
South Gloucestershire 027,E02003116,E,7605,506,475,372,632,0.2,0.4,17.4085,3.563105
South Gloucestershire 028,E02003117,E,8637,575,540,422,718,0.4,0.6,17.0491,3.5163830000000003
South Gloucestershire 029,E02003118,E,10265,683,641,502,853,0.6,0.8,18.9025,3.757325
South Gloucestershire 030,E02003119,E,10411,693,651,509,866,0.4,0.6,20.5593,3.972709
South Gloucestershire 031,E02003120,E,8447,562,528,413,702,0.8,1.0,14.5011,3.185143
South Gloucestershire 032,E02003121,E,10236,681,640,500,851,0.8,1.0,17.5738,3.584594
South Hams 001,E02004189,E,4456,593,573,458,745,0.6,0.8,15.299800000000001,3.2889740000000005
South Hams 002,E02004190,E,5930,790,763,609,991,0.4,0.6,21.957,4.15441
South Hams 003,E02004191,E,6074,809,782,624,1016,0.4,0.6,22.5042,4.2255460000000005
South Hams 004,E02004192,E,5388,718,693,554,901,0.6,0.8,18.5054,3.7057020000000005
South Hams 005,E02004193,E,8912,1187,1147,916,1490,0.8,1.0,28.311600000000002,4.980508
South Hams 006,E02004194,E,4689,625,603,482,784,0.4,0.6,17.368699999999997,3.557931
South Hams 007,E02004195,E,4216,561,542,433,705,0.4,0.6,15.6128,3.329664
South Hams 008,E02004196,E,5356,713,689,550,895,0.6,0.8,18.3838,3.6898940000000007
South Hams 009,E02004197,E,4715,628,607,484,788,0.8,1.0,14.9725,3.2464250000000003
South Hams 010,E02004198,E,4829,643,622,496,807,0.4,0.6,17.8827,3.624751
South Hams 011,E02004199,E,4025,536,518,414,673,0.4,0.6,14.9115,3.2384950000000003
South Hams 012,E02004200,E,3938,525,507,405,659,0.6,0.8,13.5334,3.059342
South Holland 001,E02005465,E,7298,743,708,541,860,0.4,0.6,20.0734,3.909542
South Holland 002,E02005466,E,5627,572,546,417,663,0.2,0.4,17.5885,3.586505
South Holland 003,E02005467,E,6147,626,596,456,724,0.4,0.6,16.9041,3.497533
South Holland 004,E02005468,E,6477,659,628,480,763,0.4,0.6,17.8091,3.615183
South Holland 005,E02005469,E,6411,652,622,476,755,0.4,0.6,17.631300000000003,3.5920690000000004
South Holland 006,E02005470,E,8974,913,871,666,1057,0.6,0.8,22.9592,4.284696
South Holland 007,E02005471,E,7852,799,762,582,925,0.4,0.6,21.593600000000002,4.107168000000001
South Holland 008,E02005472,E,8497,865,824,630,1002,0.2,0.4,26.573500000000003,4.754555000000001
South Holland 009,E02005473,E,8007,815,777,594,943,0.6,0.8,20.4831,3.962803
South Holland 010,E02005474,E,5657,576,549,420,666,0.4,0.6,15.557099999999998,3.3224229999999997
South Holland 011,E02005475,E,5367,546,521,398,632,0.4,0.6,14.7581,3.218553
South Kesteven 001,E02005476,E,5731,608,594,479,814,0.6,0.8,16.6603,3.465839
South Kesteven 002,E02005477,E,7002,743,725,585,994,0.8,1.0,18.8956,3.7564280000000005
South Kesteven 003,E02005478,E,7843,833,812,655,1114,0.4,0.6,24.5649,4.493437
South Kesteven 004,E02005479,E,6553,696,679,547,931,0.6,0.8,19.0499,3.7764870000000004
South Kesteven 005,E02005480,E,5802,616,601,485,825,0.0,0.2,22.8612,4.271956
South Kesteven 006,E02005481,E,8679,921,899,725,1233,0.4,0.6,27.1877,4.834401
South Kesteven 007,E02005482,E,7738,821,801,646,1099,0.8,1.0,20.8844,4.014972
South Kesteven 008,E02005483,E,6196,658,642,518,880,0.6,0.8,18.0128,3.6416639999999996
South Kesteven 009,E02005484,E,5501,584,570,460,781,0.4,0.6,17.2303,3.5399390000000004
South Kesteven 010,E02005485,E,4794,509,496,400,681,0.8,1.0,12.9392,2.9820960000000003
South Kesteven 011,E02005486,E,6652,706,689,556,944,0.6,0.8,19.327599999999997,3.812588
South Kesteven 012,E02005487,E,7281,773,754,608,1034,0.8,1.0,19.6523,3.854799
South Kesteven 013,E02005488,E,4959,526,514,414,704,0.6,0.8,14.4097,3.173261
South Kesteven 014,E02005489,E,5583,593,578,466,792,0.8,1.0,15.0589,3.257657
South Kesteven 015,E02005490,E,7228,767,749,604,1027,0.6,0.8,21.0154,4.032002
South Kesteven 016,E02005491,E,8366,888,867,699,1188,0.8,1.0,22.5828,4.235764
South Lakeland 001,E02004015,E,4477,583,564,453,771,0.6,0.8,15.5111,3.3164430000000005
South Lakeland 002,E02004016,E,5792,754,730,587,998,0.6,0.8,20.0786,3.9102180000000004
South Lakeland 003,E02004017,E,5785,753,729,586,996,0.6,0.8,20.0435,3.9056550000000003
South Lakeland 004,E02004018,E,5615,731,708,569,968,0.4,0.6,21.008499999999998,4.031105
South Lakeland 005,E02004019,E,5511,717,694,558,949,0.8,1.0,17.7043,3.601559
South Lakeland 006,E02004020,E,5710,743,719,578,983,0.8,1.0,18.339999999999996,3.6841999999999997
South Lakeland 007,E02004021,E,3637,473,458,368,626,0.4,0.6,13.589100000000002,3.0665830000000005
South Lakeland 008,E02004022,E,3843,500,484,389,662,0.6,0.8,13.3159,3.031067
South Lakeland 009,E02004023,E,4306,560,542,436,742,0.6,0.8,14.9218,3.239834
South Lakeland 010,E02004024,E,4954,645,624,502,853,0.8,1.0,15.9172,3.369236
South Lakeland 011,E02004025,E,5566,724,701,564,959,0.8,1.0,17.8888,3.6255439999999997
South Lakeland 012,E02004026,E,5531,720,697,560,953,0.4,0.6,20.683300000000003,3.988829000000001
South Lakeland 013,E02004027,E,5386,701,679,546,928,0.8,1.0,17.3138,3.550794
South Lakeland 014,E02004028,E,5353,696,674,542,922,0.6,0.8,18.5459,3.710967
South Norfolk 001,E02005597,E,12160,1179,1108,891,1548,0.6,0.8,31.921,5.44973
South Norfolk 002,E02005598,E,7581,735,691,556,965,0.6,0.8,19.9033,3.887429
South Norfolk 003,E02005599,E,5553,538,506,407,707,0.8,1.0,13.5659,3.063567
South Norfolk 004,E02005600,E,6064,588,553,445,772,0.4,0.6,17.141199999999998,3.5283559999999996
South Norfolk 005,E02005601,E,5575,540,508,409,709,0.6,0.8,14.628499999999999,3.201705
South Norfolk 006,E02005602,E,10105,979,921,741,1286,0.8,1.0,24.682499999999997,4.508725
South Norfolk 007,E02005603,E,8480,822,773,622,1080,0.6,0.8,22.27,4.1951
South Norfolk 008,E02005604,E,8000,775,729,586,1019,0.6,0.8,21.005,4.03065
South Norfolk 009,E02005605,E,9930,963,905,728,1264,0.6,0.8,26.069000000000003,4.68897
South Norfolk 010,E02005606,E,5459,529,498,400,695,0.4,0.6,15.4277,3.3056010000000002
South Norfolk 011,E02005607,E,10691,1036,974,784,1361,0.4,0.6,30.2113,5.227469
South Norfolk 012,E02005608,E,7158,694,652,525,912,0.4,0.6,20.2374,3.9308620000000003
South Norfolk 013,E02005609,E,6674,647,608,489,850,0.6,0.8,17.5232,3.578016
South Norfolk 014,E02005610,E,7787,755,710,571,991,0.4,0.6,22.0041,4.160533
South Norfolk 015,E02005611,E,9777,948,891,717,1245,0.4,0.6,27.6351,4.892563
South Northamptonshire 001,E02005681,E,7632,675,635,487,774,0.8,1.0,15.8586,3.361618
South Northamptonshire 002,E02005682,E,5968,528,497,381,606,0.8,1.0,12.4114,2.913482
South Northamptonshire 003,E02005683,E,12443,1100,1036,795,1262,0.8,1.0,25.8619,4.662047
South Northamptonshire 004,E02005684,E,7496,663,624,479,760,0.8,1.0,15.5778,3.325114
South Northamptonshire 005,E02005685,E,7572,669,630,484,768,0.6,0.8,16.9976,3.5096879999999997
South Northamptonshire 006,E02005686,E,7003,619,583,447,711,0.8,1.0,14.5609,3.1929170000000004
South Northamptonshire 007,E02005687,E,5556,491,463,355,564,0.8,1.0,11.553799999999999,2.8019939999999997
South Northamptonshire 008,E02005688,E,8138,720,677,520,826,0.8,1.0,16.9214,3.4997819999999997
South Northamptonshire 009,E02005689,E,7172,634,597,458,728,0.8,1.0,14.9116,3.2385080000000004
South Northamptonshire 010,E02005690,E,5047,446,420,322,512,0.8,1.0,10.4881,2.663453
South Northamptonshire 011,E02005691,E,5940,525,494,379,603,0.8,1.0,12.347999999999999,2.90524
South Oxfordshire 001,E02005958,E,4561,402,374,314,576,0.8,1.0,10.8263,2.707419
South Oxfordshire 002,E02005959,E,4465,393,367,308,564,0.6,0.8,11.337499999999999,2.773875
South Oxfordshire 003,E02005960,E,4730,417,388,326,598,0.8,1.0,11.236999999999998,2.76081
South Oxfordshire 004,E02005961,E,5337,470,438,368,674,0.8,1.0,12.6711,2.9472430000000003
South Oxfordshire 005,E02005962,E,6666,587,547,459,843,0.8,1.0,15.835799999999999,3.3586539999999996
South Oxfordshire 006,E02005963,E,6562,578,539,452,829,0.4,0.6,17.9406,3.6322780000000003
South Oxfordshire 007,E02005964,E,5836,514,479,402,738,0.8,1.0,13.8648,3.102424
South Oxfordshire 008,E02005965,E,4382,386,360,302,553,0.6,0.8,11.119599999999998,2.745548
South Oxfordshire 009,E02005966,E,6463,569,531,446,817,0.8,1.0,15.3559,3.2962670000000003
South Oxfordshire 010,E02005967,E,4608,406,378,317,582,0.6,0.8,11.693399999999999,2.8201419999999997
South Oxfordshire 011,E02005968,E,6163,543,506,425,779,0.8,1.0,14.640899999999998,3.203317
South Oxfordshire 012,E02005969,E,7347,647,603,506,928,0.8,1.0,17.4421,3.5674729999999997
South Oxfordshire 013,E02005970,E,4529,399,372,312,572,0.4,0.6,12.380700000000001,2.909491
South Oxfordshire 014,E02005971,E,4608,406,378,317,582,0.6,0.8,11.693399999999999,2.8201419999999997
South Oxfordshire 015,E02005972,E,6415,565,527,442,811,0.8,1.0,15.2395,3.281135
South Oxfordshire 016,E02005973,E,4461,393,366,307,564,0.8,1.0,10.5953,2.677389
South Oxfordshire 017,E02005974,E,4878,430,400,336,617,0.8,1.0,11.590399999999999,2.806752
South Oxfordshire 018,E02005975,E,6356,560,522,438,804,0.8,1.0,15.1048,3.263624
South Oxfordshire 019,E02005976,E,4925,434,404,340,622,0.8,1.0,11.6955,2.8204149999999997
South Oxfordshire 020,E02005977,E,4608,406,378,318,583,0.8,1.0,10.953399999999998,2.723942
South Ribble 001,E02005287,E,4087,388,377,286,449,0.8,1.0,9.1251,2.486263
South Ribble 002,E02005288,E,4621,439,426,323,507,0.6,0.8,11.1603,2.750839
South Ribble 003,E02005289,E,4717,448,435,330,517,0.8,1.0,10.5181,2.6673530000000003
South Ribble 004,E02005290,E,5502,523,508,385,604,0.6,0.8,13.2976,3.028688
South Ribble 005,E02005291,E,4351,413,401,304,477,0.4,0.6,11.2833,2.7668290000000004
South Ribble 006,E02005292,E,4440,422,410,311,487,0.2,0.4,13.147000000000002,3.0091100000000006
South Ribble 007,E02005293,E,4272,405,394,299,468,0.4,0.6,11.0776,2.740088
South Ribble 008,E02005294,E,4835,459,446,338,530,0.4,0.6,12.540500000000002,2.9302650000000003
South Ribble 009,E02005295,E,5673,539,523,397,622,0.4,0.6,14.7179,3.213327
South Ribble 010,E02005296,E,4421,420,408,309,485,0.8,1.0,9.862300000000001,2.5820990000000004
South Ribble 011,E02005297,E,6263,595,578,438,687,0.8,1.0,13.971899999999998,3.1163469999999998
South Ribble 012,E02005298,E,5478,520,505,383,601,0.6,0.8,13.2294,3.019822
South Ribble 013,E02005299,E,5503,523,508,385,604,0.4,0.6,14.2869,3.157297
South Ribble 014,E02005300,E,3991,379,368,279,438,0.6,0.8,9.6403,2.553239
South Ribble 015,E02005301,E,4914,467,453,344,540,0.2,0.4,14.558,3.19254
South Ribble 016,E02005302,E,5321,505,491,372,584,0.8,1.0,11.8723,2.843399
South Ribble 017,E02005303,E,4863,462,449,340,534,0.0,0.2,16.2608,3.4139040000000005
South Somerset 001,E02006075,E,3941,470,464,374,621,0.6,0.8,12.6793,2.948309
South Somerset 002,E02006076,E,6264,748,737,595,987,0.6,0.8,20.1552,3.9201760000000005
South Somerset 003,E02006077,E,3976,475,468,378,627,0.6,0.8,12.8018,2.9642340000000003
South Somerset 004,E02006078,E,4200,501,494,399,662,0.4,0.6,14.576,3.1948800000000004
South Somerset 005,E02006079,E,5200,621,612,494,819,0.6,0.8,16.729,3.4747700000000004
South Somerset 006,E02006080,E,5200,621,612,494,819,0.6,0.8,16.729,3.4747700000000004
South Somerset 007,E02006081,E,3904,466,459,371,615,0.4,0.6,13.545200000000001,3.0608760000000004
South Somerset 008,E02006082,E,4763,569,561,453,751,0.6,0.8,15.3369,3.293797
South Somerset 009,E02006083,E,4216,503,496,401,664,0.6,0.8,13.5638,3.063294
South Somerset 010,E02006084,E,5213,622,613,495,821,0.4,0.6,18.0819,3.650647
South Somerset 011,E02006085,E,4327,517,509,411,681,0.6,0.8,13.9141,3.1088329999999997
South Somerset 012,E02006086,E,5092,608,600,484,802,0.4,0.6,17.671599999999998,3.597308
South Somerset 013,E02006087,E,4520,540,532,430,712,0.2,0.4,17.562,3.5830600000000006
South Somerset 014,E02006088,E,5419,647,638,515,854,0.2,0.4,21.055500000000002,4.037215000000001
South Somerset 015,E02006089,E,4707,562,554,447,742,0.2,0.4,18.2885,3.677505
South Somerset 016,E02006090,E,5170,617,609,491,815,0.4,0.6,17.947,3.6331100000000003
South Somerset 017,E02006091,E,7200,860,847,684,1134,0.6,0.8,23.162,4.31106
South Somerset 018,E02006092,E,4553,544,536,433,717,0.8,1.0,13.5779,3.0651270000000004
South Somerset 019,E02006093,E,6221,743,732,591,979,0.6,0.8,20.0043,3.9005590000000003
South Somerset 020,E02006094,E,3910,467,460,372,617,0.4,0.6,13.583,3.0657900000000002
South Somerset 021,E02006095,E,5765,688,678,548,908,0.4,0.6,20.0015,3.900195
South Somerset 022,E02006096,E,4938,589,581,469,778,0.4,0.6,17.1334,3.527342
South Somerset 023,E02006097,E,4691,560,552,446,739,0.2,0.4,18.2235,3.669055
South Somerset 024,E02006098,E,5366,641,632,510,845,0.4,0.6,18.6198,3.720574
South Staffordshire 001,E02006174,E,7897,850,813,645,1059,0.6,0.8,22.1951,4.185363
South Staffordshire 002,E02006175,E,5048,544,520,412,677,0.4,0.6,15.278400000000001,3.2861920000000002
South Staffordshire 003,E02006176,E,5600,603,577,457,751,0.6,0.8,15.739999999999998,3.3461999999999996
South Staffordshire 004,E02006177,E,7505,808,773,613,1007,0.6,0.8,21.1015,4.043195000000001
South Staffordshire 005,E02006178,E,6000,646,618,490,805,0.4,0.6,18.164,3.66132
South Staffordshire 006,E02006179,E,5611,604,578,458,752,0.6,0.8,15.7653,3.349489
South Staffordshire 007,E02006180,E,5109,550,527,417,686,0.4,0.6,15.4747,3.311711
South Staffordshire 008,E02006181,E,4381,472,452,358,588,0.4,0.6,13.270299999999999,3.0251390000000002
South Staffordshire 009,E02006182,E,5149,555,531,420,691,0.8,1.0,13.4177,3.044301
South Staffordshire 010,E02006183,E,5724,616,590,467,767,0.8,1.0,14.9012,3.2371559999999997
South Staffordshire 011,E02006184,E,4144,446,427,338,555,0.6,0.8,11.638200000000001,2.8129660000000003
South Staffordshire 012,E02006185,E,5491,591,566,448,736,0.4,0.6,16.613300000000002,3.4597290000000003
South Staffordshire 013,E02006186,E,9321,1004,960,761,1250,0.8,1.0,24.2793,4.456309
South Staffordshire 014,E02006187,E,5513,594,568,450,739,0.6,0.8,15.492899999999999,3.314077
South Tyneside 001,E02001768,E,6694,592,582,471,628,0.0,0.2,20.7194,3.9935220000000005
South Tyneside 002,E02001769,E,5861,519,510,413,550,0.0,0.2,18.152600000000003,3.6598380000000006
South Tyneside 003,E02001770,E,5194,459,451,366,488,0.4,0.6,12.3322,2.903186
South Tyneside 004,E02001771,E,5076,449,441,357,477,0.2,0.4,13.872,3.1033600000000003
South Tyneside 005,E02001772,E,4290,379,373,302,402,0.2,0.4,11.712,2.82256
South Tyneside 006,E02001773,E,4325,383,376,305,406,0.6,0.8,9.558499999999999,2.542605
South Tyneside 007,E02001774,E,4357,385,379,307,408,0.0,0.2,13.479200000000002,3.052296
South Tyneside 008,E02001775,E,4468,395,388,315,419,0.0,0.2,13.828800000000001,3.0977440000000005
South Tyneside 009,E02001776,E,6647,588,578,468,624,0.0,0.2,20.5822,3.9756860000000005
South Tyneside 010,E02001777,E,5018,444,436,353,471,0.2,0.4,13.708000000000002,3.08204
South Tyneside 011,E02001778,E,4873,431,424,343,458,0.0,0.2,15.095800000000002,3.2624540000000004
South Tyneside 012,E02001779,E,4320,382,375,304,406,0.0,0.2,13.377,3.03901
South Tyneside 013,E02001780,E,4116,364,358,290,387,0.2,0.4,11.256,2.76328
South Tyneside 014,E02001781,E,4296,380,373,302,404,0.0,0.2,13.3046,3.029598
South Tyneside 015,E02001782,E,6861,607,596,483,644,0.0,0.2,21.2406,4.061278000000001
South Tyneside 016,E02001783,E,5294,468,460,373,496,0.0,0.2,16.3794,3.429322
South Tyneside 017,E02001784,E,5419,479,471,382,509,0.0,0.2,16.7834,3.4818420000000003
South Tyneside 018,E02001785,E,6263,554,545,441,588,0.2,0.4,17.1165,3.525145
South Tyneside 019,E02001786,E,5559,492,483,391,522,0.0,0.2,17.2114,3.5374820000000007
South Tyneside 020,E02001787,E,4455,394,387,314,418,0.2,0.4,12.1715,2.882295
South Tyneside 021,E02001788,E,4678,414,406,329,439,0.2,0.4,12.776,2.9608800000000004
South Tyneside 022,E02001789,E,4621,409,402,325,433,0.8,1.0,9.3963,2.521519
South Tyneside 023,E02001790,E,4723,418,410,332,443,0.6,0.8,10.425899999999999,2.655367
Southampton 001,E02003549,E,8039,407,381,295,449,0.6,0.8,11.1637,2.751281
Southampton 002,E02003550,E,7489,379,355,275,417,0.2,0.4,13.2305,3.019965
Southampton 003,E02003551,E,6329,320,300,232,353,0.2,0.4,11.1845,2.753985
Southampton 004,E02003552,E,5863,297,278,215,327,0.0,0.2,11.821800000000001,2.8368340000000005
Southampton 005,E02003553,E,6663,337,316,244,372,0.2,0.4,11.778500000000001,2.831205
Southampton 006,E02003554,E,5780,293,274,212,323,0.4,0.6,8.564,2.41332
Southampton 007,E02003555,E,6963,353,330,255,389,0.0,0.2,14.0458,3.125954
Southampton 008,E02003556,E,5648,286,268,207,315,0.4,0.6,8.3604,2.386852
Southampton 009,E02003557,E,6558,332,311,240,366,0.8,1.0,8.4794,2.402322
Southampton 010,E02003558,E,6285,318,298,231,351,0.0,0.2,12.68,2.9484000000000004
Southampton 011,E02003559,E,7430,376,352,272,415,0.6,0.8,10.314,2.64082
Southampton 012,E02003560,E,6812,345,323,250,380,0.0,0.2,13.737200000000001,3.0858360000000005
Southampton 013,E02003561,E,7544,382,357,277,421,0.2,0.4,13.337,3.03381
Southampton 014,E02003562,E,7685,389,364,282,429,0.4,0.6,11.3795,2.779335
Southampton 015,E02003563,E,7336,371,348,269,409,0.2,0.4,12.964000000000002,2.9853200000000006
Southampton 016,E02003564,E,7606,385,360,279,424,0.2,0.4,13.439,3.04707
Southampton 017,E02003565,E,6299,319,298,231,351,0.4,0.6,9.3177,2.5113010000000004
Southampton 018,E02003566,E,5739,290,272,210,320,0.2,0.4,10.1375,2.6178749999999997
Southampton 019,E02003567,E,7288,369,345,267,406,0.0,0.2,14.6838,3.208894
Southampton 020,E02003568,E,8089,410,383,297,451,0.4,0.6,11.9727,2.856451
Southampton 021,E02003569,E,7061,358,335,259,394,0.2,0.4,12.485499999999998,2.923115
Southampton 022,E02003570,E,9717,492,460,356,542,0.0,0.2,19.5862,3.8462060000000005
Southampton 023,E02003571,E,6812,345,323,250,380,0.4,0.6,10.0856,2.611128
Southampton 024,E02003572,E,5826,295,276,214,325,0.4,0.6,8.6258,2.421354
Southampton 025,E02003573,E,7085,359,336,260,395,0.0,0.2,14.286,3.1571800000000003
Southampton 026,E02003574,E,7374,373,349,270,411,0.4,0.6,10.906200000000002,2.7178060000000004
Southampton 027,E02003575,E,6034,306,286,221,336,0.0,0.2,12.1594,2.880722
Southampton 028,E02003576,E,7679,389,364,282,428,0.2,0.4,13.572500000000002,3.0644250000000004
Southampton 029,E02003577,E,11026,558,522,404,615,0.2,0.4,19.482999999999997,3.83279
Southampton 030,E02003578,E,5988,303,284,220,334,0.2,0.4,10.587,2.67631
Southampton 031,E02003579,E,7436,376,352,273,415,0.2,0.4,13.145,3.00885
Southampton 032,E02003580,E,5734,290,272,210,320,0.0,0.2,11.560400000000001,2.8028520000000006
Southend-on-Sea 001,E02003279,E,8235,660,597,463,788,0.6,0.8,17.1615,3.530995
Southend-on-Sea 002,E02003280,E,8556,685,620,480,819,0.2,0.4,22.000999999999998,4.16013
Southend-on-Sea 003,E02003281,E,8110,649,588,455,777,0.6,0.8,16.905,3.49765
Southend-on-Sea 004,E02003282,E,8771,702,636,493,840,0.4,0.6,19.6173,3.850249
Southend-on-Sea 005,E02003283,E,9212,738,668,517,882,0.4,0.6,20.5976,3.9776880000000006
Southend-on-Sea 006,E02003284,E,9862,790,715,554,945,0.2,0.4,25.378999999999998,4.59927
Southend-on-Sea 007,E02003285,E,9541,764,692,536,914,0.2,0.4,24.5505,4.4915650000000005
Southend-on-Sea 008,E02003286,E,8052,645,584,452,771,0.8,1.0,15.614600000000001,3.329898
Southend-on-Sea 009,E02003287,E,8541,684,619,480,818,0.2,0.4,21.9745,4.156685
Southend-on-Sea 010,E02003288,E,9680,775,702,544,927,0.0,0.2,28.125,4.95625
Southend-on-Sea 011,E02003289,E,8868,710,643,498,849,0.8,1.0,17.1954,3.5354020000000004
Southend-on-Sea 012,E02003290,E,8836,707,641,496,846,0.4,0.6,19.756800000000002,3.8683840000000007
Southend-on-Sea 013,E02003291,E,9817,786,712,551,940,0.2,0.4,25.2515,4.582695
Southend-on-Sea 014,E02003292,E,9790,784,710,550,938,0.0,0.2,28.450000000000003,4.998500000000001
Southend-on-Sea 015,E02003293,E,9729,779,706,546,932,0.0,0.2,28.2684,4.9748920000000005
Southend-on-Sea 016,E02003294,E,8106,649,588,455,777,0.8,1.0,15.727799999999998,3.344614
Southend-on-Sea 017,E02003295,E,9041,724,656,508,866,0.4,0.6,20.2243,3.9291590000000003
Southwark 001,E02000807,E,8765,434,365,262,309,0.4,0.6,10.2375,2.630875
Southwark 002,E02000808,E,9598,475,400,287,338,0.4,0.6,11.2074,2.756962
Southwark 003,E02000809,E,12346,611,514,369,435,0.6,0.8,13.6118,3.069534
Southwark 004,E02000810,E,9640,477,401,288,339,0.2,0.4,13.939,3.11207
Southwark 006,E02000812,E,10849,537,452,324,382,0.2,0.4,15.695500000000003,3.340415
Southwark 007,E02000813,E,9058,448,377,271,319,0.2,0.4,13.106000000000002,3.0037800000000003
Southwark 008,E02000814,E,9122,451,380,273,321,0.4,0.6,10.6486,2.684318
Southwark 009,E02000815,E,6851,339,285,205,242,0.0,0.2,11.569600000000001,2.8040480000000003
Southwark 010,E02000816,E,9534,472,397,285,336,0.2,0.4,13.798,3.0937400000000004
Southwark 011,E02000817,E,6845,339,285,205,241,0.0,0.2,11.554,2.80202
Southwark 012,E02000818,E,7943,393,331,238,280,0.0,0.2,13.4118,3.043534
Southwark 013,E02000819,E,8767,434,365,262,309,0.2,0.4,12.6875,2.949375
Southwark 014,E02000820,E,8966,444,373,268,315,0.2,0.4,12.963000000000001,2.9851900000000002
Southwark 015,E02000821,E,8843,437,368,264,311,0.0,0.2,14.910800000000002,3.238404
Southwark 016,E02000822,E,8554,423,356,256,301,0.0,0.2,14.4314,3.176082
Southwark 017,E02000823,E,8154,403,339,244,287,0.2,0.4,11.794,2.83322
Southwark 018,E02000824,E,10088,499,420,302,355,0.0,0.2,17.0218,3.512834
Southwark 019,E02000825,E,10172,503,424,304,358,0.0,0.2,17.1622,3.531086
Southwark 020,E02000826,E,9371,464,390,280,331,0.2,0.4,13.5695,3.064035
Southwark 021,E02000827,E,10923,540,455,327,384,0.2,0.4,15.7985,3.3538050000000004
Southwark 022,E02000828,E,8840,437,368,264,311,0.0,0.2,14.909000000000002,3.23817
Southwark 023,E02000829,E,10957,542,456,328,386,0.0,0.2,18.492199999999997,3.7039859999999996
Southwark 024,E02000830,E,9353,463,389,280,329,0.4,0.6,10.9159,2.719067
Southwark 025,E02000831,E,9887,489,412,296,349,0.2,0.4,14.3185,3.1614050000000002
Southwark 026,E02000832,E,10502,520,437,314,370,0.2,0.4,15.197,3.27561
Southwark 027,E02000833,E,8178,405,340,245,288,0.4,0.6,9.5494,2.541422
Southwark 028,E02000834,E,9699,480,404,290,341,0.4,0.6,11.317700000000002,2.7713010000000002
Southwark 029,E02000835,E,7629,377,318,228,268,0.4,0.6,8.898700000000002,2.456831
Southwark 030,E02000836,E,8690,430,362,260,306,0.6,0.8,9.581,2.5455300000000003
Southwark 031,E02000837,E,9578,474,399,286,337,0.8,1.0,9.7564,2.568332
Southwark 032,E02000838,E,9680,479,403,289,341,0.4,0.6,11.3,2.769
Southwark 033,E02000839,E,8475,419,353,253,299,0.4,0.6,9.8985,2.586805
Southwark 034,E02006802,E,8107,401,338,242,286,0.0,0.2,13.6852,3.079076
Spelthorne 001,E02006403,E,4911,379,356,280,446,0.2,0.4,12.328500000000002,2.902705
Spelthorne 002,E02006404,E,5382,415,390,307,489,0.2,0.4,13.513000000000002,3.0566900000000006
Spelthorne 003,E02006405,E,8430,651,611,481,766,0.8,1.0,15.884,3.3649200000000006
Spelthorne 004,E02006406,E,6394,493,464,365,581,0.6,0.8,12.9762,2.9869060000000003
Spelthorne 005,E02006407,E,7156,552,519,409,651,0.6,0.8,14.5328,3.189264
Spelthorne 006,E02006408,E,6690,516,485,382,608,0.6,0.8,13.577,3.06501
Spelthorne 007,E02006409,E,5477,423,397,313,498,0.4,0.6,11.9311,2.851043
Spelthorne 008,E02006410,E,6569,507,476,375,597,0.2,0.4,16.4985,3.4448049999999997
Spelthorne 009,E02006411,E,5780,446,419,330,526,0.8,1.0,10.9,2.717
Spelthorne 010,E02006412,E,5531,427,401,316,502,0.8,1.0,10.417300000000001,2.654249
Spelthorne 011,E02006413,E,4968,383,360,284,452,0.6,0.8,10.0884,2.611492
Spelthorne 012,E02006414,E,5050,390,366,288,459,0.6,0.8,10.248,2.63224
Spelthorne 013,E02006415,E,5430,419,394,310,493,0.8,1.0,10.228,2.62964
St Albans 001,E02004924,E,5963,424,375,296,551,0.8,1.0,10.927900000000001,2.7206270000000004
St Albans 002,E02004925,E,6337,451,398,314,586,0.8,1.0,11.6151,2.8099629999999998
St Albans 003,E02004926,E,6378,454,401,317,589,0.8,1.0,11.6874,2.819362
St Albans 004,E02004927,E,5280,376,332,262,488,0.8,1.0,9.678,2.5581400000000003
St Albans 005,E02004928,E,5582,397,351,277,516,0.8,1.0,10.2316,2.630108
St Albans 006,E02004929,E,5131,365,322,255,474,0.6,0.8,10.0463,2.606019
St Albans 007,E02004930,E,5624,400,353,279,520,0.8,1.0,10.3082,2.640066
St Albans 008,E02004931,E,5353,381,336,266,495,0.8,1.0,9.8149,2.575937
St Albans 009,E02004932,E,6347,451,399,315,587,0.6,0.8,12.4341,2.9164330000000005
St Albans 010,E02004933,E,5690,405,358,282,526,0.8,1.0,10.429,2.6557700000000004
St Albans 011,E02004934,E,5896,420,371,293,545,0.8,1.0,10.8108,2.705404
St Albans 012,E02004935,E,6264,446,394,311,579,0.8,1.0,11.4832,2.792816
St Albans 013,E02004936,E,5091,362,320,253,470,0.8,1.0,9.3263,2.512419
St Albans 014,E02004937,E,5277,375,332,262,488,0.8,1.0,9.6751,2.5577630000000005
St Albans 015,E02004938,E,4912,349,309,244,454,0.6,0.8,9.6216,2.550808
St Albans 016,E02004939,E,5449,388,342,270,504,0.6,0.8,10.672699999999999,2.6874510000000003
St Albans 017,E02004940,E,6063,431,381,301,561,0.6,0.8,11.8809,2.844517
St Albans 018,E02004941,E,7832,557,492,389,725,0.6,0.8,15.351600000000001,3.2957080000000003
St Albans 019,E02004942,E,5050,359,317,251,467,0.6,0.8,9.893,2.5860900000000004
St Albans 020,E02004943,E,6372,453,400,316,589,0.8,1.0,11.6766,2.817958
St Edmundsbury 001,E02006273,E,5152,442,419,331,632,0.6,0.8,12.7126,2.9526380000000003
St Edmundsbury 002,E02006274,E,5857,502,476,376,718,0.4,0.6,15.537099999999999,3.3198229999999995
St Edmundsbury 003,E02006275,E,5857,503,476,377,718,0.2,0.4,17.5965,3.5875449999999995
St Edmundsbury 004,E02006276,E,5340,458,434,343,654,0.6,0.8,13.163,3.01119
St Edmundsbury 005,E02006277,E,6485,556,527,417,795,0.8,1.0,14.9415,3.242395
St Edmundsbury 006,E02006278,E,6859,588,557,441,841,0.4,0.6,18.1997,3.6659610000000002
St Edmundsbury 007,E02006279,E,7366,632,599,474,903,0.6,0.8,18.1728,3.662464
St Edmundsbury 008,E02006280,E,7573,650,616,487,928,0.6,0.8,18.6789,3.728257
St Edmundsbury 009,E02006281,E,6887,591,560,443,844,0.6,0.8,16.987099999999998,3.508323
St Edmundsbury 010,E02006282,E,5048,433,410,325,618,0.6,0.8,12.4434,2.917642
St Edmundsbury 011,E02006283,E,5902,506,480,379,723,0.6,0.8,14.5506,3.191578
St Edmundsbury 012,E02006284,E,6342,544,516,408,778,0.4,0.6,16.8386,3.4890179999999997
St Edmundsbury 013,E02006285,E,6489,557,527,417,795,0.4,0.6,17.210700000000003,3.5373910000000004
St Edmundsbury 014,E02006286,E,9172,787,746,590,1124,0.4,0.6,24.337600000000002,4.463888000000001
St. Helens 001,E02001406,E,6393,535,507,395,595,0.6,0.8,13.5359,3.059667
St. Helens 002,E02001407,E,5075,425,403,313,472,0.6,0.8,10.741499999999998,2.696395
St. Helens 003,E02001408,E,4725,396,375,292,440,0.4,0.6,10.7415,2.696395
St. Helens 004,E02001409,E,8066,676,640,498,750,0.2,0.4,21.107,4.04391
St. Helens 005,E02001410,E,4796,402,381,296,446,0.2,0.4,12.552,2.93176
St. Helens 006,E02001411,E,4822,404,383,298,449,0.2,0.4,12.629,2.94177
St. Helens 007,E02001412,E,7249,607,576,448,675,0.2,0.4,18.985500000000002,3.7681150000000008
St. Helens 008,E02001413,E,7955,666,632,491,740,0.2,0.4,20.820500000000003,4.006665000000001
St. Helens 009,E02001414,E,4400,369,349,272,409,0.8,1.0,8.614999999999998,2.41995
St. Helens 010,E02001415,E,5416,454,430,334,504,0.0,0.2,16.0556,3.3872279999999995
St. Helens 011,E02001416,E,4868,408,387,301,453,0.0,0.2,14.4388,3.1770440000000004
St. Helens 012,E02001417,E,5907,495,469,365,549,0.0,0.2,17.5072,3.5759360000000004
St. Helens 013,E02001418,E,4302,360,341,266,400,0.0,0.2,12.7482,2.957266
St. Helens 014,E02001419,E,5602,469,445,346,521,0.0,0.2,16.6052,3.4586760000000005
St. Helens 015,E02001420,E,8386,703,666,518,781,0.2,0.4,21.964,4.15532
St. Helens 016,E02001421,E,8634,723,685,533,803,0.2,0.4,22.593000000000004,4.23709
St. Helens 017,E02001422,E,5229,438,415,323,486,0.0,0.2,15.4954,3.3144020000000003
St. Helens 018,E02001423,E,5196,435,413,321,484,0.4,0.6,11.8148,2.8359240000000003
St. Helens 019,E02001424,E,11114,931,882,686,1035,0.0,0.2,32.955400000000004,5.584202
St. Helens 020,E02001425,E,8594,720,682,531,800,0.0,0.2,25.483400000000003,4.6128420000000006
St. Helens 021,E02001426,E,4437,372,352,274,413,0.2,0.4,11.6165,2.8101450000000003
St. Helens 022,E02001427,E,8390,703,666,518,781,0.0,0.2,24.877000000000002,4.53401
St. Helens 023,E02001428,E,4480,375,356,277,417,0.6,0.8,9.49,2.5337
Stafford 001,E02006188,E,5007,474,447,352,587,0.6,0.8,12.4551,2.919163
Stafford 002,E02006189,E,6054,573,540,425,709,0.6,0.8,15.046199999999999,3.256006
Stafford 003,E02006190,E,8726,826,778,613,1022,0.4,0.6,23.3238,4.332094
Stafford 004,E02006191,E,6757,640,603,474,792,0.8,1.0,15.595099999999999,3.327363
Stafford 005,E02006192,E,6848,649,611,481,803,0.6,0.8,17.034399999999998,3.5144719999999996
Stafford 006,E02006193,E,5463,517,487,384,640,0.8,1.0,12.6069,2.938897
Stafford 007,E02006194,E,6468,612,577,454,758,0.4,0.6,17.2924,3.548012
Stafford 008,E02006195,E,7020,665,626,493,823,0.8,1.0,16.206,3.4067800000000004
Stafford 009,E02006196,E,6068,575,541,426,711,0.4,0.6,16.2224,3.408912
Stafford 010,E02006197,E,6955,659,620,488,814,0.2,0.4,21.1185,4.045405000000001
Stafford 011,E02006198,E,7156,678,638,502,839,0.8,1.0,16.5178,3.4473140000000004
Stafford 012,E02006199,E,6930,656,618,487,812,0.8,1.0,15.993999999999998,3.37922
Stafford 013,E02006200,E,6739,638,601,473,790,0.2,0.4,20.4785,3.962205
Stafford 014,E02006201,E,10300,975,919,723,1207,0.8,1.0,23.77,4.3901
Stafford 015,E02006202,E,7321,693,653,514,858,0.6,0.8,18.2023,3.6662990000000004
Stafford 016,E02006203,E,6683,633,596,469,783,0.2,0.4,20.3035,3.9394549999999997
Staffordshire Moorlands 001,E02006204,E,5260,598,554,443,710,0.2,0.4,18.261,3.6739300000000004
Staffordshire Moorlands 002,E02006205,E,5059,576,533,426,683,0.8,1.0,13.3787,3.039231
Staffordshire Moorlands 003,E02006206,E,6007,683,633,506,811,0.2,0.4,20.8585,4.011605
Staffordshire Moorlands 004,E02006207,E,4532,516,477,382,611,0.6,0.8,12.9306,2.9809780000000003
Staffordshire Moorlands 005,E02006208,E,5864,667,617,494,792,0.2,0.4,20.363,3.94719
Staffordshire Moorlands 006,E02006209,E,7814,889,823,658,1054,0.8,1.0,20.6522,3.9847860000000006
Staffordshire Moorlands 007,E02006210,E,3944,449,415,332,532,0.4,0.6,12.1172,2.875236
Staffordshire Moorlands 008,E02006211,E,4653,529,490,392,628,0.8,1.0,12.3019,2.899247
Staffordshire Moorlands 009,E02006212,E,5662,644,596,477,763,0.8,1.0,14.9566,3.244358
Staffordshire Moorlands 010,E02006213,E,4713,536,496,397,636,0.4,0.6,14.483900000000002,3.182907
Staffordshire Moorlands 011,E02006214,E,4400,500,463,371,594,0.4,0.6,13.526,3.05838
Staffordshire Moorlands 012,E02006215,E,5640,641,594,475,761,0.6,0.8,16.095999999999997,3.39248
Staffordshire Moorlands 013,E02006216,E,6263,712,659,528,845,0.8,1.0,16.5559,3.452267
Stevenage 001,E02004944,E,5852,384,339,262,412,0.4,0.6,10.3956,2.651428
Stevenage 002,E02004945,E,10231,671,593,457,720,0.4,0.6,18.165300000000002,3.6614890000000004
Stevenage 003,E02004946,E,5490,360,318,245,387,0.2,0.4,11.456,2.7892799999999998
Stevenage 004,E02004947,E,5486,360,318,245,386,0.8,1.0,8.4728,2.401464
Stevenage 005,E02004948,E,5027,330,291,225,354,0.4,0.6,8.9301,2.4609129999999997
Stevenage 006,E02004949,E,6940,455,402,310,489,0.2,0.4,14.481,3.18253
Stevenage 007,E02004950,E,5881,386,341,263,414,0.4,0.6,10.4463,2.6580190000000004
Stevenage 008,E02004951,E,6086,399,353,272,428,0.2,0.4,12.692,2.94996
Stevenage 009,E02004952,E,5776,379,335,258,406,0.4,0.6,10.2508,2.632604
Stevenage 010,E02004953,E,5389,353,312,241,379,0.2,0.4,11.2365,2.760745
Stevenage 011,E02004954,E,5545,364,321,248,390,0.4,0.6,9.8435,2.5796550000000003
Stevenage 012,E02004955,E,5127,336,297,229,361,0.4,0.6,9.104099999999999,2.483533
Stockport 001,E02001187,E,6024,456,435,349,568,0.2,0.4,15.379000000000001,3.2992700000000004
Stockport 002,E02001188,E,6655,504,480,386,627,0.0,0.2,19.139,3.7880700000000003
Stockport 003,E02001189,E,7027,532,507,407,661,0.4,0.6,15.574100000000001,3.3246330000000004
Stockport 004,E02001190,E,5603,424,404,325,528,0.0,0.2,16.1128,3.3946639999999997
Stockport 005,E02001191,E,4895,370,353,284,461,0.2,0.4,12.4895,2.923635
Stockport 006,E02001192,E,5402,409,390,313,509,0.6,0.8,11.1626,2.751138
Stockport 007,E02001193,E,5111,387,369,296,481,0.0,0.2,14.6906,3.209778
Stockport 008,E02001194,E,4931,373,356,286,464,0.6,0.8,10.1833,2.6238289999999997
Stockport 009,E02001195,E,6242,472,450,362,588,0.2,0.4,15.927,3.3705100000000003
Stockport 010,E02001196,E,6323,479,456,367,596,0.4,0.6,14.032900000000001,3.124277
Stockport 011,E02001197,E,5217,395,376,303,492,0.4,0.6,11.5811,2.805543
Stockport 012,E02001198,E,6322,479,456,367,596,0.2,0.4,16.143,3.3985900000000004
Stockport 013,E02001199,E,6541,495,472,379,616,0.6,0.8,13.5113,3.056469
Stockport 014,E02001200,E,5381,407,388,312,507,0.0,0.2,15.471599999999999,3.3113080000000004
Stockport 015,E02001201,E,4846,367,350,281,457,0.4,0.6,10.7578,2.6985140000000003
Stockport 016,E02001202,E,5106,387,369,296,481,0.0,0.2,14.6876,3.209388
Stockport 017,E02001203,E,4859,368,350,282,457,0.8,1.0,9.3307,2.5129910000000004
Stockport 018,E02001204,E,7489,567,540,434,706,0.2,0.4,19.115499999999997,3.7850149999999996
Stockport 019,E02001205,E,6522,494,471,378,615,0.2,0.4,16.653,3.4648899999999996
Stockport 020,E02001206,E,5868,444,423,340,553,0.4,0.6,13.0164,2.9921320000000002
Stockport 021,E02001207,E,5877,445,424,341,554,0.6,0.8,12.1481,2.8792530000000003
Stockport 022,E02001208,E,6051,458,437,351,570,0.4,0.6,13.4253,3.0452890000000004
Stockport 023,E02001209,E,6481,491,468,376,611,0.2,0.4,16.5495,3.451435
Stockport 024,E02001210,E,5782,438,417,335,544,0.0,0.2,16.6172,3.460236
Stockport 025,E02001211,E,5036,381,363,292,475,0.6,0.8,10.4098,2.653274
Stockport 026,E02001212,E,5440,412,393,315,513,0.0,0.2,15.649999999999999,3.3345000000000002
Stockport 027,E02001213,E,7651,579,552,444,721,0.6,0.8,15.8123,3.3555989999999998
Stockport 028,E02001214,E,6244,473,451,362,589,0.4,0.6,13.863200000000003,3.1022160000000003
Stockport 029,E02001215,E,4864,368,351,282,459,0.6,0.8,10.0582,2.6075660000000003
Stockport 030,E02001216,E,6126,464,442,355,577,0.8,1.0,11.771799999999999,2.8303339999999997
Stockport 031,E02001217,E,5516,417,398,320,520,0.2,0.4,14.081000000000001,3.1305300000000003
Stockport 032,E02001218,E,4913,372,354,285,463,0.8,1.0,9.4439,2.527707
Stockport 033,E02001219,E,4572,346,330,265,431,0.8,1.0,8.7896,2.442648
Stockport 034,E02001220,E,4639,351,335,269,437,0.6,0.8,9.5857,2.546141
Stockport 035,E02001221,E,5030,381,363,292,474,0.8,1.0,9.671,2.55723
Stockport 036,E02001222,E,5200,394,375,302,490,0.6,0.8,10.748,2.69724
Stockport 037,E02001223,E,5778,437,417,335,544,0.8,1.0,11.1004,2.7430520000000005
Stockport 038,E02001224,E,4873,369,352,283,459,0.8,1.0,9.367899999999999,2.517827
Stockport 039,E02001225,E,5932,449,428,344,559,0.8,1.0,11.4026,2.782338
Stockport 040,E02001226,E,5707,432,412,331,538,0.6,0.8,11.7971,2.8336230000000002
Stockport 041,E02001227,E,4777,361,345,277,450,0.8,1.0,9.1801,2.4934130000000003
Stockport 042,E02001228,E,4536,343,327,263,427,0.8,1.0,8.712800000000001,2.432664
Stockton-on-Tees 001,E02002535,E,7947,672,641,507,731,0.6,0.8,16.868100000000002,3.492853
Stockton-on-Tees 002,E02002536,E,7600,643,613,485,699,0.2,0.4,19.964,3.89532
Stockton-on-Tees 003,E02002537,E,7140,604,576,456,657,0.0,0.2,21.26,4.0638000000000005
Stockton-on-Tees 004,E02002538,E,4742,401,383,303,436,0.2,0.4,12.459,2.91967
Stockton-on-Tees 005,E02002539,E,6967,589,562,445,640,0.8,1.0,13.6571,3.075423
Stockton-on-Tees 006,E02002540,E,4981,421,402,318,458,0.6,0.8,10.572299999999998,2.674399
Stockton-on-Tees 007,E02002541,E,4992,422,402,319,460,0.2,0.4,13.123000000000001,3.00599
Stockton-on-Tees 008,E02002542,E,6608,559,533,422,608,0.0,0.2,19.6748,3.857724
Stockton-on-Tees 009,E02002543,E,6540,553,527,418,602,0.0,0.2,19.474,3.83162
Stockton-on-Tees 010,E02002544,E,6808,576,549,435,626,0.0,0.2,20.266800000000003,3.9346840000000007
Stockton-on-Tees 011,E02002545,E,4274,362,345,273,393,0.6,0.8,9.074200000000001,2.4796460000000002
Stockton-on-Tees 012,E02002546,E,6130,519,494,391,564,0.0,0.2,18.248,3.6722400000000004
Stockton-on-Tees 013,E02002547,E,5025,425,405,321,462,0.4,0.6,11.447500000000002,2.7881750000000003
Stockton-on-Tees 014,E02002548,E,8897,753,718,568,819,0.0,0.2,26.4972,4.744636
Stockton-on-Tees 015,E02002549,E,6211,526,501,397,571,0.6,0.8,13.1853,3.0140890000000002
Stockton-on-Tees 016,E02002550,E,5069,429,409,324,466,0.2,0.4,13.3175,3.031275
Stockton-on-Tees 017,E02002551,E,5173,438,417,330,476,0.0,0.2,15.4008,3.302104
Stockton-on-Tees 018,E02002552,E,5399,457,435,345,496,0.2,0.4,14.1775,3.143075
Stockton-on-Tees 019,E02002553,E,4666,395,376,298,429,0.2,0.4,12.256,2.89328
Stockton-on-Tees 020,E02002554,E,4361,369,352,278,401,0.0,0.2,12.979600000000001,2.9873480000000003
Stockton-on-Tees 021,E02002555,E,7863,665,634,502,723,0.8,1.0,15.4199,3.3045869999999997
Stockton-on-Tees 022,E02002556,E,5671,480,457,362,521,0.8,1.0,11.1163,2.745119
Stockton-on-Tees 023,E02002557,E,10999,931,887,702,1011,0.8,1.0,21.566699999999997,4.103670999999999
Stockton-on-Tees 024,E02002558,E,7719,653,622,493,710,0.8,1.0,15.140699999999999,3.268291
Stoke-on-Trent 001,E02002951,E,6598,468,427,328,467,0.2,0.4,14.311,3.16043
Stoke-on-Trent 002,E02002952,E,5840,414,378,290,414,0.0,0.2,14.462,3.18006
Stoke-on-Trent 003,E02002953,E,6284,446,407,313,446,0.0,0.2,15.578400000000002,3.3251920000000004
Stoke-on-Trent 004,E02002954,E,7061,501,457,351,500,0.0,0.2,17.4836,3.5728679999999997
Stoke-on-Trent 005,E02002955,E,6025,427,390,300,427,0.0,0.2,14.924,3.24012
Stoke-on-Trent 006,E02002956,E,7934,562,514,395,562,0.0,0.2,19.6494,3.8544220000000005
Stoke-on-Trent 007,E02002957,E,8337,591,540,415,590,0.6,0.8,14.4081,3.173053
Stoke-on-Trent 008,E02002958,E,6821,484,442,339,483,0.2,0.4,14.799499999999998,3.223935
Stoke-on-Trent 009,E02002959,E,7213,511,467,359,511,0.0,0.2,17.8628,3.6221639999999997
Stoke-on-Trent 010,E02002960,E,5046,358,327,251,357,0.2,0.4,10.946000000000002,2.72298
Stoke-on-Trent 011,E02002961,E,5540,393,359,276,393,0.0,0.2,13.732,3.08516
Stoke-on-Trent 012,E02002962,E,5950,422,385,296,422,0.0,0.2,14.741,3.21633
Stoke-on-Trent 013,E02002963,E,6237,442,404,310,442,0.0,0.2,15.446200000000001,3.3080060000000007
Stoke-on-Trent 014,E02002964,E,7285,516,472,362,516,0.2,0.4,15.8045,3.354585
Stoke-on-Trent 015,E02002965,E,6094,432,395,303,432,0.0,0.2,15.096400000000003,3.262532
Stoke-on-Trent 016,E02002966,E,7763,550,503,386,550,0.0,0.2,19.224800000000002,3.7992240000000006
Stoke-on-Trent 017,E02002967,E,8335,591,540,415,590,0.0,0.2,20.641,3.9833299999999996
Stoke-on-Trent 018,E02002968,E,7722,547,500,384,547,0.2,0.4,16.754,3.47802
Stoke-on-Trent 019,E02002969,E,7399,525,479,368,525,0.0,0.2,18.3354,3.6836020000000005
Stoke-on-Trent 020,E02002970,E,6946,492,450,345,492,0.0,0.2,17.1966,3.535558
Stoke-on-Trent 021,E02002971,E,4492,318,291,223,318,0.0,0.2,11.1172,2.7452360000000002
Stoke-on-Trent 022,E02002972,E,5357,380,347,266,379,0.0,0.2,13.259200000000002,3.023696
Stoke-on-Trent 023,E02002973,E,6879,488,445,342,487,0.2,0.4,14.921500000000002,3.2397950000000004
Stoke-on-Trent 024,E02002974,E,4808,341,311,239,341,0.2,0.4,10.436,2.65668
Stoke-on-Trent 025,E02002975,E,6547,464,424,326,464,0.6,0.8,11.322099999999999,2.7718730000000003
Stoke-on-Trent 026,E02002976,E,5138,364,333,256,364,0.2,0.4,11.153,2.74989
Stoke-on-Trent 027,E02002977,E,5031,357,326,250,357,0.0,0.2,12.467600000000001,2.920788
Stoke-on-Trent 028,E02002978,E,5457,387,353,271,387,0.0,0.2,13.515200000000002,3.0569760000000006
Stoke-on-Trent 029,E02002979,E,4808,341,311,239,341,0.0,0.2,11.9098,2.848274
Stoke-on-Trent 030,E02002980,E,5200,369,337,259,369,0.6,0.8,9.0,2.4699999999999998
Stoke-on-Trent 031,E02002981,E,7063,501,457,351,500,0.0,0.2,17.4848,3.573024
Stoke-on-Trent 032,E02002982,E,6027,427,390,300,427,0.0,0.2,14.9252,3.240276
Stoke-on-Trent 033,E02002983,E,4770,338,309,237,338,0.6,0.8,8.246,2.37198
Stoke-on-Trent 034,E02002984,E,4921,349,319,245,349,0.8,1.0,7.8763000000000005,2.323919
Stratford-on-Avon 001,E02006504,E,5173,518,501,403,722,0.6,0.8,14.5489,3.191357
Stratford-on-Avon 002,E02006505,E,6064,607,587,472,846,0.6,0.8,17.047199999999997,3.5161359999999995
Stratford-on-Avon 003,E02006506,E,5356,536,518,417,748,0.6,0.8,15.0638,3.2582940000000002
Stratford-on-Avon 004,E02006507,E,8249,827,799,643,1152,0.8,1.0,21.6137,4.109781
Stratford-on-Avon 005,E02006508,E,8601,862,833,670,1200,0.6,0.8,24.1863,4.444219
Stratford-on-Avon 006,E02006509,E,5540,555,536,432,773,0.6,0.8,15.579,3.3252700000000006
Stratford-on-Avon 007,E02006510,E,5632,564,545,439,786,0.6,0.8,15.8386,3.359018
Stratford-on-Avon 008,E02006511,E,8348,836,808,650,1166,0.6,0.8,23.4844,4.352972
Stratford-on-Avon 009,E02006512,E,9930,995,961,773,1386,0.6,0.8,27.924,4.9301200000000005
Stratford-on-Avon 010,E02006513,E,6820,683,660,531,952,0.8,1.0,17.859,3.62167
Stratford-on-Avon 011,E02006514,E,8249,826,799,642,1152,0.8,1.0,21.606699999999996,4.108871
Stratford-on-Avon 012,E02006515,E,8402,842,813,654,1173,0.6,0.8,23.629599999999996,4.371848
Stratford-on-Avon 013,E02006516,E,8215,823,795,640,1147,0.6,0.8,23.1075,4.303975
Stratford-on-Avon 014,E02006517,E,6700,671,649,522,936,0.8,1.0,17.555999999999997,3.58228
Stratford-on-Avon 015,E02006518,E,8467,848,820,660,1182,0.6,0.8,23.8181,4.396353
Stroud 001,E02004651,E,6393,658,607,476,754,0.6,0.8,16.3359,3.423667
Stroud 002,E02004652,E,5281,543,502,393,623,0.8,1.0,12.4923,2.9239990000000002
Stroud 003,E02004653,E,5493,565,522,409,648,0.6,0.8,14.038899999999998,3.125057
Stroud 004,E02004654,E,9415,969,894,701,1110,0.6,0.8,24.0535,4.426955
Stroud 005,E02004655,E,6474,666,615,482,764,0.4,0.6,17.794200000000004,3.613246
Stroud 006,E02004656,E,9300,957,883,692,1096,0.4,0.6,25.540000000000003,4.6202000000000005
Stroud 007,E02004657,E,5759,593,547,429,679,0.8,1.0,13.6217,3.0708210000000005
Stroud 008,E02004658,E,5456,561,518,406,644,0.8,1.0,12.9088,2.9781440000000003
Stroud 009,E02004659,E,5247,540,498,391,619,0.8,1.0,12.4141,2.9138330000000003
Stroud 010,E02004660,E,5425,558,515,404,640,0.8,1.0,12.833499999999999,2.968355
Stroud 011,E02004661,E,6842,704,650,509,807,0.6,0.8,17.482599999999998,3.572738
Stroud 012,E02004662,E,5079,523,483,378,599,0.6,0.8,12.980699999999999,2.987491
Stroud 013,E02004663,E,5544,571,527,413,654,0.8,1.0,13.118200000000002,3.0053660000000004
Stroud 014,E02004664,E,5614,578,533,418,662,0.4,0.6,15.4242,3.3051460000000006
Stroud 015,E02004665,E,7216,742,685,537,850,0.8,1.0,17.053800000000003,3.5169940000000004
Suffolk Coastal 001,E02006287,E,4426,559,549,449,770,0.4,0.6,16.5758,3.454854
Suffolk Coastal 002,E02006288,E,6603,833,819,670,1149,0.6,0.8,22.9119,4.278547
Suffolk Coastal 003,E02006289,E,6162,778,765,625,1072,0.4,0.6,23.0786,4.300218
Suffolk Coastal 004,E02006290,E,6060,765,752,615,1054,0.4,0.6,22.694,4.25022
Suffolk Coastal 005,E02006291,E,5243,662,651,532,912,0.8,1.0,16.890900000000002,3.4958170000000006
Suffolk Coastal 006,E02006292,E,4874,615,605,494,847,0.6,0.8,16.8992,3.4968960000000004
Suffolk Coastal 007,E02006293,E,7973,1006,989,809,1387,0.6,0.8,27.6619,4.896047
Suffolk Coastal 008,E02006294,E,6032,761,748,612,1049,0.6,0.8,20.9226,4.019938
Suffolk Coastal 009,E02006295,E,6923,874,859,702,1204,0.8,1.0,22.2969,4.198597
Suffolk Coastal 010,E02006296,E,9515,1201,1180,965,1655,0.8,1.0,30.6465,5.284045
Suffolk Coastal 011,E02006297,E,5971,754,741,606,1038,0.8,1.0,19.2293,3.7998089999999998
Suffolk Coastal 012,E02006298,E,6603,833,819,670,1149,0.6,0.8,22.9119,4.278547
Suffolk Coastal 013,E02006299,E,6214,784,771,630,1081,0.8,1.0,20.0152,3.9019760000000003
Suffolk Coastal 014,E02006300,E,5592,706,694,567,973,0.0,0.2,26.0002,4.680026
Suffolk Coastal 015,E02006301,E,4393,554,545,446,763,0.4,0.6,16.4379,3.436927
Sunderland 001,E02001791,E,4355,374,367,302,406,0.8,1.0,8.764499999999998,2.4393849999999997
Sunderland 002,E02001792,E,5367,461,452,372,501,0.6,0.8,11.711100000000002,2.8224430000000003
Sunderland 003,E02001793,E,6306,541,531,437,588,0.0,0.2,19.2586,3.803618
Sunderland 004,E02001794,E,6526,560,550,452,608,0.0,0.2,19.9256,3.8903280000000002
Sunderland 005,E02001795,E,5708,490,481,395,532,0.0,0.2,17.428800000000003,3.5657440000000005
Sunderland 006,E02001796,E,6980,599,588,483,651,0.4,0.6,16.354,3.4260200000000003
Sunderland 007,E02001797,E,4403,378,371,305,410,0.4,0.6,10.3109,2.6404170000000002
Sunderland 008,E02001798,E,6216,533,524,430,579,0.0,0.2,18.9726,3.766438
Sunderland 009,E02001799,E,7527,646,634,521,701,0.0,0.2,22.9752,4.286776000000001
Sunderland 010,E02001800,E,5473,470,461,379,510,0.2,0.4,14.7635,3.2192550000000004
Sunderland 011,E02001801,E,4983,428,420,345,465,0.2,0.4,13.4505,3.048565
Sunderland 012,E02001802,E,4741,407,400,328,442,0.0,0.2,14.4796,3.182348
Sunderland 013,E02001803,E,6503,558,548,450,606,0.0,0.2,19.8538,3.8809940000000003
Sunderland 014,E02001804,E,4859,417,409,336,453,0.0,0.2,14.833400000000001,3.2283420000000005
Sunderland 015,E02001805,E,4405,378,371,305,411,0.2,0.4,11.887500000000001,2.845375
Sunderland 016,E02001806,E,6444,553,543,446,600,0.0,0.2,19.668400000000002,3.856892
Sunderland 017,E02001807,E,5489,471,463,380,512,0.2,0.4,14.8135,3.225755
Sunderland 018,E02001808,E,4559,391,384,316,425,0.4,0.6,10.681700000000001,2.6886210000000004
Sunderland 019,E02001809,E,4935,424,416,342,459,0.2,0.4,13.305500000000002,3.0297150000000004
Sunderland 020,E02001810,E,6455,554,544,447,602,0.4,0.6,15.1265,3.266445
Sunderland 021,E02001811,E,6909,593,582,479,644,0.0,0.2,21.101399999999998,4.043182
Sunderland 022,E02001812,E,7875,676,664,546,734,0.6,0.8,17.174500000000002,3.5326850000000007
Sunderland 023,E02001813,E,7593,652,640,526,708,0.0,0.2,23.193800000000003,4.315194000000001
Sunderland 024,E02001814,E,4820,414,406,334,449,0.2,0.4,13.001999999999999,2.99026
Sunderland 025,E02001815,E,7770,667,655,538,724,0.4,0.6,18.201,3.66613
Sunderland 026,E02001816,E,5201,446,438,360,484,0.0,0.2,15.868599999999999,3.3629179999999996
Sunderland 027,E02001817,E,4732,406,399,328,442,0.2,0.4,12.780000000000001,2.9614000000000003
Sunderland 028,E02001818,E,6345,545,535,440,592,0.2,0.4,17.1315,3.527095
Sunderland 029,E02001819,E,5223,448,440,362,487,0.6,0.8,11.389899999999999,2.780687
Sunderland 030,E02001820,E,6416,551,541,444,598,0.2,0.4,17.309,3.5501700000000005
Sunderland 031,E02001821,E,4476,384,377,310,417,0.4,0.6,10.482800000000001,2.662764
Sunderland 032,E02001822,E,5714,491,482,396,533,0.2,0.4,15.426000000000002,3.3053800000000004
Sunderland 033,E02001823,E,5363,460,452,372,499,0.2,0.4,14.461500000000001,3.179995
Sunderland 034,E02001824,E,6325,543,533,438,589,0.2,0.4,17.0575,3.517475
Sunderland 035,E02001825,E,5316,456,448,368,495,0.2,0.4,14.334,3.1634200000000003
Sunderland 036,E02001826,E,4963,426,418,344,463,0.0,0.2,15.1618,3.271034
Surrey Heath 001,E02006416,E,6243,521,487,394,734,0.8,1.0,13.9329,3.1112770000000003
Surrey Heath 002,E02006417,E,4263,355,333,269,502,0.8,1.0,9.521899999999999,2.537847
Surrey Heath 003,E02006418,E,5176,432,404,327,609,0.8,1.0,11.5588,2.802644
Surrey Heath 004,E02006419,E,6043,504,471,382,711,0.4,0.6,15.5289,3.3187569999999997
Surrey Heath 005,E02006420,E,5651,471,441,357,664,0.8,1.0,12.6083,2.939079
Surrey Heath 006,E02006421,E,6600,550,515,417,776,0.8,1.0,14.731,3.21503
Surrey Heath 007,E02006422,E,4610,385,360,291,542,0.8,1.0,10.29,2.6376999999999997
Surrey Heath 008,E02006423,E,7890,658,615,498,928,0.6,0.8,18.841,3.7493300000000005
Surrey Heath 009,E02006424,E,4712,393,368,298,554,0.8,1.0,10.5196,2.667548
Surrey Heath 010,E02006425,E,4710,393,367,297,554,0.8,1.0,10.512,2.66656
Surrey Heath 011,E02006426,E,4359,363,340,275,512,0.8,1.0,9.7207,2.5636910000000004
Surrey Heath 012,E02006427,E,5413,451,422,342,636,0.8,1.0,12.0759,2.869867
Sutton 001,E02000840,E,7503,490,432,332,526,0.0,0.2,17.7478,3.607214
Sutton 002,E02000841,E,8007,523,461,355,560,0.2,0.4,16.6215,3.460795
Sutton 003,E02000842,E,7037,460,406,312,492,0.8,1.0,10.815100000000001,2.705963
Sutton 004,E02000843,E,6882,450,397,305,481,0.4,0.6,12.1546,2.8800980000000003
Sutton 005,E02000844,E,7141,467,412,317,500,0.4,0.6,12.6263,2.9414190000000002
Sutton 006,E02000845,E,8142,532,469,361,570,0.8,1.0,12.5196,2.9275480000000003
Sutton 007,E02000846,E,6474,423,373,287,453,0.6,0.8,10.6982,2.690766
Sutton 008,E02000847,E,8078,528,466,358,566,0.8,1.0,12.4274,2.9155620000000004
Sutton 009,E02000848,E,7242,473,417,321,507,0.8,1.0,11.1346,2.747498
Sutton 010,E02000849,E,6869,449,396,305,481,0.6,0.8,11.358699999999999,2.776631
Sutton 011,E02000850,E,9464,618,546,419,663,0.6,0.8,15.6472,3.334136
Sutton 012,E02000851,E,7646,500,441,339,535,0.4,0.6,13.511800000000001,3.056534
Sutton 013,E02000852,E,6826,446,393,302,478,0.8,1.0,10.4938,2.664194
Sutton 014,E02000853,E,6970,455,402,309,488,0.6,0.8,11.521999999999998,2.79786
Sutton 015,E02000854,E,6520,426,376,289,457,0.8,1.0,10.032,2.6041600000000003
Sutton 016,E02000855,E,7149,467,412,317,500,0.8,1.0,10.9877,2.728401
Sutton 017,E02000856,E,7506,491,433,333,526,0.6,0.8,12.4168,2.914184
Sutton 018,E02000857,E,7258,474,418,322,508,0.8,1.0,11.1594,2.750722
Sutton 019,E02000858,E,7062,461,407,313,494,0.0,0.2,16.6962,3.4705060000000003
Sutton 020,E02000859,E,7495,490,432,332,524,0.6,0.8,12.3805,2.909465
Sutton 021,E02000860,E,6975,456,402,309,488,0.4,0.6,12.322500000000002,2.9019250000000003
Sutton 022,E02000861,E,6882,450,397,305,481,0.8,1.0,10.5746,2.6746980000000002
Sutton 024,E02000863,E,5845,382,337,259,409,0.6,0.8,9.6595,2.5557350000000003
Sutton 025,E02006836,E,7594,496,438,337,532,0.8,1.0,11.6832,2.818816
Swale 001,E02005115,E,5630,462,418,317,486,0.0,0.2,15.829,3.3577700000000004
Swale 002,E02005116,E,5873,482,436,331,507,0.0,0.2,16.5148,3.446924
Swale 003,E02005117,E,5674,466,422,320,490,0.2,0.4,14.043,3.12559
Swale 004,E02005118,E,8765,720,651,494,757,0.2,0.4,21.688499999999998,4.119505
Swale 005,E02005119,E,5493,451,408,309,475,0.0,0.2,15.453800000000001,3.308994
Swale 006,E02005120,E,7386,607,549,416,638,0.0,0.2,20.779600000000002,4.001348
Swale 007,E02005121,E,11930,980,886,672,1031,0.4,0.6,25.487000000000002,4.61331
Swale 008,E02005122,E,6704,551,498,378,579,0.4,0.6,14.321200000000001,3.1617560000000005
Swale 009,E02005123,E,10529,865,782,593,910,0.4,0.6,22.4947,4.224311
Swale 010,E02005124,E,7938,652,590,447,686,0.0,0.2,22.333799999999997,4.203393999999999
Swale 011,E02005125,E,7265,597,540,409,628,0.2,0.4,17.9825,3.6377250000000005
Swale 012,E02005126,E,7439,611,553,419,643,0.4,0.6,15.895700000000001,3.366441
Swale 013,E02005127,E,8400,690,624,473,726,0.6,0.8,16.747,3.4771099999999997
Swale 014,E02005128,E,7998,657,594,451,691,0.4,0.6,17.087400000000002,3.5213620000000008
Swale 015,E02005129,E,10613,872,789,598,917,0.2,0.4,26.2685,4.714905
Swale 016,E02005130,E,7814,642,581,440,675,0.2,0.4,19.337,3.81381
Swale 017,E02005131,E,5420,445,403,305,469,0.4,0.6,11.586,2.8061800000000003
Swindon 001,E02003212,E,7460,570,521,402,600,0.6,0.8,14.072,3.12936
Swindon 003,E02003214,E,5715,437,399,308,460,0.0,0.2,15.285,3.28705
Swindon 004,E02003215,E,6316,482,441,340,508,0.6,0.8,11.910800000000002,2.8484040000000004
Swindon 005,E02003216,E,8218,627,574,442,660,0.4,0.6,16.587400000000002,3.4563620000000004
Swindon 006,E02003217,E,5885,449,411,317,473,0.2,0.4,13.8285,3.0977050000000004
Swindon 007,E02003218,E,5939,454,415,320,477,0.0,0.2,15.8724,3.3634120000000003
Swindon 008,E02003219,E,6038,461,422,325,485,0.8,1.0,10.5374,2.669862
Swindon 009,E02003220,E,9281,709,648,500,746,0.6,0.8,17.5003,3.5750390000000003
Swindon 010,E02003221,E,5827,445,407,314,468,0.2,0.4,13.6905,3.079765
Swindon 011,E02003222,E,5698,435,398,307,458,0.8,1.0,9.9484,2.593292
Swindon 012,E02003223,E,8738,667,610,471,702,0.4,0.6,17.645400000000002,3.593902000000001
Swindon 013,E02003224,E,7896,603,552,425,635,0.8,1.0,13.7888,3.092544
Swindon 014,E02003225,E,5382,411,376,290,432,0.6,0.8,10.1426,2.618538
Swindon 015,E02003226,E,7546,576,527,406,606,0.2,0.4,17.723,3.6039899999999996
Swindon 016,E02003227,E,5725,437,400,308,460,0.0,0.2,15.296000000000003,3.2884800000000007
Swindon 017,E02003228,E,5952,455,416,321,479,0.4,0.6,12.0336,2.864368
Swindon 018,E02003229,E,5114,391,357,275,411,0.6,0.8,9.6402,2.553226
Swindon 019,E02003230,E,6570,502,459,354,528,0.4,0.6,13.271,3.0252300000000005
Swindon 020,E02003231,E,7691,587,537,414,618,0.0,0.2,20.5486,3.971318
Swindon 021,E02003232,E,7360,562,514,396,591,0.6,0.8,13.869,3.10297
Swindon 022,E02003233,E,8003,611,559,431,643,0.2,0.4,18.8035,3.7444550000000003
Swindon 023,E02003234,E,7847,599,548,422,631,0.4,0.6,15.848099999999999,3.360253
Swindon 024,E02003235,E,6597,504,461,355,530,0.8,1.0,11.5141,2.796833
Swindon 025,E02003236,E,9495,725,663,511,763,0.6,0.8,17.8985,3.626805
Swindon 026,E02006847,E,8363,639,584,450,672,0.8,1.0,14.5969,3.197597
Swindon 027,E02006848,E,6133,468,428,330,493,0.8,1.0,10.7049,2.691637
Swindon 028,E02006849,E,8155,623,570,439,655,0.8,1.0,14.232499999999998,3.150225
Tameside 001,E02001229,E,8418,630,574,431,625,0.4,0.6,16.1674,3.4017620000000006
Tameside 002,E02001230,E,5318,398,362,272,394,0.4,0.6,10.1994,2.625922
Tameside 003,E02001231,E,6186,463,422,316,459,0.2,0.4,13.89,3.1057
Tameside 004,E02001232,E,7105,532,484,363,526,0.0,0.2,18.196,3.6654800000000005
Tameside 005,E02001233,E,6522,488,445,334,483,0.0,0.2,16.7122,3.4725859999999997
Tameside 006,E02001234,E,6586,493,449,337,489,0.0,0.2,16.8886,3.4955180000000006
Tameside 007,E02001235,E,5672,425,387,290,421,0.2,0.4,12.741,2.9563300000000003
Tameside 008,E02001236,E,4959,371,338,254,368,0.0,0.2,12.714400000000001,2.952872
Tameside 009,E02001237,E,5929,444,404,303,440,0.2,0.4,13.313500000000001,3.030755
Tameside 010,E02001238,E,6722,503,458,344,499,0.2,0.4,15.097999999999999,3.26274
Tameside 011,E02001239,E,7851,588,535,402,582,0.0,0.2,20.123600000000003,3.916068000000001
Tameside 012,E02001240,E,5349,400,365,274,396,0.2,0.4,12.0045,2.8605850000000004
Tameside 013,E02001241,E,8202,614,559,420,609,0.0,0.2,21.0342,4.034446
Tameside 014,E02001242,E,4937,369,337,252,366,0.4,0.6,9.4711,2.531243
Tameside 015,E02001243,E,6809,510,464,348,505,0.4,0.6,13.0667,2.9986710000000003
Tameside 016,E02001244,E,4767,357,325,244,353,0.4,0.6,9.144099999999998,2.488733
Tameside 017,E02001245,E,6788,508,463,347,503,0.0,0.2,17.3928,3.561064
Tameside 018,E02001246,E,6305,472,430,322,467,0.0,0.2,16.151,3.39963
Tameside 019,E02001247,E,5990,448,408,306,444,0.2,0.4,13.440999999999999,3.0473299999999997
Tameside 020,E02001248,E,8874,664,605,454,658,0.0,0.2,22.7434,4.256642
Tameside 021,E02001249,E,5424,406,370,277,402,0.2,0.4,12.173,2.8824899999999998
Tameside 022,E02001250,E,5635,422,384,288,418,0.4,0.6,10.814499999999999,2.705885
Tameside 023,E02001251,E,5208,390,355,266,386,0.4,0.6,9.990400000000001,2.598752
Tameside 024,E02001252,E,6480,485,442,331,481,0.4,0.6,12.440000000000001,2.9172000000000002
Tameside 025,E02001253,E,4489,336,306,230,333,0.2,0.4,10.0825,2.610725
Tameside 026,E02001254,E,5035,377,343,258,374,0.2,0.4,11.3145,2.7708850000000003
Tameside 027,E02001255,E,5252,393,358,269,390,0.0,0.2,13.4692,3.0509960000000005
Tameside 028,E02001256,E,8766,656,598,448,650,0.0,0.2,22.465600000000002,4.220528000000001
Tameside 029,E02001257,E,7877,590,537,403,584,0.0,0.2,20.1902,3.9247260000000006
Tameside 030,E02001258,E,6256,468,426,320,464,0.4,0.6,12.0048,2.860624
Tamworth 001,E02006217,E,6550,559,509,422,658,0.6,0.8,14.466999999999999,3.18071
Tamworth 002,E02006218,E,5833,497,454,376,586,0.2,0.4,15.887500000000001,3.3653750000000002
Tamworth 003,E02006219,E,5861,500,456,378,589,0.4,0.6,13.918300000000002,3.1093790000000006
Tamworth 004,E02006220,E,5498,469,427,354,552,0.4,0.6,13.0434,2.995642
Tamworth 005,E02006221,E,4522,386,352,292,455,0.6,0.8,10.0016,2.6002080000000003
Tamworth 006,E02006222,E,5095,435,396,329,512,0.2,0.4,13.883500000000002,3.1048550000000006
Tamworth 007,E02006223,E,5328,454,414,344,535,0.0,0.2,16.3648,3.4274240000000002
Tamworth 008,E02006224,E,5716,487,444,369,574,0.4,0.6,13.5668,3.0636840000000003
Tamworth 009,E02006225,E,5480,467,426,353,550,0.8,1.0,11.245000000000001,2.76185
Tamworth 010,E02006226,E,7191,613,559,464,722,0.4,0.6,17.067300000000003,3.5187490000000006
Tandridge 002,E02006429,E,5980,516,482,375,696,0.8,1.0,13.321000000000002,3.0317300000000005
Tandridge 003,E02006430,E,7437,642,600,466,866,0.6,0.8,17.7711,3.6102430000000005
Tandridge 004,E02006431,E,8689,750,701,545,1012,0.8,1.0,19.3657,3.8175410000000003
Tandridge 005,E02006432,E,4556,393,368,286,530,0.8,1.0,10.1488,2.619344
Tandridge 006,E02006433,E,7803,673,629,489,908,0.8,1.0,17.3779,3.559127
Tandridge 007,E02006434,E,5077,438,410,318,592,0.6,0.8,12.1411,2.878343
Tandridge 008,E02006435,E,4812,415,388,302,561,0.4,0.6,12.3696,2.908048
Tandridge 009,E02006436,E,4928,425,398,309,574,0.4,0.6,12.6624,2.9461120000000003
Tandridge 010,E02006437,E,6849,591,552,429,797,0.6,0.8,16.3567,3.4263710000000005
Tandridge 011,E02006438,E,6460,557,521,405,752,0.4,0.6,16.590000000000003,3.4567000000000005
Tandridge 012,E02006790,E,6171,532,498,387,718,0.6,0.8,14.7403,3.216239
Taunton Deane 001,E02006099,E,5611,668,647,521,901,0.6,0.8,18.1233,3.656029
Taunton Deane 002,E02006100,E,6135,731,708,569,986,0.6,0.8,19.825499999999998,3.8773150000000003
Taunton Deane 003,E02006101,E,4601,548,531,427,739,0.4,0.6,16.0303,3.383939
Taunton Deane 004,E02006102,E,5865,699,677,544,943,0.0,0.2,25.523000000000003,4.617990000000001
Taunton Deane 005,E02006103,E,5942,708,685,552,955,0.6,0.8,19.2036,3.796468
Taunton Deane 006,E02006104,E,6198,738,715,575,996,0.4,0.6,21.5974,4.107662
Taunton Deane 007,E02006105,E,8464,1008,976,786,1360,0.4,0.6,29.4952,5.1343760000000005
Taunton Deane 008,E02006106,E,6329,754,730,587,1017,0.6,0.8,20.448700000000002,3.9583310000000003
Taunton Deane 009,E02006107,E,6705,799,774,622,1077,0.0,0.2,29.166,5.09158
Taunton Deane 010,E02006108,E,7033,837,811,653,1130,0.4,0.6,24.505900000000004,4.485767000000001
Taunton Deane 011,E02006109,E,6451,768,744,599,1037,0.8,1.0,19.3613,3.8169690000000003
Taunton Deane 012,E02006110,E,6481,772,748,602,1042,0.4,0.6,22.5963,4.237519
Taunton Deane 013,E02006111,E,8585,1022,990,797,1379,0.6,0.8,27.7335,4.905355
Taunton Deane 014,E02006112,E,6110,728,705,567,982,0.6,0.8,19.746,3.86698
Teignbridge 001,E02004201,E,4320,537,525,400,668,0.4,0.6,14.886000000000001,3.23518
Teignbridge 002,E02004202,E,6452,803,784,598,999,0.6,0.8,20.656599999999997,3.9853579999999997
Teignbridge 003,E02004203,E,4686,583,570,434,725,0.6,0.8,14.9968,3.2495840000000005
Teignbridge 004,E02004204,E,7738,963,940,717,1198,0.6,0.8,24.770400000000002,4.520152
Teignbridge 005,E02004205,E,5363,667,652,497,830,0.4,0.6,18.492900000000002,3.7040770000000007
Teignbridge 006,E02004206,E,5583,694,678,517,864,0.4,0.6,19.2449,3.801837
Teignbridge 007,E02004207,E,4954,616,602,459,767,0.6,0.8,15.8582,3.361566
Teignbridge 008,E02004208,E,6628,825,805,614,1026,0.8,1.0,19.6044,3.848572
Teignbridge 009,E02004209,E,6905,859,840,640,1069,0.6,0.8,22.1085,4.174105
Teignbridge 010,E02004210,E,5639,702,685,522,873,0.2,0.4,21.7955,4.133415
Teignbridge 011,E02004211,E,5405,672,657,501,837,0.8,1.0,15.991499999999998,3.378895
Teignbridge 012,E02004212,E,4939,615,600,458,764,0.6,0.8,15.805700000000002,3.3547410000000006
Teignbridge 013,E02004213,E,4714,586,573,437,729,0.6,0.8,15.0822,3.260686
Teignbridge 014,E02004214,E,4920,612,598,456,762,0.2,0.4,19.024,3.7731200000000005
Teignbridge 015,E02004215,E,4699,585,571,435,727,0.2,0.4,18.1575,3.660475
Teignbridge 016,E02004216,E,4624,575,562,429,716,0.4,0.6,15.9512,3.3736560000000004
Teignbridge 017,E02004217,E,6418,799,780,595,994,0.4,0.6,22.1414,4.178382
Teignbridge 018,E02004218,E,4722,588,574,438,731,0.6,0.8,15.1196,3.265548
Teignbridge 019,E02004219,E,4593,571,558,425,711,0.8,1.0,13.581900000000001,3.0656470000000002
Telford and Wrekin 001,E02002928,E,5711,458,407,301,456,0.6,0.8,10.778300000000002,2.701179
Telford and Wrekin 002,E02002929,E,5924,476,422,312,474,0.8,1.0,10.3472,2.645136
Telford and Wrekin 003,E02002930,E,5262,422,375,277,420,0.6,0.8,9.9276,2.5905880000000003
Telford and Wrekin 004,E02002931,E,6060,486,431,319,484,0.8,1.0,10.571,2.67423
Telford and Wrekin 005,E02002932,E,8198,658,584,432,655,0.0,0.2,22.0128,4.161664
Telford and Wrekin 006,E02002933,E,7807,627,556,411,624,0.6,0.8,14.7391,3.2160830000000002
Telford and Wrekin 007,E02002934,E,5715,459,407,301,456,0.4,0.6,11.5385,2.8000050000000005
Telford and Wrekin 008,E02002935,E,6353,510,452,335,508,0.2,0.4,14.9555,3.2442150000000005
Telford and Wrekin 009,E02002936,E,8197,658,583,432,655,0.2,0.4,19.2885,3.807505
Telford and Wrekin 010,E02002937,E,9639,774,686,508,770,0.4,0.6,19.4717,3.831321
Telford and Wrekin 011,E02002938,E,6396,513,455,337,511,0.2,0.4,15.048000000000002,3.25624
Telford and Wrekin 012,E02002939,E,6107,490,435,322,488,0.2,0.4,14.3735,3.168555
Telford and Wrekin 013,E02002940,E,5787,464,412,305,462,0.2,0.4,13.6125,3.0696250000000003
Telford and Wrekin 014,E02002941,E,9079,729,646,479,726,0.2,0.4,21.3755,4.078815
Telford and Wrekin 015,E02002942,E,6018,483,428,317,480,0.8,1.0,10.4924,2.664012
Telford and Wrekin 016,E02002943,E,9056,727,645,477,724,0.4,0.6,18.300800000000002,3.6791040000000006
Telford and Wrekin 017,E02002944,E,7411,595,528,391,593,0.0,0.2,19.9146,3.888898
Telford and Wrekin 018,E02002945,E,8923,716,635,470,713,0.2,0.4,20.9955,4.029415
Telford and Wrekin 019,E02002946,E,7516,603,535,396,601,0.2,0.4,17.691000000000003,3.5998300000000008
Telford and Wrekin 020,E02002947,E,6584,528,469,347,526,0.0,0.2,17.6764,3.597932
Telford and Wrekin 021,E02002948,E,6562,527,467,346,524,0.0,0.2,17.6172,3.590236
Telford and Wrekin 022,E02002949,E,5070,407,361,267,405,0.2,0.4,11.929,2.85077
Telford and Wrekin 023,E02002950,E,5142,413,366,271,411,0.0,0.2,13.8092,3.0951960000000005
Tendring 001,E02004573,E,4814,632,623,498,781,0.0,0.2,22.0214,4.162782
Tendring 002,E02004574,E,5797,761,750,600,941,0.2,0.4,23.673499999999997,4.377555
Tendring 003,E02004575,E,8832,1159,1143,914,1433,0.4,0.6,32.2196,5.488548
Tendring 004,E02004576,E,7001,919,906,725,1136,0.4,0.6,25.5443,4.6207590000000005
Tendring 005,E02004577,E,4124,541,534,427,669,0.4,0.6,15.045200000000001,3.255876
Tendring 006,E02004578,E,5667,744,734,587,920,0.2,0.4,23.1505,4.309565
Tendring 007,E02004579,E,5462,717,707,565,887,0.2,0.4,22.308999999999997,4.20017
Tendring 008,E02004580,E,9272,1217,1200,960,1505,0.4,0.6,33.8356,5.698628
Tendring 009,E02004581,E,5872,771,761,608,953,0.6,0.8,19.870599999999996,3.883178
Tendring 010,E02004582,E,5302,696,687,549,860,0.2,0.4,21.650000000000002,4.1145000000000005
Tendring 011,E02004583,E,6578,864,852,681,1067,0.2,0.4,26.86,4.7918
Tendring 012,E02004584,E,5106,670,661,528,828,0.4,0.6,18.6198,3.720574
Tendring 013,E02004585,E,6064,796,785,628,984,0.2,0.4,24.764,4.5193200000000004
Tendring 014,E02004586,E,6455,848,836,668,1048,0.0,0.2,29.545,5.14085
Tendring 015,E02004587,E,6138,806,795,635,996,0.0,0.2,28.0848,4.951024
Tendring 016,E02004588,E,5133,674,665,531,833,0.0,0.2,23.4878,4.353414
Tendring 017,E02004589,E,5870,770,760,607,952,0.0,0.2,26.845,4.78985
Tendring 018,E02004590,E,5945,780,770,615,965,0.0,0.2,27.201999999999998,4.83626
Test Valley 001,E02004814,E,6117,537,521,417,775,0.8,1.0,14.5611,3.192943
Test Valley 002,E02004815,E,6620,581,564,452,838,0.2,0.4,20.529000000000003,3.968770000000001
Test Valley 003,E02004816,E,7937,697,677,542,1005,0.4,0.6,21.7951,4.133363
Test Valley 004,E02004817,E,6739,592,575,460,854,0.6,0.8,17.1997,3.5359610000000004
Test Valley 005,E02004818,E,8826,775,753,602,1119,0.8,1.0,21.0228,4.032964
Test Valley 006,E02004819,E,6860,602,585,468,869,0.8,1.0,16.331,3.42303
Test Valley 007,E02004820,E,6402,562,546,437,810,0.6,0.8,16.3236,3.4220680000000003
Test Valley 008,E02004821,E,4548,399,388,310,576,0.6,0.8,11.6004,2.808052
Test Valley 009,E02004822,E,6860,602,585,468,869,0.6,0.8,17.500999999999998,3.5751299999999997
Test Valley 010,E02004823,E,7787,684,664,532,986,0.8,1.0,18.5381,3.7099530000000005
Test Valley 011,E02004824,E,5037,442,429,344,638,0.6,0.8,12.8491,2.970383
Test Valley 012,E02004825,E,9231,810,787,630,1170,0.8,1.0,21.9833,4.157829
Test Valley 013,E02004826,E,5912,519,504,404,749,0.6,0.8,15.086599999999999,3.2612579999999998
Test Valley 014,E02004827,E,6698,588,571,457,848,0.8,1.0,15.9404,3.3722520000000005
Test Valley 015,E02004828,E,5507,483,469,376,698,0.8,1.0,13.1141,3.004833
Tewkesbury 001,E02004666,E,11950,1096,1034,818,1312,0.8,1.0,26.366999999999997,4.72771
Tewkesbury 002,E02004667,E,10619,974,919,727,1166,0.4,0.6,27.1637,4.831281
Tewkesbury 003,E02004668,E,8511,780,736,583,934,0.8,1.0,18.774299999999997,3.740659
Tewkesbury 004,E02004669,E,6812,625,589,467,748,0.6,0.8,16.2126,3.4076379999999995
Tewkesbury 005,E02004670,E,13096,1201,1133,897,1437,0.8,1.0,28.8888,5.055544
Tewkesbury 006,E02004671,E,6049,555,523,414,664,0.6,0.8,14.390699999999999,3.170791
Tewkesbury 007,E02004672,E,12917,1184,1118,885,1418,0.8,1.0,28.5021,5.005273
Tewkesbury 008,E02004673,E,5588,512,484,383,613,0.4,0.6,14.2904,3.1577520000000003
Tewkesbury 009,E02004674,E,8996,825,778,616,987,0.4,0.6,23.000799999999998,4.2901039999999995
Thanet 001,E02005132,E,7772,799,767,611,951,0.0,0.2,28.1822,4.963686
Thanet 002,E02005133,E,6844,704,675,538,838,0.4,0.6,19.4452,3.827876
Thanet 003,E02005134,E,5835,600,576,459,714,0.0,0.2,21.162,4.05106
Thanet 004,E02005135,E,6260,644,618,493,766,0.0,0.2,22.709000000000003,4.2521700000000004
Thanet 005,E02005136,E,6379,656,630,502,780,0.2,0.4,20.5515,3.9716950000000004
Thanet 006,E02005137,E,6319,650,624,497,774,0.0,0.2,22.9284,4.280692
Thanet 007,E02005138,E,6874,707,678,541,842,0.2,0.4,22.161,4.18093
Thanet 008,E02005139,E,6918,712,683,544,846,0.4,0.6,19.6474,3.8541620000000005
Thanet 009,E02005140,E,6119,630,604,481,749,0.6,0.8,16.1557,3.4002410000000003
Thanet 010,E02005141,E,5627,579,555,443,689,0.4,0.6,15.9921,3.3789730000000002
Thanet 011,E02005142,E,5879,605,580,462,720,0.2,0.4,18.948500000000003,3.763305000000001
Thanet 012,E02005143,E,6623,681,654,521,811,0.2,0.4,21.3495,4.075435
Thanet 013,E02005144,E,6795,699,671,535,832,0.0,0.2,24.656,4.50528
Thanet 014,E02005145,E,5479,564,541,431,671,0.4,0.6,15.5737,3.3245810000000002
Thanet 015,E02005146,E,6336,652,625,498,776,0.2,0.4,20.422,3.95486
Thanet 016,E02005147,E,6926,713,684,545,848,0.0,0.2,25.1316,4.567108
Thanet 017,E02005148,E,6152,633,607,484,753,0.4,0.6,17.479599999999998,3.572348
Three Rivers 001,E02004956,E,7267,549,516,402,689,0.8,1.0,13.8991,3.1068830000000003
Three Rivers 002,E02004957,E,7199,544,511,398,683,0.6,0.8,14.7947,3.2233110000000003
Three Rivers 003,E02004958,E,5934,448,421,328,563,0.8,1.0,11.3512,2.775656
Three Rivers 004,E02004959,E,4789,362,340,265,454,0.8,1.0,9.1597,2.490761
Three Rivers 005,E02004960,E,4590,347,326,254,435,0.8,1.0,8.778,2.44114
Three Rivers 006,E02004961,E,7618,576,541,422,723,0.8,1.0,14.5824,3.1957120000000003
Three Rivers 007,E02004962,E,7026,531,499,389,666,0.8,1.0,13.4388,3.047044
Three Rivers 008,E02004963,E,5795,438,411,321,550,0.4,0.6,12.784500000000001,2.9619850000000003
Three Rivers 009,E02004964,E,4618,349,328,256,437,0.4,0.6,10.1754,2.622802
Three Rivers 010,E02004965,E,5386,407,382,298,510,0.6,0.8,11.0578,2.737514
Three Rivers 011,E02004966,E,5744,434,408,318,545,0.8,1.0,10.9922,2.728986
Three Rivers 012,E02004967,E,6024,455,428,333,571,0.2,0.4,15.272,3.28536
Thurrock 001,E02003296,E,7377,430,354,257,380,0.8,1.0,9.2461,2.501993
Thurrock 002,E02003297,E,7557,441,363,264,388,0.4,0.6,10.8411,2.7093430000000005
Thurrock 003,E02003298,E,7397,431,355,258,380,0.4,0.6,10.609100000000002,2.679183
Thurrock 004,E02003299,E,6407,374,308,223,329,0.6,0.8,8.636099999999999,2.4226929999999998
Thurrock 005,E02003300,E,8023,468,385,280,413,0.6,0.8,10.8259,2.707367
Thurrock 006,E02003301,E,9939,580,477,347,512,0.2,0.4,17.1905,3.534765
Thurrock 007,E02003302,E,10451,609,502,364,538,0.2,0.4,18.064500000000002,3.648385
Thurrock 008,E02003303,E,8105,473,389,283,417,0.2,0.4,14.012500000000003,3.1216250000000008
Thurrock 009,E02003304,E,9759,569,469,340,502,0.4,0.6,14.005700000000001,3.120741
Thurrock 010,E02003305,E,6045,353,290,211,311,0.4,0.6,8.6775,2.428075
Thurrock 012,E02003307,E,10337,603,496,360,532,0.2,0.4,17.8655,3.622515
Thurrock 013,E02003308,E,6668,389,320,233,343,0.4,0.6,9.5724,2.5444120000000003
Thurrock 014,E02003309,E,7778,454,374,271,400,0.6,0.8,10.4924,2.664012
Thurrock 015,E02003310,E,12212,712,586,426,628,0.2,0.4,21.104000000000003,4.043520000000001
Thurrock 016,E02003311,E,8838,515,424,308,455,0.4,0.6,12.6854,2.949102
Thurrock 017,E02003312,E,8472,494,407,295,436,0.2,0.4,14.643,3.20359
Thurrock 018,E02003313,E,13678,798,657,477,704,0.0,0.2,27.268800000000002,4.844944000000001
Thurrock 019,E02006859,E,7737,451,371,270,398,0.8,1.0,9.693100000000001,2.5601030000000002
Thurrock 020,E02006926,E,8455,493,406,295,435,0.8,1.0,10.5945,2.6772850000000004
Tonbridge and Malling 001,E02005149,E,9832,791,721,555,881,0.6,0.8,19.8816,3.884608
Tonbridge and Malling 002,E02005150,E,9650,776,707,544,864,0.4,0.6,20.907000000000004,4.0179100000000005
Tonbridge and Malling 003,E02005151,E,11901,958,873,671,1067,0.6,0.8,24.070300000000003,4.429139
Tonbridge and Malling 005,E02005153,E,8081,650,592,456,724,0.4,0.6,17.5163,3.5771190000000006
Tonbridge and Malling 006,E02005154,E,10340,832,758,583,926,0.6,0.8,20.899,4.01687
Tonbridge and Malling 007,E02005155,E,10354,833,759,584,928,0.8,1.0,19.4182,3.8243660000000004
Tonbridge and Malling 008,E02005156,E,6889,554,505,389,617,0.6,0.8,13.9267,3.1104710000000004
Tonbridge and Malling 009,E02005157,E,6217,500,456,351,557,0.4,0.6,13.479099999999999,3.052283
Tonbridge and Malling 010,E02005158,E,6206,499,455,350,557,0.8,1.0,11.646799999999999,2.8140840000000003
Tonbridge and Malling 011,E02005159,E,7347,591,539,414,658,0.6,0.8,14.8501,3.230513
Tonbridge and Malling 012,E02005160,E,9945,800,729,561,891,0.6,0.8,20.1055,3.913715
Tonbridge and Malling 013,E02005161,E,7754,624,568,437,695,0.8,1.0,14.5402,3.190226
Tonbridge and Malling 014,E02006833,E,9646,776,707,544,864,0.4,0.6,20.9058,4.017754
Torbay 001,E02003154,E,5412,675,658,523,856,0.0,0.2,23.8452,4.399876
Torbay 002,E02003155,E,4390,548,534,424,694,0.2,0.4,17.271,3.54523
Torbay 003,E02003156,E,7185,896,873,694,1136,0.4,0.6,25.235500000000002,4.580615000000001
Torbay 004,E02003157,E,4694,586,570,453,742,0.0,0.2,20.671400000000002,3.9872820000000004
Torbay 005,E02003158,E,4103,512,499,396,648,0.2,0.4,16.1315,3.397095
Torbay 006,E02003159,E,4333,541,527,419,685,0.0,0.2,19.0928,3.782064
Torbay 008,E02003161,E,5202,649,632,502,823,0.0,0.2,22.916200000000003,4.2791060000000005
Torbay 010,E02003163,E,5865,732,713,567,928,0.2,0.4,23.085500000000003,4.301115
Torbay 011,E02003164,E,6657,831,809,643,1053,0.4,0.6,23.389100000000003,4.3405830000000005
Torbay 012,E02003165,E,5379,671,654,520,851,0.4,0.6,18.9037,3.7574810000000003
Torbay 013,E02003166,E,7902,986,960,763,1250,0.0,0.2,34.812200000000004,5.825586
Torbay 014,E02003167,E,6802,849,827,657,1075,0.0,0.2,29.9602,5.194826
Torbay 015,E02003168,E,5213,650,633,503,824,0.4,0.6,18.3019,3.679247
Torbay 016,E02003169,E,5020,626,610,485,794,0.6,0.8,16.357,3.4264099999999997
Torbay 017,E02003170,E,7038,878,855,680,1112,0.2,0.4,27.677,4.89801
Torbay 018,E02003171,E,5552,693,675,536,878,0.2,0.4,21.843,4.13959
Torbay 019,E02006840,E,8019,1001,975,775,1268,0.4,0.6,28.173700000000004,4.962581000000001
Torridge 001,E02004220,E,4816,677,627,487,775,0.2,0.4,19.656,3.8552799999999996
Torridge 002,E02004221,E,4579,643,596,463,737,0.4,0.6,16.6657,3.4665410000000003
Torridge 003,E02004222,E,4454,626,579,451,717,0.2,0.4,18.182000000000002,3.66366
Torridge 004,E02004223,E,8838,1242,1150,894,1423,0.2,0.4,36.079,5.99027
Torridge 005,E02004224,E,4870,685,634,493,784,0.4,0.6,17.733,3.60529
Torridge 006,E02004225,E,4452,625,579,450,717,0.4,0.6,16.2056,3.406728
Torridge 007,E02004226,E,5388,757,701,545,867,0.2,0.4,21.988,4.15844
Torridge 008,E02004227,E,6954,977,905,704,1119,0.2,0.4,28.384,4.989920000000001
Torridge 009,E02004228,E,5375,755,699,544,865,0.2,0.4,21.936500000000002,4.151745
Tower Hamlets 001,E02000864,E,11525,432,328,235,280,0.0,0.2,15.72,3.3436000000000003
Tower Hamlets 002,E02000865,E,9795,367,279,200,239,0.0,0.2,13.375000000000002,3.0387500000000003
Tower Hamlets 003,E02000866,E,13423,503,382,274,326,0.2,0.4,15.578499999999998,3.3252049999999995
Tower Hamlets 004,E02000867,E,13558,508,386,276,330,0.2,0.4,15.739,3.34607
Tower Hamlets 005,E02000868,E,9212,345,262,188,224,0.2,0.4,10.693000000000001,2.6900900000000005
Tower Hamlets 006,E02000869,E,7926,297,225,162,193,0.0,0.2,10.8156,2.706028
Tower Hamlets 007,E02000870,E,8997,337,256,183,219,0.2,0.4,10.442499999999999,2.6575249999999997
Tower Hamlets 008,E02000871,E,11934,447,339,243,291,0.0,0.2,16.2834,3.416842
Tower Hamlets 009,E02000872,E,10420,391,296,212,253,0.0,0.2,14.207,3.14691
Tower Hamlets 010,E02000873,E,12103,454,344,247,295,0.2,0.4,14.058499999999999,3.127605
Tower Hamlets 011,E02000874,E,9902,371,282,202,241,0.0,0.2,13.5122,3.0565860000000002
Tower Hamlets 012,E02000875,E,13115,492,373,267,319,0.0,0.2,17.891000000000002,3.6258300000000006
Tower Hamlets 013,E02000876,E,9776,366,278,199,238,0.0,0.2,13.334600000000002,3.0334980000000002
Tower Hamlets 014,E02000877,E,13617,511,387,278,331,0.2,0.4,15.8075,3.3549749999999996
Tower Hamlets 015,E02000878,E,14290,536,406,291,348,0.2,0.4,16.590000000000003,3.4567000000000005
Tower Hamlets 016,E02000879,E,10604,398,302,216,258,0.2,0.4,12.312000000000001,2.9005600000000005
Tower Hamlets 017,E02000880,E,8024,301,228,164,195,0.2,0.4,9.315000000000001,2.5109500000000002
Tower Hamlets 018,E02000881,E,9598,360,273,196,233,0.0,0.2,13.0918,3.0019340000000003
Tower Hamlets 019,E02000882,E,11951,448,340,244,291,0.0,0.2,16.3106,3.4203780000000004
Tower Hamlets 020,E02000883,E,11043,414,314,225,269,0.0,0.2,15.0688,3.258944
Tower Hamlets 021,E02000884,E,12623,473,359,257,308,0.2,0.4,14.6615,3.205995
Tower Hamlets 022,E02000885,E,9577,359,272,195,233,0.0,0.2,13.0622,2.9980860000000003
Tower Hamlets 023,E02000886,E,10177,382,289,207,248,0.2,0.4,11.8155,2.836015
Tower Hamlets 024,E02000887,E,12032,451,342,245,293,0.0,0.2,16.4152,3.4339760000000004
Tower Hamlets 025,E02000888,E,11412,428,325,233,278,0.2,0.4,13.257000000000001,3.02341
Tower Hamlets 026,E02000889,E,9190,345,261,187,224,0.4,0.6,8.301,2.37913
Tower Hamlets 027,E02000890,E,8050,302,229,164,196,0.8,1.0,6.453,2.13889
Tower Hamlets 028,E02000891,E,17613,660,501,359,429,0.4,0.6,15.9099,3.3682870000000005
Tower Hamlets 030,E02000893,E,9424,353,268,192,229,0.4,0.6,8.5052,2.405676
Tower Hamlets 031,E02000894,E,14081,528,400,287,343,0.6,0.8,12.0883,2.871479
Tower Hamlets 032,E02006853,E,9812,368,279,200,239,0.2,0.4,11.394,2.7812200000000002
Tower Hamlets 033,E02006854,E,8172,306,232,167,199,0.6,0.8,7.015600000000001,2.212028
Trafford 001,E02001259,E,9035,598,559,437,707,0.0,0.2,22.749000000000002,4.257370000000001
Trafford 002,E02001260,E,6774,448,419,328,530,0.6,0.8,12.0742,2.869646
Trafford 003,E02001261,E,7349,486,454,355,575,0.2,0.4,16.3335,3.423355
Trafford 004,E02001262,E,7511,497,465,363,587,0.2,0.4,16.6915,3.469895
Trafford 005,E02001263,E,7150,473,442,346,559,0.8,1.0,11.854,2.8410200000000003
Trafford 006,E02001264,E,7234,479,447,350,565,0.4,0.6,13.796200000000002,3.0935060000000005
Trafford 007,E02001265,E,7196,476,445,348,563,0.4,0.6,13.7348,3.0855240000000004
Trafford 008,E02001266,E,5902,391,365,286,461,0.2,0.4,13.118,3.0053400000000003
Trafford 009,E02001267,E,6587,436,408,319,516,0.4,0.6,12.5861,2.9361930000000003
Trafford 010,E02001268,E,6387,423,395,309,499,0.6,0.8,11.376100000000001,2.778893
Trafford 011,E02001269,E,7338,486,454,355,574,0.2,0.4,16.316,3.42108
Trafford 012,E02001270,E,6978,462,432,338,545,0.8,1.0,11.5664,2.8036320000000003
Trafford 013,E02001271,E,5811,385,359,281,455,0.4,0.6,11.0953,2.742389
Trafford 014,E02001272,E,6968,461,431,337,545,0.8,1.0,11.5544,2.802072
Trafford 015,E02001273,E,7884,522,488,381,617,0.8,1.0,13.077200000000001,3.0000360000000006
Trafford 016,E02001274,E,6990,463,432,338,547,0.8,1.0,11.594,2.80722
Trafford 017,E02001275,E,7454,493,461,360,582,0.0,0.2,18.7464,3.737032
Trafford 018,E02001276,E,7041,466,435,341,551,0.4,0.6,13.4423,3.047499
Trafford 019,E02001277,E,7833,518,484,379,613,0.2,0.4,17.4155,3.5640150000000004
Trafford 020,E02001278,E,7206,477,446,349,563,0.8,1.0,11.9458,2.8529540000000004
Trafford 021,E02001279,E,7481,495,463,362,585,0.8,1.0,12.4053,2.9126890000000003
Trafford 022,E02001280,E,7338,486,454,355,574,0.2,0.4,16.316,3.42108
Trafford 023,E02001281,E,6882,456,426,333,538,0.8,1.0,11.4116,2.7835080000000003
Trafford 024,E02001282,E,7996,529,495,387,626,0.8,1.0,13.2678,3.024814
Trafford 025,E02001283,E,7676,508,475,371,600,0.8,1.0,12.7238,2.9540940000000004
Trafford 026,E02001284,E,7176,475,444,347,561,0.8,1.0,11.896799999999999,2.846584
Trafford 027,E02001285,E,6954,460,430,336,543,0.8,1.0,11.5192,2.7974959999999998
Trafford 028,E02001286,E,7009,464,433,339,548,0.8,1.0,11.6197,2.810561
Tunbridge Wells 001,E02005162,E,8622,745,675,521,982,0.6,0.8,20.1836,3.9238679999999997
Tunbridge Wells 002,E02005163,E,6594,570,516,399,752,0.8,1.0,14.417200000000001,3.1742360000000005
Tunbridge Wells 003,E02005164,E,6309,546,494,381,718,0.6,0.8,14.7637,3.219281
Tunbridge Wells 004,E02005165,E,6279,543,492,380,715,0.8,1.0,13.7187,3.083431
Tunbridge Wells 005,E02005166,E,5660,489,443,342,645,0.2,0.4,16.203000000000003,3.406390000000001
Tunbridge Wells 006,E02005167,E,6273,542,491,379,715,0.8,1.0,13.707899999999999,3.082027
Tunbridge Wells 007,E02005168,E,6057,524,474,366,690,0.8,1.0,13.2331,3.020303
Tunbridge Wells 008,E02005169,E,7127,616,558,431,812,0.8,1.0,15.5731,3.324503
Tunbridge Wells 009,E02005170,E,7603,657,595,460,866,0.8,1.0,16.6109,3.459417
Tunbridge Wells 010,E02005171,E,4972,430,389,300,566,0.4,0.6,12.499600000000001,2.9249480000000005
Tunbridge Wells 011,E02005172,E,6954,601,545,420,792,0.6,0.8,16.2802,3.4164260000000004
Tunbridge Wells 012,E02005173,E,6909,597,541,418,787,0.8,1.0,15.0957,3.262441
Tunbridge Wells 013,E02005174,E,6117,529,479,370,696,0.6,0.8,14.315100000000001,3.160963
Tunbridge Wells 014,E02005175,E,7045,609,552,426,803,0.6,0.8,16.5025,3.4453250000000004
Uttlesford 001,E02004591,E,6722,598,537,413,707,0.8,1.0,14.128599999999999,3.136718
Uttlesford 002,E02004592,E,11880,1058,949,731,1249,0.8,1.0,24.972,4.54636
Uttlesford 003,E02004593,E,7982,711,638,491,839,0.8,1.0,16.7766,3.480958
Uttlesford 004,E02004594,E,7677,683,613,472,807,0.8,1.0,16.1321,3.3971730000000004
Uttlesford 005,E02004595,E,11693,1041,934,719,1229,0.8,1.0,24.5719,4.494347
Uttlesford 006,E02004596,E,7522,670,601,463,791,0.6,0.8,17.016599999999997,3.5121579999999994
Uttlesford 007,E02004597,E,7134,635,570,439,751,0.6,0.8,16.1462,3.399006
Uttlesford 008,E02004598,E,10159,905,812,625,1068,0.8,1.0,21.3547,4.076111
Uttlesford 009,E02004599,E,7219,643,577,444,759,0.8,1.0,15.174700000000001,3.272711
Vale of White Horse 001,E02005978,E,6596,518,498,399,706,0.8,1.0,13.771799999999999,3.090334
Vale of White Horse 002,E02005979,E,9041,709,682,547,968,0.8,1.0,18.877299999999998,3.754049
Vale of White Horse 003,E02005980,E,11393,894,859,690,1219,0.8,1.0,23.782899999999998,4.391777
Vale of White Horse 004,E02005981,E,8886,697,670,538,950,0.8,1.0,18.5398,3.7101740000000003
Vale of White Horse 005,E02005982,E,5783,454,436,350,619,0.8,1.0,12.073899999999998,2.869607
Vale of White Horse 006,E02005983,E,10622,833,801,643,1137,0.6,0.8,23.7786,4.391218
Vale of White Horse 007,E02005984,E,6807,534,513,412,728,0.8,1.0,14.204099999999999,3.146533
Vale of White Horse 008,E02005985,E,7473,586,564,452,800,0.4,0.6,17.9819,3.6376470000000003
Vale of White Horse 009,E02005986,E,8891,698,671,538,952,0.6,0.8,19.9093,3.8882090000000007
Vale of White Horse 010,E02005987,E,7556,593,570,457,809,0.6,0.8,16.916800000000002,3.4991840000000005
Vale of White Horse 011,E02005988,E,7101,557,536,430,759,0.8,1.0,14.8153,3.225989
Vale of White Horse 014,E02005991,E,9697,761,731,587,1038,0.8,1.0,20.2461,3.9319930000000003
Vale of White Horse 015,E02005992,E,8915,699,673,540,954,0.8,1.0,18.6125,3.7196250000000006
Vale of White Horse 016,E02006886,E,10901,855,822,660,1166,0.8,1.0,22.7503,4.257539
Wakefield 001,E02002438,E,7462,596,531,416,624,0.0,0.2,20.5122,3.9665860000000004
Wakefield 002,E02002439,E,7247,579,516,404,605,0.0,0.2,19.9112,3.8884560000000006
Wakefield 003,E02002440,E,7351,587,523,409,614,0.0,0.2,20.1916,3.9249080000000003
Wakefield 004,E02002441,E,8181,653,582,456,683,0.0,0.2,22.471600000000002,4.2213080000000005
Wakefield 005,E02002442,E,6366,508,453,355,532,0.4,0.6,13.2518,3.022734
Wakefield 006,E02002443,E,5636,450,401,314,471,0.6,0.8,10.945800000000002,2.7229540000000005
Wakefield 007,E02002444,E,5577,445,397,311,466,0.4,0.6,11.609100000000002,2.809183
Wakefield 008,E02002445,E,6640,530,473,370,555,0.4,0.6,13.824000000000002,3.0971200000000003
Wakefield 009,E02002446,E,5727,457,408,319,478,0.6,0.8,11.1171,2.745223
Wakefield 010,E02002447,E,5831,465,415,325,487,0.2,0.4,14.089500000000001,3.131635
Wakefield 011,E02002448,E,7175,573,511,400,599,0.0,0.2,19.713,3.8626900000000006
Wakefield 012,E02002449,E,7718,616,549,430,645,0.4,0.6,16.0634,3.388242
Wakefield 013,E02002450,E,6407,512,456,357,535,0.4,0.6,13.3321,3.033173
Wakefield 014,E02002451,E,6815,544,485,380,570,0.6,0.8,13.2425,3.021525
Wakefield 015,E02002452,E,7552,603,537,421,631,0.0,0.2,20.7502,3.9975259999999997
Wakefield 016,E02002453,E,8770,700,624,489,733,0.0,0.2,24.101,4.43313
Wakefield 017,E02002454,E,7163,572,510,399,599,0.0,0.2,19.6888,3.8595440000000005
Wakefield 018,E02002455,E,5832,466,415,325,487,0.0,0.2,16.0232,3.3830159999999996
Wakefield 019,E02002456,E,6794,543,484,379,568,0.2,0.4,16.431,3.4360300000000006
Wakefield 020,E02002457,E,7209,576,513,402,602,0.0,0.2,19.8084,3.8750920000000004
Wakefield 021,E02002458,E,8352,667,595,465,698,0.4,0.6,17.385599999999997,3.5601279999999997
Wakefield 022,E02002459,E,8866,708,631,494,740,0.2,0.4,21.419,4.0844700000000005
Wakefield 023,E02002460,E,6690,534,476,373,559,0.6,0.8,12.993,2.98909
Wakefield 024,E02002461,E,9539,762,679,531,797,0.2,0.4,23.052500000000002,4.296825
Wakefield 025,E02002462,E,6930,553,493,386,579,0.4,0.6,14.421,3.1747300000000003
Wakefield 026,E02002463,E,8635,690,614,481,721,0.0,0.2,23.720000000000002,4.3836
Wakefield 027,E02002464,E,7443,594,530,415,622,0.0,0.2,20.4548,3.959124
Wakefield 028,E02002465,E,5677,454,404,316,474,0.2,0.4,13.7165,3.083145
Wakefield 029,E02002466,E,8521,681,607,475,712,0.4,0.6,17.7403,3.6062390000000004
Wakefield 030,E02002467,E,7808,624,556,435,652,0.0,0.2,21.4538,4.0889940000000005
Wakefield 031,E02002468,E,5733,458,408,319,479,0.4,0.6,11.9299,2.850887
Wakefield 032,E02002469,E,5638,450,401,314,471,0.4,0.6,11.7314,2.825082
Wakefield 033,E02002470,E,5827,465,415,325,487,0.8,1.0,10.4901,2.663713
Wakefield 034,E02002471,E,9868,788,702,550,824,0.6,0.8,19.1584,3.790592
Wakefield 035,E02002472,E,5653,452,402,315,472,0.6,0.8,10.9749,2.726737
Wakefield 036,E02002473,E,6010,480,428,335,503,0.6,0.8,11.683,2.81879
Wakefield 037,E02002474,E,5796,463,413,323,484,0.2,0.4,14.008,3.12104
Wakefield 038,E02002475,E,5664,453,403,316,474,0.6,0.8,11.011199999999999,2.7314559999999997
Wakefield 039,E02002476,E,5544,443,395,309,463,0.0,0.2,15.235400000000002,3.2806020000000005
Wakefield 040,E02002477,E,5995,479,427,334,501,0.2,0.4,14.4925,3.184025
Wakefield 041,E02002478,E,5531,442,394,308,463,0.2,0.4,13.3795,3.0393350000000003
Wakefield 042,E02002479,E,7902,631,563,440,660,0.0,0.2,21.711199999999998,4.122456
Wakefield 043,E02002480,E,5569,445,396,310,465,0.0,0.2,15.2964,3.288532
Wakefield 044,E02002481,E,5998,479,427,334,501,0.0,0.2,16.4788,3.4422439999999996
Wakefield 045,E02002482,E,6353,508,452,354,531,0.0,0.2,17.4618,3.5700339999999997
Walsall 001,E02002110,E,6310,424,376,284,433,0.2,0.4,13.115,3.00495
Walsall 002,E02002111,E,5536,372,330,249,380,0.0,0.2,13.1346,3.007498
Walsall 003,E02002112,E,5077,341,303,228,349,0.4,0.6,8.9731,2.4665030000000003
Walsall 004,E02002113,E,6043,406,360,272,415,0.2,0.4,12.5635,2.933255
Walsall 005,E02002114,E,5638,379,336,253,387,0.4,0.6,9.955400000000001,2.594202
Walsall 006,E02002115,E,6133,412,365,276,421,0.0,0.2,14.5488,3.191344
Walsall 007,E02002116,E,6297,423,375,283,433,0.6,0.8,10.4131,2.653703
Walsall 008,E02002117,E,5655,380,337,254,388,0.2,0.4,11.749500000000001,2.8274350000000004
Walsall 009,E02002118,E,6724,452,401,302,462,0.0,0.2,15.957400000000003,3.3744620000000003
Walsall 010,E02002119,E,5597,376,334,252,384,0.2,0.4,11.634500000000001,2.812485
Walsall 011,E02002120,E,5855,393,349,263,402,0.4,0.6,10.3405,2.644265
Walsall 012,E02002121,E,5804,390,346,261,398,0.0,0.2,13.7654,3.089502
Walsall 013,E02002122,E,5157,346,307,232,354,0.0,0.2,12.231200000000001,2.8900560000000004
Walsall 014,E02002123,E,6010,404,358,270,413,0.2,0.4,12.495000000000001,2.9243500000000004
Walsall 015,E02002124,E,6443,433,384,290,443,0.2,0.4,13.4025,3.042325
Walsall 016,E02002125,E,5529,372,330,249,380,0.2,0.4,11.5035,2.7954550000000005
Walsall 017,E02002126,E,5927,398,353,266,407,0.0,0.2,14.057200000000002,3.1274360000000003
Walsall 018,E02002127,E,7785,523,464,350,534,0.0,0.2,18.464000000000002,3.7003200000000005
Walsall 019,E02002128,E,5183,348,309,233,356,0.2,0.4,10.7745,2.700685
Walsall 020,E02002129,E,5514,371,329,248,379,0.2,0.4,11.469999999999999,2.7911
Walsall 021,E02002130,E,6162,414,367,277,423,0.0,0.2,14.6172,3.2002360000000003
Walsall 022,E02002131,E,7332,493,437,330,503,0.8,1.0,11.2426,2.761538
Walsall 023,E02002132,E,5954,400,355,268,409,0.0,0.2,14.1314,3.137082
Walsall 024,E02002133,E,6210,417,370,279,427,0.0,0.2,14.738,3.21594
Walsall 025,E02002134,E,7684,516,458,345,528,0.0,0.2,18.2314,3.670082
Walsall 026,E02002135,E,6618,445,394,297,454,0.0,0.2,15.692800000000002,3.340064
Walsall 027,E02002136,E,7066,475,421,318,485,0.0,0.2,16.7656,3.479528
Walsall 028,E02002137,E,5873,395,350,264,404,0.8,1.0,9.0159,2.472067
Walsall 029,E02002138,E,5889,396,351,265,404,0.4,0.6,10.4007,2.6520910000000004
Walsall 030,E02002139,E,8877,596,529,399,610,0.0,0.2,21.0642,4.038346
Walsall 031,E02002140,E,7495,504,447,337,515,0.0,0.2,17.791,3.6128299999999998
Walsall 032,E02002141,E,6251,420,373,281,429,0.8,1.0,9.5853,2.5460890000000003
Walsall 033,E02002142,E,6347,426,378,285,436,0.0,0.2,15.0552,3.2571760000000003
Walsall 034,E02002143,E,9370,630,558,421,643,0.0,0.2,22.225,4.18925
Walsall 035,E02002144,E,6264,421,373,282,431,0.8,1.0,9.6182,2.5503660000000004
Walsall 036,E02002145,E,6352,427,379,286,437,0.0,0.2,15.087200000000001,3.261336
Walsall 037,E02002146,E,6078,408,362,273,418,0.2,0.4,12.638,2.94294
Walsall 038,E02002147,E,7343,493,438,330,505,0.0,0.2,17.4308,3.5660040000000004
Walsall 039,E02002148,E,10288,691,613,463,707,0.6,0.8,17.0124,3.5116120000000004
Waltham Forest 001,E02000895,E,7749,383,312,241,346,0.2,0.4,12.110500000000002,2.874365
Waltham Forest 002,E02000896,E,8562,423,344,266,383,0.6,0.8,10.3336,2.643368
Waltham Forest 003,E02000897,E,7846,388,316,244,350,0.2,0.4,12.259,2.89367
Waltham Forest 004,E02000898,E,7527,372,303,234,336,0.2,0.4,11.7615,2.828995
Waltham Forest 005,E02000899,E,7694,380,309,239,344,0.4,0.6,9.8662,2.582606
Waltham Forest 006,E02000900,E,7856,388,316,244,351,0.2,0.4,12.276,2.89588
Waltham Forest 007,E02000901,E,9104,450,366,283,407,0.6,0.8,10.9872,2.728336
Waltham Forest 008,E02000902,E,7994,395,322,248,358,0.2,0.4,12.502000000000002,2.9252600000000006
Waltham Forest 009,E02000903,E,8783,434,353,273,393,0.0,0.2,15.831800000000001,3.3581340000000006
Waltham Forest 010,E02000904,E,7992,395,321,248,358,0.4,0.6,10.255600000000001,2.6332280000000003
Waltham Forest 011,E02000905,E,9313,460,375,289,416,0.2,0.4,14.5515,3.191695
Waltham Forest 012,E02000906,E,8982,444,361,279,401,0.2,0.4,14.032,3.12416
Waltham Forest 013,E02000907,E,9711,480,391,302,434,0.0,0.2,17.5036,3.575468
Waltham Forest 014,E02000908,E,10214,505,411,317,456,0.2,0.4,15.957,3.37441
Waltham Forest 015,E02000909,E,8391,415,338,261,375,0.4,0.6,10.7653,2.699489
Waltham Forest 016,E02000910,E,10392,514,418,323,464,0.2,0.4,16.239,3.4110700000000005
Waltham Forest 017,E02000911,E,10560,522,425,328,472,0.2,0.4,16.506,3.44578
Waltham Forest 018,E02000912,E,8974,444,361,279,401,0.2,0.4,14.027999999999999,3.12364
Waltham Forest 019,E02000913,E,8456,418,340,263,378,0.2,0.4,13.219000000000001,3.01847
Waltham Forest 020,E02000914,E,10292,509,414,320,460,0.0,0.2,18.5502,3.711526
Waltham Forest 021,E02000915,E,8397,415,338,261,375,0.4,0.6,10.7671,2.699723
Waltham Forest 022,E02000916,E,9212,455,371,286,411,0.2,0.4,14.389000000000001,3.1705700000000006
Waltham Forest 023,E02000917,E,8909,440,358,277,398,0.4,0.6,11.422699999999999,2.784951
Waltham Forest 024,E02000918,E,8864,438,356,275,396,0.2,0.4,13.847000000000001,3.1001100000000004
Waltham Forest 025,E02000919,E,8958,443,360,278,401,0.4,0.6,11.493400000000001,2.7941420000000003
Waltham Forest 026,E02000920,E,9208,455,370,286,411,0.2,0.4,14.383000000000001,3.1697900000000003
Waltham Forest 027,E02000921,E,10687,528,430,332,477,0.2,0.4,16.695500000000003,3.470415
Waltham Forest 028,E02000922,E,10221,505,411,317,456,0.2,0.4,15.9605,3.374865
Wandsworth 001,E02000923,E,7438,345,280,204,303,0.6,0.8,8.394400000000001,2.3912720000000003
Wandsworth 002,E02000924,E,11077,514,417,303,452,0.2,0.4,16.2935,3.4181550000000005
Wandsworth 003,E02000925,E,7809,362,294,214,319,0.2,0.4,11.4925,2.794025
Wandsworth 004,E02000926,E,8892,413,335,243,363,0.4,0.6,10.6476,2.6841880000000002
Wandsworth 005,E02000927,E,6759,314,255,185,276,0.2,0.4,9.9485,2.593305
Wandsworth 006,E02000928,E,8417,391,317,230,344,0.8,1.0,8.8751,2.4537630000000004
Wandsworth 007,E02000929,E,7242,336,273,198,296,0.0,0.2,12.328199999999999,2.902666
Wandsworth 008,E02000930,E,9631,447,363,264,392,0.6,0.8,10.8673,2.712749
Wandsworth 009,E02000931,E,8434,391,318,231,344,0.8,1.0,8.8872,2.455336
Wandsworth 010,E02000932,E,10245,476,386,280,418,0.6,0.8,11.567499999999999,2.803775
Wandsworth 011,E02000933,E,8740,406,329,239,356,0.8,1.0,9.203000000000001,2.4963900000000003
Wandsworth 012,E02000934,E,9062,421,341,248,369,0.6,0.8,10.223600000000001,2.629068
Wandsworth 013,E02000935,E,6818,316,257,187,278,0.2,0.4,10.03,2.6039000000000003
Wandsworth 014,E02000936,E,8291,385,312,227,338,0.6,0.8,9.3583,2.516579
Wandsworth 015,E02000937,E,7686,357,290,210,313,0.8,1.0,8.0928,2.3520640000000004
Wandsworth 016,E02000938,E,9500,441,358,260,388,0.2,0.4,13.981000000000002,3.1175300000000004
Wandsworth 017,E02000939,E,7930,368,299,217,323,0.8,1.0,8.350999999999999,2.38563
Wandsworth 018,E02000940,E,7796,362,294,213,318,0.4,0.6,9.3328,2.5132640000000004
Wandsworth 019,E02000941,E,9894,459,373,271,404,0.6,0.8,11.1772,2.753036
Wandsworth 020,E02000942,E,9618,446,362,263,392,0.8,1.0,10.1284,2.616692
Wandsworth 021,E02000943,E,8363,388,315,229,341,0.6,0.8,9.4409,2.527317
Wandsworth 022,E02000944,E,7171,333,270,196,292,0.2,0.4,10.5405,2.670265
Wandsworth 023,E02000945,E,7584,352,286,208,309,0.2,0.4,11.156,2.75028
Wandsworth 024,E02000946,E,8753,406,330,240,357,0.4,0.6,10.4819,2.6626469999999998
Wandsworth 025,E02000947,E,8635,401,325,236,352,0.8,1.0,9.0945,2.482285
Wandsworth 026,E02000948,E,9830,456,370,269,400,0.6,0.8,11.085999999999999,2.74118
Wandsworth 027,E02000949,E,9757,453,368,267,398,0.6,0.8,11.0181,2.7323530000000003
Wandsworth 028,E02000950,E,7542,350,284,206,307,0.6,0.8,8.505600000000001,2.4057280000000003
Wandsworth 029,E02000951,E,6619,307,249,181,270,0.4,0.6,7.9217,2.329821
Wandsworth 030,E02000952,E,6227,289,235,170,254,0.4,0.6,7.4541,2.2690330000000003
Wandsworth 031,E02000953,E,7050,327,266,193,288,0.6,0.8,7.965999999999999,2.33558
Wandsworth 032,E02000954,E,6397,297,241,175,261,0.4,0.6,7.6591000000000005,2.2956830000000004
Wandsworth 033,E02000955,E,6682,310,252,183,272,0.2,0.4,9.824,2.57712
Wandsworth 034,E02000956,E,7667,356,289,210,313,0.2,0.4,11.2835,2.766855
Wandsworth 035,E02000957,E,10537,489,397,288,429,0.4,0.6,12.6031,2.938403
Wandsworth 036,E02000958,E,8233,382,310,225,336,0.4,0.6,9.8559,2.5812670000000004
Wandsworth 037,E02000959,E,7199,334,271,197,294,0.4,0.6,8.6217,2.420821
Warrington 001,E02002590,E,5770,509,476,357,566,0.8,1.0,11.712,2.82256
Warrington 002,E02002591,E,5146,454,424,319,505,0.6,0.8,11.297799999999999,2.768714
Warrington 003,E02002592,E,5079,448,419,314,498,0.2,0.4,13.7335,3.085355
Warrington 004,E02002593,E,4188,369,345,259,410,0.4,0.6,9.848400000000002,2.580292
Warrington 005,E02002594,E,4371,385,360,271,429,0.2,0.4,11.8255,2.8373150000000003
Warrington 006,E02002595,E,6335,558,522,392,621,0.0,0.2,19.397,3.8216099999999997
Warrington 007,E02002596,E,6802,599,561,421,668,0.6,0.8,14.9356,3.2416280000000004
Warrington 008,E02002597,E,7198,635,594,446,706,0.0,0.2,22.0578,4.167514000000001
Warrington 009,E02002598,E,6149,542,507,381,603,0.8,1.0,12.4807,2.922491
Warrington 010,E02002599,E,8726,769,719,540,856,0.6,0.8,19.147799999999997,3.7892139999999994
Warrington 011,E02002600,E,7344,647,606,455,721,0.0,0.2,22.5084,4.226092
Warrington 012,E02002601,E,6342,559,523,393,622,0.6,0.8,13.919599999999999,3.109548
Warrington 013,E02002602,E,5874,518,484,364,577,0.0,0.2,18.0064,3.6408319999999996
Warrington 014,E02002603,E,5724,504,472,354,562,0.8,1.0,11.621199999999998,2.8107559999999996
Warrington 015,E02002604,E,6153,542,507,381,603,0.8,1.0,12.4819,2.922647
Warrington 016,E02002605,E,7386,651,609,457,725,0.4,0.6,17.3958,3.5614540000000003
Warrington 017,E02002606,E,8135,717,671,504,799,0.0,0.2,24.937000000000005,4.541810000000001
Warrington 018,E02002607,E,7970,702,657,493,782,0.2,0.4,21.554000000000002,4.10202
Warrington 019,E02002608,E,6833,602,563,423,670,0.8,1.0,13.864899999999999,3.102437
Warrington 020,E02002609,E,6507,573,536,403,638,0.0,0.2,19.9262,3.8904060000000005
Warrington 021,E02002610,E,9877,871,814,611,969,0.8,1.0,20.0471,3.906123
Warrington 022,E02002611,E,6359,561,524,394,624,0.8,1.0,12.9117,2.9785209999999998
Warrington 023,E02002612,E,7479,659,617,463,734,0.8,1.0,15.1847,3.274011
Warrington 024,E02002613,E,5116,451,422,317,501,0.8,1.0,10.3768,2.648984
Warrington 025,E02002614,E,4876,430,402,302,478,0.8,1.0,9.8948,2.5863240000000003
Warwick 001,E02006519,E,6789,470,444,352,673,0.8,1.0,13.0277,2.993601
Warwick 002,E02006520,E,7526,522,493,391,746,0.8,1.0,14.448799999999999,3.178344
Warwick 003,E02006521,E,6696,464,438,348,663,0.8,1.0,12.8458,2.9699540000000004
Warwick 004,E02006522,E,4905,340,321,255,485,0.6,0.8,10.0455,2.6059150000000004
Warwick 005,E02006523,E,10435,723,683,542,1033,0.8,1.0,20.0155,3.9020150000000005
Warwick 006,E02006524,E,5046,350,330,262,500,0.2,0.4,12.727,2.95451
Warwick 007,E02006525,E,11541,800,755,599,1143,0.8,1.0,22.140299999999996,4.178239
Warwick 008,E02006526,E,7465,517,489,388,739,0.6,0.8,15.298499999999999,3.288805
Warwick 009,E02006527,E,8226,570,538,427,814,0.8,1.0,15.7728,3.3504640000000006
Warwick 010,E02006528,E,9999,693,654,519,990,0.4,0.6,21.9957,4.159441
Warwick 011,E02006529,E,10143,703,664,527,1005,0.6,0.8,20.7949,4.003337
Warwick 012,E02006530,E,9415,652,616,489,932,0.8,1.0,18.057499999999997,3.647475
Warwick 013,E02006531,E,8913,618,583,463,882,0.2,0.4,22.4675,4.220775000000001
Warwick 014,E02006532,E,7833,543,513,407,776,0.8,1.0,15.0329,3.254277
Warwick 015,E02006533,E,8591,595,562,446,851,0.8,1.0,16.4823,3.442699
Watford 001,E02004968,E,6298,358,306,244,405,0.4,0.6,10.153400000000001,2.619942
Watford 002,E02004969,E,6399,364,311,248,412,0.6,0.8,9.6637,2.5562810000000002
Watford 003,E02004970,E,6963,396,338,270,448,0.4,0.6,11.228900000000001,2.7597570000000005
Watford 004,E02004971,E,6654,379,323,258,428,0.4,0.6,10.7302,2.694926
Watford 005,E02004972,E,5423,309,263,210,348,0.8,1.0,7.648899999999999,2.2943569999999998
Watford 006,E02004973,E,6620,377,321,257,425,0.4,0.6,10.666,2.68658
Watford 007,E02004974,E,6761,385,328,262,435,0.8,1.0,9.5493,2.5414090000000003
Watford 008,E02004975,E,6915,393,336,268,445,0.8,1.0,9.7675,2.569775
Watford 009,E02004976,E,7240,412,352,281,465,0.2,0.4,13.811,3.0954300000000003
Watford 010,E02004977,E,7344,418,357,285,472,0.4,0.6,11.8412,2.8393560000000004
Watford 011,E02004978,E,7668,436,373,298,493,0.2,0.4,14.636000000000001,3.20268
Watford 012,E02004979,E,6003,342,292,233,386,0.6,0.8,9.0639,2.478307
Waveney 001,E02006302,E,5189,655,644,527,903,0.4,0.6,19.4407,3.8272909999999998
Waveney 002,E02006303,E,5696,719,707,578,991,0.0,0.2,26.4856,4.7431280000000005
Waveney 003,E02006304,E,5564,702,690,564,967,0.4,0.6,20.8212,4.006756
Waveney 004,E02006305,E,6871,867,852,697,1195,0.0,0.2,31.9366,5.451758
Waveney 005,E02006306,E,5375,678,667,545,935,0.2,0.4,22.424500000000002,4.215185
Waveney 006,E02006307,E,5498,694,682,558,956,0.8,1.0,17.7074,3.6019620000000003
Waveney 007,E02006308,E,5360,677,665,544,932,0.0,0.2,24.918000000000003,4.53934
Waveney 008,E02006309,E,5064,639,628,514,881,0.0,0.2,23.5434,4.360642
Waveney 009,E02006310,E,6017,760,747,610,1047,0.4,0.6,22.537100000000002,4.2298230000000006
Waveney 010,E02006311,E,6119,773,760,621,1065,0.2,0.4,25.5455,4.620915
Waveney 011,E02006312,E,6527,824,810,662,1135,0.6,0.8,22.6411,4.243343
Waveney 012,E02006313,E,7550,953,937,766,1313,0.4,0.6,28.271,4.975230000000001
Waveney 013,E02006314,E,5489,693,681,557,954,0.4,0.6,20.5467,3.9710710000000002
Waveney 014,E02006315,E,4396,555,546,446,765,0.4,0.6,16.4688,3.440944
Waveney 015,E02006316,E,5122,646,635,520,891,0.4,0.6,19.180600000000002,3.7934780000000003
Waverley 001,E02006439,E,4465,393,371,310,612,0.8,1.0,11.1495,2.749435
Waverley 002,E02006440,E,5440,479,452,378,745,0.8,1.0,13.579,3.06527
Waverley 003,E02006441,E,5814,512,483,404,796,0.8,1.0,14.510200000000001,3.186326
Waverley 004,E02006442,E,4523,398,376,315,620,0.8,1.0,11.299900000000001,2.768987
Waverley 005,E02006443,E,5549,489,461,386,760,0.6,0.8,14.776699999999998,3.2209709999999996
Waverley 006,E02006444,E,5142,453,427,357,704,0.8,1.0,12.8316,2.968108
Waverley 007,E02006445,E,5519,486,459,384,757,0.8,1.0,13.7927,3.093051
Waverley 008,E02006446,E,5169,455,429,359,708,0.8,1.0,12.901699999999998,2.977221
Waverley 009,E02006447,E,4753,419,395,331,651,0.8,1.0,11.8699,2.8430869999999997
Waverley 010,E02006448,E,5574,491,463,387,764,0.8,1.0,13.9192,3.109496
Waverley 011,E02006449,E,5265,464,438,366,721,0.8,1.0,13.144499999999999,3.008785
Waverley 012,E02006450,E,5325,469,443,370,730,0.8,1.0,13.3015,3.0291950000000005
Waverley 013,E02006451,E,8163,719,678,567,1118,0.8,1.0,20.3759,3.948867
Waverley 015,E02006453,E,6123,539,509,426,839,0.8,1.0,15.291899999999998,3.287947
Waverley 016,E02006454,E,5001,440,416,348,685,0.8,1.0,12.4873,2.923349
Waverley 017,E02006455,E,4566,402,379,317,625,0.8,1.0,11.3918,2.7809340000000002
Waverley 018,E02006839,E,6397,563,532,445,877,0.8,1.0,15.981100000000001,3.377543
Wealden 001,E02004403,E,5144,618,595,471,786,0.6,0.8,16.1602,3.4008260000000003
Wealden 002,E02004404,E,5096,612,590,466,778,0.8,1.0,14.8208,3.2267040000000002
Wealden 003,E02004405,E,4603,553,533,421,702,0.8,1.0,13.3799,3.039387
Wealden 004,E02004406,E,5688,684,658,521,868,0.8,1.0,16.5434,3.450642
Wealden 005,E02004407,E,6186,744,716,566,945,0.8,1.0,18.000799999999998,3.640104
Wealden 006,E02004408,E,6335,761,733,580,967,0.6,0.8,19.8915,3.8858950000000005
Wealden 007,E02004409,E,4434,533,513,406,677,0.6,0.8,13.9252,3.110276
Wealden 008,E02004410,E,6208,746,718,568,948,0.6,0.8,19.4944,3.8342720000000003
Wealden 009,E02004411,E,6754,812,782,618,1032,0.6,0.8,21.2202,4.058626
Wealden 010,E02004412,E,6167,741,714,564,941,0.8,1.0,17.9311,3.631043
Wealden 011,E02004413,E,5419,652,627,496,828,0.6,0.8,17.0257,3.5133410000000005
Wealden 012,E02004414,E,4748,571,549,434,724,0.8,1.0,13.7984,3.0937920000000005
Wealden 013,E02004415,E,4880,587,565,447,746,0.6,0.8,15.338999999999999,3.2940699999999996
Wealden 014,E02004416,E,5112,614,591,468,781,0.4,0.6,17.3056,3.549728
Wealden 015,E02004417,E,4466,537,517,409,682,0.6,0.8,14.0288,3.1237440000000003
Wealden 016,E02004418,E,4383,527,507,401,669,0.4,0.6,14.830900000000002,3.2280170000000004
Wealden 017,E02004419,E,4706,566,545,431,719,0.2,0.4,17.875999999999998,3.6238799999999998
Wealden 018,E02004420,E,8348,1003,966,764,1275,0.6,0.8,26.2194,4.708522
Wealden 019,E02004421,E,6074,730,703,556,928,0.4,0.6,20.566200000000002,3.973606
Wealden 020,E02004422,E,7513,903,869,688,1147,0.6,0.8,23.5929,4.367077
Wealden 021,E02004423,E,5904,710,683,540,901,0.8,1.0,17.1682,3.531866
Wellingborough 001,E02005692,E,5692,507,445,345,553,0.4,0.6,13.2076,3.016988
Wellingborough 002,E02005693,E,7162,638,560,434,695,0.2,0.4,19.113,3.7846900000000003
Wellingborough 003,E02005694,E,6622,590,518,402,642,0.8,1.0,13.2746,3.025698
Wellingborough 004,E02005695,E,6338,565,496,384,615,0.2,0.4,16.916,3.49908
Wellingborough 005,E02005696,E,5040,449,394,306,489,0.0,0.2,15.249,3.2823700000000002
Wellingborough 006,E02005697,E,5236,466,410,318,509,0.0,0.2,15.8556,3.3612280000000005
Wellingborough 007,E02005698,E,4973,443,389,302,483,0.2,0.4,13.281500000000001,3.0265950000000004
Wellingborough 008,E02005699,E,7134,636,558,433,693,0.2,0.4,19.054000000000002,3.7770200000000003
Wellingborough 009,E02005700,E,7676,684,601,466,745,0.8,1.0,15.3978,3.3017140000000005
Wellingborough 010,E02005701,E,9381,836,734,569,910,0.6,0.8,20.2773,3.9360490000000006
Welwyn Hatfield 001,E02004980,E,5863,335,316,255,417,0.8,1.0,8.9229,2.4599770000000003
Welwyn Hatfield 002,E02004981,E,7031,402,379,306,501,0.8,1.0,10.7123,2.6925990000000004
Welwyn Hatfield 003,E02004982,E,5793,331,312,252,412,0.8,1.0,8.8159,2.446067
Welwyn Hatfield 004,E02004983,E,5833,333,314,254,415,0.6,0.8,9.5069,2.5358970000000003
Welwyn Hatfield 005,E02004984,E,6176,353,333,269,439,0.6,0.8,10.0648,2.6084240000000003
Welwyn Hatfield 006,E02004985,E,6658,380,358,290,474,0.8,1.0,10.1374,2.617862
Welwyn Hatfield 007,E02004986,E,7269,415,391,316,517,0.2,0.4,14.8595,3.2317350000000005
Welwyn Hatfield 008,E02004987,E,6594,377,355,287,470,0.6,0.8,10.757200000000001,2.698436
Welwyn Hatfield 009,E02004988,E,7278,416,392,317,519,0.4,0.6,12.7134,2.952742
Welwyn Hatfield 010,E02004989,E,12337,705,664,537,878,0.4,0.6,21.525100000000002,4.098263
Welwyn Hatfield 011,E02004990,E,6233,356,336,271,444,0.4,0.6,10.879900000000001,2.7143870000000003
Welwyn Hatfield 012,E02004991,E,7165,409,386,312,510,0.2,0.4,14.657500000000002,3.2054750000000007
Welwyn Hatfield 013,E02004992,E,7943,454,428,346,566,0.4,0.6,13.8709,3.103217
Welwyn Hatfield 014,E02004993,E,5137,293,277,224,366,0.6,0.8,8.3811,2.3895429999999998
Welwyn Hatfield 015,E02004994,E,5745,328,309,250,409,0.8,1.0,8.746500000000001,2.4370450000000003
Welwyn Hatfield 016,E02004995,E,5069,289,273,221,361,0.8,1.0,7.7207,2.303691
West Berkshire 001,E02003367,E,4683,440,406,326,542,0.6,0.8,11.5009,2.7951170000000003
West Berkshire 002,E02003368,E,4167,392,361,290,482,0.6,0.8,10.2301,2.629913
West Berkshire 003,E02003369,E,4547,428,394,316,526,0.8,1.0,10.374099999999999,2.648633
West Berkshire 004,E02003370,E,4895,461,424,340,567,0.8,1.0,11.1755,2.752815
West Berkshire 005,E02003371,E,4444,418,385,309,515,0.8,1.0,10.1492,2.619396
West Berkshire 006,E02003372,E,5726,539,496,398,662,0.8,1.0,13.0598,2.9977739999999997
West Berkshire 007,E02003373,E,6448,606,559,448,747,0.8,1.0,14.7214,3.213782
West Berkshire 008,E02003374,E,4283,403,371,298,495,0.6,0.8,10.5099,2.666287
West Berkshire 009,E02003375,E,4329,407,375,301,501,0.8,1.0,9.8787,2.584231
West Berkshire 010,E02003376,E,4313,406,374,300,499,0.6,0.8,10.590900000000001,2.6768170000000002
West Berkshire 011,E02003377,E,7654,720,663,532,885,0.6,0.8,18.7832,3.741816
West Berkshire 012,E02003378,E,5774,543,501,402,668,0.8,1.0,13.1782,3.013166
West Berkshire 013,E02003379,E,5105,480,442,355,591,0.6,0.8,12.535499999999999,2.929615
West Berkshire 014,E02003380,E,5868,552,509,408,679,0.8,1.0,13.3914,3.0408820000000003
West Berkshire 015,E02003381,E,4453,419,386,310,515,0.8,1.0,10.1609,2.6209170000000004
West Berkshire 016,E02003382,E,5672,533,491,394,657,0.6,0.8,13.9286,3.1107180000000003
West Berkshire 017,E02003383,E,5172,487,448,360,598,0.8,1.0,11.799599999999998,2.833948
West Berkshire 018,E02003384,E,4775,449,414,332,552,0.6,0.8,11.7185,2.823405
West Berkshire 019,E02003385,E,5633,530,488,392,652,0.4,0.6,14.8779,3.234127
West Berkshire 020,E02003386,E,5954,560,516,414,690,0.6,0.8,14.6302,3.2019260000000003
West Berkshire 021,E02003387,E,6828,642,592,475,791,0.8,1.0,15.592399999999998,3.327012
West Berkshire 022,E02003388,E,4286,403,371,298,496,0.6,0.8,10.521799999999999,2.667834
West Devon 001,E02004229,E,5834,798,786,598,970,0.4,0.6,21.718200000000003,4.123366000000001
West Devon 002,E02004230,E,5494,752,741,563,914,0.4,0.6,20.4622,3.9600860000000004
West Devon 003,E02004231,E,4977,681,671,510,828,0.4,0.6,18.5351,3.709563
West Devon 004,E02004232,E,4783,654,645,490,796,0.4,0.6,17.8149,3.6159370000000006
West Devon 005,E02004233,E,8994,1231,1213,922,1497,0.6,0.8,31.089199999999998,5.341596
West Devon 006,E02004234,E,4483,613,604,460,745,0.4,0.6,16.6869,3.469297
West Devon 007,E02004235,E,4666,638,629,478,776,0.4,0.6,17.3718,3.5583340000000003
West Dorset 001,E02004269,E,6557,910,918,749,1286,0.6,0.8,25.350099999999998,4.5955129999999995
West Dorset 002,E02004270,E,5155,716,722,589,1012,0.6,0.8,19.9435,3.8926550000000004
West Dorset 003,E02004271,E,6732,934,942,768,1321,0.4,0.6,28.1156,4.955028
West Dorset 004,E02004272,E,7852,1090,1099,897,1541,0.6,0.8,30.3676,5.247788
West Dorset 005,E02004273,E,4879,677,683,557,957,0.6,0.8,18.8617,3.752021
West Dorset 006,E02004274,E,4448,618,623,508,873,0.4,0.6,18.5864,3.7162320000000006
West Dorset 007,E02004275,E,5109,709,715,583,1003,0.4,0.6,21.344700000000003,4.074811
West Dorset 008,E02004276,E,3908,543,547,446,766,0.4,0.6,16.3144,3.420872
West Dorset 009,E02004277,E,7086,984,992,809,1391,0.4,0.6,29.6078,5.149014
West Dorset 010,E02004278,E,6039,838,845,690,1185,0.8,1.0,21.6627,4.116151
West Dorset 011,E02004279,E,5349,743,749,611,1049,0.6,0.8,20.6807,3.9884910000000007
West Dorset 012,E02004280,E,5240,727,733,598,1029,0.6,0.8,20.267,3.93471
West Lancashire 001,E02005304,E,6653,609,583,468,786,0.8,1.0,15.3659,3.297567
West Lancashire 002,E02005305,E,5662,518,497,398,669,0.4,0.6,15.1386,3.268018
West Lancashire 003,E02005306,E,5462,500,479,384,646,0.4,0.6,14.610600000000002,3.1993780000000003
West Lancashire 004,E02005307,E,7116,652,624,501,842,0.6,0.8,17.7018,3.601234
West Lancashire 005,E02005308,E,5168,473,453,364,611,0.8,1.0,11.9434,2.8526420000000003
West Lancashire 006,E02005309,E,6497,595,570,457,768,0.6,0.8,16.1521,3.3997730000000006
West Lancashire 007,E02005310,E,6172,565,541,434,729,0.6,0.8,15.3346,3.293498
West Lancashire 008,E02005311,E,4322,396,379,304,511,0.6,0.8,10.7456,2.6969279999999998
West Lancashire 009,E02005312,E,4595,421,403,323,543,0.6,0.8,11.4205,2.7846650000000004
West Lancashire 010,E02005313,E,6816,624,598,479,806,0.0,0.2,23.224600000000002,4.319198
West Lancashire 011,E02005314,E,5007,458,439,352,592,0.2,0.4,15.2015,3.276195
West Lancashire 012,E02005315,E,6252,573,548,440,739,0.8,1.0,14.4466,3.178058
West Lancashire 013,E02005316,E,4856,445,426,342,574,0.0,0.2,16.550600000000003,3.4515780000000005
West Lancashire 014,E02005317,E,5495,503,482,387,650,0.0,0.2,18.731,3.73503
West Lancashire 015,E02005318,E,5716,524,501,402,676,0.6,0.8,14.2128,3.147664
West Lindsey 001,E02005492,E,7327,859,839,654,998,0.4,0.6,23.1721,4.312373
West Lindsey 002,E02005493,E,7233,848,828,645,985,0.6,0.8,21.2379,4.060927
West Lindsey 003,E02005494,E,7347,862,841,655,1001,0.4,0.6,23.2341,4.320433
West Lindsey 004,E02005495,E,7500,879,858,669,1021,0.0,0.2,30.119999999999997,5.2156
West Lindsey 005,E02005496,E,5020,588,574,448,683,0.4,0.6,15.862,3.3620600000000005
West Lindsey 006,E02005497,E,5466,641,626,488,744,0.0,0.2,21.9586,4.154618
West Lindsey 007,E02005498,E,5562,652,636,496,758,0.4,0.6,17.5886,3.586518
West Lindsey 008,E02005499,E,6272,735,718,559,854,0.6,0.8,18.412599999999998,3.693638
West Lindsey 009,E02005500,E,5282,619,605,471,719,0.6,0.8,15.506599999999999,3.3158579999999995
West Lindsey 010,E02005501,E,5721,671,655,510,779,0.8,1.0,15.4873,3.3133489999999997
West Lindsey 011,E02005502,E,6658,781,762,594,906,0.6,0.8,19.5434,3.840642
West Oxfordshire 001,E02005993,E,5029,489,486,384,711,0.6,0.8,14.1717,3.142321
West Oxfordshire 002,E02005994,E,4822,469,466,369,682,0.6,0.8,13.595600000000001,3.0674280000000005
West Oxfordshire 003,E02005995,E,4686,455,453,358,663,0.8,1.0,12.3048,2.899624
West Oxfordshire 004,E02005996,E,6369,619,615,487,901,0.8,1.0,16.7247,3.4742109999999995
West Oxfordshire 005,E02005997,E,4406,428,426,337,624,0.8,1.0,11.578800000000001,2.805244
West Oxfordshire 006,E02005998,E,4614,448,446,353,653,0.8,1.0,12.1202,2.8756260000000005
West Oxfordshire 007,E02005999,E,4895,476,473,374,692,0.8,1.0,12.8485,2.9703049999999998
West Oxfordshire 008,E02006000,E,9385,912,907,717,1329,0.8,1.0,24.6575,4.505475
West Oxfordshire 009,E02006001,E,4453,433,430,340,630,0.6,0.8,12.5519,2.931747
West Oxfordshire 010,E02006002,E,7998,777,773,611,1132,0.6,0.8,22.5524,4.231812
West Oxfordshire 011,E02006003,E,4298,418,415,328,608,0.6,0.8,12.113399999999999,2.874742
West Oxfordshire 012,E02006004,E,4421,430,427,338,626,0.6,0.8,12.4703,2.921139
West Oxfordshire 013,E02006005,E,7220,702,698,552,1022,0.8,1.0,18.968,3.76584
West Oxfordshire 014,E02006006,E,5291,514,511,404,748,0.8,1.0,13.8853,3.1050890000000004
West Oxfordshire 015,E02006007,E,5245,510,507,401,743,0.8,1.0,13.785499999999999,3.0921149999999997
West Somerset 001,E02006113,E,6018,717,694,559,967,0.4,0.6,20.973399999999998,4.026542
West Somerset 002,E02006114,E,5528,658,637,513,888,0.2,0.4,21.533,4.09929
West Somerset 003,E02006115,E,5928,706,684,550,953,0.2,0.4,23.104,4.30352
West Somerset 004,E02006116,E,6453,769,744,599,1037,0.2,0.4,25.146500000000003,4.569045000000001
West Somerset 005,E02006117,E,4555,543,525,423,732,0.2,0.4,17.7515,3.6076950000000005
Westminster 001,E02000960,E,7218,466,382,288,459,0.8,1.0,10.350399999999999,2.645552
Westminster 002,E02000961,E,10295,665,546,411,654,0.4,0.6,16.9165,3.4991450000000004
Westminster 003,E02000962,E,9403,608,498,375,598,0.4,0.6,15.4549,3.3091369999999998
Westminster 004,E02000963,E,11300,730,599,451,718,0.0,0.2,25.198,4.575740000000001
Westminster 005,E02000964,E,13683,884,725,546,869,0.2,0.4,26.643500000000003,4.763655000000001
Westminster 006,E02000965,E,9407,608,498,375,598,0.4,0.6,15.456100000000001,3.3092930000000003
Westminster 007,E02000966,E,10585,684,561,422,673,0.6,0.8,16.3005,3.419065
Westminster 008,E02000967,E,7947,514,421,317,505,0.8,1.0,11.3941,2.7812330000000003
Westminster 009,E02000968,E,15657,1012,830,625,995,0.0,0.2,34.919200000000004,5.8394960000000005
Westminster 010,E02000969,E,10174,657,539,406,646,0.0,0.2,22.678400000000003,4.248192
Westminster 011,E02000970,E,9795,633,519,391,622,0.8,1.0,14.0395,3.125135
Westminster 012,E02000971,E,9168,592,486,366,583,0.4,0.6,15.070400000000001,3.2591520000000003
Westminster 013,E02000972,E,9086,587,481,362,577,0.4,0.6,14.919800000000002,3.239574
Westminster 014,E02000973,E,11003,711,583,439,699,0.4,0.6,18.076900000000002,3.649997000000001
Westminster 015,E02000974,E,9590,620,508,383,609,0.4,0.6,15.754999999999999,3.3481500000000004
Westminster 016,E02000975,E,9550,617,506,381,607,0.6,0.8,14.705,3.21165
Westminster 017,E02000976,E,10845,701,575,433,689,0.4,0.6,17.8215,3.6167949999999998
Westminster 018,E02000977,E,8166,528,433,326,519,0.4,0.6,13.4218,3.044834
Westminster 019,E02000978,E,10107,653,536,403,642,0.8,1.0,14.4871,3.183323
Westminster 020,E02000979,E,8813,569,467,351,560,0.4,0.6,14.4759,3.181867
Westminster 021,E02000980,E,9467,612,502,378,602,0.2,0.4,18.4475,3.698175
Westminster 022,E02000981,E,9803,634,519,391,622,0.6,0.8,15.081900000000001,3.2606470000000005
Westminster 023,E02000982,E,8968,580,475,358,570,0.2,0.4,17.47,3.5711000000000004
Westminster 024,E02000983,E,9197,594,487,367,585,0.4,0.6,15.1171,3.265223
Weymouth and Portland 001,E02004281,E,5038,699,705,575,989,0.2,0.4,23.329,4.33277
Weymouth and Portland 002,E02004282,E,5950,826,833,679,1167,0.8,1.0,21.335,4.07355
Weymouth and Portland 003,E02004283,E,5970,829,836,682,1172,0.2,0.4,27.654,4.895020000000001
Weymouth and Portland 004,E02004284,E,6521,905,913,745,1279,0.0,0.2,33.5656,5.663528
Weymouth and Portland 005,E02004285,E,5140,714,720,587,1009,0.2,0.4,23.809,4.39517
Weymouth and Portland 006,E02004286,E,3575,496,500,408,702,0.4,0.6,14.936499999999999,3.241745
Weymouth and Portland 007,E02004287,E,3837,533,537,438,753,0.4,0.6,16.0291,3.383783
Weymouth and Portland 008,E02004288,E,3887,539,544,444,763,0.0,0.2,20.011200000000002,3.9014560000000005
Weymouth and Portland 009,E02004289,E,4958,688,694,566,973,0.4,0.6,20.711399999999998,3.992482
Wigan 001,E02001287,E,4660,419,370,273,393,0.8,1.0,8.664,2.42632
Wigan 002,E02001288,E,6185,556,491,362,521,0.6,0.8,12.4725,2.921425
Wigan 003,E02001289,E,8262,743,655,484,696,0.6,0.8,16.6606,3.465878
Wigan 004,E02001290,E,4987,449,396,292,420,0.4,0.6,10.7701,2.700113
Wigan 005,E02001291,E,6291,566,499,368,531,0.2,0.4,15.787500000000001,3.3523750000000003
Wigan 006,E02001292,E,6444,580,511,377,543,0.6,0.8,12.9952,2.989376
Wigan 007,E02001293,E,5046,454,400,295,426,0.4,0.6,10.9038,2.7174940000000003
Wigan 008,E02001294,E,6418,577,509,376,541,0.2,0.4,16.1,3.3930000000000007
Wigan 009,E02001295,E,6008,540,476,352,506,0.0,0.2,17.2208,3.538704
Wigan 010,E02001296,E,7321,658,581,429,617,0.0,0.2,20.994600000000002,4.029298000000001
Wigan 011,E02001297,E,5494,494,436,322,463,0.2,0.4,13.783000000000001,3.0917900000000005
Wigan 012,E02001298,E,6663,599,529,390,562,0.0,0.2,19.111800000000002,3.7845340000000007
Wigan 013,E02001299,E,7253,652,575,425,611,0.2,0.4,18.1895,3.6646349999999996
Wigan 014,E02001300,E,6493,584,515,380,547,0.2,0.4,16.2825,3.4167249999999996
Wigan 015,E02001301,E,6638,597,526,389,560,0.0,0.2,19.040799999999997,3.775304
Wigan 016,E02001302,E,6430,578,510,376,542,0.0,0.2,18.434,3.6964200000000007
Wigan 017,E02001303,E,6992,629,554,409,589,0.0,0.2,20.0412,3.9053560000000003
Wigan 018,E02001304,E,10034,902,796,587,846,0.6,0.8,20.2392,3.931096
Wigan 019,E02001305,E,6717,604,533,393,566,0.4,0.6,14.5051,3.185663
Wigan 020,E02001306,E,5985,538,475,350,504,0.4,0.6,12.919500000000001,2.9795350000000003
Wigan 021,E02001307,E,9232,830,732,540,778,0.8,1.0,17.151600000000002,3.5297080000000003
Wigan 022,E02001308,E,4911,442,389,287,414,0.2,0.4,12.3145,2.900885
Wigan 023,E02001309,E,6285,565,498,368,529,0.2,0.4,15.753499999999999,3.347955
Wigan 024,E02001310,E,7365,662,584,431,621,0.0,0.2,21.118000000000002,4.04534
Wigan 025,E02001311,E,6818,613,541,399,574,0.2,0.4,17.093000000000004,3.5220900000000004
Wigan 026,E02001312,E,6385,574,506,374,538,0.2,0.4,16.0125,3.3816249999999997
Wigan 027,E02001313,E,6468,582,513,379,545,0.0,0.2,18.5488,3.7113440000000004
Wigan 028,E02001314,E,6578,591,522,385,554,0.6,0.8,13.2624,3.024112
Wigan 029,E02001315,E,6302,567,500,369,531,0.6,0.8,12.7106,2.952378
Wigan 030,E02001316,E,5365,482,425,314,452,0.0,0.2,15.376000000000001,3.2988800000000005
Wigan 031,E02001317,E,6921,622,549,405,583,0.0,0.2,19.8386,3.8790180000000003
Wigan 032,E02001318,E,6451,580,511,378,543,0.2,0.4,16.1715,3.4022950000000005
Wigan 033,E02001319,E,6030,542,478,353,508,0.0,0.2,17.285,3.5470500000000005
Wigan 034,E02001320,E,6280,565,498,368,529,0.2,0.4,15.751000000000001,3.3476300000000005
Wigan 035,E02001321,E,6884,619,546,403,580,0.4,0.6,14.865200000000002,3.232476
Wigan 036,E02001322,E,6104,549,484,357,515,0.4,0.6,13.187199999999999,3.014336
Wigan 037,E02001323,E,6175,555,490,361,521,0.2,0.4,15.491499999999998,3.3138949999999996
Wigan 038,E02001324,E,6944,624,551,406,585,0.2,0.4,17.41,3.5633
Wigan 039,E02001325,E,6374,573,505,373,537,0.6,0.8,12.850200000000001,2.9705260000000004
Wigan 040,E02001326,E,6311,568,501,370,533,0.6,0.8,12.7463,2.957019
Wiltshire 001,E02006644,E,5565,545,517,409,689,0.8,1.0,13.4175,3.044275
Wiltshire 002,E02006645,E,5906,578,549,434,732,0.8,1.0,14.2478,3.152214
Wiltshire 003,E02006646,E,4623,453,429,339,572,0.6,0.8,11.995899999999999,2.859467
Wiltshire 004,E02006647,E,4866,477,452,357,603,0.6,0.8,12.639800000000001,2.943174
Wiltshire 005,E02006648,E,4833,473,449,355,598,0.8,1.0,11.646899999999999,2.814097
Wiltshire 006,E02006649,E,5663,555,526,416,702,0.6,0.8,14.7149,3.212937
Wiltshire 007,E02006650,E,9313,913,865,684,1154,0.8,1.0,22.4639,4.220307
Wiltshire 008,E02006651,E,5969,585,555,438,740,0.6,0.8,15.510699999999998,3.3163910000000003
Wiltshire 009,E02006652,E,7872,771,731,578,976,0.8,1.0,18.9916,3.7689079999999997
Wiltshire 010,E02006653,E,8110,794,753,596,1005,0.6,0.8,21.068,4.03884
Wiltshire 011,E02006654,E,7716,756,717,567,956,0.2,0.4,24.435,4.47655
Wiltshire 012,E02006634,E,7125,698,662,523,883,0.8,1.0,17.185499999999998,3.534115
Wiltshire 013,E02006655,E,5778,566,537,424,716,0.6,0.8,15.0094,3.2512220000000003
Wiltshire 014,E02006656,E,5840,572,542,429,724,0.8,1.0,14.088999999999999,3.13157
Wiltshire 015,E02006657,E,8354,818,776,614,1035,0.4,0.6,23.3502,4.335526000000001
Wiltshire 016,E02006658,E,5898,578,548,433,731,0.6,0.8,15.3234,3.2920420000000004
Wiltshire 017,E02006659,E,6310,618,586,463,782,0.8,1.0,15.218,3.27834
Wiltshire 018,E02006660,E,10735,1052,997,789,1331,0.6,0.8,27.8985,4.926805
Wiltshire 019,E02006635,E,6928,679,644,509,858,0.8,1.0,16.7074,3.4719620000000004
Wiltshire 020,E02006678,E,6060,594,563,445,751,0.4,0.6,16.94,3.5022
Wiltshire 021,E02006679,E,8040,788,747,591,996,0.6,0.8,20.887,4.01531
Wiltshire 022,E02006680,E,6051,593,562,444,750,0.4,0.6,16.9133,3.498729
Wiltshire 023,E02006681,E,4897,480,455,360,607,0.8,1.0,11.816099999999999,2.836093
Wiltshire 024,E02006636,E,5660,554,526,416,702,0.6,0.8,14.712,3.21256
Wiltshire 025,E02006637,E,8865,868,824,651,1099,0.6,0.8,23.0355,4.294615
Wiltshire 026,E02006638,E,5167,506,480,379,640,0.4,0.6,14.4361,3.176693
Wiltshire 027,E02006682,E,7755,760,721,570,962,0.8,1.0,18.7205,3.7336650000000002
Wiltshire 028,E02006639,E,7009,687,651,515,868,0.4,0.6,19.5867,3.8462709999999998
Wiltshire 029,E02006640,E,5834,571,542,428,722,0.6,0.8,15.142199999999999,3.2684860000000002
Wiltshire 030,E02006683,E,6406,628,595,471,794,0.6,0.8,16.6468,3.4640839999999997
Wiltshire 031,E02006684,E,5089,498,473,374,631,0.2,0.4,16.1205,3.395665
Wiltshire 032,E02006685,E,6352,622,590,467,788,0.6,0.8,16.5126,3.446638
Wiltshire 033,E02006686,E,4522,443,420,332,560,0.2,0.4,14.314,3.16082
Wiltshire 034,E02006641,E,6120,599,568,449,759,0.8,1.0,14.764,3.2193199999999997
Wiltshire 035,E02006687,E,6014,589,559,442,746,0.4,0.6,16.822200000000002,3.486886
Wiltshire 036,E02006688,E,4679,458,435,344,580,0.4,0.6,13.0837,3.000881
Wiltshire 037,E02006689,E,5173,507,480,380,640,0.6,0.8,13.425899999999999,3.0453669999999997
Wiltshire 038,E02006642,E,4758,466,442,350,590,0.6,0.8,12.3674,2.907762
Wiltshire 039,E02006690,E,5543,543,515,407,687,0.6,0.8,14.4009,3.172117
Wiltshire 040,E02006691,E,11131,1090,1034,818,1379,0.4,0.6,31.111300000000004,5.344469
Wiltshire 041,E02006643,E,12417,1216,1154,912,1538,0.6,0.8,32.2511,5.492643
Wiltshire 042,E02006692,E,4700,460,437,345,583,0.6,0.8,12.216000000000001,2.8880800000000004
Wiltshire 043,E02006693,E,4727,463,439,347,585,0.4,0.6,13.202100000000002,3.016273
Wiltshire 044,E02006694,E,5004,490,465,368,620,0.6,0.8,13.0012,2.9901560000000003
Wiltshire 045,E02006661,E,7584,743,705,557,940,0.8,1.0,18.2962,3.6785059999999996
Wiltshire 046,E02006662,E,4881,478,454,359,605,0.6,0.8,12.6863,2.9492190000000003
Wiltshire 047,E02006695,E,5231,512,486,384,648,0.4,0.6,14.6173,3.2002490000000003
Wiltshire 048,E02006663,E,8848,867,822,650,1097,0.6,0.8,22.9934,4.289142
Wiltshire 049,E02006664,E,5383,527,500,395,667,0.6,0.8,13.9809,3.1175170000000003
Wiltshire 050,E02006665,E,5413,530,503,398,671,0.4,0.6,15.1359,3.2676670000000003
Wiltshire 051,E02006666,E,4657,456,433,342,577,0.6,0.8,12.098099999999999,2.872753
Wiltshire 052,E02006667,E,5256,515,488,386,651,0.2,0.4,16.639,3.46307
Wiltshire 053,E02006668,E,5036,493,468,370,624,0.6,0.8,13.082799999999999,3.000764
Wiltshire 054,E02006669,E,8011,785,744,588,993,0.4,0.6,22.3933,4.211129000000001
Wiltshire 055,E02006670,E,5538,543,515,407,686,0.6,0.8,14.3884,3.1704920000000003
Wiltshire 056,E02006671,E,5063,496,470,372,627,0.6,0.8,13.1479,3.009227
Wiltshire 057,E02006672,E,5488,538,510,403,680,0.6,0.8,14.2574,3.153462
Wiltshire 058,E02006673,E,4129,404,384,303,512,0.4,0.6,11.5447,2.8008110000000004
Wiltshire 059,E02006674,E,4713,462,438,346,584,0.6,0.8,12.2439,2.8917070000000002
Wiltshire 060,E02006675,E,6524,639,606,479,808,0.8,1.0,15.7302,3.344926
Wiltshire 061,E02006676,E,5049,495,469,371,625,0.4,0.6,14.1067,3.133871
Wiltshire 062,E02006677,E,6428,630,597,472,797,0.8,1.0,15.5094,3.316222
Winchester 001,E02004829,E,4700,418,407,330,607,0.6,0.8,12.201,2.88613
Winchester 002,E02004830,E,5274,469,456,370,680,0.8,1.0,12.7622,2.959086
Winchester 003,E02004831,E,7318,651,633,513,944,0.8,1.0,17.7124,3.6026119999999997
Winchester 004,E02004832,E,7189,639,622,504,927,0.8,1.0,17.395699999999998,3.5614409999999994
Winchester 005,E02004833,E,8101,721,701,568,1045,0.8,1.0,19.609299999999998,3.849209
Winchester 006,E02004834,E,6203,552,537,435,801,0.4,0.6,17.334899999999998,3.5535369999999995
Winchester 007,E02004835,E,8402,747,727,589,1084,0.8,1.0,20.337600000000002,3.9438880000000003
Winchester 008,E02004836,E,5278,469,457,370,680,0.4,0.6,14.7294,3.214822
Winchester 009,E02004837,E,6324,563,547,443,816,0.8,1.0,15.3082,3.290066
Winchester 010,E02004838,E,7542,671,652,529,972,0.8,1.0,18.245600000000003,3.6719280000000003
Winchester 011,E02004839,E,6789,604,587,476,876,0.8,1.0,16.4347,3.4365110000000003
Winchester 012,E02004840,E,7879,701,682,552,1016,0.8,1.0,19.0657,3.7785409999999997
Winchester 013,E02004841,E,9270,825,802,650,1196,0.6,0.8,24.044999999999998,4.42585
Winchester 014,E02004842,E,6850,609,593,480,883,0.8,1.0,16.572,3.4543600000000003
Windsor and Maidenhead 001,E02003421,E,4491,369,334,255,485,0.8,1.0,9.3633,2.5172290000000004
Windsor and Maidenhead 002,E02003422,E,9227,758,686,525,998,0.8,1.0,19.2591,3.8036830000000004
Windsor and Maidenhead 003,E02003423,E,4875,400,362,277,527,0.6,0.8,10.8925,2.716025
Windsor and Maidenhead 004,E02003424,E,6517,535,484,371,705,0.8,1.0,13.603100000000001,3.068403
Windsor and Maidenhead 005,E02003425,E,8716,716,648,496,943,0.6,0.8,19.491799999999998,3.833934
Windsor and Maidenhead 006,E02003426,E,7700,632,572,438,832,0.8,1.0,16.06,3.3878000000000004
Windsor and Maidenhead 007,E02003427,E,6053,497,450,345,655,0.6,0.8,13.5399,3.060187
Windsor and Maidenhead 008,E02003428,E,7247,595,538,412,783,0.8,1.0,15.1131,3.264703
Windsor and Maidenhead 009,E02003429,E,6009,493,446,342,650,0.8,1.0,12.540700000000001,2.9302910000000004
Windsor and Maidenhead 010,E02003430,E,5391,443,401,307,583,0.8,1.0,11.2533,2.7629289999999997
Windsor and Maidenhead 011,E02003431,E,5298,435,394,301,573,0.4,0.6,12.717400000000001,2.9532620000000005
Windsor and Maidenhead 012,E02003432,E,5428,446,403,309,587,0.8,1.0,11.328399999999998,2.772692
Windsor and Maidenhead 013,E02003433,E,5313,436,395,302,574,0.8,1.0,11.0799,2.740387
Windsor and Maidenhead 014,E02003434,E,7046,578,523,401,761,0.6,0.8,15.7378,3.3459140000000005
Windsor and Maidenhead 015,E02003435,E,5552,456,412,316,600,0.8,1.0,11.5816,2.8056080000000003
Windsor and Maidenhead 016,E02003436,E,6712,551,499,382,725,0.8,1.0,13.9986,3.119818
Windsor and Maidenhead 017,E02003437,E,6037,496,448,343,653,0.8,1.0,12.597100000000001,2.9376230000000003
Windsor and Maidenhead 018,E02003438,E,8493,697,631,483,919,0.8,1.0,17.7279,3.6046270000000007
Wirral 001,E02001467,E,5691,538,527,416,657,0.0,0.2,19.535600000000002,3.8396280000000003
Wirral 002,E02001468,E,5914,559,548,432,682,0.0,0.2,20.291400000000003,3.937882
Wirral 003,E02001469,E,5904,558,547,431,681,0.4,0.6,15.833200000000001,3.3583160000000003
Wirral 004,E02001470,E,6481,613,600,473,747,0.4,0.6,17.372300000000003,3.5583990000000005
Wirral 005,E02001471,E,5674,537,526,415,655,0.0,0.2,19.4844,3.832972
Wirral 006,E02001472,E,5328,504,493,389,615,0.2,0.4,16.250999999999998,3.41263
Wirral 007,E02001473,E,5775,546,535,422,666,0.2,0.4,17.6115,3.5894950000000003
Wirral 008,E02001474,E,5355,506,496,391,617,0.0,0.2,18.364,3.6873200000000006
Wirral 009,E02001475,E,4650,440,431,340,537,0.0,0.2,15.969000000000001,3.3759700000000006
Wirral 010,E02001476,E,5751,544,533,420,663,0.0,0.2,19.7316,3.865108
Wirral 011,E02001477,E,5662,536,525,414,653,0.0,0.2,19.4362,3.8267059999999997
Wirral 012,E02001478,E,5964,564,552,436,688,0.0,0.2,20.4664,3.9606320000000004
Wirral 013,E02001479,E,4654,440,431,340,537,0.6,0.8,11.6072,2.808936
Wirral 014,E02001480,E,5835,552,540,426,673,0.6,0.8,14.5475,3.1911750000000003
Wirral 015,E02001481,E,6115,578,566,447,705,0.2,0.4,18.6445,3.7237850000000003
Wirral 016,E02001482,E,5824,551,539,425,672,0.0,0.2,19.9834,3.897842
Wirral 017,E02001483,E,5577,527,517,407,643,0.6,0.8,13.903099999999998,3.1074029999999997
Wirral 018,E02001484,E,5778,547,535,422,667,0.4,0.6,15.5034,3.315442
Wirral 019,E02001485,E,4813,455,446,352,555,0.0,0.2,16.516800000000003,3.447184000000001
Wirral 020,E02001486,E,6219,588,576,454,718,0.2,0.4,18.9715,3.7662950000000004
Wirral 021,E02001487,E,7002,662,648,511,808,0.0,0.2,24.0242,4.423146
Wirral 022,E02001488,E,6394,605,592,467,737,0.0,0.2,21.9344,4.151472
Wirral 023,E02001489,E,6253,591,579,457,722,0.8,1.0,14.442899999999998,3.177577
Wirral 024,E02001490,E,6594,624,611,482,760,0.4,0.6,17.6822,3.5986860000000007
Wirral 025,E02001491,E,5153,487,477,376,594,0.0,0.2,17.671799999999998,3.597334
Wirral 026,E02001492,E,5915,560,548,432,682,0.4,0.6,15.862500000000002,3.3621250000000007
Wirral 027,E02001493,E,6011,568,557,439,693,0.0,0.2,20.620600000000003,3.980678
Wirral 028,E02001494,E,5363,507,497,392,619,0.8,1.0,12.3859,2.910167
Wirral 029,E02001495,E,5875,555,544,429,678,0.0,0.2,20.159000000000002,3.9206700000000003
Wirral 030,E02001496,E,4546,430,421,332,524,0.2,0.4,13.859,3.1016700000000004
Wirral 031,E02001497,E,6012,568,557,439,693,0.0,0.2,20.6212,3.9807560000000004
Wirral 032,E02001498,E,5707,540,529,417,659,0.4,0.6,15.318100000000001,3.291353
Wirral 033,E02001499,E,5045,477,467,369,582,0.6,0.8,12.5825,2.935725
Wirral 034,E02001500,E,5645,534,523,412,651,0.6,0.8,14.0745,3.1296850000000003
Wirral 035,E02001501,E,6012,568,557,439,693,0.6,0.8,14.9856,3.2481280000000003
Wirral 036,E02001502,E,6290,595,583,460,726,0.4,0.6,16.881,3.49453
Wirral 037,E02001503,E,5670,536,525,414,654,0.6,0.8,14.137,3.13781
Wirral 038,E02001504,E,5527,523,512,404,638,0.8,1.0,12.766100000000002,2.9595930000000004
Wirral 039,E02001505,E,4848,458,449,354,559,0.2,0.4,14.780000000000001,3.2214
Wirral 040,E02001506,E,6772,640,627,495,781,0.8,1.0,15.631599999999999,3.332108
Wirral 041,E02001507,E,5502,520,510,402,634,0.8,1.0,12.6946,2.950298
Wirral 042,E02001508,E,6051,572,560,442,697,0.2,0.4,18.439500000000002,3.6971350000000003
Woking 001,E02006456,E,5957,444,395,319,568,0.6,0.8,12.098099999999999,2.872753
Woking 002,E02006457,E,7038,524,466,377,672,0.8,1.0,13.3684,3.0378920000000003
Woking 003,E02006458,E,7103,528,470,381,677,0.8,1.0,13.4789,3.052257
Woking 004,E02006459,E,8158,607,540,437,778,0.2,0.4,20.455,3.95915
Woking 005,E02006460,E,7322,545,485,392,698,0.6,0.8,14.8646,3.232398
Woking 006,E02006461,E,5196,387,344,278,496,0.8,1.0,9.8668,2.582684
Woking 007,E02006462,E,6523,485,432,349,622,0.8,1.0,12.3779,2.9091270000000002
Woking 008,E02006463,E,7354,547,487,394,702,0.8,1.0,13.9662,3.115606
Woking 009,E02006464,E,5296,394,351,284,505,0.6,0.8,10.7558,2.6982540000000004
Woking 010,E02006465,E,4773,355,316,256,456,0.8,1.0,9.0699,2.4790870000000003
Woking 011,E02006466,E,6762,503,448,362,646,0.4,0.6,14.750599999999999,3.2175779999999996
Woking 012,E02006467,E,5045,376,334,270,482,0.8,1.0,9.5855,2.5461150000000004
Wokingham 001,E02003439,E,5123,369,335,264,482,0.8,1.0,9.5669,2.543697
Wokingham 002,E02003440,E,8346,602,546,430,785,0.8,1.0,15.5848,3.3260240000000003
Wokingham 003,E02003441,E,7214,520,472,372,679,0.8,1.0,13.4772,3.052036
Wokingham 004,E02003442,E,6714,484,439,346,632,0.8,1.0,12.542200000000001,2.930486
Wokingham 005,E02003443,E,5643,407,369,291,531,0.6,0.8,11.2789,2.7662570000000004
Wokingham 006,E02003444,E,8401,606,549,433,790,0.8,1.0,15.6853,3.3390890000000004
Wokingham 007,E02003445,E,7873,568,515,406,741,0.8,1.0,14.7089,3.2121570000000004
Wokingham 008,E02003446,E,8022,579,524,413,755,0.8,1.0,14.9826,3.247738
Wokingham 009,E02003447,E,8918,643,583,460,839,0.8,1.0,16.656399999999998,3.465332
Wokingham 010,E02003448,E,6305,455,412,325,593,0.8,1.0,11.7735,2.8305550000000004
Wokingham 011,E02003449,E,7051,509,461,364,663,0.8,1.0,13.168299999999999,3.011879
Wokingham 012,E02003450,E,10051,725,657,518,946,0.8,1.0,18.775299999999998,3.7407889999999995
Wokingham 013,E02003451,E,7500,541,490,387,705,0.8,1.0,14.001999999999999,3.12026
Wokingham 014,E02003452,E,5764,416,377,297,542,0.8,1.0,10.7622,2.6990860000000003
Wokingham 015,E02003453,E,6151,444,402,317,579,0.8,1.0,11.491299999999999,2.793869
Wokingham 016,E02003454,E,7191,519,470,371,677,0.8,1.0,13.4373,3.046849
Wokingham 017,E02003455,E,6345,458,415,327,597,0.8,1.0,11.8515,2.840695
Wokingham 018,E02003456,E,6446,465,422,332,606,0.6,0.8,12.8778,2.974114
Wokingham 019,E02003457,E,9226,665,603,476,868,0.8,1.0,17.2318,3.540134
Wokingham 020,E02003458,E,7582,547,496,391,713,0.8,1.0,14.1586,3.140618
Wolverhampton 001,E02002149,E,9263,626,547,411,645,0.2,0.4,19.314500000000002,3.8108850000000007
Wolverhampton 002,E02002150,E,5281,357,312,234,368,0.2,0.4,11.0135,2.731755
Wolverhampton 003,E02002151,E,5383,364,318,239,375,0.0,0.2,12.8128,2.9656640000000003
Wolverhampton 004,E02002152,E,5757,389,340,255,401,0.0,0.2,13.696200000000001,3.080506
Wolverhampton 005,E02002153,E,6930,469,410,307,483,0.2,0.4,14.457,3.1794100000000003
Wolverhampton 006,E02002154,E,5156,348,305,229,359,0.0,0.2,12.2696,2.895048
Wolverhampton 007,E02002155,E,5385,364,318,239,376,0.0,0.2,12.826,2.9673800000000004
Wolverhampton 008,E02002156,E,7728,522,457,343,538,0.2,0.4,16.115000000000002,3.3949500000000006
Wolverhampton 009,E02002157,E,7152,484,423,317,499,0.6,0.8,11.8796,2.844348
Wolverhampton 010,E02002158,E,7077,478,418,314,493,0.2,0.4,14.7585,3.218605
Wolverhampton 011,E02002159,E,5563,376,329,247,388,0.0,0.2,13.247799999999998,3.022214
Wolverhampton 012,E02002160,E,6511,440,385,289,454,0.2,0.4,13.586500000000001,3.0662450000000003
Wolverhampton 013,E02002161,E,5808,393,343,258,405,0.0,0.2,13.8308,3.0980040000000004
Wolverhampton 014,E02002162,E,6980,472,412,310,487,0.6,0.8,11.593,2.80709
Wolverhampton 015,E02002163,E,10393,703,614,461,724,0.0,0.2,24.735799999999998,4.515654
Wolverhampton 016,E02002164,E,6322,427,374,280,440,0.0,0.2,15.0382,3.254966
Wolverhampton 017,E02002165,E,7140,483,422,317,498,0.0,0.2,17.004,3.5105200000000005
Wolverhampton 018,E02002166,E,8367,566,494,371,583,0.0,0.2,19.913200000000003,3.8887160000000005
Wolverhampton 019,E02002167,E,6048,409,357,268,422,0.4,0.6,10.7324,2.695212
Wolverhampton 020,E02002168,E,9538,645,563,423,664,0.0,0.2,22.6918,4.2499340000000005
Wolverhampton 021,E02002169,E,7988,540,472,354,557,0.6,0.8,13.261400000000002,3.023982
Wolverhampton 022,E02002170,E,5776,391,341,256,403,0.0,0.2,13.7536,3.087968
Wolverhampton 023,E02002171,E,6808,460,402,302,474,0.0,0.2,16.1968,3.405584
Wolverhampton 026,E02002174,E,7002,473,414,311,488,0.4,0.6,12.4246,2.915198
Wolverhampton 027,E02002175,E,6496,439,384,288,453,0.0,0.2,15.464599999999999,3.310398
Wolverhampton 028,E02002176,E,7108,480,420,315,495,0.2,0.4,14.818999999999999,3.22647
Wolverhampton 029,E02002177,E,8342,564,493,370,581,0.0,0.2,19.8522,3.8807860000000005
Wolverhampton 030,E02002178,E,7496,507,443,333,523,0.4,0.6,13.308800000000002,3.0301440000000004
Wolverhampton 031,E02002179,E,5912,400,349,262,412,0.6,0.8,9.8116,2.575508
Wolverhampton 032,E02002180,E,5906,399,349,262,412,0.2,0.4,12.324000000000002,2.90212
Wolverhampton 033,E02002181,E,6540,442,386,290,456,0.0,0.2,15.566000000000003,3.3235800000000006
Wolverhampton 034,E02002182,E,6140,415,363,272,428,0.2,0.4,12.807,2.96491
Wolverhampton 035,E02006894,E,11179,756,661,496,779,0.0,0.2,26.6124,4.759612000000001
Worcester 001,E02006734,E,6688,509,476,370,617,0.8,1.0,12.613399999999999,2.939742
Worcester 002,E02006735,E,4258,324,303,236,393,0.0,0.2,12.0578,2.867514
Worcester 003,E02006736,E,5510,419,392,305,509,0.6,0.8,11.183,2.7537900000000004
Worcester 004,E02006737,E,6383,486,454,353,589,0.4,0.6,13.8889,3.105557
Worcester 005,E02006738,E,7336,558,522,406,677,0.0,0.2,20.7676,3.9997880000000006
Worcester 006,E02006739,E,4835,368,344,268,446,0.6,0.8,9.808499999999999,2.5751049999999998
Worcester 007,E02006740,E,5709,434,406,316,527,0.2,0.4,14.3165,3.1611450000000003
Worcester 008,E02006741,E,4613,351,328,255,425,0.8,1.0,8.6919,2.4299470000000003
Worcester 009,E02006742,E,6888,524,490,381,636,0.2,0.4,17.275000000000002,3.54575
Worcester 010,E02006743,E,5367,408,382,297,496,0.2,0.4,13.4665,3.0506450000000003
Worcester 011,E02006744,E,5738,437,408,317,530,0.2,0.4,14.390999999999998,3.1708299999999996
Worcester 012,E02006745,E,6457,491,459,357,595,0.6,0.8,13.0851,3.0010630000000003
Worcester 013,E02006746,E,6235,474,443,345,575,0.6,0.8,12.6405,2.9432650000000002
Worcester 014,E02006747,E,4787,364,340,265,442,0.8,1.0,9.0311,2.474043
Worthing 001,E02006621,E,6238,590,570,455,789,0.8,1.0,15.1454,3.268902
Worthing 002,E02006622,E,6344,600,580,463,802,0.6,0.8,16.5602,3.452826
Worthing 003,E02006623,E,6489,614,593,473,821,0.2,0.4,20.6215,3.9807950000000005
Worthing 004,E02006624,E,5885,557,538,429,744,0.8,1.0,14.2845,3.156985
Worthing 005,E02006625,E,6595,624,603,481,834,0.6,0.8,17.2175,3.5382750000000005
Worthing 006,E02006626,E,6096,577,557,445,771,0.2,0.4,19.374000000000002,3.81862
Worthing 007,E02006627,E,6989,661,639,510,884,0.6,0.8,18.2487,3.672331
Worthing 008,E02006628,E,7411,701,677,541,937,0.4,0.6,20.8233,4.007029
Worthing 009,E02006629,E,6523,617,596,476,825,0.2,0.4,20.728500000000004,3.9947050000000006
Worthing 010,E02006630,E,6703,634,613,489,848,0.2,0.4,21.3045,4.069585
Worthing 011,E02006631,E,7667,725,701,559,969,0.2,0.4,24.3535,4.465955
Worthing 012,E02006632,E,6581,623,602,480,832,0.8,1.0,15.976299999999998,3.376919
Worthing 013,E02006633,E,6574,622,601,480,832,0.8,1.0,15.9702,3.376126
Wychavon 001,E02006748,E,6116,675,650,508,842,0.4,0.6,18.9368,3.7617840000000005
Wychavon 002,E02006749,E,4943,546,525,411,680,0.2,0.4,17.2465,3.542045
Wychavon 003,E02006750,E,4985,550,530,414,686,0.4,0.6,15.4315,3.306095
Wychavon 004,E02006751,E,5441,601,578,452,749,0.4,0.6,16.8463,3.490019
Wychavon 005,E02006752,E,6210,685,660,516,854,0.8,1.0,16.527,3.4485100000000006
Wychavon 006,E02006753,E,5783,639,615,481,795,0.6,0.8,16.6229,3.4609770000000006
Wychavon 007,E02006754,E,5026,555,534,418,691,0.6,0.8,14.4448,3.177824
Wychavon 008,E02006755,E,4932,545,524,410,678,0.6,0.8,14.1736,3.1425680000000003
Wychavon 009,E02006756,E,4928,544,524,409,678,0.6,0.8,14.165399999999998,3.141502
Wychavon 010,E02006757,E,6279,693,667,522,864,0.6,0.8,18.0517,3.6467210000000003
Wychavon 011,E02006758,E,5166,570,549,429,711,0.4,0.6,15.9918,3.378934
Wychavon 012,E02006759,E,6485,716,689,539,892,0.4,0.6,20.0715,3.909295
Wychavon 013,E02006760,E,7273,803,773,604,1000,0.4,0.6,22.5039,4.225507
Wychavon 014,E02006761,E,5354,591,569,445,736,0.2,0.4,18.673000000000002,3.7274900000000004
Wychavon 015,E02006762,E,5245,579,557,436,721,0.6,0.8,15.0705,3.2591650000000003
Wychavon 016,E02006763,E,5936,655,631,493,816,0.6,0.8,17.055799999999998,3.5172539999999994
Wychavon 017,E02006764,E,4971,549,528,413,684,0.4,0.6,15.3873,3.3003489999999998
Wychavon 018,E02006765,E,5390,595,573,448,741,0.6,0.8,15.49,3.3137
Wychavon 019,E02006766,E,6891,761,732,573,948,0.8,1.0,18.3463,3.6850190000000005
Wycombe 001,E02003696,E,6078,476,436,355,665,0.8,1.0,12.737400000000001,2.955862
Wycombe 002,E02003697,E,4540,356,326,265,497,0.8,1.0,9.518,2.5373400000000004
Wycombe 003,E02003698,E,6273,492,450,367,686,0.8,1.0,13.146899999999999,3.0090969999999997
Wycombe 004,E02003699,E,4166,327,299,244,456,0.8,1.0,8.7378,2.4359140000000004
Wycombe 006,E02003701,E,8377,657,601,490,916,0.6,0.8,18.7571,3.738423
Wycombe 007,E02003702,E,6216,487,446,363,680,0.6,0.8,13.9178,3.1093140000000004
Wycombe 008,E02003703,E,5877,461,422,344,643,0.6,0.8,13.1661,3.0115930000000004
Wycombe 009,E02003704,E,4441,348,318,260,486,0.8,1.0,9.310300000000002,2.510339
Wycombe 010,E02003705,E,5192,407,372,303,568,0.4,0.6,12.4936,2.924168
Wycombe 011,E02003706,E,4924,386,353,288,538,0.6,0.8,11.0192,2.7324960000000003
Wycombe 012,E02003707,E,4662,365,334,272,510,0.6,0.8,10.4346,2.656498
Wycombe 013,E02003708,E,7057,553,506,412,772,0.2,0.4,19.359499999999997,3.8167349999999995
Wycombe 014,E02003709,E,4357,341,312,255,476,0.4,0.6,10.479099999999999,2.662283
Wycombe 015,E02003710,E,7775,609,558,455,850,0.6,0.8,17.4075,3.562975
Wycombe 016,E02003711,E,6368,499,457,372,696,0.6,0.8,14.252400000000002,3.1528120000000004
Wycombe 017,E02003712,E,5872,460,421,343,642,0.4,0.6,14.1276,3.1365879999999997
Wycombe 018,E02003713,E,4476,351,321,262,490,0.8,1.0,9.386800000000001,2.520284
Wycombe 019,E02003714,E,4973,390,357,291,543,0.8,1.0,10.413900000000002,2.6538070000000005
Wycombe 020,E02003715,E,5034,394,361,294,550,0.8,1.0,10.5402,2.6702260000000004
Wycombe 021,E02003716,E,4149,325,298,243,454,0.8,1.0,8.6997,2.430961
Wycombe 022,E02003717,E,6602,517,473,386,722,0.8,1.0,13.8326,3.0982380000000003
Wycombe 023,E02003718,E,4147,325,297,242,453,0.8,1.0,8.6811,2.4285430000000003
Wycombe 024,E02006824,E,7222,566,518,422,790,0.8,1.0,15.134599999999999,3.267498
Wyre 001,E02005319,E,6012,805,815,654,982,0.0,0.2,28.069200000000002,4.948996
Wyre 002,E02005320,E,4257,570,577,463,695,0.2,0.4,17.7275,3.6045749999999996
Wyre 003,E02005321,E,4601,616,624,500,751,0.0,0.2,21.4726,4.091438
Wyre 004,E02005322,E,7152,958,970,778,1168,0.4,0.6,26.6256,4.761328
Wyre 005,E02005323,E,4948,663,671,538,808,0.0,0.2,23.1008,4.303104
Wyre 006,E02005324,E,4409,591,598,480,720,0.6,0.8,15.2167,3.278171
Wyre 007,E02005325,E,6466,866,877,703,1056,0.6,0.8,22.3108,4.200404
Wyre 008,E02005326,E,6171,826,837,671,1008,0.2,0.4,25.7045,4.641585
Wyre 009,E02005327,E,4236,567,574,460,691,0.6,0.8,14.6018,3.1982340000000002
Wyre 010,E02005328,E,5395,722,732,587,881,0.6,0.8,18.6165,3.7201449999999996
Wyre 011,E02005329,E,6314,845,856,687,1031,0.4,0.6,23.502200000000002,4.355286
Wyre 012,E02005330,E,6403,857,868,696,1045,0.6,0.8,22.081899999999997,4.170647
Wyre 013,E02005331,E,5497,736,746,598,899,0.6,0.8,18.984099999999998,3.767933
Wyre 014,E02005332,E,5821,779,789,633,950,0.8,1.0,18.4973,3.704649
Wyre Forest 001,E02006767,E,7003,741,670,514,927,0.4,0.6,20.4709,3.9612170000000004
Wyre Forest 002,E02006768,E,5373,569,514,394,712,0.4,0.6,15.7139,3.3428070000000005
Wyre Forest 003,E02006769,E,5677,601,543,416,752,0.6,0.8,15.4291,3.305783
Wyre Forest 004,E02006770,E,5670,600,543,416,750,0.0,0.2,21.029,4.0337700000000005
Wyre Forest 005,E02006771,E,5205,551,498,382,690,0.4,0.6,15.2275,3.279575
Wyre Forest 006,E02006772,E,5102,540,488,374,675,0.4,0.6,14.9066,3.237858
Wyre Forest 007,E02006773,E,6569,695,629,482,870,0.2,0.4,21.6995,4.120935
Wyre Forest 008,E02006774,E,5919,627,567,435,784,0.2,0.4,19.561500000000002,3.842995
Wyre Forest 009,E02006775,E,4088,433,391,300,542,0.0,0.2,15.1768,3.272984
Wyre Forest 010,E02006776,E,5205,551,498,382,690,0.6,0.8,14.1555,3.1402150000000004
Wyre Forest 011,E02006777,E,5667,600,543,416,750,0.4,0.6,16.5681,3.4538530000000005
Wyre Forest 012,E02006778,E,5444,576,521,400,721,0.6,0.8,14.8002,3.2240260000000003
Wyre Forest 013,E02006779,E,6032,639,577,443,799,0.4,0.6,17.6416,3.593408
Wyre Forest 014,E02006780,E,4583,485,439,336,607,0.2,0.4,15.1385,3.2680050000000005
York 001,E02002772,E,5835,417,405,323,566,0.8,1.0,11.2355,2.760615
York 002,E02002773,E,4852,347,337,268,471,0.8,1.0,9.3446,2.514798
York 003,E02002774,E,5292,379,368,293,514,0.8,1.0,10.2006,2.626078
York 004,E02002775,E,4763,341,331,263,462,0.4,0.6,10.5569,2.672397
York 005,E02002776,E,5439,389,378,301,527,0.8,1.0,10.4677,2.660801
York 006,E02002777,E,6971,499,484,386,677,0.8,1.0,13.4343,3.0464590000000005
York 007,E02002778,E,6978,499,485,386,677,0.8,1.0,13.438399999999998,3.046992
York 008,E02002779,E,8079,578,561,447,784,0.8,1.0,15.560699999999999,3.3228910000000003
York 009,E02002780,E,7067,505,491,391,686,0.2,0.4,17.9815,3.637595
York 010,E02002781,E,8330,596,579,461,808,0.4,0.6,18.469,3.70097
York 011,E02002782,E,5347,382,371,296,519,0.8,1.0,10.2991,2.638883
York 012,E02002783,E,8565,613,595,474,831,0.6,0.8,17.686500000000002,3.5992450000000007
York 013,E02002784,E,8950,640,622,495,869,0.4,0.6,19.851,3.88063
York 014,E02002785,E,5791,414,402,320,561,0.8,1.0,11.1403,2.748239
York 015,E02002786,E,8991,643,625,497,872,0.4,0.6,19.929299999999998,3.890809
York 016,E02002787,E,7648,547,531,423,742,0.4,0.6,16.9544,3.504072
York 017,E02002788,E,7518,538,522,416,729,0.8,1.0,14.474400000000001,3.1816720000000003
York 018,E02002789,E,7468,534,519,413,724,0.2,0.4,18.991,3.7688300000000003
York 019,E02002790,E,9604,687,667,531,932,0.8,1.0,18.496199999999998,3.7045060000000003
York 020,E02002791,E,5512,394,383,305,534,0.8,1.0,10.6066,2.678858
York 021,E02002792,E,5932,424,412,328,576,0.8,1.0,11.427599999999998,2.7855879999999997
York 022,E02002793,E,7723,552,537,427,749,0.6,0.8,15.9429,3.3725769999999997
York 023,E02002794,E,7429,531,516,411,721,0.8,1.0,14.3087,3.160131
York 024,E02002795,E,6807,487,473,376,661,0.8,1.0,13.1131,3.004703
