coeff_combo,age_less65_q00,age_65_q00,age_70_q00,age_75_q00,age_over80_q00,age_less65_q02,age_65_q02,age_70_q02,age_75_q02,age_over80_q02,age_less65_q04,age_65_q04,age_70_q04,age_75_q04,age_over80_q04,age_less65_q06,age_65_q06,age_70_q06,age_75_q06,age_over80_q06,age_less65_q08,age_65_q08,age_70_q08,age_75_q08,age_over80_q08,sum_sqres,wrongness_rat,fitness
0,1.0,1.0,1.0,1.0,1.0,1.0,1.0,1.0,1.0,1.0,1.0,1.0,1.0,1.0,1.0,0.5,0.5,0.5,0.5,0.5,0.5,0.5,0.5,0.5,0.5,380.0,2.105,800.1
1,1.0,1.0,1.0,1.0,1.0,1.0,1.0,1.0,1.0,1.0,1.0,1.0,1.0,1.0,1.0,0.6,0.6,0.6,0.6,0.6,0.4,0.4,0.4,0.4,0.4,383.3,2.106,807.2
2,1.0,1.0,1.0,1.0,1.0,1.0,1.0,1.0,1.0,1.0,1.0,1.0,1.0,1.0,1.0,0.6,0.6,0.6,0.6,0.6,0.5,0.5,0.5,0.5,0.5,354.4,1.994,706.6
3,1.0,1.0,1.0,1.0,1.0,1.0,1.0,1.0,1.0,1.0,1.0,1.0,1.0,1.0,1.0,0.6,0.6,0.6,0.6,0.6,0.6,0.6,0.6,0.6,0.6,330.9,1.882,622.8
4,1.0,1.0,1.0,1.0,1.0,1.0,1.0,1.0,1.0,1.0,1.0,1.0,1.0,1.0,1.0,0.7,0.7,0.7,0.7,0.7,0.3,0.3,0.3,0.3,0.3,399.7,2.106,841.9
5,1.0,1.0,1.0,1.0,1.0,1.0,1.0,1.0,1.0,1.0,1.0,1.0,1.0,1.0,1.0,0.7,0.7,0.7,0.7,0.7,0.4,0.4,0.4,0.4,0.4,364.9,1.994,727.8
6,1.0,1.0,1.0,1.0,1.0,1.0,1.0,1.0,1.0,1.0,1.0,1.0,1.0,1.0,1.0,0.7,0.7,0.7,0.7,0.7,0.5,0.5,0.5,0.5,0.5,334.4,1.883,629.6
7,1.0,1.0,1.0,1.0,1.0,1.0,1.0,1.0,1.0,1.0,1.0,1.0,1.0,1.0,1.0,0.7,0.7,0.7,0.7,0.7,0.6,0.6,0.6,0.6,0.6,309.4,1.771,547.9
8,1.0,1.0,1.0,1.0,1.0,1.0,1.0,1.0,1.0,1.0,1.0,1.0,1.0,1.0,1.0,0.7,0.7,0.7,0.7,0.7,0.7,0.7,0.7,0.7,0.7,291.3,1.659,483.3
9,1.0,1.0,1.0,1.0,1.0,1.0,1.0,1.0,1.0,1.0,1.0,1.0,1.0,1.0,1.0,0.8,0.8,0.8,0.8,0.8,0.2,0.2,0.2,0.2,0.2,427.7,2.107,901.2
10,1.0,1.0,1.0,1.0,1.0,1.0,1.0,1.0,1.0,1.0,1.0,1.0,1.0,1.0,1.0,0.8,0.8,0.8,0.8,0.8,0.3,0.3,0.3,0.3,0.3,388.7,1.995,775.5
11,1.0,1.0,1.0,1.0,1.0,1.0,1.0,1.0,1.0,1.0,1.0,1.0,1.0,1.0,1.0,0.8,0.8,0.8,0.8,0.8,0.4,0.4,0.4,0.4,0.4,352.9,1.883,664.5
12,1.0,1.0,1.0,1.0,1.0,1.0,1.0,1.0,1.0,1.0,1.0,1.0,1.0,1.0,1.0,0.8,0.8,0.8,0.8,0.8,0.5,0.5,0.5,0.5,0.5,321.2,1.771,569.0
13,1.0,1.0,1.0,1.0,1.0,1.0,1.0,1.0,1.0,1.0,1.0,1.0,1.0,1.0,1.0,0.8,0.8,0.8,0.8,0.8,0.6,0.6,0.6,0.6,0.6,295.1,1.66,489.7
14,1.0,1.0,1.0,1.0,1.0,1.0,1.0,1.0,1.0,1.0,1.0,1.0,1.0,1.0,1.0,0.8,0.8,0.8,0.8,0.8,0.7,0.7,0.7,0.7,0.7,276.1,1.548,427.3
15,1.0,1.0,1.0,1.0,1.0,1.0,1.0,1.0,1.0,1.0,1.0,1.0,1.0,1.0,1.0,0.8,0.8,0.8,0.8,0.8,0.8,0.8,0.8,0.8,0.8,265.7,1.436,381.6
16,1.0,1.0,1.0,1.0,1.0,1.0,1.0,1.0,1.0,1.0,1.0,1.0,1.0,1.0,1.0,0.9,0.9,0.9,0.9,0.9,0.2,0.2,0.2,0.2,0.2,423.6,1.995,845.2
17,1.0,1.0,1.0,1.0,1.0,1.0,1.0,1.0,1.0,1.0,1.0,1.0,1.0,1.0,1.0,0.9,0.9,0.9,0.9,0.9,0.3,0.3,0.3,0.3,0.3,384.1,1.884,723.6
18,1.0,1.0,1.0,1.0,1.0,1.0,1.0,1.0,1.0,1.0,1.0,1.0,1.0,1.0,1.0,0.9,0.9,0.9,0.9,0.9,0.4,0.4,0.4,0.4,0.4,347.8,1.772,616.3
19,1.0,1.0,1.0,1.0,1.0,1.0,1.0,1.0,1.0,1.0,1.0,1.0,1.0,1.0,1.0,0.9,0.9,0.9,0.9,0.9,0.5,0.5,0.5,0.5,0.5,315.6,1.66,524.0
20,1.0,1.0,1.0,1.0,1.0,1.0,1.0,1.0,1.0,1.0,1.0,1.0,1.0,1.0,1.0,0.9,0.9,0.9,0.9,0.9,0.6,0.6,0.6,0.6,0.6,289.0,1.548,447.5
21,1.0,1.0,1.0,1.0,1.0,1.0,1.0,1.0,1.0,1.0,1.0,1.0,1.0,1.0,1.0,0.9,0.9,0.9,0.9,0.9,0.7,0.7,0.7,0.7,0.7,269.6,1.437,387.2
22,1.0,1.0,1.0,1.0,1.0,1.0,1.0,1.0,1.0,1.0,1.0,1.0,1.0,1.0,1.0,0.9,0.9,0.9,0.9,0.9,0.8,0.8,0.8,0.8,0.8,259.0,1.325,343.1
23,1.0,1.0,1.0,1.0,1.0,1.0,1.0,1.0,1.0,1.0,1.0,1.0,1.0,1.0,1.0,0.9,0.9,0.9,0.9,0.9,0.9,0.9,0.9,0.9,0.9,258.3,1.213,313.3
24,1.0,1.0,1.0,1.0,1.0,1.0,1.0,1.0,1.0,1.0,1.0,1.0,1.0,1.0,1.0,1.0,1.0,1.0,1.0,1.0,0.2,0.2,0.2,0.2,0.2,425.4,1.884,801.5
25,1.0,1.0,1.0,1.0,1.0,1.0,1.0,1.0,1.0,1.0,1.0,1.0,1.0,1.0,1.0,1.0,1.0,1.0,1.0,1.0,0.3,0.3,0.3,0.3,0.3,386.2,1.772,684.4
26,1.0,1.0,1.0,1.0,1.0,1.0,1.0,1.0,1.0,1.0,1.0,1.0,1.0,1.0,1.0,1.0,1.0,1.0,1.0,1.0,0.4,0.4,0.4,0.4,0.4,350.0,1.661,581.3
27,1.0,1.0,1.0,1.0,1.0,1.0,1.0,1.0,1.0,1.0,1.0,1.0,1.0,1.0,1.0,1.0,1.0,1.0,1.0,1.0,0.5,0.5,0.5,0.5,0.5,318.1,1.549,492.6
28,1.0,1.0,1.0,1.0,1.0,1.0,1.0,1.0,1.0,1.0,1.0,1.0,1.0,1.0,1.0,1.0,1.0,1.0,1.0,1.0,0.6,0.6,0.6,0.6,0.6,291.7,1.437,419.1
29,1.0,1.0,1.0,1.0,1.0,1.0,1.0,1.0,1.0,1.0,1.0,1.0,1.0,1.0,1.0,1.0,1.0,1.0,1.0,1.0,0.7,0.7,0.7,0.7,0.7,272.4,1.325,361.0
30,1.0,1.0,1.0,1.0,1.0,1.0,1.0,1.0,1.0,1.0,1.0,1.0,1.0,1.0,1.0,1.0,1.0,1.0,1.0,1.0,0.8,0.8,0.8,0.8,0.8,261.9,1.213,317.9
31,1.0,1.0,1.0,1.0,1.0,1.0,1.0,1.0,1.0,1.0,1.0,1.0,1.0,1.0,1.0,1.0,1.0,1.0,1.0,1.0,0.9,0.9,0.9,0.9,0.9,261.3,1.107,289.3
32,1.0,1.0,1.0,1.0,1.0,1.0,1.0,1.0,1.0,1.0,1.0,1.0,1.0,1.0,1.0,1.0,1.0,1.0,1.0,1.0,1.0,1.0,1.0,1.0,1.0,270.5,1.053,284.8
33,1.1,1.1,1.1,1.1,1.1,1.0,1.0,1.0,1.0,1.0,1.0,1.0,1.0,1.0,1.0,0.5,0.5,0.5,0.5,0.5,0.4,0.4,0.4,0.4,0.4,400.5,2.136,855.3
34,1.1,1.1,1.1,1.1,1.1,1.0,1.0,1.0,1.0,1.0,1.0,1.0,1.0,1.0,1.0,0.5,0.5,0.5,0.5,0.5,0.5,0.5,0.5,0.5,0.5,372.9,2.024,754.7
35,1.1,1.1,1.1,1.1,1.1,1.0,1.0,1.0,1.0,1.0,1.0,1.0,1.0,1.0,1.0,0.6,0.6,0.6,0.6,0.6,0.3,0.3,0.3,0.3,0.3,410.1,2.136,876.0
36,1.1,1.1,1.1,1.1,1.1,1.0,1.0,1.0,1.0,1.0,1.0,1.0,1.0,1.0,1.0,0.6,0.6,0.6,0.6,0.6,0.4,0.4,0.4,0.4,0.4,376.2,2.024,761.6
37,1.1,1.1,1.1,1.1,1.1,1.0,1.0,1.0,1.0,1.0,1.0,1.0,1.0,1.0,1.0,0.6,0.6,0.6,0.6,0.6,0.5,0.5,0.5,0.5,0.5,346.7,1.913,663.1
38,1.1,1.1,1.1,1.1,1.1,1.0,1.0,1.0,1.0,1.0,1.0,1.0,1.0,1.0,1.0,0.6,0.6,0.6,0.6,0.6,0.6,0.6,0.6,0.6,0.6,322.6,1.801,581.0
39,1.1,1.1,1.1,1.1,1.1,1.0,1.0,1.0,1.0,1.0,1.0,1.0,1.0,1.0,1.0,0.7,0.7,0.7,0.7,0.7,0.2,0.2,0.2,0.2,0.2,431.6,2.137,922.1
40,1.1,1.1,1.1,1.1,1.1,1.0,1.0,1.0,1.0,1.0,1.0,1.0,1.0,1.0,1.0,0.7,0.7,0.7,0.7,0.7,0.3,0.3,0.3,0.3,0.3,392.9,2.025,795.6
41,1.1,1.1,1.1,1.1,1.1,1.0,1.0,1.0,1.0,1.0,1.0,1.0,1.0,1.0,1.0,0.7,0.7,0.7,0.7,0.7,0.4,0.4,0.4,0.4,0.4,357.5,1.913,683.9
42,1.1,1.1,1.1,1.1,1.1,1.0,1.0,1.0,1.0,1.0,1.0,1.0,1.0,1.0,1.0,0.7,0.7,0.7,0.7,0.7,0.5,0.5,0.5,0.5,0.5,326.3,1.801,587.7
43,1.1,1.1,1.1,1.1,1.1,1.0,1.0,1.0,1.0,1.0,1.0,1.0,1.0,1.0,1.0,0.7,0.7,0.7,0.7,0.7,0.6,0.6,0.6,0.6,0.6,300.6,1.689,507.8
44,1.1,1.1,1.1,1.1,1.1,1.0,1.0,1.0,1.0,1.0,1.0,1.0,1.0,1.0,1.0,0.7,0.7,0.7,0.7,0.7,0.7,0.7,0.7,0.7,0.7,282.0,1.578,444.8
45,1.1,1.1,1.1,1.1,1.1,1.0,1.0,1.0,1.0,1.0,1.0,1.0,1.0,1.0,1.0,0.8,0.8,0.8,0.8,0.8,0.2,0.2,0.2,0.2,0.2,421.4,2.025,853.5
46,1.1,1.1,1.1,1.1,1.1,1.0,1.0,1.0,1.0,1.0,1.0,1.0,1.0,1.0,1.0,0.8,0.8,0.8,0.8,0.8,0.3,0.3,0.3,0.3,0.3,381.8,1.914,730.5
47,1.1,1.1,1.1,1.1,1.1,1.0,1.0,1.0,1.0,1.0,1.0,1.0,1.0,1.0,1.0,0.8,0.8,0.8,0.8,0.8,0.4,0.4,0.4,0.4,0.4,345.2,1.802,621.9
48,1.1,1.1,1.1,1.1,1.1,1.0,1.0,1.0,1.0,1.0,1.0,1.0,1.0,1.0,1.0,0.8,0.8,0.8,0.8,0.8,0.5,0.5,0.5,0.5,0.5,312.7,1.69,528.5
49,1.1,1.1,1.1,1.1,1.1,1.0,1.0,1.0,1.0,1.0,1.0,1.0,1.0,1.0,1.0,0.8,0.8,0.8,0.8,0.8,0.6,0.6,0.6,0.6,0.6,285.8,1.578,451.1
50,1.1,1.1,1.1,1.1,1.1,1.0,1.0,1.0,1.0,1.0,1.0,1.0,1.0,1.0,1.0,0.8,0.8,0.8,0.8,0.8,0.7,0.7,0.7,0.7,0.7,266.2,1.466,390.3
51,1.1,1.1,1.1,1.1,1.1,1.0,1.0,1.0,1.0,1.0,1.0,1.0,1.0,1.0,1.0,0.8,0.8,0.8,0.8,0.8,0.8,0.8,0.8,0.8,0.8,255.4,1.355,346.0
52,1.1,1.1,1.1,1.1,1.1,1.0,1.0,1.0,1.0,1.0,1.0,1.0,1.0,1.0,1.0,0.9,0.9,0.9,0.9,0.9,0.2,0.2,0.2,0.2,0.2,417.2,1.914,798.5
53,1.1,1.1,1.1,1.1,1.1,1.0,1.0,1.0,1.0,1.0,1.0,1.0,1.0,1.0,1.0,0.9,0.9,0.9,0.9,0.9,0.3,0.3,0.3,0.3,0.3,377.1,1.802,679.6
54,1.1,1.1,1.1,1.1,1.1,1.0,1.0,1.0,1.0,1.0,1.0,1.0,1.0,1.0,1.0,0.9,0.9,0.9,0.9,0.9,0.4,0.4,0.4,0.4,0.4,340.0,1.691,574.8
55,1.1,1.1,1.1,1.1,1.1,1.0,1.0,1.0,1.0,1.0,1.0,1.0,1.0,1.0,1.0,0.9,0.9,0.9,0.9,0.9,0.5,0.5,0.5,0.5,0.5,307.0,1.579,484.7
56,1.1,1.1,1.1,1.1,1.1,1.0,1.0,1.0,1.0,1.0,1.0,1.0,1.0,1.0,1.0,0.9,0.9,0.9,0.9,0.9,0.6,0.6,0.6,0.6,0.6,279.5,1.467,410.1
57,1.1,1.1,1.1,1.1,1.1,1.0,1.0,1.0,1.0,1.0,1.0,1.0,1.0,1.0,1.0,0.9,0.9,0.9,0.9,0.9,0.7,0.7,0.7,0.7,0.7,259.4,1.355,351.5
58,1.1,1.1,1.1,1.1,1.1,1.0,1.0,1.0,1.0,1.0,1.0,1.0,1.0,1.0,1.0,0.9,0.9,0.9,0.9,0.9,0.8,0.8,0.8,0.8,0.8,248.4,1.243,308.8
59,1.1,1.1,1.1,1.1,1.1,1.0,1.0,1.0,1.0,1.0,1.0,1.0,1.0,1.0,1.0,0.9,0.9,0.9,0.9,0.9,0.9,0.9,0.9,0.9,0.9,247.7,1.132,280.2
60,1.1,1.1,1.1,1.1,1.1,1.0,1.0,1.0,1.0,1.0,1.0,1.0,1.0,1.0,1.0,1.0,1.0,1.0,1.0,1.0,0.2,0.2,0.2,0.2,0.2,419.0,1.803,755.4
61,1.1,1.1,1.1,1.1,1.1,1.0,1.0,1.0,1.0,1.0,1.0,1.0,1.0,1.0,1.0,1.0,1.0,1.0,1.0,1.0,0.3,0.3,0.3,0.3,0.3,379.1,1.691,641.1
62,1.1,1.1,1.1,1.1,1.1,1.0,1.0,1.0,1.0,1.0,1.0,1.0,1.0,1.0,1.0,1.0,1.0,1.0,1.0,1.0,0.4,0.4,0.4,0.4,0.4,342.3,1.579,540.5
63,1.1,1.1,1.1,1.1,1.1,1.0,1.0,1.0,1.0,1.0,1.0,1.0,1.0,1.0,1.0,1.0,1.0,1.0,1.0,1.0,0.5,0.5,0.5,0.5,0.5,309.5,1.467,454.2
64,1.1,1.1,1.1,1.1,1.1,1.0,1.0,1.0,1.0,1.0,1.0,1.0,1.0,1.0,1.0,1.0,1.0,1.0,1.0,1.0,0.6,0.6,0.6,0.6,0.6,282.3,1.356,382.7
65,1.1,1.1,1.1,1.1,1.1,1.0,1.0,1.0,1.0,1.0,1.0,1.0,1.0,1.0,1.0,1.0,1.0,1.0,1.0,1.0,0.7,0.7,0.7,0.7,0.7,262.4,1.244,326.4
66,1.1,1.1,1.1,1.1,1.1,1.0,1.0,1.0,1.0,1.0,1.0,1.0,1.0,1.0,1.0,1.0,1.0,1.0,1.0,1.0,0.8,0.8,0.8,0.8,0.8,251.5,1.132,284.7
67,1.1,1.1,1.1,1.1,1.1,1.0,1.0,1.0,1.0,1.0,1.0,1.0,1.0,1.0,1.0,1.0,1.0,1.0,1.0,1.0,0.9,0.9,0.9,0.9,0.9,250.8,1.055,264.6
68,1.1,1.1,1.1,1.1,1.1,1.0,1.0,1.0,1.0,1.0,1.0,1.0,1.0,1.0,1.0,1.0,1.0,1.0,1.0,1.0,1.0,1.0,1.0,1.0,1.0,260.4,1.092,284.2
69,1.1,1.1,1.1,1.1,1.1,1.1,1.1,1.1,1.1,1.1,1.0,1.0,1.0,1.0,1.0,0.4,0.4,0.4,0.4,0.4,0.4,0.4,0.4,0.4,0.4,427.6,2.155,921.6
70,1.1,1.1,1.1,1.1,1.1,1.1,1.1,1.1,1.1,1.1,1.0,1.0,1.0,1.0,1.0,0.5,0.5,0.5,0.5,0.5,0.3,0.3,0.3,0.3,0.3,430.7,2.156,928.4
71,1.1,1.1,1.1,1.1,1.1,1.1,1.1,1.1,1.1,1.1,1.0,1.0,1.0,1.0,1.0,0.5,0.5,0.5,0.5,0.5,0.4,0.4,0.4,0.4,0.4,398.7,2.044,814.8
72,1.1,1.1,1.1,1.1,1.1,1.1,1.1,1.1,1.1,1.1,1.0,1.0,1.0,1.0,1.0,0.5,0.5,0.5,0.5,0.5,0.5,0.5,0.5,0.5,0.5,370.9,1.932,716.6
73,1.1,1.1,1.1,1.1,1.1,1.1,1.1,1.1,1.1,1.1,1.0,1.0,1.0,1.0,1.0,0.6,0.6,0.6,0.6,0.6,0.2,0.2,0.2,0.2,0.2,445.6,2.156,960.6
74,1.1,1.1,1.1,1.1,1.1,1.1,1.1,1.1,1.1,1.1,1.0,1.0,1.0,1.0,1.0,0.6,0.6,0.6,0.6,0.6,0.3,0.3,0.3,0.3,0.3,408.3,2.044,834.6
75,1.1,1.1,1.1,1.1,1.1,1.1,1.1,1.1,1.1,1.1,1.0,1.0,1.0,1.0,1.0,0.6,0.6,0.6,0.6,0.6,0.4,0.4,0.4,0.4,0.4,374.3,1.932,723.3
76,1.1,1.1,1.1,1.1,1.1,1.1,1.1,1.1,1.1,1.1,1.0,1.0,1.0,1.0,1.0,0.6,0.6,0.6,0.6,0.6,0.5,0.5,0.5,0.5,0.5,344.6,1.821,627.3
77,1.1,1.1,1.1,1.1,1.1,1.1,1.1,1.1,1.1,1.1,1.0,1.0,1.0,1.0,1.0,0.6,0.6,0.6,0.6,0.6,0.6,0.6,0.6,0.6,0.6,320.4,1.709,547.4
78,1.1,1.1,1.1,1.1,1.1,1.1,1.1,1.1,1.1,1.1,1.0,1.0,1.0,1.0,1.0,0.7,0.7,0.7,0.7,0.7,0.2,0.2,0.2,0.2,0.2,429.8,2.045,878.9
79,1.1,1.1,1.1,1.1,1.1,1.1,1.1,1.1,1.1,1.1,1.0,1.0,1.0,1.0,1.0,0.7,0.7,0.7,0.7,0.7,0.3,0.3,0.3,0.3,0.3,391.1,1.933,755.9
80,1.1,1.1,1.1,1.1,1.1,1.1,1.1,1.1,1.1,1.1,1.0,1.0,1.0,1.0,1.0,0.7,0.7,0.7,0.7,0.7,0.4,0.4,0.4,0.4,0.4,355.4,1.821,647.3
81,1.1,1.1,1.1,1.1,1.1,1.1,1.1,1.1,1.1,1.1,1.0,1.0,1.0,1.0,1.0,0.7,0.7,0.7,0.7,0.7,0.5,0.5,0.5,0.5,0.5,324.0,1.709,553.8
82,1.1,1.1,1.1,1.1,1.1,1.1,1.1,1.1,1.1,1.1,1.0,1.0,1.0,1.0,1.0,0.7,0.7,0.7,0.7,0.7,0.6,0.6,0.6,0.6,0.6,298.1,1.598,476.3
83,1.1,1.1,1.1,1.1,1.1,1.1,1.1,1.1,1.1,1.1,1.0,1.0,1.0,1.0,1.0,0.7,0.7,0.7,0.7,0.7,0.7,0.7,0.7,0.7,0.7,279.3,1.486,415.0
84,1.1,1.1,1.1,1.1,1.1,1.1,1.1,1.1,1.1,1.1,1.0,1.0,1.0,1.0,1.0,0.8,0.8,0.8,0.8,0.8,0.2,0.2,0.2,0.2,0.2,419.7,1.933,811.4
85,1.1,1.1,1.1,1.1,1.1,1.1,1.1,1.1,1.1,1.1,1.0,1.0,1.0,1.0,1.0,0.8,0.8,0.8,0.8,0.8,0.3,0.3,0.3,0.3,0.3,379.8,1.822,691.9
86,1.1,1.1,1.1,1.1,1.1,1.1,1.1,1.1,1.1,1.1,1.0,1.0,1.0,1.0,1.0,0.8,0.8,0.8,0.8,0.8,0.4,0.4,0.4,0.4,0.4,343.0,1.71,586.5
87,1.1,1.1,1.1,1.1,1.1,1.1,1.1,1.1,1.1,1.1,1.0,1.0,1.0,1.0,1.0,0.8,0.8,0.8,0.8,0.8,0.5,0.5,0.5,0.5,0.5,310.4,1.598,496.0
88,1.1,1.1,1.1,1.1,1.1,1.1,1.1,1.1,1.1,1.1,1.0,1.0,1.0,1.0,1.0,0.8,0.8,0.8,0.8,0.8,0.6,0.6,0.6,0.6,0.6,283.2,1.486,421.0
89,1.1,1.1,1.1,1.1,1.1,1.1,1.1,1.1,1.1,1.1,1.0,1.0,1.0,1.0,1.0,0.8,0.8,0.8,0.8,0.8,0.7,0.7,0.7,0.7,0.7,263.4,1.374,362.0
90,1.1,1.1,1.1,1.1,1.1,1.1,1.1,1.1,1.1,1.1,1.0,1.0,1.0,1.0,1.0,0.8,0.8,0.8,0.8,0.8,0.8,0.8,0.8,0.8,0.8,252.5,1.263,318.9
91,1.1,1.1,1.1,1.1,1.1,1.1,1.1,1.1,1.1,1.1,1.0,1.0,1.0,1.0,1.0,0.9,0.9,0.9,0.9,0.9,0.2,0.2,0.2,0.2,0.2,415.4,1.822,757.0
92,1.1,1.1,1.1,1.1,1.1,1.1,1.1,1.1,1.1,1.1,1.0,1.0,1.0,1.0,1.0,0.9,0.9,0.9,0.9,0.9,0.3,0.3,0.3,0.3,0.3,375.1,1.71,641.6
93,1.1,1.1,1.1,1.1,1.1,1.1,1.1,1.1,1.1,1.1,1.0,1.0,1.0,1.0,1.0,0.9,0.9,0.9,0.9,0.9,0.4,0.4,0.4,0.4,0.4,337.8,1.599,540.0
94,1.1,1.1,1.1,1.1,1.1,1.1,1.1,1.1,1.1,1.1,1.0,1.0,1.0,1.0,1.0,0.9,0.9,0.9,0.9,0.9,0.5,0.5,0.5,0.5,0.5,304.6,1.487,452.8
95,1.1,1.1,1.1,1.1,1.1,1.1,1.1,1.1,1.1,1.1,1.0,1.0,1.0,1.0,1.0,0.9,0.9,0.9,0.9,0.9,0.6,0.6,0.6,0.6,0.6,276.9,1.375,380.7
96,1.1,1.1,1.1,1.1,1.1,1.1,1.1,1.1,1.1,1.1,1.0,1.0,1.0,1.0,1.0,0.9,0.9,0.9,0.9,0.9,0.7,0.7,0.7,0.7,0.7,256.5,1.263,324.1
97,1.1,1.1,1.1,1.1,1.1,1.1,1.1,1.1,1.1,1.1,1.0,1.0,1.0,1.0,1.0,0.9,0.9,0.9,0.9,0.9,0.8,0.8,0.8,0.8,0.8,245.4,1.151,282.5
98,1.1,1.1,1.1,1.1,1.1,1.1,1.1,1.1,1.1,1.1,1.0,1.0,1.0,1.0,1.0,0.9,0.9,0.9,0.9,0.9,0.9,0.9,0.9,0.9,0.9,244.7,1.062,259.8
99,1.1,1.1,1.1,1.1,1.1,1.1,1.1,1.1,1.1,1.1,1.0,1.0,1.0,1.0,1.0,1.0,1.0,1.0,1.0,1.0,0.2,0.2,0.2,0.2,0.2,417.3,1.711,713.9
100,1.1,1.1,1.1,1.1,1.1,1.1,1.1,1.1,1.1,1.1,1.0,1.0,1.0,1.0,1.0,1.0,1.0,1.0,1.0,1.0,0.3,0.3,0.3,0.3,0.3,377.2,1.599,603.2
101,1.1,1.1,1.1,1.1,1.1,1.1,1.1,1.1,1.1,1.1,1.0,1.0,1.0,1.0,1.0,1.0,1.0,1.0,1.0,1.0,0.4,0.4,0.4,0.4,0.4,340.1,1.487,505.8
102,1.1,1.1,1.1,1.1,1.1,1.1,1.1,1.1,1.1,1.1,1.0,1.0,1.0,1.0,1.0,1.0,1.0,1.0,1.0,1.0,0.5,0.5,0.5,0.5,0.5,307.1,1.376,422.4
103,1.1,1.1,1.1,1.1,1.1,1.1,1.1,1.1,1.1,1.1,1.0,1.0,1.0,1.0,1.0,1.0,1.0,1.0,1.0,1.0,0.6,0.6,0.6,0.6,0.6,279.7,1.264,353.4
104,1.1,1.1,1.1,1.1,1.1,1.1,1.1,1.1,1.1,1.1,1.0,1.0,1.0,1.0,1.0,1.0,1.0,1.0,1.0,1.0,0.7,0.7,0.7,0.7,0.7,259.5,1.152,299.0
105,1.1,1.1,1.1,1.1,1.1,1.1,1.1,1.1,1.1,1.1,1.0,1.0,1.0,1.0,1.0,1.0,1.0,1.0,1.0,1.0,0.8,0.8,0.8,0.8,0.8,248.5,1.062,264.0
106,1.1,1.1,1.1,1.1,1.1,1.1,1.1,1.1,1.1,1.1,1.0,1.0,1.0,1.0,1.0,1.0,1.0,1.0,1.0,1.0,0.9,0.9,0.9,0.9,0.9,247.8,1.072,265.6
107,1.1,1.1,1.1,1.1,1.1,1.1,1.1,1.1,1.1,1.1,1.0,1.0,1.0,1.0,1.0,1.0,1.0,1.0,1.0,1.0,1.0,1.0,1.0,1.0,1.0,257.5,1.183,304.7
108,1.2,1.2,1.2,1.2,1.2,1.0,1.0,1.0,1.0,1.0,1.0,1.0,1.0,1.0,1.0,0.4,0.4,0.4,0.4,0.4,0.4,0.4,0.4,0.4,0.4,426.3,2.166,923.1
109,1.2,1.2,1.2,1.2,1.2,1.0,1.0,1.0,1.0,1.0,1.0,1.0,1.0,1.0,1.0,0.5,0.5,0.5,0.5,0.5,0.3,0.3,0.3,0.3,0.3,429.3,2.166,930.0
110,1.2,1.2,1.2,1.2,1.2,1.0,1.0,1.0,1.0,1.0,1.0,1.0,1.0,1.0,1.0,0.5,0.5,0.5,0.5,0.5,0.4,0.4,0.4,0.4,0.4,397.2,2.054,815.9
111,1.2,1.2,1.2,1.2,1.2,1.0,1.0,1.0,1.0,1.0,1.0,1.0,1.0,1.0,1.0,0.5,0.5,0.5,0.5,0.5,0.5,0.5,0.5,0.5,0.5,369.3,1.942,717.4
112,1.2,1.2,1.2,1.2,1.2,1.0,1.0,1.0,1.0,1.0,1.0,1.0,1.0,1.0,1.0,0.6,0.6,0.6,0.6,0.6,0.2,0.2,0.2,0.2,0.2,444.2,2.167,962.4
113,1.2,1.2,1.2,1.2,1.2,1.0,1.0,1.0,1.0,1.0,1.0,1.0,1.0,1.0,1.0,0.6,0.6,0.6,0.6,0.6,0.3,0.3,0.3,0.3,0.3,406.8,2.055,835.9
114,1.2,1.2,1.2,1.2,1.2,1.0,1.0,1.0,1.0,1.0,1.0,1.0,1.0,1.0,1.0,0.6,0.6,0.6,0.6,0.6,0.4,0.4,0.4,0.4,0.4,372.7,1.943,724.1
115,1.2,1.2,1.2,1.2,1.2,1.0,1.0,1.0,1.0,1.0,1.0,1.0,1.0,1.0,1.0,0.6,0.6,0.6,0.6,0.6,0.5,0.5,0.5,0.5,0.5,342.8,1.831,627.8
116,1.2,1.2,1.2,1.2,1.2,1.0,1.0,1.0,1.0,1.0,1.0,1.0,1.0,1.0,1.0,0.6,0.6,0.6,0.6,0.6,0.6,0.6,0.6,0.6,0.6,318.5,1.719,547.6
117,1.2,1.2,1.2,1.2,1.2,1.0,1.0,1.0,1.0,1.0,1.0,1.0,1.0,1.0,1.0,0.7,0.7,0.7,0.7,0.7,0.2,0.2,0.2,0.2,0.2,428.5,2.055,880.6
118,1.2,1.2,1.2,1.2,1.2,1.0,1.0,1.0,1.0,1.0,1.0,1.0,1.0,1.0,1.0,0.7,0.7,0.7,0.7,0.7,0.3,0.3,0.3,0.3,0.3,389.5,1.943,757.0
119,1.2,1.2,1.2,1.2,1.2,1.0,1.0,1.0,1.0,1.0,1.0,1.0,1.0,1.0,1.0,0.7,0.7,0.7,0.7,0.7,0.4,0.4,0.4,0.4,0.4,353.7,1.832,647.9
120,1.2,1.2,1.2,1.2,1.2,1.0,1.0,1.0,1.0,1.0,1.0,1.0,1.0,1.0,1.0,0.7,0.7,0.7,0.7,0.7,0.5,0.5,0.5,0.5,0.5,322.2,1.72,554.1
121,1.2,1.2,1.2,1.2,1.2,1.0,1.0,1.0,1.0,1.0,1.0,1.0,1.0,1.0,1.0,0.7,0.7,0.7,0.7,0.7,0.6,0.6,0.6,0.6,0.6,296.1,1.608,476.2
122,1.2,1.2,1.2,1.2,1.2,1.0,1.0,1.0,1.0,1.0,1.0,1.0,1.0,1.0,1.0,0.7,0.7,0.7,0.7,0.7,0.7,0.7,0.7,0.7,0.7,277.2,1.496,414.8
123,1.2,1.2,1.2,1.2,1.2,1.0,1.0,1.0,1.0,1.0,1.0,1.0,1.0,1.0,1.0,0.8,0.8,0.8,0.8,0.8,0.2,0.2,0.2,0.2,0.2,418.2,1.944,813.1
124,1.2,1.2,1.2,1.2,1.2,1.0,1.0,1.0,1.0,1.0,1.0,1.0,1.0,1.0,1.0,0.8,0.8,0.8,0.8,0.8,0.3,0.3,0.3,0.3,0.3,378.3,1.832,693.0
125,1.2,1.2,1.2,1.2,1.2,1.0,1.0,1.0,1.0,1.0,1.0,1.0,1.0,1.0,1.0,0.8,0.8,0.8,0.8,0.8,0.4,0.4,0.4,0.4,0.4,341.3,1.72,587.2
126,1.2,1.2,1.2,1.2,1.2,1.0,1.0,1.0,1.0,1.0,1.0,1.0,1.0,1.0,1.0,0.8,0.8,0.8,0.8,0.8,0.5,0.5,0.5,0.5,0.5,308.4,1.609,496.1
127,1.2,1.2,1.2,1.2,1.2,1.0,1.0,1.0,1.0,1.0,1.0,1.0,1.0,1.0,1.0,0.8,0.8,0.8,0.8,0.8,0.6,0.6,0.6,0.6,0.6,281.1,1.497,420.8
128,1.2,1.2,1.2,1.2,1.2,1.0,1.0,1.0,1.0,1.0,1.0,1.0,1.0,1.0,1.0,0.8,0.8,0.8,0.8,0.8,0.7,0.7,0.7,0.7,0.7,261.1,1.385,361.6
129,1.2,1.2,1.2,1.2,1.2,1.0,1.0,1.0,1.0,1.0,1.0,1.0,1.0,1.0,1.0,0.8,0.8,0.8,0.8,0.8,0.8,0.8,0.8,0.8,0.8,250.2,1.273,318.5
130,1.2,1.2,1.2,1.2,1.2,1.0,1.0,1.0,1.0,1.0,1.0,1.0,1.0,1.0,1.0,0.9,0.9,0.9,0.9,0.9,0.2,0.2,0.2,0.2,0.2,414.0,1.833,758.7
131,1.2,1.2,1.2,1.2,1.2,1.0,1.0,1.0,1.0,1.0,1.0,1.0,1.0,1.0,1.0,0.9,0.9,0.9,0.9,0.9,0.3,0.3,0.3,0.3,0.3,373.5,1.721,642.8
132,1.2,1.2,1.2,1.2,1.2,1.0,1.0,1.0,1.0,1.0,1.0,1.0,1.0,1.0,1.0,0.9,0.9,0.9,0.9,0.9,0.4,0.4,0.4,0.4,0.4,336.0,1.609,540.7
133,1.2,1.2,1.2,1.2,1.2,1.0,1.0,1.0,1.0,1.0,1.0,1.0,1.0,1.0,1.0,0.9,0.9,0.9,0.9,0.9,0.5,0.5,0.5,0.5,0.5,302.6,1.497,453.1
134,1.2,1.2,1.2,1.2,1.2,1.0,1.0,1.0,1.0,1.0,1.0,1.0,1.0,1.0,1.0,0.9,0.9,0.9,0.9,0.9,0.6,0.6,0.6,0.6,0.6,274.7,1.386,380.6
135,1.2,1.2,1.2,1.2,1.2,1.0,1.0,1.0,1.0,1.0,1.0,1.0,1.0,1.0,1.0,0.9,0.9,0.9,0.9,0.9,0.7,0.7,0.7,0.7,0.7,254.2,1.274,323.8
136,1.2,1.2,1.2,1.2,1.2,1.0,1.0,1.0,1.0,1.0,1.0,1.0,1.0,1.0,1.0,0.9,0.9,0.9,0.9,0.9,0.8,0.8,0.8,0.8,0.8,243.0,1.162,282.3
137,1.2,1.2,1.2,1.2,1.2,1.0,1.0,1.0,1.0,1.0,1.0,1.0,1.0,1.0,1.0,0.9,0.9,0.9,0.9,0.9,0.9,0.9,0.9,0.9,0.9,242.2,1.066,258.2
138,1.2,1.2,1.2,1.2,1.2,1.0,1.0,1.0,1.0,1.0,1.0,1.0,1.0,1.0,1.0,1.0,1.0,1.0,1.0,1.0,0.2,0.2,0.2,0.2,0.2,415.8,1.721,715.8
139,1.2,1.2,1.2,1.2,1.2,1.0,1.0,1.0,1.0,1.0,1.0,1.0,1.0,1.0,1.0,1.0,1.0,1.0,1.0,1.0,0.3,0.3,0.3,0.3,0.3,375.6,1.61,604.6
140,1.2,1.2,1.2,1.2,1.2,1.0,1.0,1.0,1.0,1.0,1.0,1.0,1.0,1.0,1.0,1.0,1.0,1.0,1.0,1.0,0.4,0.4,0.4,0.4,0.4,338.3,1.498,506.8
141,1.2,1.2,1.2,1.2,1.2,1.0,1.0,1.0,1.0,1.0,1.0,1.0,1.0,1.0,1.0,1.0,1.0,1.0,1.0,1.0,0.5,0.5,0.5,0.5,0.5,305.2,1.386,423.0
142,1.2,1.2,1.2,1.2,1.2,1.0,1.0,1.0,1.0,1.0,1.0,1.0,1.0,1.0,1.0,1.0,1.0,1.0,1.0,1.0,0.6,0.6,0.6,0.6,0.6,277.5,1.274,353.6
143,1.2,1.2,1.2,1.2,1.2,1.0,1.0,1.0,1.0,1.0,1.0,1.0,1.0,1.0,1.0,1.0,1.0,1.0,1.0,1.0,0.7,0.7,0.7,0.7,0.7,257.2,1.162,299.0
144,1.2,1.2,1.2,1.2,1.2,1.0,1.0,1.0,1.0,1.0,1.0,1.0,1.0,1.0,1.0,1.0,1.0,1.0,1.0,1.0,0.8,0.8,0.8,0.8,0.8,246.1,1.066,262.4
145,1.2,1.2,1.2,1.2,1.2,1.0,1.0,1.0,1.0,1.0,1.0,1.0,1.0,1.0,1.0,1.0,1.0,1.0,1.0,1.0,0.9,0.9,0.9,0.9,0.9,245.4,1.065,261.2
146,1.2,1.2,1.2,1.2,1.2,1.0,1.0,1.0,1.0,1.0,1.0,1.0,1.0,1.0,1.0,1.0,1.0,1.0,1.0,1.0,1.0,1.0,1.0,1.0,1.0,255.2,1.173,299.3
147,1.2,1.2,1.2,1.2,1.2,1.1,1.1,1.1,1.1,1.1,1.0,1.0,1.0,1.0,1.0,0.4,0.4,0.4,0.4,0.4,0.4,0.4,0.4,0.4,0.4,424.5,2.074,880.3
148,1.2,1.2,1.2,1.2,1.2,1.1,1.1,1.1,1.1,1.1,1.0,1.0,1.0,1.0,1.0,0.5,0.5,0.5,0.5,0.5,0.2,0.2,0.2,0.2,0.2,463.4,2.186,1012.9
149,1.2,1.2,1.2,1.2,1.2,1.1,1.1,1.1,1.1,1.1,1.0,1.0,1.0,1.0,1.0,0.5,0.5,0.5,0.5,0.5,0.3,0.3,0.3,0.3,0.3,427.6,2.074,886.9
150,1.2,1.2,1.2,1.2,1.2,1.1,1.1,1.1,1.1,1.1,1.0,1.0,1.0,1.0,1.0,0.5,0.5,0.5,0.5,0.5,0.4,0.4,0.4,0.4,0.4,395.3,1.962,775.7
151,1.2,1.2,1.2,1.2,1.2,1.1,1.1,1.1,1.1,1.1,1.0,1.0,1.0,1.0,1.0,0.5,0.5,0.5,0.5,0.5,0.5,0.5,0.5,0.5,0.5,367.3,1.851,679.7
152,1.2,1.2,1.2,1.2,1.2,1.1,1.1,1.1,1.1,1.1,1.0,1.0,1.0,1.0,1.0,0.6,0.6,0.6,0.6,0.6,0.2,0.2,0.2,0.2,0.2,442.6,2.075,918.1
153,1.2,1.2,1.2,1.2,1.2,1.1,1.1,1.1,1.1,1.1,1.0,1.0,1.0,1.0,1.0,0.6,0.6,0.6,0.6,0.6,0.3,0.3,0.3,0.3,0.3,405.0,1.963,794.9
154,1.2,1.2,1.2,1.2,1.2,1.1,1.1,1.1,1.1,1.1,1.0,1.0,1.0,1.0,1.0,0.6,0.6,0.6,0.6,0.6,0.4,0.4,0.4,0.4,0.4,370.7,1.851,686.2
155,1.2,1.2,1.2,1.2,1.2,1.1,1.1,1.1,1.1,1.1,1.0,1.0,1.0,1.0,1.0,0.6,0.6,0.6,0.6,0.6,0.5,0.5,0.5,0.5,0.5,340.7,1.739,592.5
156,1.2,1.2,1.2,1.2,1.2,1.1,1.1,1.1,1.1,1.1,1.0,1.0,1.0,1.0,1.0,0.6,0.6,0.6,0.6,0.6,0.6,0.6,0.6,0.6,0.6,316.2,1.627,514.5
157,1.2,1.2,1.2,1.2,1.2,1.1,1.1,1.1,1.1,1.1,1.0,1.0,1.0,1.0,1.0,0.7,0.7,0.7,0.7,0.7,0.2,0.2,0.2,0.2,0.2,426.7,1.963,837.8
158,1.2,1.2,1.2,1.2,1.2,1.1,1.1,1.1,1.1,1.1,1.0,1.0,1.0,1.0,1.0,0.7,0.7,0.7,0.7,0.7,0.3,0.3,0.3,0.3,0.3,387.6,1.852,717.7
159,1.2,1.2,1.2,1.2,1.2,1.1,1.1,1.1,1.1,1.1,1.0,1.0,1.0,1.0,1.0,0.7,0.7,0.7,0.7,0.7,0.4,0.4,0.4,0.4,0.4,351.6,1.74,611.8
160,1.2,1.2,1.2,1.2,1.2,1.1,1.1,1.1,1.1,1.1,1.0,1.0,1.0,1.0,1.0,0.7,0.7,0.7,0.7,0.7,0.5,0.5,0.5,0.5,0.5,319.9,1.628,520.7
161,1.2,1.2,1.2,1.2,1.2,1.1,1.1,1.1,1.1,1.1,1.0,1.0,1.0,1.0,1.0,0.7,0.7,0.7,0.7,0.7,0.6,0.6,0.6,0.6,0.6,293.6,1.516,445.2
162,1.2,1.2,1.2,1.2,1.2,1.1,1.1,1.1,1.1,1.1,1.0,1.0,1.0,1.0,1.0,0.7,0.7,0.7,0.7,0.7,0.7,0.7,0.7,0.7,0.7,274.5,1.404,385.5
163,1.2,1.2,1.2,1.2,1.2,1.1,1.1,1.1,1.1,1.1,1.0,1.0,1.0,1.0,1.0,0.8,0.8,0.8,0.8,0.8,0.2,0.2,0.2,0.2,0.2,416.5,1.852,771.3
164,1.2,1.2,1.2,1.2,1.2,1.1,1.1,1.1,1.1,1.1,1.0,1.0,1.0,1.0,1.0,0.8,0.8,0.8,0.8,0.8,0.3,0.3,0.3,0.3,0.3,376.3,1.74,654.9
165,1.2,1.2,1.2,1.2,1.2,1.1,1.1,1.1,1.1,1.1,1.0,1.0,1.0,1.0,1.0,0.8,0.8,0.8,0.8,0.8,0.4,0.4,0.4,0.4,0.4,339.1,1.628,552.3
166,1.2,1.2,1.2,1.2,1.2,1.1,1.1,1.1,1.1,1.1,1.0,1.0,1.0,1.0,1.0,0.8,0.8,0.8,0.8,0.8,0.5,0.5,0.5,0.5,0.5,306.0,1.517,464.2
167,1.2,1.2,1.2,1.2,1.2,1.1,1.1,1.1,1.1,1.1,1.0,1.0,1.0,1.0,1.0,0.8,0.8,0.8,0.8,0.8,0.6,0.6,0.6,0.6,0.6,278.5,1.405,391.2
168,1.2,1.2,1.2,1.2,1.2,1.1,1.1,1.1,1.1,1.1,1.0,1.0,1.0,1.0,1.0,0.8,0.8,0.8,0.8,0.8,0.7,0.7,0.7,0.7,0.7,258.3,1.293,334.0
169,1.2,1.2,1.2,1.2,1.2,1.1,1.1,1.1,1.1,1.1,1.0,1.0,1.0,1.0,1.0,0.8,0.8,0.8,0.8,0.8,0.8,0.8,0.8,0.8,0.8,247.2,1.181,292.0
170,1.2,1.2,1.2,1.2,1.2,1.1,1.1,1.1,1.1,1.1,1.0,1.0,1.0,1.0,1.0,0.9,0.9,0.9,0.9,0.9,0.2,0.2,0.2,0.2,0.2,412.2,1.741,717.5
171,1.2,1.2,1.2,1.2,1.2,1.1,1.1,1.1,1.1,1.1,1.0,1.0,1.0,1.0,1.0,0.9,0.9,0.9,0.9,0.9,0.3,0.3,0.3,0.3,0.3,371.5,1.629,605.3
172,1.2,1.2,1.2,1.2,1.2,1.1,1.1,1.1,1.1,1.1,1.0,1.0,1.0,1.0,1.0,0.9,0.9,0.9,0.9,0.9,0.4,0.4,0.4,0.4,0.4,333.8,1.517,506.5
173,1.2,1.2,1.2,1.2,1.2,1.1,1.1,1.1,1.1,1.1,1.0,1.0,1.0,1.0,1.0,0.9,0.9,0.9,0.9,0.9,0.5,0.5,0.5,0.5,0.5,300.2,1.405,421.9
174,1.2,1.2,1.2,1.2,1.2,1.1,1.1,1.1,1.1,1.1,1.0,1.0,1.0,1.0,1.0,0.9,0.9,0.9,0.9,0.9,0.6,0.6,0.6,0.6,0.6,272.0,1.294,351.9
175,1.2,1.2,1.2,1.2,1.2,1.1,1.1,1.1,1.1,1.1,1.0,1.0,1.0,1.0,1.0,0.9,0.9,0.9,0.9,0.9,0.7,0.7,0.7,0.7,0.7,251.3,1.182,297.0
176,1.2,1.2,1.2,1.2,1.2,1.1,1.1,1.1,1.1,1.1,1.0,1.0,1.0,1.0,1.0,0.9,0.9,0.9,0.9,0.9,0.8,0.8,0.8,0.8,0.8,239.9,1.075,257.9
177,1.2,1.2,1.2,1.2,1.2,1.1,1.1,1.1,1.1,1.1,1.0,1.0,1.0,1.0,1.0,0.9,0.9,0.9,0.9,0.9,0.9,0.9,0.9,0.9,0.9,239.2,1.059,253.2
178,1.2,1.2,1.2,1.2,1.2,1.1,1.1,1.1,1.1,1.1,1.0,1.0,1.0,1.0,1.0,1.0,1.0,1.0,1.0,1.0,0.2,0.2,0.2,0.2,0.2,414.1,1.63,674.7
179,1.2,1.2,1.2,1.2,1.2,1.1,1.1,1.1,1.1,1.1,1.0,1.0,1.0,1.0,1.0,1.0,1.0,1.0,1.0,1.0,0.3,0.3,0.3,0.3,0.3,373.6,1.518,567.1
180,1.2,1.2,1.2,1.2,1.2,1.1,1.1,1.1,1.1,1.1,1.0,1.0,1.0,1.0,1.0,1.0,1.0,1.0,1.0,1.0,0.4,0.4,0.4,0.4,0.4,336.2,1.406,472.6
181,1.2,1.2,1.2,1.2,1.2,1.1,1.1,1.1,1.1,1.1,1.0,1.0,1.0,1.0,1.0,1.0,1.0,1.0,1.0,1.0,0.5,0.5,0.5,0.5,0.5,302.7,1.294,391.8
182,1.2,1.2,1.2,1.2,1.2,1.1,1.1,1.1,1.1,1.1,1.0,1.0,1.0,1.0,1.0,1.0,1.0,1.0,1.0,1.0,0.6,0.6,0.6,0.6,0.6,274.9,1.182,325.0
183,1.2,1.2,1.2,1.2,1.2,1.1,1.1,1.1,1.1,1.1,1.0,1.0,1.0,1.0,1.0,1.0,1.0,1.0,1.0,1.0,0.7,0.7,0.7,0.7,0.7,254.4,1.075,273.5
184,1.2,1.2,1.2,1.2,1.2,1.1,1.1,1.1,1.1,1.1,1.0,1.0,1.0,1.0,1.0,1.0,1.0,1.0,1.0,1.0,0.8,0.8,0.8,0.8,0.8,243.1,1.059,257.4
185,1.2,1.2,1.2,1.2,1.2,1.1,1.1,1.1,1.1,1.1,1.0,1.0,1.0,1.0,1.0,1.0,1.0,1.0,1.0,1.0,0.9,0.9,0.9,0.9,0.9,242.4,1.153,279.5
186,1.2,1.2,1.2,1.2,1.2,1.1,1.1,1.1,1.1,1.1,1.0,1.0,1.0,1.0,1.0,1.0,1.0,1.0,1.0,1.0,1.0,1.0,1.0,1.0,1.0,252.3,1.265,319.1
187,1.2,1.2,1.2,1.2,1.2,1.2,1.2,1.2,1.2,1.2,1.0,1.0,1.0,1.0,1.0,0.4,0.4,0.4,0.4,0.4,0.2,0.2,0.2,0.2,0.2,490.6,2.205,1081.9
188,1.2,1.2,1.2,1.2,1.2,1.2,1.2,1.2,1.2,1.2,1.0,1.0,1.0,1.0,1.0,0.4,0.4,0.4,0.4,0.4,0.3,0.3,0.3,0.3,0.3,457.0,2.093,956.7
189,1.2,1.2,1.2,1.2,1.2,1.2,1.2,1.2,1.2,1.2,1.0,1.0,1.0,1.0,1.0,0.4,0.4,0.4,0.4,0.4,0.4,0.4,0.4,0.4,0.4,426.9,1.982,846.0
190,1.2,1.2,1.2,1.2,1.2,1.2,1.2,1.2,1.2,1.2,1.0,1.0,1.0,1.0,1.0,0.5,0.5,0.5,0.5,0.5,0.2,0.2,0.2,0.2,0.2,465.6,2.094,974.9
191,1.2,1.2,1.2,1.2,1.2,1.2,1.2,1.2,1.2,1.2,1.0,1.0,1.0,1.0,1.0,0.5,0.5,0.5,0.5,0.5,0.3,0.3,0.3,0.3,0.3,430.0,1.982,852.4
192,1.2,1.2,1.2,1.2,1.2,1.2,1.2,1.2,1.2,1.2,1.0,1.0,1.0,1.0,1.0,0.5,0.5,0.5,0.5,0.5,0.4,0.4,0.4,0.4,0.4,397.9,1.87,744.2
193,1.2,1.2,1.2,1.2,1.2,1.2,1.2,1.2,1.2,1.2,1.0,1.0,1.0,1.0,1.0,0.5,0.5,0.5,0.5,0.5,0.5,0.5,0.5,0.5,0.5,370.1,1.759,650.8
194,1.2,1.2,1.2,1.2,1.2,1.2,1.2,1.2,1.2,1.2,1.0,1.0,1.0,1.0,1.0,0.6,0.6,0.6,0.6,0.6,0.2,0.2,0.2,0.2,0.2,444.9,1.983,882.0
195,1.2,1.2,1.2,1.2,1.2,1.2,1.2,1.2,1.2,1.2,1.0,1.0,1.0,1.0,1.0,0.6,0.6,0.6,0.6,0.6,0.3,0.3,0.3,0.3,0.3,407.5,1.871,762.4
196,1.2,1.2,1.2,1.2,1.2,1.2,1.2,1.2,1.2,1.2,1.0,1.0,1.0,1.0,1.0,0.6,0.6,0.6,0.6,0.6,0.4,0.4,0.4,0.4,0.4,373.4,1.759,656.9
197,1.2,1.2,1.2,1.2,1.2,1.2,1.2,1.2,1.2,1.2,1.0,1.0,1.0,1.0,1.0,0.6,0.6,0.6,0.6,0.6,0.5,0.5,0.5,0.5,0.5,343.7,1.647,566.1
198,1.2,1.2,1.2,1.2,1.2,1.2,1.2,1.2,1.2,1.2,1.0,1.0,1.0,1.0,1.0,0.6,0.6,0.6,0.6,0.6,0.6,0.6,0.6,0.6,0.6,319.4,1.536,490.4
199,1.2,1.2,1.2,1.2,1.2,1.2,1.2,1.2,1.2,1.2,1.0,1.0,1.0,1.0,1.0,0.7,0.7,0.7,0.7,0.7,0.2,0.2,0.2,0.2,0.2,429.1,1.871,803.1
200,1.2,1.2,1.2,1.2,1.2,1.2,1.2,1.2,1.2,1.2,1.0,1.0,1.0,1.0,1.0,0.7,0.7,0.7,0.7,0.7,0.3,0.3,0.3,0.3,0.3,390.2,1.76,686.7
201,1.2,1.2,1.2,1.2,1.2,1.2,1.2,1.2,1.2,1.2,1.0,1.0,1.0,1.0,1.0,0.7,0.7,0.7,0.7,0.7,0.4,0.4,0.4,0.4,0.4,354.5,1.648,584.2
202,1.2,1.2,1.2,1.2,1.2,1.2,1.2,1.2,1.2,1.2,1.0,1.0,1.0,1.0,1.0,0.7,0.7,0.7,0.7,0.7,0.5,0.5,0.5,0.5,0.5,323.0,1.536,496.2
203,1.2,1.2,1.2,1.2,1.2,1.2,1.2,1.2,1.2,1.2,1.0,1.0,1.0,1.0,1.0,0.7,0.7,0.7,0.7,0.7,0.6,0.6,0.6,0.6,0.6,297.1,1.424,423.1
204,1.2,1.2,1.2,1.2,1.2,1.2,1.2,1.2,1.2,1.2,1.0,1.0,1.0,1.0,1.0,0.7,0.7,0.7,0.7,0.7,0.7,0.7,0.7,0.7,0.7,278.2,1.312,365.1
205,1.2,1.2,1.2,1.2,1.2,1.2,1.2,1.2,1.2,1.2,1.0,1.0,1.0,1.0,1.0,0.8,0.8,0.8,0.8,0.8,0.2,0.2,0.2,0.2,0.2,418.9,1.76,737.4
206,1.2,1.2,1.2,1.2,1.2,1.2,1.2,1.2,1.2,1.2,1.0,1.0,1.0,1.0,1.0,0.8,0.8,0.8,0.8,0.8,0.3,0.3,0.3,0.3,0.3,379.0,1.648,624.7
207,1.2,1.2,1.2,1.2,1.2,1.2,1.2,1.2,1.2,1.2,1.0,1.0,1.0,1.0,1.0,0.8,0.8,0.8,0.8,0.8,0.4,0.4,0.4,0.4,0.4,342.1,1.537,525.7
208,1.2,1.2,1.2,1.2,1.2,1.2,1.2,1.2,1.2,1.2,1.0,1.0,1.0,1.0,1.0,0.8,0.8,0.8,0.8,0.8,0.5,0.5,0.5,0.5,0.5,309.3,1.425,440.7
209,1.2,1.2,1.2,1.2,1.2,1.2,1.2,1.2,1.2,1.2,1.0,1.0,1.0,1.0,1.0,0.8,0.8,0.8,0.8,0.8,0.6,0.6,0.6,0.6,0.6,282.1,1.313,370.4
210,1.2,1.2,1.2,1.2,1.2,1.2,1.2,1.2,1.2,1.2,1.0,1.0,1.0,1.0,1.0,0.8,0.8,0.8,0.8,0.8,0.7,0.7,0.7,0.7,0.7,262.2,1.201,314.9
211,1.2,1.2,1.2,1.2,1.2,1.2,1.2,1.2,1.2,1.2,1.0,1.0,1.0,1.0,1.0,0.8,0.8,0.8,0.8,0.8,0.8,0.8,0.8,0.8,0.8,251.3,1.096,275.5
212,1.2,1.2,1.2,1.2,1.2,1.2,1.2,1.2,1.2,1.2,1.0,1.0,1.0,1.0,1.0,0.9,0.9,0.9,0.9,0.9,0.2,0.2,0.2,0.2,0.2,414.7,1.649,683.7
213,1.2,1.2,1.2,1.2,1.2,1.2,1.2,1.2,1.2,1.2,1.0,1.0,1.0,1.0,1.0,0.9,0.9,0.9,0.9,0.9,0.3,0.3,0.3,0.3,0.3,374.3,1.537,575.3
214,1.2,1.2,1.2,1.2,1.2,1.2,1.2,1.2,1.2,1.2,1.0,1.0,1.0,1.0,1.0,0.9,0.9,0.9,0.9,0.9,0.4,0.4,0.4,0.4,0.4,336.9,1.425,480.2
215,1.2,1.2,1.2,1.2,1.2,1.2,1.2,1.2,1.2,1.2,1.0,1.0,1.0,1.0,1.0,0.9,0.9,0.9,0.9,0.9,0.5,0.5,0.5,0.5,0.5,303.5,1.313,398.7
216,1.2,1.2,1.2,1.2,1.2,1.2,1.2,1.2,1.2,1.2,1.0,1.0,1.0,1.0,1.0,0.9,0.9,0.9,0.9,0.9,0.6,0.6,0.6,0.6,0.6,275.8,1.202,331.4
217,1.2,1.2,1.2,1.2,1.2,1.2,1.2,1.2,1.2,1.2,1.0,1.0,1.0,1.0,1.0,0.9,0.9,0.9,0.9,0.9,0.7,0.7,0.7,0.7,0.7,255.3,1.097,280.1
218,1.2,1.2,1.2,1.2,1.2,1.2,1.2,1.2,1.2,1.2,1.0,1.0,1.0,1.0,1.0,0.9,0.9,0.9,0.9,0.9,0.8,0.8,0.8,0.8,0.8,244.1,1.061,258.9
219,1.2,1.2,1.2,1.2,1.2,1.2,1.2,1.2,1.2,1.2,1.0,1.0,1.0,1.0,1.0,0.9,0.9,0.9,0.9,0.9,0.9,0.9,0.9,0.9,0.9,243.4,1.134,275.9
220,1.2,1.2,1.2,1.2,1.2,1.2,1.2,1.2,1.2,1.2,1.0,1.0,1.0,1.0,1.0,1.0,1.0,1.0,1.0,1.0,0.2,0.2,0.2,0.2,0.2,416.5,1.538,640.4
221,1.2,1.2,1.2,1.2,1.2,1.2,1.2,1.2,1.2,1.2,1.0,1.0,1.0,1.0,1.0,1.0,1.0,1.0,1.0,1.0,0.3,0.3,0.3,0.3,0.3,376.3,1.426,536.6
222,1.2,1.2,1.2,1.2,1.2,1.2,1.2,1.2,1.2,1.2,1.0,1.0,1.0,1.0,1.0,1.0,1.0,1.0,1.0,1.0,0.4,0.4,0.4,0.4,0.4,339.2,1.314,445.7
223,1.2,1.2,1.2,1.2,1.2,1.2,1.2,1.2,1.2,1.2,1.0,1.0,1.0,1.0,1.0,1.0,1.0,1.0,1.0,1.0,0.5,0.5,0.5,0.5,0.5,306.1,1.202,368.0
224,1.2,1.2,1.2,1.2,1.2,1.2,1.2,1.2,1.2,1.2,1.0,1.0,1.0,1.0,1.0,1.0,1.0,1.0,1.0,1.0,0.6,0.6,0.6,0.6,0.6,278.5,1.097,305.7
225,1.2,1.2,1.2,1.2,1.2,1.2,1.2,1.2,1.2,1.2,1.0,1.0,1.0,1.0,1.0,1.0,1.0,1.0,1.0,1.0,0.7,0.7,0.7,0.7,0.7,258.3,1.061,274.0
226,1.2,1.2,1.2,1.2,1.2,1.2,1.2,1.2,1.2,1.2,1.0,1.0,1.0,1.0,1.0,1.0,1.0,1.0,1.0,1.0,0.8,0.8,0.8,0.8,0.8,247.3,1.133,280.2
227,1.2,1.2,1.2,1.2,1.2,1.2,1.2,1.2,1.2,1.2,1.0,1.0,1.0,1.0,1.0,1.0,1.0,1.0,1.0,1.0,0.9,0.9,0.9,0.9,0.9,246.5,1.245,306.9
228,1.2,1.2,1.2,1.2,1.2,1.2,1.2,1.2,1.2,1.2,1.0,1.0,1.0,1.0,1.0,1.0,1.0,1.0,1.0,1.0,1.0,1.0,1.0,1.0,1.0,256.3,1.357,347.7
229,1.3,1.3,1.3,1.3,1.3,1.0,1.0,1.0,1.0,1.0,1.0,1.0,1.0,1.0,1.0,0.4,0.4,0.4,0.4,0.4,0.4,0.4,0.4,0.4,0.4,426.3,2.084,888.5
230,1.3,1.3,1.3,1.3,1.3,1.0,1.0,1.0,1.0,1.0,1.0,1.0,1.0,1.0,1.0,0.5,0.5,0.5,0.5,0.5,0.2,0.2,0.2,0.2,0.2,465.0,2.196,1021.4
231,1.3,1.3,1.3,1.3,1.3,1.0,1.0,1.0,1.0,1.0,1.0,1.0,1.0,1.0,1.0,0.5,0.5,0.5,0.5,0.5,0.3,0.3,0.3,0.3,0.3,429.4,2.085,895.1
232,1.3,1.3,1.3,1.3,1.3,1.0,1.0,1.0,1.0,1.0,1.0,1.0,1.0,1.0,1.0,0.5,0.5,0.5,0.5,0.5,0.4,0.4,0.4,0.4,0.4,397.2,1.973,783.6
233,1.3,1.3,1.3,1.3,1.3,1.0,1.0,1.0,1.0,1.0,1.0,1.0,1.0,1.0,1.0,0.5,0.5,0.5,0.5,0.5,0.5,0.5,0.5,0.5,0.5,369.4,1.861,687.4
234,1.3,1.3,1.3,1.3,1.3,1.0,1.0,1.0,1.0,1.0,1.0,1.0,1.0,1.0,1.0,0.6,0.6,0.6,0.6,0.6,0.2,0.2,0.2,0.2,0.2,444.3,2.085,926.4
235,1.3,1.3,1.3,1.3,1.3,1.0,1.0,1.0,1.0,1.0,1.0,1.0,1.0,1.0,1.0,0.6,0.6,0.6,0.6,0.6,0.3,0.3,0.3,0.3,0.3,406.8,1.973,802.9
236,1.3,1.3,1.3,1.3,1.3,1.0,1.0,1.0,1.0,1.0,1.0,1.0,1.0,1.0,1.0,0.6,0.6,0.6,0.6,0.6,0.4,0.4,0.4,0.4,0.4,372.7,1.862,693.9
237,1.3,1.3,1.3,1.3,1.3,1.0,1.0,1.0,1.0,1.0,1.0,1.0,1.0,1.0,1.0,0.6,0.6,0.6,0.6,0.6,0.5,0.5,0.5,0.5,0.5,342.9,1.75,600.0
238,1.3,1.3,1.3,1.3,1.3,1.0,1.0,1.0,1.0,1.0,1.0,1.0,1.0,1.0,1.0,0.6,0.6,0.6,0.6,0.6,0.6,0.6,0.6,0.6,0.6,318.6,1.638,521.8
239,1.3,1.3,1.3,1.3,1.3,1.0,1.0,1.0,1.0,1.0,1.0,1.0,1.0,1.0,1.0,0.7,0.7,0.7,0.7,0.7,0.2,0.2,0.2,0.2,0.2,428.5,1.974,845.8
240,1.3,1.3,1.3,1.3,1.3,1.0,1.0,1.0,1.0,1.0,1.0,1.0,1.0,1.0,1.0,0.7,0.7,0.7,0.7,0.7,0.3,0.3,0.3,0.3,0.3,389.6,1.862,725.4
241,1.3,1.3,1.3,1.3,1.3,1.0,1.0,1.0,1.0,1.0,1.0,1.0,1.0,1.0,1.0,0.7,0.7,0.7,0.7,0.7,0.4,0.4,0.4,0.4,0.4,353.8,1.75,619.2
242,1.3,1.3,1.3,1.3,1.3,1.0,1.0,1.0,1.0,1.0,1.0,1.0,1.0,1.0,1.0,0.7,0.7,0.7,0.7,0.7,0.5,0.5,0.5,0.5,0.5,322.2,1.639,527.9
243,1.3,1.3,1.3,1.3,1.3,1.0,1.0,1.0,1.0,1.0,1.0,1.0,1.0,1.0,1.0,0.7,0.7,0.7,0.7,0.7,0.6,0.6,0.6,0.6,0.6,296.2,1.527,452.2
244,1.3,1.3,1.3,1.3,1.3,1.0,1.0,1.0,1.0,1.0,1.0,1.0,1.0,1.0,1.0,0.7,0.7,0.7,0.7,0.7,0.7,0.7,0.7,0.7,0.7,277.3,1.415,392.3
245,1.3,1.3,1.3,1.3,1.3,1.0,1.0,1.0,1.0,1.0,1.0,1.0,1.0,1.0,1.0,0.8,0.8,0.8,0.8,0.8,0.2,0.2,0.2,0.2,0.2,418.3,1.863,779.1
246,1.3,1.3,1.3,1.3,1.3,1.0,1.0,1.0,1.0,1.0,1.0,1.0,1.0,1.0,1.0,0.8,0.8,0.8,0.8,0.8,0.3,0.3,0.3,0.3,0.3,378.3,1.751,662.3
247,1.3,1.3,1.3,1.3,1.3,1.0,1.0,1.0,1.0,1.0,1.0,1.0,1.0,1.0,1.0,0.8,0.8,0.8,0.8,0.8,0.4,0.4,0.4,0.4,0.4,341.3,1.639,559.5
248,1.3,1.3,1.3,1.3,1.3,1.0,1.0,1.0,1.0,1.0,1.0,1.0,1.0,1.0,1.0,0.8,0.8,0.8,0.8,0.8,0.5,0.5,0.5,0.5,0.5,308.5,1.527,471.1
249,1.3,1.3,1.3,1.3,1.3,1.0,1.0,1.0,1.0,1.0,1.0,1.0,1.0,1.0,1.0,0.8,0.8,0.8,0.8,0.8,0.6,0.6,0.6,0.6,0.6,281.2,1.415,398.0
250,1.3,1.3,1.3,1.3,1.3,1.0,1.0,1.0,1.0,1.0,1.0,1.0,1.0,1.0,1.0,0.8,0.8,0.8,0.8,0.8,0.7,0.7,0.7,0.7,0.7,261.2,1.304,340.5
251,1.3,1.3,1.3,1.3,1.3,1.0,1.0,1.0,1.0,1.0,1.0,1.0,1.0,1.0,1.0,0.8,0.8,0.8,0.8,0.8,0.8,0.8,0.8,0.8,0.8,250.2,1.192,298.2
252,1.3,1.3,1.3,1.3,1.3,1.0,1.0,1.0,1.0,1.0,1.0,1.0,1.0,1.0,1.0,0.9,0.9,0.9,0.9,0.9,0.2,0.2,0.2,0.2,0.2,414.0,1.751,725.1
253,1.3,1.3,1.3,1.3,1.3,1.0,1.0,1.0,1.0,1.0,1.0,1.0,1.0,1.0,1.0,0.9,0.9,0.9,0.9,0.9,0.3,0.3,0.3,0.3,0.3,373.6,1.64,612.5
254,1.3,1.3,1.3,1.3,1.3,1.0,1.0,1.0,1.0,1.0,1.0,1.0,1.0,1.0,1.0,0.9,0.9,0.9,0.9,0.9,0.4,0.4,0.4,0.4,0.4,336.1,1.528,513.5
255,1.3,1.3,1.3,1.3,1.3,1.0,1.0,1.0,1.0,1.0,1.0,1.0,1.0,1.0,1.0,0.9,0.9,0.9,0.9,0.9,0.5,0.5,0.5,0.5,0.5,302.7,1.416,428.6
256,1.3,1.3,1.3,1.3,1.3,1.0,1.0,1.0,1.0,1.0,1.0,1.0,1.0,1.0,1.0,0.9,0.9,0.9,0.9,0.9,0.6,0.6,0.6,0.6,0.6,274.8,1.304,358.4
257,1.3,1.3,1.3,1.3,1.3,1.0,1.0,1.0,1.0,1.0,1.0,1.0,1.0,1.0,1.0,0.9,0.9,0.9,0.9,0.9,0.7,0.7,0.7,0.7,0.7,254.3,1.192,303.2
258,1.3,1.3,1.3,1.3,1.3,1.0,1.0,1.0,1.0,1.0,1.0,1.0,1.0,1.0,1.0,0.9,0.9,0.9,0.9,0.9,0.8,0.8,0.8,0.8,0.8,243.0,1.084,263.5
259,1.3,1.3,1.3,1.3,1.3,1.0,1.0,1.0,1.0,1.0,1.0,1.0,1.0,1.0,1.0,0.9,0.9,0.9,0.9,0.9,0.9,0.9,0.9,0.9,0.9,242.3,1.058,256.4
260,1.3,1.3,1.3,1.3,1.3,1.0,1.0,1.0,1.0,1.0,1.0,1.0,1.0,1.0,1.0,1.0,1.0,1.0,1.0,1.0,0.2,0.2,0.2,0.2,0.2,415.9,1.64,682.1
261,1.3,1.3,1.3,1.3,1.3,1.0,1.0,1.0,1.0,1.0,1.0,1.0,1.0,1.0,1.0,1.0,1.0,1.0,1.0,1.0,0.3,0.3,0.3,0.3,0.3,375.7,1.528,574.1
262,1.3,1.3,1.3,1.3,1.3,1.0,1.0,1.0,1.0,1.0,1.0,1.0,1.0,1.0,1.0,1.0,1.0,1.0,1.0,1.0,0.4,0.4,0.4,0.4,0.4,338.4,1.416,479.3
263,1.3,1.3,1.3,1.3,1.3,1.0,1.0,1.0,1.0,1.0,1.0,1.0,1.0,1.0,1.0,1.0,1.0,1.0,1.0,1.0,0.5,0.5,0.5,0.5,0.5,305.2,1.305,398.2
264,1.3,1.3,1.3,1.3,1.3,1.0,1.0,1.0,1.0,1.0,1.0,1.0,1.0,1.0,1.0,1.0,1.0,1.0,1.0,1.0,0.6,0.6,0.6,0.6,0.6,277.6,1.193,331.1
265,1.3,1.3,1.3,1.3,1.3,1.0,1.0,1.0,1.0,1.0,1.0,1.0,1.0,1.0,1.0,1.0,1.0,1.0,1.0,1.0,0.7,0.7,0.7,0.7,0.7,257.3,1.085,279.1
266,1.3,1.3,1.3,1.3,1.3,1.0,1.0,1.0,1.0,1.0,1.0,1.0,1.0,1.0,1.0,1.0,1.0,1.0,1.0,1.0,0.8,0.8,0.8,0.8,0.8,246.2,1.058,260.6
267,1.3,1.3,1.3,1.3,1.3,1.0,1.0,1.0,1.0,1.0,1.0,1.0,1.0,1.0,1.0,1.0,1.0,1.0,1.0,1.0,0.9,0.9,0.9,0.9,0.9,245.5,1.143,280.5
268,1.3,1.3,1.3,1.3,1.3,1.0,1.0,1.0,1.0,1.0,1.0,1.0,1.0,1.0,1.0,1.0,1.0,1.0,1.0,1.0,1.0,1.0,1.0,1.0,1.0,255.3,1.254,320.2
269,1.3,1.3,1.3,1.3,1.3,1.1,1.1,1.1,1.1,1.1,1.0,1.0,1.0,1.0,1.0,0.3,0.3,0.3,0.3,0.3,0.3,0.3,0.3,0.3,0.3,485.7,2.215,1076.0
270,1.3,1.3,1.3,1.3,1.3,1.1,1.1,1.1,1.1,1.1,1.0,1.0,1.0,1.0,1.0,0.4,0.4,0.4,0.4,0.4,0.2,0.2,0.2,0.2,0.2,488.6,2.216,1082.6
271,1.3,1.3,1.3,1.3,1.3,1.1,1.1,1.1,1.1,1.1,1.0,1.0,1.0,1.0,1.0,0.4,0.4,0.4,0.4,0.4,0.3,0.3,0.3,0.3,0.3,454.8,2.104,956.9
272,1.3,1.3,1.3,1.3,1.3,1.1,1.1,1.1,1.1,1.1,1.0,1.0,1.0,1.0,1.0,0.4,0.4,0.4,0.4,0.4,0.4,0.4,0.4,0.4,0.4,424.6,1.992,845.8
273,1.3,1.3,1.3,1.3,1.3,1.1,1.1,1.1,1.1,1.1,1.0,1.0,1.0,1.0,1.0,0.5,0.5,0.5,0.5,0.5,0.2,0.2,0.2,0.2,0.2,463.4,2.105,975.3
274,1.3,1.3,1.3,1.3,1.3,1.1,1.1,1.1,1.1,1.1,1.0,1.0,1.0,1.0,1.0,0.5,0.5,0.5,0.5,0.5,0.3,0.3,0.3,0.3,0.3,427.7,1.993,852.2
275,1.3,1.3,1.3,1.3,1.3,1.1,1.1,1.1,1.1,1.1,1.0,1.0,1.0,1.0,1.0,0.5,0.5,0.5,0.5,0.5,0.4,0.4,0.4,0.4,0.4,395.4,1.881,743.6
276,1.3,1.3,1.3,1.3,1.3,1.1,1.1,1.1,1.1,1.1,1.0,1.0,1.0,1.0,1.0,0.5,0.5,0.5,0.5,0.5,0.5,0.5,0.5,0.5,0.5,367.4,1.769,649.9
277,1.3,1.3,1.3,1.3,1.3,1.1,1.1,1.1,1.1,1.1,1.0,1.0,1.0,1.0,1.0,0.6,0.6,0.6,0.6,0.6,0.2,0.2,0.2,0.2,0.2,442.6,1.993,882.2
278,1.3,1.3,1.3,1.3,1.3,1.1,1.1,1.1,1.1,1.1,1.0,1.0,1.0,1.0,1.0,0.6,0.6,0.6,0.6,0.6,0.3,0.3,0.3,0.3,0.3,405.0,1.881,762.0
279,1.3,1.3,1.3,1.3,1.3,1.1,1.1,1.1,1.1,1.1,1.0,1.0,1.0,1.0,1.0,0.6,0.6,0.6,0.6,0.6,0.4,0.4,0.4,0.4,0.4,370.7,1.77,656.1
280,1.3,1.3,1.3,1.3,1.3,1.1,1.1,1.1,1.1,1.1,1.0,1.0,1.0,1.0,1.0,0.6,0.6,0.6,0.6,0.6,0.5,0.5,0.5,0.5,0.5,340.7,1.658,564.9
281,1.3,1.3,1.3,1.3,1.3,1.1,1.1,1.1,1.1,1.1,1.0,1.0,1.0,1.0,1.0,0.6,0.6,0.6,0.6,0.6,0.6,0.6,0.6,0.6,0.6,316.2,1.546,488.9
282,1.3,1.3,1.3,1.3,1.3,1.1,1.1,1.1,1.1,1.1,1.0,1.0,1.0,1.0,1.0,0.7,0.7,0.7,0.7,0.7,0.2,0.2,0.2,0.2,0.2,426.8,1.882,803.2
283,1.3,1.3,1.3,1.3,1.3,1.1,1.1,1.1,1.1,1.1,1.0,1.0,1.0,1.0,1.0,0.7,0.7,0.7,0.7,0.7,0.3,0.3,0.3,0.3,0.3,387.7,1.77,686.3
284,1.3,1.3,1.3,1.3,1.3,1.1,1.1,1.1,1.1,1.1,1.0,1.0,1.0,1.0,1.0,0.7,0.7,0.7,0.7,0.7,0.4,0.4,0.4,0.4,0.4,351.7,1.658,583.3
285,1.3,1.3,1.3,1.3,1.3,1.1,1.1,1.1,1.1,1.1,1.0,1.0,1.0,1.0,1.0,0.7,0.7,0.7,0.7,0.7,0.5,0.5,0.5,0.5,0.5,319.9,1.547,494.8
286,1.3,1.3,1.3,1.3,1.3,1.1,1.1,1.1,1.1,1.1,1.0,1.0,1.0,1.0,1.0,0.7,0.7,0.7,0.7,0.7,0.6,0.6,0.6,0.6,0.6,293.7,1.435,421.4
287,1.3,1.3,1.3,1.3,1.3,1.1,1.1,1.1,1.1,1.1,1.0,1.0,1.0,1.0,1.0,0.7,0.7,0.7,0.7,0.7,0.7,0.7,0.7,0.7,0.7,274.6,1.323,363.3
288,1.3,1.3,1.3,1.3,1.3,1.1,1.1,1.1,1.1,1.1,1.0,1.0,1.0,1.0,1.0,0.8,0.8,0.8,0.8,0.8,0.2,0.2,0.2,0.2,0.2,416.5,1.771,737.5
289,1.3,1.3,1.3,1.3,1.3,1.1,1.1,1.1,1.1,1.1,1.0,1.0,1.0,1.0,1.0,0.8,0.8,0.8,0.8,0.8,0.3,0.3,0.3,0.3,0.3,376.4,1.659,624.3
290,1.3,1.3,1.3,1.3,1.3,1.1,1.1,1.1,1.1,1.1,1.0,1.0,1.0,1.0,1.0,0.8,0.8,0.8,0.8,0.8,0.4,0.4,0.4,0.4,0.4,339.2,1.547,524.7
291,1.3,1.3,1.3,1.3,1.3,1.1,1.1,1.1,1.1,1.1,1.0,1.0,1.0,1.0,1.0,0.8,0.8,0.8,0.8,0.8,0.5,0.5,0.5,0.5,0.5,306.1,1.435,439.3
292,1.3,1.3,1.3,1.3,1.3,1.1,1.1,1.1,1.1,1.1,1.0,1.0,1.0,1.0,1.0,0.8,0.8,0.8,0.8,0.8,0.6,0.6,0.6,0.6,0.6,278.6,1.324,368.7
293,1.3,1.3,1.3,1.3,1.3,1.1,1.1,1.1,1.1,1.1,1.0,1.0,1.0,1.0,1.0,0.8,0.8,0.8,0.8,0.8,0.7,0.7,0.7,0.7,0.7,258.3,1.212,313.0
294,1.3,1.3,1.3,1.3,1.3,1.1,1.1,1.1,1.1,1.1,1.0,1.0,1.0,1.0,1.0,0.8,0.8,0.8,0.8,0.8,0.8,0.8,0.8,0.8,0.8,247.3,1.108,274.1
295,1.3,1.3,1.3,1.3,1.3,1.1,1.1,1.1,1.1,1.1,1.0,1.0,1.0,1.0,1.0,0.9,0.9,0.9,0.9,0.9,0.2,0.2,0.2,0.2,0.2,412.2,1.659,684.1
296,1.3,1.3,1.3,1.3,1.3,1.1,1.1,1.1,1.1,1.1,1.0,1.0,1.0,1.0,1.0,0.9,0.9,0.9,0.9,0.9,0.3,0.3,0.3,0.3,0.3,371.6,1.548,575.1
297,1.3,1.3,1.3,1.3,1.3,1.1,1.1,1.1,1.1,1.1,1.0,1.0,1.0,1.0,1.0,0.9,0.9,0.9,0.9,0.9,0.4,0.4,0.4,0.4,0.4,333.9,1.436,479.4
298,1.3,1.3,1.3,1.3,1.3,1.1,1.1,1.1,1.1,1.1,1.0,1.0,1.0,1.0,1.0,0.9,0.9,0.9,0.9,0.9,0.5,0.5,0.5,0.5,0.5,300.2,1.324,397.5
299,1.3,1.3,1.3,1.3,1.3,1.1,1.1,1.1,1.1,1.1,1.0,1.0,1.0,1.0,1.0,0.9,0.9,0.9,0.9,0.9,0.6,0.6,0.6,0.6,0.6,272.1,1.212,329.9
300,1.3,1.3,1.3,1.3,1.3,1.1,1.1,1.1,1.1,1.1,1.0,1.0,1.0,1.0,1.0,0.9,0.9,0.9,0.9,0.9,0.7,0.7,0.7,0.7,0.7,251.4,1.109,278.7
301,1.3,1.3,1.3,1.3,1.3,1.1,1.1,1.1,1.1,1.1,1.0,1.0,1.0,1.0,1.0,0.9,0.9,0.9,0.9,0.9,0.8,0.8,0.8,0.8,0.8,240.0,1.066,255.8
302,1.3,1.3,1.3,1.3,1.3,1.1,1.1,1.1,1.1,1.1,1.0,1.0,1.0,1.0,1.0,0.9,0.9,0.9,0.9,0.9,0.9,0.9,0.9,0.9,0.9,239.2,1.123,268.7
303,1.3,1.3,1.3,1.3,1.3,1.1,1.1,1.1,1.1,1.1,1.0,1.0,1.0,1.0,1.0,1.0,1.0,1.0,1.0,1.0,0.2,0.2,0.2,0.2,0.2,414.1,1.548,641.1
304,1.3,1.3,1.3,1.3,1.3,1.1,1.1,1.1,1.1,1.1,1.0,1.0,1.0,1.0,1.0,1.0,1.0,1.0,1.0,1.0,0.3,0.3,0.3,0.3,0.3,373.7,1.436,536.7
305,1.3,1.3,1.3,1.3,1.3,1.1,1.1,1.1,1.1,1.1,1.0,1.0,1.0,1.0,1.0,1.0,1.0,1.0,1.0,1.0,0.4,0.4,0.4,0.4,0.4,336.2,1.325,445.3
306,1.3,1.3,1.3,1.3,1.3,1.1,1.1,1.1,1.1,1.1,1.0,1.0,1.0,1.0,1.0,1.0,1.0,1.0,1.0,1.0,0.5,0.5,0.5,0.5,0.5,302.8,1.213,367.2
307,1.3,1.3,1.3,1.3,1.3,1.1,1.1,1.1,1.1,1.1,1.0,1.0,1.0,1.0,1.0,1.0,1.0,1.0,1.0,1.0,0.6,0.6,0.6,0.6,0.6,274.9,1.109,305.0
308,1.3,1.3,1.3,1.3,1.3,1.1,1.1,1.1,1.1,1.1,1.0,1.0,1.0,1.0,1.0,1.0,1.0,1.0,1.0,1.0,0.7,0.7,0.7,0.7,0.7,254.4,1.066,271.3
309,1.3,1.3,1.3,1.3,1.3,1.1,1.1,1.1,1.1,1.1,1.0,1.0,1.0,1.0,1.0,1.0,1.0,1.0,1.0,1.0,0.8,0.8,0.8,0.8,0.8,243.2,1.123,273.0
310,1.3,1.3,1.3,1.3,1.3,1.1,1.1,1.1,1.1,1.1,1.0,1.0,1.0,1.0,1.0,1.0,1.0,1.0,1.0,1.0,0.9,0.9,0.9,0.9,0.9,242.5,1.234,299.3
311,1.3,1.3,1.3,1.3,1.3,1.1,1.1,1.1,1.1,1.1,1.0,1.0,1.0,1.0,1.0,1.0,1.0,1.0,1.0,1.0,1.0,1.0,1.0,1.0,1.0,252.4,1.346,339.7
312,1.3,1.3,1.3,1.3,1.3,1.2,1.2,1.2,1.2,1.2,1.0,1.0,1.0,1.0,1.0,0.3,0.3,0.3,0.3,0.3,0.2,0.2,0.2,0.2,0.2,519.4,2.235,1161.0
313,1.3,1.3,1.3,1.3,1.3,1.2,1.2,1.2,1.2,1.2,1.0,1.0,1.0,1.0,1.0,0.3,0.3,0.3,0.3,0.3,0.3,0.3,0.3,0.3,0.3,487.8,2.123,1035.8
314,1.3,1.3,1.3,1.3,1.3,1.2,1.2,1.2,1.2,1.2,1.0,1.0,1.0,1.0,1.0,0.4,0.4,0.4,0.4,0.4,0.2,0.2,0.2,0.2,0.2,490.7,2.124,1042.1
315,1.3,1.3,1.3,1.3,1.3,1.2,1.2,1.2,1.2,1.2,1.0,1.0,1.0,1.0,1.0,0.4,0.4,0.4,0.4,0.4,0.3,0.3,0.3,0.3,0.3,457.0,2.012,919.6
316,1.3,1.3,1.3,1.3,1.3,1.2,1.2,1.2,1.2,1.2,1.0,1.0,1.0,1.0,1.0,0.4,0.4,0.4,0.4,0.4,0.4,0.4,0.4,0.4,0.4,427.0,1.9,811.4
317,1.3,1.3,1.3,1.3,1.3,1.2,1.2,1.2,1.2,1.2,1.0,1.0,1.0,1.0,1.0,0.5,0.5,0.5,0.5,0.5,0.2,0.2,0.2,0.2,0.2,465.6,2.013,937.1
318,1.3,1.3,1.3,1.3,1.3,1.2,1.2,1.2,1.2,1.2,1.0,1.0,1.0,1.0,1.0,0.5,0.5,0.5,0.5,0.5,0.3,0.3,0.3,0.3,0.3,430.0,1.901,817.4
319,1.3,1.3,1.3,1.3,1.3,1.2,1.2,1.2,1.2,1.2,1.0,1.0,1.0,1.0,1.0,0.5,0.5,0.5,0.5,0.5,0.4,0.4,0.4,0.4,0.4,397.9,1.789,711.9
320,1.3,1.3,1.3,1.3,1.3,1.2,1.2,1.2,1.2,1.2,1.0,1.0,1.0,1.0,1.0,0.5,0.5,0.5,0.5,0.5,0.5,0.5,0.5,0.5,0.5,370.1,1.677,620.8
321,1.3,1.3,1.3,1.3,1.3,1.2,1.2,1.2,1.2,1.2,1.0,1.0,1.0,1.0,1.0,0.6,0.6,0.6,0.6,0.6,0.2,0.2,0.2,0.2,0.2,444.9,1.901,845.9
322,1.3,1.3,1.3,1.3,1.3,1.2,1.2,1.2,1.2,1.2,1.0,1.0,1.0,1.0,1.0,0.6,0.6,0.6,0.6,0.6,0.3,0.3,0.3,0.3,0.3,407.5,1.79,729.3
323,1.3,1.3,1.3,1.3,1.3,1.2,1.2,1.2,1.2,1.2,1.0,1.0,1.0,1.0,1.0,0.6,0.6,0.6,0.6,0.6,0.4,0.4,0.4,0.4,0.4,373.5,1.678,626.6
324,1.3,1.3,1.3,1.3,1.3,1.2,1.2,1.2,1.2,1.2,1.0,1.0,1.0,1.0,1.0,0.6,0.6,0.6,0.6,0.6,0.5,0.5,0.5,0.5,0.5,343.7,1.566,538.2
325,1.3,1.3,1.3,1.3,1.3,1.2,1.2,1.2,1.2,1.2,1.0,1.0,1.0,1.0,1.0,0.6,0.6,0.6,0.6,0.6,0.6,0.6,0.6,0.6,0.6,319.4,1.454,464.5
326,1.3,1.3,1.3,1.3,1.3,1.2,1.2,1.2,1.2,1.2,1.0,1.0,1.0,1.0,1.0,0.7,0.7,0.7,0.7,0.7,0.2,0.2,0.2,0.2,0.2,429.2,1.79,768.2
327,1.3,1.3,1.3,1.3,1.3,1.2,1.2,1.2,1.2,1.2,1.0,1.0,1.0,1.0,1.0,0.7,0.7,0.7,0.7,0.7,0.3,0.3,0.3,0.3,0.3,390.3,1.678,655.0
328,1.3,1.3,1.3,1.3,1.3,1.2,1.2,1.2,1.2,1.2,1.0,1.0,1.0,1.0,1.0,0.7,0.7,0.7,0.7,0.7,0.4,0.4,0.4,0.4,0.4,354.6,1.566,555.5
329,1.3,1.3,1.3,1.3,1.3,1.2,1.2,1.2,1.2,1.2,1.0,1.0,1.0,1.0,1.0,0.7,0.7,0.7,0.7,0.7,0.5,0.5,0.5,0.5,0.5,323.1,1.455,470.0
330,1.3,1.3,1.3,1.3,1.3,1.2,1.2,1.2,1.2,1.2,1.0,1.0,1.0,1.0,1.0,0.7,0.7,0.7,0.7,0.7,0.6,0.6,0.6,0.6,0.6,297.1,1.343,399.0
331,1.3,1.3,1.3,1.3,1.3,1.2,1.2,1.2,1.2,1.2,1.0,1.0,1.0,1.0,1.0,0.7,0.7,0.7,0.7,0.7,0.7,0.7,0.7,0.7,0.7,278.3,1.231,342.6
332,1.3,1.3,1.3,1.3,1.3,1.2,1.2,1.2,1.2,1.2,1.0,1.0,1.0,1.0,1.0,0.8,0.8,0.8,0.8,0.8,0.2,0.2,0.2,0.2,0.2,419.0,1.679,703.3
333,1.3,1.3,1.3,1.3,1.3,1.2,1.2,1.2,1.2,1.2,1.0,1.0,1.0,1.0,1.0,0.8,0.8,0.8,0.8,0.8,0.3,0.3,0.3,0.3,0.3,379.1,1.567,594.0
334,1.3,1.3,1.3,1.3,1.3,1.2,1.2,1.2,1.2,1.2,1.0,1.0,1.0,1.0,1.0,0.8,0.8,0.8,0.8,0.8,0.4,0.4,0.4,0.4,0.4,342.2,1.455,497.9
335,1.3,1.3,1.3,1.3,1.3,1.2,1.2,1.2,1.2,1.2,1.0,1.0,1.0,1.0,1.0,0.8,0.8,0.8,0.8,0.8,0.5,0.5,0.5,0.5,0.5,309.4,1.343,415.7
336,1.3,1.3,1.3,1.3,1.3,1.2,1.2,1.2,1.2,1.2,1.0,1.0,1.0,1.0,1.0,0.8,0.8,0.8,0.8,0.8,0.6,0.6,0.6,0.6,0.6,282.2,1.232,347.5
337,1.3,1.3,1.3,1.3,1.3,1.2,1.2,1.2,1.2,1.2,1.0,1.0,1.0,1.0,1.0,0.8,0.8,0.8,0.8,0.8,0.7,0.7,0.7,0.7,0.7,262.3,1.133,297.1
338,1.3,1.3,1.3,1.3,1.3,1.2,1.2,1.2,1.2,1.2,1.0,1.0,1.0,1.0,1.0,0.8,0.8,0.8,0.8,0.8,0.8,0.8,0.8,0.8,0.8,251.4,1.078,270.9
339,1.3,1.3,1.3,1.3,1.3,1.2,1.2,1.2,1.2,1.2,1.0,1.0,1.0,1.0,1.0,0.9,0.9,0.9,0.9,0.9,0.2,0.2,0.2,0.2,0.2,414.7,1.567,650.0
340,1.3,1.3,1.3,1.3,1.3,1.2,1.2,1.2,1.2,1.2,1.0,1.0,1.0,1.0,1.0,0.9,0.9,0.9,0.9,0.9,0.3,0.3,0.3,0.3,0.3,374.3,1.456,544.9
341,1.3,1.3,1.3,1.3,1.3,1.2,1.2,1.2,1.2,1.2,1.0,1.0,1.0,1.0,1.0,0.9,0.9,0.9,0.9,0.9,0.4,0.4,0.4,0.4,0.4,336.9,1.344,452.8
342,1.3,1.3,1.3,1.3,1.3,1.2,1.2,1.2,1.2,1.2,1.0,1.0,1.0,1.0,1.0,0.9,0.9,0.9,0.9,0.9,0.5,0.5,0.5,0.5,0.5,303.6,1.232,374.1
343,1.3,1.3,1.3,1.3,1.3,1.2,1.2,1.2,1.2,1.2,1.0,1.0,1.0,1.0,1.0,0.9,0.9,0.9,0.9,0.9,0.6,0.6,0.6,0.6,0.6,275.8,1.133,312.6
344,1.3,1.3,1.3,1.3,1.3,1.2,1.2,1.2,1.2,1.2,1.0,1.0,1.0,1.0,1.0,0.9,0.9,0.9,0.9,0.9,0.7,0.7,0.7,0.7,0.7,255.4,1.078,275.2
345,1.3,1.3,1.3,1.3,1.3,1.2,1.2,1.2,1.2,1.2,1.0,1.0,1.0,1.0,1.0,0.9,0.9,0.9,0.9,0.9,0.8,0.8,0.8,0.8,0.8,244.2,1.103,269.4
346,1.3,1.3,1.3,1.3,1.3,1.2,1.2,1.2,1.2,1.2,1.0,1.0,1.0,1.0,1.0,0.9,0.9,0.9,0.9,0.9,0.9,0.9,0.9,0.9,0.9,243.5,1.215,295.8
347,1.3,1.3,1.3,1.3,1.3,1.2,1.2,1.2,1.2,1.2,1.0,1.0,1.0,1.0,1.0,1.0,1.0,1.0,1.0,1.0,0.2,0.2,0.2,0.2,0.2,416.6,1.456,606.6
348,1.3,1.3,1.3,1.3,1.3,1.2,1.2,1.2,1.2,1.2,1.0,1.0,1.0,1.0,1.0,1.0,1.0,1.0,1.0,1.0,0.3,0.3,0.3,0.3,0.3,376.4,1.344,506.0
349,1.3,1.3,1.3,1.3,1.3,1.2,1.2,1.2,1.2,1.2,1.0,1.0,1.0,1.0,1.0,1.0,1.0,1.0,1.0,1.0,0.4,0.4,0.4,0.4,0.4,339.2,1.233,418.1
350,1.3,1.3,1.3,1.3,1.3,1.2,1.2,1.2,1.2,1.2,1.0,1.0,1.0,1.0,1.0,1.0,1.0,1.0,1.0,1.0,0.5,0.5,0.5,0.5,0.5,306.2,1.134,347.1
351,1.3,1.3,1.3,1.3,1.3,1.2,1.2,1.2,1.2,1.2,1.0,1.0,1.0,1.0,1.0,1.0,1.0,1.0,1.0,1.0,0.6,0.6,0.6,0.6,0.6,278.6,1.078,300.3
352,1.3,1.3,1.3,1.3,1.3,1.2,1.2,1.2,1.2,1.2,1.0,1.0,1.0,1.0,1.0,1.0,1.0,1.0,1.0,1.0,0.7,0.7,0.7,0.7,0.7,258.4,1.103,285.0
353,1.3,1.3,1.3,1.3,1.3,1.2,1.2,1.2,1.2,1.2,1.0,1.0,1.0,1.0,1.0,1.0,1.0,1.0,1.0,1.0,0.8,0.8,0.8,0.8,0.8,247.3,1.215,300.4
354,1.3,1.3,1.3,1.3,1.3,1.2,1.2,1.2,1.2,1.2,1.0,1.0,1.0,1.0,1.0,1.0,1.0,1.0,1.0,1.0,0.9,0.9,0.9,0.9,0.9,246.6,1.326,327.1
355,1.3,1.3,1.3,1.3,1.3,1.2,1.2,1.2,1.2,1.2,1.0,1.0,1.0,1.0,1.0,1.0,1.0,1.0,1.0,1.0,1.0,1.0,1.0,1.0,1.0,256.4,1.438,368.7
356,1.3,1.3,1.3,1.3,1.3,1.3,1.3,1.3,1.3,1.3,1.0,1.0,1.0,1.0,1.0,0.2,0.2,0.2,0.2,0.2,0.2,0.2,0.2,0.2,0.2,556.3,2.255,1254.3
357,1.3,1.3,1.3,1.3,1.3,1.3,1.3,1.3,1.3,1.3,1.0,1.0,1.0,1.0,1.0,0.3,0.3,0.3,0.3,0.3,0.2,0.2,0.2,0.2,0.2,524.7,2.143,1124.7
358,1.3,1.3,1.3,1.3,1.3,1.3,1.3,1.3,1.3,1.3,1.0,1.0,1.0,1.0,1.0,0.3,0.3,0.3,0.3,0.3,0.3,0.3,0.3,0.3,0.3,493.5,2.031,1002.5
359,1.3,1.3,1.3,1.3,1.3,1.3,1.3,1.3,1.3,1.3,1.0,1.0,1.0,1.0,1.0,0.4,0.4,0.4,0.4,0.4,0.2,0.2,0.2,0.2,0.2,496.3,2.032,1008.4
360,1.3,1.3,1.3,1.3,1.3,1.3,1.3,1.3,1.3,1.3,1.0,1.0,1.0,1.0,1.0,0.4,0.4,0.4,0.4,0.4,0.3,0.3,0.3,0.3,0.3,463.1,1.92,889.2
361,1.3,1.3,1.3,1.3,1.3,1.3,1.3,1.3,1.3,1.3,1.0,1.0,1.0,1.0,1.0,0.4,0.4,0.4,0.4,0.4,0.4,0.4,0.4,0.4,0.4,433.4,1.808,783.8
362,1.3,1.3,1.3,1.3,1.3,1.3,1.3,1.3,1.3,1.3,1.0,1.0,1.0,1.0,1.0,0.5,0.5,0.5,0.5,0.5,0.2,0.2,0.2,0.2,0.2,471.5,1.921,905.7
363,1.3,1.3,1.3,1.3,1.3,1.3,1.3,1.3,1.3,1.3,1.0,1.0,1.0,1.0,1.0,0.5,0.5,0.5,0.5,0.5,0.3,0.3,0.3,0.3,0.3,436.5,1.809,789.5
364,1.3,1.3,1.3,1.3,1.3,1.3,1.3,1.3,1.3,1.3,1.0,1.0,1.0,1.0,1.0,0.5,0.5,0.5,0.5,0.5,0.4,0.4,0.4,0.4,0.4,404.8,1.697,687.1
365,1.3,1.3,1.3,1.3,1.3,1.3,1.3,1.3,1.3,1.3,1.0,1.0,1.0,1.0,1.0,0.5,0.5,0.5,0.5,0.5,0.5,0.5,0.5,0.5,0.5,377.6,1.585,598.5
366,1.3,1.3,1.3,1.3,1.3,1.3,1.3,1.3,1.3,1.3,1.0,1.0,1.0,1.0,1.0,0.6,0.6,0.6,0.6,0.6,0.2,0.2,0.2,0.2,0.2,451.1,1.809,816.2
367,1.3,1.3,1.3,1.3,1.3,1.3,1.3,1.3,1.3,1.3,1.0,1.0,1.0,1.0,1.0,0.6,0.6,0.6,0.6,0.6,0.3,0.3,0.3,0.3,0.3,414.3,1.698,703.3
368,1.3,1.3,1.3,1.3,1.3,1.3,1.3,1.3,1.3,1.3,1.0,1.0,1.0,1.0,1.0,0.6,0.6,0.6,0.6,0.6,0.4,0.4,0.4,0.4,0.4,380.8,1.586,603.9
369,1.3,1.3,1.3,1.3,1.3,1.3,1.3,1.3,1.3,1.3,1.0,1.0,1.0,1.0,1.0,0.6,0.6,0.6,0.6,0.6,0.5,0.5,0.5,0.5,0.5,351.7,1.474,518.4
370,1.3,1.3,1.3,1.3,1.3,1.3,1.3,1.3,1.3,1.3,1.0,1.0,1.0,1.0,1.0,0.6,0.6,0.6,0.6,0.6,0.6,0.6,0.6,0.6,0.6,328.0,1.362,446.8
371,1.3,1.3,1.3,1.3,1.3,1.3,1.3,1.3,1.3,1.3,1.0,1.0,1.0,1.0,1.0,0.7,0.7,0.7,0.7,0.7,0.2,0.2,0.2,0.2,0.2,435.6,1.698,739.7
372,1.3,1.3,1.3,1.3,1.3,1.3,1.3,1.3,1.3,1.3,1.0,1.0,1.0,1.0,1.0,0.7,0.7,0.7,0.7,0.7,0.3,0.3,0.3,0.3,0.3,397.3,1.586,630.3
373,1.3,1.3,1.3,1.3,1.3,1.3,1.3,1.3,1.3,1.3,1.0,1.0,1.0,1.0,1.0,0.7,0.7,0.7,0.7,0.7,0.4,0.4,0.4,0.4,0.4,362.3,1.475,534.3
374,1.3,1.3,1.3,1.3,1.3,1.3,1.3,1.3,1.3,1.3,1.0,1.0,1.0,1.0,1.0,0.7,0.7,0.7,0.7,0.7,0.5,0.5,0.5,0.5,0.5,331.6,1.363,451.8
375,1.3,1.3,1.3,1.3,1.3,1.3,1.3,1.3,1.3,1.3,1.0,1.0,1.0,1.0,1.0,0.7,0.7,0.7,0.7,0.7,0.6,0.6,0.6,0.6,0.6,306.3,1.251,383.2
376,1.3,1.3,1.3,1.3,1.3,1.3,1.3,1.3,1.3,1.3,1.0,1.0,1.0,1.0,1.0,0.7,0.7,0.7,0.7,0.7,0.7,0.7,0.7,0.7,0.7,288.1,1.157,333.3
377,1.3,1.3,1.3,1.3,1.3,1.3,1.3,1.3,1.3,1.3,1.0,1.0,1.0,1.0,1.0,0.8,0.8,0.8,0.8,0.8,0.2,0.2,0.2,0.2,0.2,425.5,1.587,675.3
378,1.3,1.3,1.3,1.3,1.3,1.3,1.3,1.3,1.3,1.3,1.0,1.0,1.0,1.0,1.0,0.8,0.8,0.8,0.8,0.8,0.3,0.3,0.3,0.3,0.3,386.3,1.475,569.8
379,1.3,1.3,1.3,1.3,1.3,1.3,1.3,1.3,1.3,1.3,1.0,1.0,1.0,1.0,1.0,0.8,0.8,0.8,0.8,0.8,0.4,0.4,0.4,0.4,0.4,350.2,1.363,477.4
380,1.3,1.3,1.3,1.3,1.3,1.3,1.3,1.3,1.3,1.3,1.0,1.0,1.0,1.0,1.0,0.8,0.8,0.8,0.8,0.8,0.5,0.5,0.5,0.5,0.5,318.3,1.251,398.3
381,1.3,1.3,1.3,1.3,1.3,1.3,1.3,1.3,1.3,1.3,1.0,1.0,1.0,1.0,1.0,0.8,0.8,0.8,0.8,0.8,0.6,0.6,0.6,0.6,0.6,291.9,1.157,337.8
382,1.3,1.3,1.3,1.3,1.3,1.3,1.3,1.3,1.3,1.3,1.0,1.0,1.0,1.0,1.0,0.8,0.8,0.8,0.8,0.8,0.7,0.7,0.7,0.7,0.7,272.6,1.089,296.9
383,1.3,1.3,1.3,1.3,1.3,1.3,1.3,1.3,1.3,1.3,1.0,1.0,1.0,1.0,1.0,0.8,0.8,0.8,0.8,0.8,0.8,0.8,0.8,0.8,0.8,262.2,1.087,284.9
384,1.3,1.3,1.3,1.3,1.3,1.3,1.3,1.3,1.3,1.3,1.0,1.0,1.0,1.0,1.0,0.9,0.9,0.9,0.9,0.9,0.2,0.2,0.2,0.2,0.2,421.3,1.476,621.7
385,1.3,1.3,1.3,1.3,1.3,1.3,1.3,1.3,1.3,1.3,1.0,1.0,1.0,1.0,1.0,0.9,0.9,0.9,0.9,0.9,0.3,0.3,0.3,0.3,0.3,381.7,1.364,520.5
386,1.3,1.3,1.3,1.3,1.3,1.3,1.3,1.3,1.3,1.3,1.0,1.0,1.0,1.0,1.0,0.9,0.9,0.9,0.9,0.9,0.4,0.4,0.4,0.4,0.4,345.1,1.252,432.0
387,1.3,1.3,1.3,1.3,1.3,1.3,1.3,1.3,1.3,1.3,1.0,1.0,1.0,1.0,1.0,0.9,0.9,0.9,0.9,0.9,0.5,0.5,0.5,0.5,0.5,312.6,1.158,362.0
388,1.3,1.3,1.3,1.3,1.3,1.3,1.3,1.3,1.3,1.3,1.0,1.0,1.0,1.0,1.0,0.9,0.9,0.9,0.9,0.9,0.6,0.6,0.6,0.6,0.6,285.7,1.089,311.2
389,1.3,1.3,1.3,1.3,1.3,1.3,1.3,1.3,1.3,1.3,1.0,1.0,1.0,1.0,1.0,0.9,0.9,0.9,0.9,0.9,0.7,0.7,0.7,0.7,0.7,266.1,1.088,289.5
390,1.3,1.3,1.3,1.3,1.3,1.3,1.3,1.3,1.3,1.3,1.0,1.0,1.0,1.0,1.0,0.9,0.9,0.9,0.9,0.9,0.8,0.8,0.8,0.8,0.8,255.3,1.195,305.1
391,1.3,1.3,1.3,1.3,1.3,1.3,1.3,1.3,1.3,1.3,1.0,1.0,1.0,1.0,1.0,0.9,0.9,0.9,0.9,0.9,0.9,0.9,0.9,0.9,0.9,254.6,1.307,332.8
392,1.3,1.3,1.3,1.3,1.3,1.3,1.3,1.3,1.3,1.3,1.0,1.0,1.0,1.0,1.0,1.0,1.0,1.0,1.0,1.0,0.2,0.2,0.2,0.2,0.2,423.2,1.364,577.3
393,1.3,1.3,1.3,1.3,1.3,1.3,1.3,1.3,1.3,1.3,1.0,1.0,1.0,1.0,1.0,1.0,1.0,1.0,1.0,1.0,0.3,0.3,0.3,0.3,0.3,383.7,1.252,480.6
394,1.3,1.3,1.3,1.3,1.3,1.3,1.3,1.3,1.3,1.3,1.0,1.0,1.0,1.0,1.0,1.0,1.0,1.0,1.0,1.0,0.4,0.4,0.4,0.4,0.4,347.3,1.158,402.3
395,1.3,1.3,1.3,1.3,1.3,1.3,1.3,1.3,1.3,1.3,1.0,1.0,1.0,1.0,1.0,1.0,1.0,1.0,1.0,1.0,0.5,0.5,0.5,0.5,0.5,315.1,1.089,343.2
396,1.3,1.3,1.3,1.3,1.3,1.3,1.3,1.3,1.3,1.3,1.0,1.0,1.0,1.0,1.0,1.0,1.0,1.0,1.0,1.0,0.6,0.6,0.6,0.6,0.6,288.4,1.09,314.2
397,1.3,1.3,1.3,1.3,1.3,1.3,1.3,1.3,1.3,1.3,1.0,1.0,1.0,1.0,1.0,1.0,1.0,1.0,1.0,1.0,0.7,0.7,0.7,0.7,0.7,268.9,1.195,321.3
398,1.3,1.3,1.3,1.3,1.3,1.3,1.3,1.3,1.3,1.3,1.0,1.0,1.0,1.0,1.0,1.0,1.0,1.0,1.0,1.0,0.8,0.8,0.8,0.8,0.8,258.3,1.306,337.5
399,1.3,1.3,1.3,1.3,1.3,1.3,1.3,1.3,1.3,1.3,1.0,1.0,1.0,1.0,1.0,1.0,1.0,1.0,1.0,1.0,0.9,0.9,0.9,0.9,0.9,257.6,1.418,365.4
400,1.3,1.3,1.3,1.3,1.3,1.3,1.3,1.3,1.3,1.3,1.0,1.0,1.0,1.0,1.0,1.0,1.0,1.0,1.0,1.0,1.0,1.0,1.0,1.0,1.0,267.0,1.53,408.5
401,1.4,1.4,1.4,1.4,1.4,1.0,1.0,1.0,1.0,1.0,1.0,1.0,1.0,1.0,1.0,0.4,0.4,0.4,0.4,0.4,0.2,0.2,0.2,0.2,0.2,492.9,2.226,1097.3
402,1.4,1.4,1.4,1.4,1.4,1.0,1.0,1.0,1.0,1.0,1.0,1.0,1.0,1.0,1.0,0.4,0.4,0.4,0.4,0.4,0.3,0.3,0.3,0.3,0.3,459.4,2.115,971.5
403,1.4,1.4,1.4,1.4,1.4,1.0,1.0,1.0,1.0,1.0,1.0,1.0,1.0,1.0,1.0,0.4,0.4,0.4,0.4,0.4,0.4,0.4,0.4,0.4,0.4,429.5,2.003,860.2
404,1.4,1.4,1.4,1.4,1.4,1.0,1.0,1.0,1.0,1.0,1.0,1.0,1.0,1.0,1.0,0.5,0.5,0.5,0.5,0.5,0.2,0.2,0.2,0.2,0.2,467.9,2.115,989.7
405,1.4,1.4,1.4,1.4,1.4,1.0,1.0,1.0,1.0,1.0,1.0,1.0,1.0,1.0,1.0,0.5,0.5,0.5,0.5,0.5,0.3,0.3,0.3,0.3,0.3,432.6,2.003,866.6
406,1.4,1.4,1.4,1.4,1.4,1.0,1.0,1.0,1.0,1.0,1.0,1.0,1.0,1.0,1.0,0.5,0.5,0.5,0.5,0.5,0.4,0.4,0.4,0.4,0.4,400.7,1.891,757.8
407,1.4,1.4,1.4,1.4,1.4,1.0,1.0,1.0,1.0,1.0,1.0,1.0,1.0,1.0,1.0,0.5,0.5,0.5,0.5,0.5,0.5,0.5,0.5,0.5,0.5,373.1,1.78,663.9
408,1.4,1.4,1.4,1.4,1.4,1.0,1.0,1.0,1.0,1.0,1.0,1.0,1.0,1.0,1.0,0.6,0.6,0.6,0.6,0.6,0.2,0.2,0.2,0.2,0.2,447.3,2.004,896.4
409,1.4,1.4,1.4,1.4,1.4,1.0,1.0,1.0,1.0,1.0,1.0,1.0,1.0,1.0,1.0,0.6,0.6,0.6,0.6,0.6,0.3,0.3,0.3,0.3,0.3,410.2,1.892,776.1
410,1.4,1.4,1.4,1.4,1.4,1.0,1.0,1.0,1.0,1.0,1.0,1.0,1.0,1.0,1.0,0.6,0.6,0.6,0.6,0.6,0.4,0.4,0.4,0.4,0.4,376.4,1.78,670.1
411,1.4,1.4,1.4,1.4,1.4,1.0,1.0,1.0,1.0,1.0,1.0,1.0,1.0,1.0,1.0,0.6,0.6,0.6,0.6,0.6,0.5,0.5,0.5,0.5,0.5,346.9,1.668,578.7
412,1.4,1.4,1.4,1.4,1.4,1.0,1.0,1.0,1.0,1.0,1.0,1.0,1.0,1.0,1.0,0.6,0.6,0.6,0.6,0.6,0.6,0.6,0.6,0.6,0.6,322.8,1.557,502.5
413,1.4,1.4,1.4,1.4,1.4,1.0,1.0,1.0,1.0,1.0,1.0,1.0,1.0,1.0,1.0,0.7,0.7,0.7,0.7,0.7,0.2,0.2,0.2,0.2,0.2,431.7,1.892,817.0
414,1.4,1.4,1.4,1.4,1.4,1.0,1.0,1.0,1.0,1.0,1.0,1.0,1.0,1.0,1.0,0.7,0.7,0.7,0.7,0.7,0.3,0.3,0.3,0.3,0.3,393.1,1.781,700.0
415,1.4,1.4,1.4,1.4,1.4,1.0,1.0,1.0,1.0,1.0,1.0,1.0,1.0,1.0,1.0,0.7,0.7,0.7,0.7,0.7,0.4,0.4,0.4,0.4,0.4,357.7,1.669,596.9
416,1.4,1.4,1.4,1.4,1.4,1.0,1.0,1.0,1.0,1.0,1.0,1.0,1.0,1.0,1.0,0.7,0.7,0.7,0.7,0.7,0.5,0.5,0.5,0.5,0.5,326.5,1.557,508.3
417,1.4,1.4,1.4,1.4,1.4,1.0,1.0,1.0,1.0,1.0,1.0,1.0,1.0,1.0,1.0,0.7,0.7,0.7,0.7,0.7,0.6,0.6,0.6,0.6,0.6,300.8,1.445,434.7
418,1.4,1.4,1.4,1.4,1.4,1.0,1.0,1.0,1.0,1.0,1.0,1.0,1.0,1.0,1.0,0.7,0.7,0.7,0.7,0.7,0.7,0.7,0.7,0.7,0.7,282.2,1.334,376.3
419,1.4,1.4,1.4,1.4,1.4,1.0,1.0,1.0,1.0,1.0,1.0,1.0,1.0,1.0,1.0,0.8,0.8,0.8,0.8,0.8,0.2,0.2,0.2,0.2,0.2,421.6,1.781,750.9
420,1.4,1.4,1.4,1.4,1.4,1.0,1.0,1.0,1.0,1.0,1.0,1.0,1.0,1.0,1.0,0.8,0.8,0.8,0.8,0.8,0.3,0.3,0.3,0.3,0.3,381.9,1.669,637.6
421,1.4,1.4,1.4,1.4,1.4,1.0,1.0,1.0,1.0,1.0,1.0,1.0,1.0,1.0,1.0,0.8,0.8,0.8,0.8,0.8,0.4,0.4,0.4,0.4,0.4,345.4,1.558,537.9
422,1.4,1.4,1.4,1.4,1.4,1.0,1.0,1.0,1.0,1.0,1.0,1.0,1.0,1.0,1.0,0.8,0.8,0.8,0.8,0.8,0.5,0.5,0.5,0.5,0.5,312.9,1.446,452.4
423,1.4,1.4,1.4,1.4,1.4,1.0,1.0,1.0,1.0,1.0,1.0,1.0,1.0,1.0,1.0,0.8,0.8,0.8,0.8,0.8,0.6,0.6,0.6,0.6,0.6,286.0,1.334,381.6
424,1.4,1.4,1.4,1.4,1.4,1.0,1.0,1.0,1.0,1.0,1.0,1.0,1.0,1.0,1.0,0.8,0.8,0.8,0.8,0.8,0.7,0.7,0.7,0.7,0.7,266.4,1.222,325.6
425,1.4,1.4,1.4,1.4,1.4,1.0,1.0,1.0,1.0,1.0,1.0,1.0,1.0,1.0,1.0,0.8,0.8,0.8,0.8,0.8,0.8,0.8,0.8,0.8,0.8,255.7,1.12,286.4
426,1.4,1.4,1.4,1.4,1.4,1.0,1.0,1.0,1.0,1.0,1.0,1.0,1.0,1.0,1.0,0.9,0.9,0.9,0.9,0.9,0.2,0.2,0.2,0.2,0.2,417.3,1.67,696.9
427,1.4,1.4,1.4,1.4,1.4,1.0,1.0,1.0,1.0,1.0,1.0,1.0,1.0,1.0,1.0,0.9,0.9,0.9,0.9,0.9,0.3,0.3,0.3,0.3,0.3,377.2,1.558,587.8
428,1.4,1.4,1.4,1.4,1.4,1.0,1.0,1.0,1.0,1.0,1.0,1.0,1.0,1.0,1.0,0.9,0.9,0.9,0.9,0.9,0.4,0.4,0.4,0.4,0.4,340.2,1.446,492.0
429,1.4,1.4,1.4,1.4,1.4,1.0,1.0,1.0,1.0,1.0,1.0,1.0,1.0,1.0,1.0,0.9,0.9,0.9,0.9,0.9,0.5,0.5,0.5,0.5,0.5,307.2,1.335,410.0
430,1.4,1.4,1.4,1.4,1.4,1.0,1.0,1.0,1.0,1.0,1.0,1.0,1.0,1.0,1.0,0.9,0.9,0.9,0.9,0.9,0.6,0.6,0.6,0.6,0.6,279.8,1.223,342.1
431,1.4,1.4,1.4,1.4,1.4,1.0,1.0,1.0,1.0,1.0,1.0,1.0,1.0,1.0,1.0,0.9,0.9,0.9,0.9,0.9,0.7,0.7,0.7,0.7,0.7,259.6,1.121,291.0
432,1.4,1.4,1.4,1.4,1.4,1.0,1.0,1.0,1.0,1.0,1.0,1.0,1.0,1.0,1.0,0.9,0.9,0.9,0.9,0.9,0.8,0.8,0.8,0.8,0.8,248.6,1.072,266.4
433,1.4,1.4,1.4,1.4,1.4,1.0,1.0,1.0,1.0,1.0,1.0,1.0,1.0,1.0,1.0,0.9,0.9,0.9,0.9,0.9,0.9,0.9,0.9,0.9,0.9,247.9,1.113,275.8
434,1.4,1.4,1.4,1.4,1.4,1.0,1.0,1.0,1.0,1.0,1.0,1.0,1.0,1.0,1.0,1.0,1.0,1.0,1.0,1.0,0.2,0.2,0.2,0.2,0.2,419.2,1.559,653.3
435,1.4,1.4,1.4,1.4,1.4,1.0,1.0,1.0,1.0,1.0,1.0,1.0,1.0,1.0,1.0,1.0,1.0,1.0,1.0,1.0,0.3,0.3,0.3,0.3,0.3,379.3,1.447,548.8
436,1.4,1.4,1.4,1.4,1.4,1.0,1.0,1.0,1.0,1.0,1.0,1.0,1.0,1.0,1.0,1.0,1.0,1.0,1.0,1.0,0.4,0.4,0.4,0.4,0.4,342.4,1.335,457.2
437,1.4,1.4,1.4,1.4,1.4,1.0,1.0,1.0,1.0,1.0,1.0,1.0,1.0,1.0,1.0,1.0,1.0,1.0,1.0,1.0,0.5,0.5,0.5,0.5,0.5,309.7,1.223,378.8
438,1.4,1.4,1.4,1.4,1.4,1.0,1.0,1.0,1.0,1.0,1.0,1.0,1.0,1.0,1.0,1.0,1.0,1.0,1.0,1.0,0.6,0.6,0.6,0.6,0.6,282.5,1.121,316.7
439,1.4,1.4,1.4,1.4,1.4,1.0,1.0,1.0,1.0,1.0,1.0,1.0,1.0,1.0,1.0,1.0,1.0,1.0,1.0,1.0,0.7,0.7,0.7,0.7,0.7,262.6,1.072,281.4
440,1.4,1.4,1.4,1.4,1.4,1.0,1.0,1.0,1.0,1.0,1.0,1.0,1.0,1.0,1.0,1.0,1.0,1.0,1.0,1.0,0.8,0.8,0.8,0.8,0.8,251.7,1.112,279.9
441,1.4,1.4,1.4,1.4,1.4,1.0,1.0,1.0,1.0,1.0,1.0,1.0,1.0,1.0,1.0,1.0,1.0,1.0,1.0,1.0,0.9,0.9,0.9,0.9,0.9,251.0,1.224,307.2
442,1.4,1.4,1.4,1.4,1.4,1.0,1.0,1.0,1.0,1.0,1.0,1.0,1.0,1.0,1.0,1.0,1.0,1.0,1.0,1.0,1.0,1.0,1.0,1.0,1.0,260.6,1.336,348.1
443,1.4,1.4,1.4,1.4,1.4,1.1,1.1,1.1,1.1,1.1,1.0,1.0,1.0,1.0,1.0,0.3,0.3,0.3,0.3,0.3,0.2,0.2,0.2,0.2,0.2,520.1,2.246,1168.0
444,1.4,1.4,1.4,1.4,1.4,1.1,1.1,1.1,1.1,1.1,1.0,1.0,1.0,1.0,1.0,0.3,0.3,0.3,0.3,0.3,0.3,0.3,0.3,0.3,0.3,488.5,2.134,1042.5
445,1.4,1.4,1.4,1.4,1.4,1.1,1.1,1.1,1.1,1.1,1.0,1.0,1.0,1.0,1.0,0.4,0.4,0.4,0.4,0.4,0.2,0.2,0.2,0.2,0.2,491.4,2.134,1048.8
446,1.4,1.4,1.4,1.4,1.4,1.1,1.1,1.1,1.1,1.1,1.0,1.0,1.0,1.0,1.0,0.4,0.4,0.4,0.4,0.4,0.3,0.3,0.3,0.3,0.3,457.8,2.023,926.0
447,1.4,1.4,1.4,1.4,1.4,1.1,1.1,1.1,1.1,1.1,1.0,1.0,1.0,1.0,1.0,0.4,0.4,0.4,0.4,0.4,0.4,0.4,0.4,0.4,0.4,427.8,1.911,817.4
448,1.4,1.4,1.4,1.4,1.4,1.1,1.1,1.1,1.1,1.1,1.0,1.0,1.0,1.0,1.0,0.5,0.5,0.5,0.5,0.5,0.2,0.2,0.2,0.2,0.2,466.4,2.023,943.5
449,1.4,1.4,1.4,1.4,1.4,1.1,1.1,1.1,1.1,1.1,1.0,1.0,1.0,1.0,1.0,0.5,0.5,0.5,0.5,0.5,0.3,0.3,0.3,0.3,0.3,430.9,1.911,823.5
450,1.4,1.4,1.4,1.4,1.4,1.1,1.1,1.1,1.1,1.1,1.0,1.0,1.0,1.0,1.0,0.5,0.5,0.5,0.5,0.5,0.4,0.4,0.4,0.4,0.4,398.8,1.8,717.7
451,1.4,1.4,1.4,1.4,1.4,1.1,1.1,1.1,1.1,1.1,1.0,1.0,1.0,1.0,1.0,0.5,0.5,0.5,0.5,0.5,0.5,0.5,0.5,0.5,0.5,371.1,1.688,626.3
452,1.4,1.4,1.4,1.4,1.4,1.1,1.1,1.1,1.1,1.1,1.0,1.0,1.0,1.0,1.0,0.6,0.6,0.6,0.6,0.6,0.2,0.2,0.2,0.2,0.2,445.7,1.912,852.1
453,1.4,1.4,1.4,1.4,1.4,1.1,1.1,1.1,1.1,1.1,1.0,1.0,1.0,1.0,1.0,0.6,0.6,0.6,0.6,0.6,0.3,0.3,0.3,0.3,0.3,408.4,1.8,735.2
454,1.4,1.4,1.4,1.4,1.4,1.1,1.1,1.1,1.1,1.1,1.0,1.0,1.0,1.0,1.0,0.6,0.6,0.6,0.6,0.6,0.4,0.4,0.4,0.4,0.4,374.4,1.688,632.1
455,1.4,1.4,1.4,1.4,1.4,1.1,1.1,1.1,1.1,1.1,1.0,1.0,1.0,1.0,1.0,0.6,0.6,0.6,0.6,0.6,0.5,0.5,0.5,0.5,0.5,344.7,1.576,543.5
456,1.4,1.4,1.4,1.4,1.4,1.1,1.1,1.1,1.1,1.1,1.0,1.0,1.0,1.0,1.0,0.6,0.6,0.6,0.6,0.6,0.6,0.6,0.6,0.6,0.6,320.5,1.465,469.5
457,1.4,1.4,1.4,1.4,1.4,1.1,1.1,1.1,1.1,1.1,1.0,1.0,1.0,1.0,1.0,0.7,0.7,0.7,0.7,0.7,0.2,0.2,0.2,0.2,0.2,430.0,1.801,774.2
458,1.4,1.4,1.4,1.4,1.4,1.1,1.1,1.1,1.1,1.1,1.0,1.0,1.0,1.0,1.0,0.7,0.7,0.7,0.7,0.7,0.3,0.3,0.3,0.3,0.3,391.2,1.689,660.7
459,1.4,1.4,1.4,1.4,1.4,1.1,1.1,1.1,1.1,1.1,1.0,1.0,1.0,1.0,1.0,0.7,0.7,0.7,0.7,0.7,0.4,0.4,0.4,0.4,0.4,355.6,1.577,560.8
460,1.4,1.4,1.4,1.4,1.4,1.1,1.1,1.1,1.1,1.1,1.0,1.0,1.0,1.0,1.0,0.7,0.7,0.7,0.7,0.7,0.5,0.5,0.5,0.5,0.5,324.2,1.465,475.0
461,1.4,1.4,1.4,1.4,1.4,1.1,1.1,1.1,1.1,1.1,1.0,1.0,1.0,1.0,1.0,0.7,0.7,0.7,0.7,0.7,0.6,0.6,0.6,0.6,0.6,298.3,1.353,403.7
462,1.4,1.4,1.4,1.4,1.4,1.1,1.1,1.1,1.1,1.1,1.0,1.0,1.0,1.0,1.0,0.7,0.7,0.7,0.7,0.7,0.7,0.7,0.7,0.7,0.7,279.5,1.242,347.1
463,1.4,1.4,1.4,1.4,1.4,1.1,1.1,1.1,1.1,1.1,1.0,1.0,1.0,1.0,1.0,0.8,0.8,0.8,0.8,0.8,0.2,0.2,0.2,0.2,0.2,419.8,1.689,709.2
464,1.4,1.4,1.4,1.4,1.4,1.1,1.1,1.1,1.1,1.1,1.0,1.0,1.0,1.0,1.0,0.8,0.8,0.8,0.8,0.8,0.3,0.3,0.3,0.3,0.3,380.0,1.577,599.4
465,1.4,1.4,1.4,1.4,1.4,1.1,1.1,1.1,1.1,1.1,1.0,1.0,1.0,1.0,1.0,0.8,0.8,0.8,0.8,0.8,0.4,0.4,0.4,0.4,0.4,343.2,1.466,503.0
466,1.4,1.4,1.4,1.4,1.4,1.1,1.1,1.1,1.1,1.1,1.0,1.0,1.0,1.0,1.0,0.8,0.8,0.8,0.8,0.8,0.5,0.5,0.5,0.5,0.5,310.5,1.354,420.5
467,1.4,1.4,1.4,1.4,1.4,1.1,1.1,1.1,1.1,1.1,1.0,1.0,1.0,1.0,1.0,0.8,0.8,0.8,0.8,0.8,0.6,0.6,0.6,0.6,0.6,283.4,1.242,352.1
468,1.4,1.4,1.4,1.4,1.4,1.1,1.1,1.1,1.1,1.1,1.0,1.0,1.0,1.0,1.0,0.8,0.8,0.8,0.8,0.8,0.7,0.7,0.7,0.7,0.7,263.6,1.145,301.8
469,1.4,1.4,1.4,1.4,1.4,1.1,1.1,1.1,1.1,1.1,1.0,1.0,1.0,1.0,1.0,0.8,0.8,0.8,0.8,0.8,0.8,0.8,0.8,0.8,0.8,252.8,1.083,273.7
470,1.4,1.4,1.4,1.4,1.4,1.1,1.1,1.1,1.1,1.1,1.0,1.0,1.0,1.0,1.0,0.9,0.9,0.9,0.9,0.9,0.2,0.2,0.2,0.2,0.2,415.6,1.578,655.7
471,1.4,1.4,1.4,1.4,1.4,1.1,1.1,1.1,1.1,1.1,1.0,1.0,1.0,1.0,1.0,0.9,0.9,0.9,0.9,0.9,0.3,0.3,0.3,0.3,0.3,375.3,1.466,550.2
472,1.4,1.4,1.4,1.4,1.4,1.1,1.1,1.1,1.1,1.1,1.0,1.0,1.0,1.0,1.0,0.9,0.9,0.9,0.9,0.9,0.4,0.4,0.4,0.4,0.4,338.0,1.354,457.8
473,1.4,1.4,1.4,1.4,1.4,1.1,1.1,1.1,1.1,1.1,1.0,1.0,1.0,1.0,1.0,0.9,0.9,0.9,0.9,0.9,0.5,0.5,0.5,0.5,0.5,304.8,1.243,378.7
474,1.4,1.4,1.4,1.4,1.4,1.1,1.1,1.1,1.1,1.1,1.0,1.0,1.0,1.0,1.0,0.9,0.9,0.9,0.9,0.9,0.6,0.6,0.6,0.6,0.6,277.1,1.145,317.4
475,1.4,1.4,1.4,1.4,1.4,1.1,1.1,1.1,1.1,1.1,1.0,1.0,1.0,1.0,1.0,0.9,0.9,0.9,0.9,0.9,0.7,0.7,0.7,0.7,0.7,256.8,1.083,278.1
476,1.4,1.4,1.4,1.4,1.4,1.1,1.1,1.1,1.1,1.1,1.0,1.0,1.0,1.0,1.0,0.9,0.9,0.9,0.9,0.9,0.8,0.8,0.8,0.8,0.8,245.6,1.093,268.4
477,1.4,1.4,1.4,1.4,1.4,1.1,1.1,1.1,1.1,1.1,1.0,1.0,1.0,1.0,1.0,0.9,0.9,0.9,0.9,0.9,0.9,0.9,0.9,0.9,0.9,244.9,1.205,295.0
478,1.4,1.4,1.4,1.4,1.4,1.1,1.1,1.1,1.1,1.1,1.0,1.0,1.0,1.0,1.0,1.0,1.0,1.0,1.0,1.0,0.2,0.2,0.2,0.2,0.2,417.4,1.467,612.2
479,1.4,1.4,1.4,1.4,1.4,1.1,1.1,1.1,1.1,1.1,1.0,1.0,1.0,1.0,1.0,1.0,1.0,1.0,1.0,1.0,0.3,0.3,0.3,0.3,0.3,377.3,1.355,511.3
480,1.4,1.4,1.4,1.4,1.4,1.1,1.1,1.1,1.1,1.1,1.0,1.0,1.0,1.0,1.0,1.0,1.0,1.0,1.0,1.0,0.4,0.4,0.4,0.4,0.4,340.3,1.243,423.0
481,1.4,1.4,1.4,1.4,1.4,1.1,1.1,1.1,1.1,1.1,1.0,1.0,1.0,1.0,1.0,1.0,1.0,1.0,1.0,1.0,0.5,0.5,0.5,0.5,0.5,307.3,1.146,352.1
482,1.4,1.4,1.4,1.4,1.4,1.1,1.1,1.1,1.1,1.1,1.0,1.0,1.0,1.0,1.0,1.0,1.0,1.0,1.0,1.0,0.6,0.6,0.6,0.6,0.6,279.9,1.083,303.1
483,1.4,1.4,1.4,1.4,1.4,1.1,1.1,1.1,1.1,1.1,1.0,1.0,1.0,1.0,1.0,1.0,1.0,1.0,1.0,1.0,0.7,0.7,0.7,0.7,0.7,259.8,1.092,283.7
484,1.4,1.4,1.4,1.4,1.4,1.1,1.1,1.1,1.1,1.1,1.0,1.0,1.0,1.0,1.0,1.0,1.0,1.0,1.0,1.0,0.8,0.8,0.8,0.8,0.8,248.8,1.204,299.5
485,1.4,1.4,1.4,1.4,1.4,1.1,1.1,1.1,1.1,1.1,1.0,1.0,1.0,1.0,1.0,1.0,1.0,1.0,1.0,1.0,0.9,0.9,0.9,0.9,0.9,248.1,1.316,326.4
486,1.4,1.4,1.4,1.4,1.4,1.1,1.1,1.1,1.1,1.1,1.0,1.0,1.0,1.0,1.0,1.0,1.0,1.0,1.0,1.0,1.0,1.0,1.0,1.0,1.0,257.7,1.428,368.0
487,1.4,1.4,1.4,1.4,1.4,1.2,1.2,1.2,1.2,1.2,1.0,1.0,1.0,1.0,1.0,0.2,0.2,0.2,0.2,0.2,0.2,0.2,0.2,0.2,0.2,553.8,2.265,1254.4
488,1.4,1.4,1.4,1.4,1.4,1.2,1.2,1.2,1.2,1.2,1.0,1.0,1.0,1.0,1.0,0.3,0.3,0.3,0.3,0.3,0.2,0.2,0.2,0.2,0.2,522.1,2.154,1124.4
489,1.4,1.4,1.4,1.4,1.4,1.2,1.2,1.2,1.2,1.2,1.0,1.0,1.0,1.0,1.0,0.3,0.3,0.3,0.3,0.3,0.3,0.3,0.3,0.3,0.3,490.6,2.042,1001.8
490,1.4,1.4,1.4,1.4,1.4,1.2,1.2,1.2,1.2,1.2,1.0,1.0,1.0,1.0,1.0,0.4,0.4,0.4,0.4,0.4,0.2,0.2,0.2,0.2,0.2,493.4,2.043,1007.9
491,1.4,1.4,1.4,1.4,1.4,1.2,1.2,1.2,1.2,1.2,1.0,1.0,1.0,1.0,1.0,0.4,0.4,0.4,0.4,0.4,0.3,0.3,0.3,0.3,0.3,460.0,1.931,888.2
492,1.4,1.4,1.4,1.4,1.4,1.2,1.2,1.2,1.2,1.2,1.0,1.0,1.0,1.0,1.0,0.4,0.4,0.4,0.4,0.4,0.4,0.4,0.4,0.4,0.4,430.2,1.819,782.4
493,1.4,1.4,1.4,1.4,1.4,1.2,1.2,1.2,1.2,1.2,1.0,1.0,1.0,1.0,1.0,0.5,0.5,0.5,0.5,0.5,0.2,0.2,0.2,0.2,0.2,468.5,1.931,904.9
494,1.4,1.4,1.4,1.4,1.4,1.2,1.2,1.2,1.2,1.2,1.0,1.0,1.0,1.0,1.0,0.5,0.5,0.5,0.5,0.5,0.3,0.3,0.3,0.3,0.3,433.2,1.819,788.2
495,1.4,1.4,1.4,1.4,1.4,1.2,1.2,1.2,1.2,1.2,1.0,1.0,1.0,1.0,1.0,0.5,0.5,0.5,0.5,0.5,0.4,0.4,0.4,0.4,0.4,401.4,1.708,685.4
496,1.4,1.4,1.4,1.4,1.4,1.2,1.2,1.2,1.2,1.2,1.0,1.0,1.0,1.0,1.0,0.5,0.5,0.5,0.5,0.5,0.5,0.5,0.5,0.5,0.5,373.8,1.596,596.6
497,1.4,1.4,1.4,1.4,1.4,1.2,1.2,1.2,1.2,1.2,1.0,1.0,1.0,1.0,1.0,0.6,0.6,0.6,0.6,0.6,0.2,0.2,0.2,0.2,0.2,448.0,1.82,815.3
498,1.4,1.4,1.4,1.4,1.4,1.2,1.2,1.2,1.2,1.2,1.0,1.0,1.0,1.0,1.0,0.6,0.6,0.6,0.6,0.6,0.3,0.3,0.3,0.3,0.3,410.9,1.708,701.9
499,1.4,1.4,1.4,1.4,1.4,1.2,1.2,1.2,1.2,1.2,1.0,1.0,1.0,1.0,1.0,0.6,0.6,0.6,0.6,0.6,0.4,0.4,0.4,0.4,0.4,377.1,1.596,602.0
500,1.4,1.4,1.4,1.4,1.4,1.2,1.2,1.2,1.2,1.2,1.0,1.0,1.0,1.0,1.0,0.6,0.6,0.6,0.6,0.6,0.5,0.5,0.5,0.5,0.5,347.7,1.485,516.2
501,1.4,1.4,1.4,1.4,1.4,1.2,1.2,1.2,1.2,1.2,1.0,1.0,1.0,1.0,1.0,0.6,0.6,0.6,0.6,0.6,0.6,0.6,0.6,0.6,0.6,323.7,1.373,444.4
502,1.4,1.4,1.4,1.4,1.4,1.2,1.2,1.2,1.2,1.2,1.0,1.0,1.0,1.0,1.0,0.7,0.7,0.7,0.7,0.7,0.2,0.2,0.2,0.2,0.2,432.4,1.709,738.7
503,1.4,1.4,1.4,1.4,1.4,1.2,1.2,1.2,1.2,1.2,1.0,1.0,1.0,1.0,1.0,0.7,0.7,0.7,0.7,0.7,0.3,0.3,0.3,0.3,0.3,393.8,1.597,628.8
504,1.4,1.4,1.4,1.4,1.4,1.2,1.2,1.2,1.2,1.2,1.0,1.0,1.0,1.0,1.0,0.7,0.7,0.7,0.7,0.7,0.4,0.4,0.4,0.4,0.4,358.4,1.485,532.3
505,1.4,1.4,1.4,1.4,1.4,1.2,1.2,1.2,1.2,1.2,1.0,1.0,1.0,1.0,1.0,0.7,0.7,0.7,0.7,0.7,0.5,0.5,0.5,0.5,0.5,327.3,1.373,449.5
506,1.4,1.4,1.4,1.4,1.4,1.2,1.2,1.2,1.2,1.2,1.0,1.0,1.0,1.0,1.0,0.7,0.7,0.7,0.7,0.7,0.6,0.6,0.6,0.6,0.6,301.7,1.261,380.6
507,1.4,1.4,1.4,1.4,1.4,1.2,1.2,1.2,1.2,1.2,1.0,1.0,1.0,1.0,1.0,0.7,0.7,0.7,0.7,0.7,0.7,0.7,0.7,0.7,0.7,283.2,1.169,331.0
508,1.4,1.4,1.4,1.4,1.4,1.2,1.2,1.2,1.2,1.2,1.0,1.0,1.0,1.0,1.0,0.8,0.8,0.8,0.8,0.8,0.2,0.2,0.2,0.2,0.2,422.2,1.597,674.5
509,1.4,1.4,1.4,1.4,1.4,1.2,1.2,1.2,1.2,1.2,1.0,1.0,1.0,1.0,1.0,0.8,0.8,0.8,0.8,0.8,0.3,0.3,0.3,0.3,0.3,382.7,1.486,568.5
510,1.4,1.4,1.4,1.4,1.4,1.2,1.2,1.2,1.2,1.2,1.0,1.0,1.0,1.0,1.0,0.8,0.8,0.8,0.8,0.8,0.4,0.4,0.4,0.4,0.4,346.2,1.374,475.6
511,1.4,1.4,1.4,1.4,1.4,1.2,1.2,1.2,1.2,1.2,1.0,1.0,1.0,1.0,1.0,0.8,0.8,0.8,0.8,0.8,0.5,0.5,0.5,0.5,0.5,313.8,1.262,396.0
512,1.4,1.4,1.4,1.4,1.4,1.2,1.2,1.2,1.2,1.2,1.0,1.0,1.0,1.0,1.0,0.8,0.8,0.8,0.8,0.8,0.6,0.6,0.6,0.6,0.6,287.0,1.169,335.6
513,1.4,1.4,1.4,1.4,1.4,1.2,1.2,1.2,1.2,1.2,1.0,1.0,1.0,1.0,1.0,0.8,0.8,0.8,0.8,0.8,0.7,0.7,0.7,0.7,0.7,267.4,1.095,292.8
514,1.4,1.4,1.4,1.4,1.4,1.2,1.2,1.2,1.2,1.2,1.0,1.0,1.0,1.0,1.0,0.8,0.8,0.8,0.8,0.8,0.8,0.8,0.8,0.8,0.8,256.8,1.082,277.9
515,1.4,1.4,1.4,1.4,1.4,1.2,1.2,1.2,1.2,1.2,1.0,1.0,1.0,1.0,1.0,0.9,0.9,0.9,0.9,0.9,0.2,0.2,0.2,0.2,0.2,418.0,1.486,621.2
516,1.4,1.4,1.4,1.4,1.4,1.2,1.2,1.2,1.2,1.2,1.0,1.0,1.0,1.0,1.0,0.9,0.9,0.9,0.9,0.9,0.3,0.3,0.3,0.3,0.3,378.0,1.374,519.5
517,1.4,1.4,1.4,1.4,1.4,1.2,1.2,1.2,1.2,1.2,1.0,1.0,1.0,1.0,1.0,0.9,0.9,0.9,0.9,0.9,0.4,0.4,0.4,0.4,0.4,341.0,1.262,430.5
518,1.4,1.4,1.4,1.4,1.4,1.2,1.2,1.2,1.2,1.2,1.0,1.0,1.0,1.0,1.0,0.9,0.9,0.9,0.9,0.9,0.5,0.5,0.5,0.5,0.5,308.1,1.17,360.4
519,1.4,1.4,1.4,1.4,1.4,1.2,1.2,1.2,1.2,1.2,1.0,1.0,1.0,1.0,1.0,0.9,0.9,0.9,0.9,0.9,0.6,0.6,0.6,0.6,0.6,280.8,1.095,307.5
520,1.4,1.4,1.4,1.4,1.4,1.2,1.2,1.2,1.2,1.2,1.0,1.0,1.0,1.0,1.0,0.9,0.9,0.9,0.9,0.9,0.7,0.7,0.7,0.7,0.7,260.7,1.084,282.6
521,1.4,1.4,1.4,1.4,1.4,1.2,1.2,1.2,1.2,1.2,1.0,1.0,1.0,1.0,1.0,0.9,0.9,0.9,0.9,0.9,0.8,0.8,0.8,0.8,0.8,249.8,1.185,295.9
522,1.4,1.4,1.4,1.4,1.4,1.2,1.2,1.2,1.2,1.2,1.0,1.0,1.0,1.0,1.0,0.9,0.9,0.9,0.9,0.9,0.9,0.9,0.9,0.9,0.9,249.0,1.296,322.9
523,1.4,1.4,1.4,1.4,1.4,1.2,1.2,1.2,1.2,1.2,1.0,1.0,1.0,1.0,1.0,1.0,1.0,1.0,1.0,1.0,0.2,0.2,0.2,0.2,0.2,419.8,1.375,577.2
524,1.4,1.4,1.4,1.4,1.4,1.2,1.2,1.2,1.2,1.2,1.0,1.0,1.0,1.0,1.0,1.0,1.0,1.0,1.0,1.0,0.3,0.3,0.3,0.3,0.3,380.0,1.263,480.0
525,1.4,1.4,1.4,1.4,1.4,1.2,1.2,1.2,1.2,1.2,1.0,1.0,1.0,1.0,1.0,1.0,1.0,1.0,1.0,1.0,0.4,0.4,0.4,0.4,0.4,343.3,1.17,401.7
526,1.4,1.4,1.4,1.4,1.4,1.2,1.2,1.2,1.2,1.2,1.0,1.0,1.0,1.0,1.0,1.0,1.0,1.0,1.0,1.0,0.5,0.5,0.5,0.5,0.5,310.6,1.096,340.3
527,1.4,1.4,1.4,1.4,1.4,1.2,1.2,1.2,1.2,1.2,1.0,1.0,1.0,1.0,1.0,1.0,1.0,1.0,1.0,1.0,0.6,0.6,0.6,0.6,0.6,283.5,1.085,307.7
528,1.4,1.4,1.4,1.4,1.4,1.2,1.2,1.2,1.2,1.2,1.0,1.0,1.0,1.0,1.0,1.0,1.0,1.0,1.0,1.0,0.7,0.7,0.7,0.7,0.7,263.7,1.184,312.2
529,1.4,1.4,1.4,1.4,1.4,1.2,1.2,1.2,1.2,1.2,1.0,1.0,1.0,1.0,1.0,1.0,1.0,1.0,1.0,1.0,0.8,0.8,0.8,0.8,0.8,252.8,1.296,327.7
530,1.4,1.4,1.4,1.4,1.4,1.2,1.2,1.2,1.2,1.2,1.0,1.0,1.0,1.0,1.0,1.0,1.0,1.0,1.0,1.0,0.9,0.9,0.9,0.9,0.9,252.1,1.408,354.9
531,1.4,1.4,1.4,1.4,1.4,1.2,1.2,1.2,1.2,1.2,1.0,1.0,1.0,1.0,1.0,1.0,1.0,1.0,1.0,1.0,1.0,1.0,1.0,1.0,1.0,261.7,1.52,397.6
532,1.4,1.4,1.4,1.4,1.4,1.3,1.3,1.3,1.3,1.3,1.0,1.0,1.0,1.0,1.0,0.2,0.2,0.2,0.2,0.2,0.2,0.2,0.2,0.2,0.2,558.8,2.173,1214.4
533,1.4,1.4,1.4,1.4,1.4,1.3,1.3,1.3,1.3,1.3,1.0,1.0,1.0,1.0,1.0,0.3,0.3,0.3,0.3,0.3,0.2,0.2,0.2,0.2,0.2,527.4,2.062,1087.3
534,1.4,1.4,1.4,1.4,1.4,1.3,1.3,1.3,1.3,1.3,1.0,1.0,1.0,1.0,1.0,0.3,0.3,0.3,0.3,0.3,0.3,0.3,0.3,0.3,0.3,496.2,1.95,967.7
535,1.4,1.4,1.4,1.4,1.4,1.3,1.3,1.3,1.3,1.3,1.0,1.0,1.0,1.0,1.0,0.4,0.4,0.4,0.4,0.4,0.2,0.2,0.2,0.2,0.2,499.0,1.951,973.4
536,1.4,1.4,1.4,1.4,1.4,1.3,1.3,1.3,1.3,1.3,1.0,1.0,1.0,1.0,1.0,0.4,0.4,0.4,0.4,0.4,0.3,0.3,0.3,0.3,0.3,466.0,1.839,857.0
537,1.4,1.4,1.4,1.4,1.4,1.3,1.3,1.3,1.3,1.3,1.0,1.0,1.0,1.0,1.0,0.4,0.4,0.4,0.4,0.4,0.4,0.4,0.4,0.4,0.4,436.6,1.727,754.0
538,1.4,1.4,1.4,1.4,1.4,1.3,1.3,1.3,1.3,1.3,1.0,1.0,1.0,1.0,1.0,0.5,0.5,0.5,0.5,0.5,0.2,0.2,0.2,0.2,0.2,474.4,1.839,872.6
539,1.4,1.4,1.4,1.4,1.4,1.3,1.3,1.3,1.3,1.3,1.0,1.0,1.0,1.0,1.0,0.5,0.5,0.5,0.5,0.5,0.3,0.3,0.3,0.3,0.3,439.6,1.728,759.4
540,1.4,1.4,1.4,1.4,1.4,1.3,1.3,1.3,1.3,1.3,1.0,1.0,1.0,1.0,1.0,0.5,0.5,0.5,0.5,0.5,0.4,0.4,0.4,0.4,0.4,408.2,1.616,659.6
541,1.4,1.4,1.4,1.4,1.4,1.3,1.3,1.3,1.3,1.3,1.0,1.0,1.0,1.0,1.0,0.5,0.5,0.5,0.5,0.5,0.5,0.5,0.5,0.5,0.5,381.2,1.504,573.3
542,1.4,1.4,1.4,1.4,1.4,1.3,1.3,1.3,1.3,1.3,1.0,1.0,1.0,1.0,1.0,0.6,0.6,0.6,0.6,0.6,0.2,0.2,0.2,0.2,0.2,454.1,1.728,784.7
543,1.4,1.4,1.4,1.4,1.4,1.3,1.3,1.3,1.3,1.3,1.0,1.0,1.0,1.0,1.0,0.6,0.6,0.6,0.6,0.6,0.3,0.3,0.3,0.3,0.3,417.6,1.616,674.9
544,1.4,1.4,1.4,1.4,1.4,1.3,1.3,1.3,1.3,1.3,1.0,1.0,1.0,1.0,1.0,0.6,0.6,0.6,0.6,0.6,0.4,0.4,0.4,0.4,0.4,384.4,1.504,578.4
545,1.4,1.4,1.4,1.4,1.4,1.3,1.3,1.3,1.3,1.3,1.0,1.0,1.0,1.0,1.0,0.6,0.6,0.6,0.6,0.6,0.5,0.5,0.5,0.5,0.5,355.6,1.393,495.2
546,1.4,1.4,1.4,1.4,1.4,1.3,1.3,1.3,1.3,1.3,1.0,1.0,1.0,1.0,1.0,0.6,0.6,0.6,0.6,0.6,0.6,0.6,0.6,0.6,0.6,332.2,1.281,425.5
547,1.4,1.4,1.4,1.4,1.4,1.3,1.3,1.3,1.3,1.3,1.0,1.0,1.0,1.0,1.0,0.7,0.7,0.7,0.7,0.7,0.2,0.2,0.2,0.2,0.2,438.7,1.617,709.3
548,1.4,1.4,1.4,1.4,1.4,1.3,1.3,1.3,1.3,1.3,1.0,1.0,1.0,1.0,1.0,0.7,0.7,0.7,0.7,0.7,0.3,0.3,0.3,0.3,0.3,400.8,1.505,603.2
549,1.4,1.4,1.4,1.4,1.4,1.3,1.3,1.3,1.3,1.3,1.0,1.0,1.0,1.0,1.0,0.7,0.7,0.7,0.7,0.7,0.4,0.4,0.4,0.4,0.4,366.1,1.393,510.0
550,1.4,1.4,1.4,1.4,1.4,1.3,1.3,1.3,1.3,1.3,1.0,1.0,1.0,1.0,1.0,0.7,0.7,0.7,0.7,0.7,0.5,0.5,0.5,0.5,0.5,335.7,1.281,430.1
551,1.4,1.4,1.4,1.4,1.4,1.3,1.3,1.3,1.3,1.3,1.0,1.0,1.0,1.0,1.0,0.7,0.7,0.7,0.7,0.7,0.6,0.6,0.6,0.6,0.6,310.8,1.193,370.9
552,1.4,1.4,1.4,1.4,1.4,1.3,1.3,1.3,1.3,1.3,1.0,1.0,1.0,1.0,1.0,0.7,0.7,0.7,0.7,0.7,0.7,0.7,0.7,0.7,0.7,292.8,1.119,327.6
553,1.4,1.4,1.4,1.4,1.4,1.3,1.3,1.3,1.3,1.3,1.0,1.0,1.0,1.0,1.0,0.8,0.8,0.8,0.8,0.8,0.2,0.2,0.2,0.2,0.2,428.8,1.505,645.5
554,1.4,1.4,1.4,1.4,1.4,1.3,1.3,1.3,1.3,1.3,1.0,1.0,1.0,1.0,1.0,0.8,0.8,0.8,0.8,0.8,0.3,0.3,0.3,0.3,0.3,389.8,1.394,543.3
555,1.4,1.4,1.4,1.4,1.4,1.3,1.3,1.3,1.3,1.3,1.0,1.0,1.0,1.0,1.0,0.8,0.8,0.8,0.8,0.8,0.4,0.4,0.4,0.4,0.4,354.1,1.282,453.9
556,1.4,1.4,1.4,1.4,1.4,1.3,1.3,1.3,1.3,1.3,1.0,1.0,1.0,1.0,1.0,0.8,0.8,0.8,0.8,0.8,0.5,0.5,0.5,0.5,0.5,322.5,1.194,385.1
557,1.4,1.4,1.4,1.4,1.4,1.3,1.3,1.3,1.3,1.3,1.0,1.0,1.0,1.0,1.0,0.8,0.8,0.8,0.8,0.8,0.6,0.6,0.6,0.6,0.6,296.5,1.119,331.9
558,1.4,1.4,1.4,1.4,1.4,1.3,1.3,1.3,1.3,1.3,1.0,1.0,1.0,1.0,1.0,0.8,0.8,0.8,0.8,0.8,0.7,0.7,0.7,0.7,0.7,277.6,1.08,299.9
559,1.4,1.4,1.4,1.4,1.4,1.3,1.3,1.3,1.3,1.3,1.0,1.0,1.0,1.0,1.0,0.8,0.8,0.8,0.8,0.8,0.8,0.8,0.8,0.8,0.8,267.4,1.165,311.6
560,1.4,1.4,1.4,1.4,1.4,1.3,1.3,1.3,1.3,1.3,1.0,1.0,1.0,1.0,1.0,0.9,0.9,0.9,0.9,0.9,0.2,0.2,0.2,0.2,0.2,424.6,1.394,592.0
561,1.4,1.4,1.4,1.4,1.4,1.3,1.3,1.3,1.3,1.3,1.0,1.0,1.0,1.0,1.0,0.9,0.9,0.9,0.9,0.9,0.3,0.3,0.3,0.3,0.3,385.3,1.282,494.1
562,1.4,1.4,1.4,1.4,1.4,1.3,1.3,1.3,1.3,1.3,1.0,1.0,1.0,1.0,1.0,0.9,0.9,0.9,0.9,0.9,0.4,0.4,0.4,0.4,0.4,349.0,1.194,416.8
563,1.4,1.4,1.4,1.4,1.4,1.3,1.3,1.3,1.3,1.3,1.0,1.0,1.0,1.0,1.0,0.9,0.9,0.9,0.9,0.9,0.5,0.5,0.5,0.5,0.5,317.0,1.12,354.9
564,1.4,1.4,1.4,1.4,1.4,1.3,1.3,1.3,1.3,1.3,1.0,1.0,1.0,1.0,1.0,0.9,0.9,0.9,0.9,0.9,0.6,0.6,0.6,0.6,0.6,290.5,1.08,313.8
565,1.4,1.4,1.4,1.4,1.4,1.3,1.3,1.3,1.3,1.3,1.0,1.0,1.0,1.0,1.0,0.9,0.9,0.9,0.9,0.9,0.7,0.7,0.7,0.7,0.7,271.2,1.165,315.9
566,1.4,1.4,1.4,1.4,1.4,1.3,1.3,1.3,1.3,1.3,1.0,1.0,1.0,1.0,1.0,0.9,0.9,0.9,0.9,0.9,0.8,0.8,0.8,0.8,0.8,260.6,1.277,332.7
567,1.4,1.4,1.4,1.4,1.4,1.3,1.3,1.3,1.3,1.3,1.0,1.0,1.0,1.0,1.0,0.9,0.9,0.9,0.9,0.9,0.9,0.9,0.9,0.9,0.9,260.0,1.388,360.9
568,1.4,1.4,1.4,1.4,1.4,1.3,1.3,1.3,1.3,1.3,1.0,1.0,1.0,1.0,1.0,1.0,1.0,1.0,1.0,1.0,0.2,0.2,0.2,0.2,0.2,426.4,1.283,547.0
569,1.4,1.4,1.4,1.4,1.4,1.3,1.3,1.3,1.3,1.3,1.0,1.0,1.0,1.0,1.0,1.0,1.0,1.0,1.0,1.0,0.3,0.3,0.3,0.3,0.3,387.3,1.195,462.6
570,1.4,1.4,1.4,1.4,1.4,1.3,1.3,1.3,1.3,1.3,1.0,1.0,1.0,1.0,1.0,1.0,1.0,1.0,1.0,1.0,0.4,0.4,0.4,0.4,0.4,351.3,1.12,393.4
571,1.4,1.4,1.4,1.4,1.4,1.3,1.3,1.3,1.3,1.3,1.0,1.0,1.0,1.0,1.0,1.0,1.0,1.0,1.0,1.0,0.5,0.5,0.5,0.5,0.5,319.4,1.08,345.0
572,1.4,1.4,1.4,1.4,1.4,1.3,1.3,1.3,1.3,1.3,1.0,1.0,1.0,1.0,1.0,1.0,1.0,1.0,1.0,1.0,0.6,0.6,0.6,0.6,0.6,293.1,1.164,341.3
573,1.4,1.4,1.4,1.4,1.4,1.3,1.3,1.3,1.3,1.3,1.0,1.0,1.0,1.0,1.0,1.0,1.0,1.0,1.0,1.0,0.7,0.7,0.7,0.7,0.7,274.0,1.276,349.7
574,1.4,1.4,1.4,1.4,1.4,1.3,1.3,1.3,1.3,1.3,1.0,1.0,1.0,1.0,1.0,1.0,1.0,1.0,1.0,1.0,0.8,0.8,0.8,0.8,0.8,263.6,1.388,365.8
575,1.4,1.4,1.4,1.4,1.4,1.3,1.3,1.3,1.3,1.3,1.0,1.0,1.0,1.0,1.0,1.0,1.0,1.0,1.0,1.0,0.9,0.9,0.9,0.9,0.9,262.9,1.5,394.3
576,1.4,1.4,1.4,1.4,1.4,1.3,1.3,1.3,1.3,1.3,1.0,1.0,1.0,1.0,1.0,1.0,1.0,1.0,1.0,1.0,1.0,1.0,1.0,1.0,1.0,272.1,1.611,438.4
577,1.4,1.4,1.4,1.4,1.4,1.4,1.4,1.4,1.4,1.4,1.0,1.0,1.0,1.0,1.0,0.2,0.2,0.2,0.2,0.2,0.2,0.2,0.2,0.2,0.2,566.9,2.081,1179.8
578,1.4,1.4,1.4,1.4,1.4,1.4,1.4,1.4,1.4,1.4,1.0,1.0,1.0,1.0,1.0,0.3,0.3,0.3,0.3,0.3,0.2,0.2,0.2,0.2,0.2,535.9,1.97,1055.7
579,1.4,1.4,1.4,1.4,1.4,1.4,1.4,1.4,1.4,1.4,1.0,1.0,1.0,1.0,1.0,0.3,0.3,0.3,0.3,0.3,0.3,0.3,0.3,0.3,0.3,505.3,1.858,938.9
580,1.4,1.4,1.4,1.4,1.4,1.4,1.4,1.4,1.4,1.4,1.0,1.0,1.0,1.0,1.0,0.4,0.4,0.4,0.4,0.4,0.2,0.2,0.2,0.2,0.2,508.0,1.859,944.3
581,1.4,1.4,1.4,1.4,1.4,1.4,1.4,1.4,1.4,1.4,1.0,1.0,1.0,1.0,1.0,0.4,0.4,0.4,0.4,0.4,0.3,0.3,0.3,0.3,0.3,475.7,1.747,830.9
582,1.4,1.4,1.4,1.4,1.4,1.4,1.4,1.4,1.4,1.4,1.0,1.0,1.0,1.0,1.0,0.4,0.4,0.4,0.4,0.4,0.4,0.4,0.4,0.4,0.4,446.8,1.635,730.6
583,1.4,1.4,1.4,1.4,1.4,1.4,1.4,1.4,1.4,1.4,1.0,1.0,1.0,1.0,1.0,0.5,0.5,0.5,0.5,0.5,0.2,0.2,0.2,0.2,0.2,483.9,1.747,845.6
584,1.4,1.4,1.4,1.4,1.4,1.4,1.4,1.4,1.4,1.4,1.0,1.0,1.0,1.0,1.0,0.5,0.5,0.5,0.5,0.5,0.3,0.3,0.3,0.3,0.3,449.8,1.636,735.7
585,1.4,1.4,1.4,1.4,1.4,1.4,1.4,1.4,1.4,1.4,1.0,1.0,1.0,1.0,1.0,0.5,0.5,0.5,0.5,0.5,0.4,0.4,0.4,0.4,0.4,419.2,1.524,638.7
586,1.4,1.4,1.4,1.4,1.4,1.4,1.4,1.4,1.4,1.4,1.0,1.0,1.0,1.0,1.0,0.5,0.5,0.5,0.5,0.5,0.5,0.5,0.5,0.5,0.5,392.9,1.412,554.8
587,1.4,1.4,1.4,1.4,1.4,1.4,1.4,1.4,1.4,1.4,1.0,1.0,1.0,1.0,1.0,0.6,0.6,0.6,0.6,0.6,0.2,0.2,0.2,0.2,0.2,464.0,1.636,759.2
588,1.4,1.4,1.4,1.4,1.4,1.4,1.4,1.4,1.4,1.4,1.0,1.0,1.0,1.0,1.0,0.6,0.6,0.6,0.6,0.6,0.3,0.3,0.3,0.3,0.3,428.3,1.524,652.9
589,1.4,1.4,1.4,1.4,1.4,1.4,1.4,1.4,1.4,1.4,1.0,1.0,1.0,1.0,1.0,0.6,0.6,0.6,0.6,0.6,0.4,0.4,0.4,0.4,0.4,396.1,1.413,559.4
590,1.4,1.4,1.4,1.4,1.4,1.4,1.4,1.4,1.4,1.4,1.0,1.0,1.0,1.0,1.0,0.6,0.6,0.6,0.6,0.6,0.5,0.5,0.5,0.5,0.5,368.1,1.301,478.8
591,1.4,1.4,1.4,1.4,1.4,1.4,1.4,1.4,1.4,1.4,1.0,1.0,1.0,1.0,1.0,0.6,0.6,0.6,0.6,0.6,0.6,0.6,0.6,0.6,0.6,345.6,1.217,420.7
592,1.4,1.4,1.4,1.4,1.4,1.4,1.4,1.4,1.4,1.4,1.0,1.0,1.0,1.0,1.0,0.7,0.7,0.7,0.7,0.7,0.2,0.2,0.2,0.2,0.2,448.9,1.525,684.6
593,1.4,1.4,1.4,1.4,1.4,1.4,1.4,1.4,1.4,1.4,1.0,1.0,1.0,1.0,1.0,0.7,0.7,0.7,0.7,0.7,0.3,0.3,0.3,0.3,0.3,412.0,1.413,582.1
594,1.4,1.4,1.4,1.4,1.4,1.4,1.4,1.4,1.4,1.4,1.0,1.0,1.0,1.0,1.0,0.7,0.7,0.7,0.7,0.7,0.4,0.4,0.4,0.4,0.4,378.3,1.301,492.2
595,1.4,1.4,1.4,1.4,1.4,1.4,1.4,1.4,1.4,1.4,1.0,1.0,1.0,1.0,1.0,0.7,0.7,0.7,0.7,0.7,0.5,0.5,0.5,0.5,0.5,348.9,1.218,425.0
596,1.4,1.4,1.4,1.4,1.4,1.4,1.4,1.4,1.4,1.4,1.0,1.0,1.0,1.0,1.0,0.7,0.7,0.7,0.7,0.7,0.6,0.6,0.6,0.6,0.6,325.0,1.143,371.6
597,1.4,1.4,1.4,1.4,1.4,1.4,1.4,1.4,1.4,1.4,1.0,1.0,1.0,1.0,1.0,0.7,0.7,0.7,0.7,0.7,0.7,0.7,0.7,0.7,0.7,307.9,1.092,336.1
598,1.4,1.4,1.4,1.4,1.4,1.4,1.4,1.4,1.4,1.4,1.0,1.0,1.0,1.0,1.0,0.8,0.8,0.8,0.8,0.8,0.2,0.2,0.2,0.2,0.2,439.2,1.414,620.8
599,1.4,1.4,1.4,1.4,1.4,1.4,1.4,1.4,1.4,1.4,1.0,1.0,1.0,1.0,1.0,0.8,0.8,0.8,0.8,0.8,0.3,0.3,0.3,0.3,0.3,401.3,1.302,522.4
600,1.4,1.4,1.4,1.4,1.4,1.4,1.4,1.4,1.4,1.4,1.0,1.0,1.0,1.0,1.0,0.8,0.8,0.8,0.8,0.8,0.4,0.4,0.4,0.4,0.4,366.7,1.218,446.7
601,1.4,1.4,1.4,1.4,1.4,1.4,1.4,1.4,1.4,1.4,1.0,1.0,1.0,1.0,1.0,0.8,0.8,0.8,0.8,0.8,0.5,0.5,0.5,0.5,0.5,336.3,1.144,384.6
602,1.4,1.4,1.4,1.4,1.4,1.4,1.4,1.4,1.4,1.4,1.0,1.0,1.0,1.0,1.0,0.8,0.8,0.8,0.8,0.8,0.6,0.6,0.6,0.6,0.6,311.5,1.092,340.0
603,1.4,1.4,1.4,1.4,1.4,1.4,1.4,1.4,1.4,1.4,1.0,1.0,1.0,1.0,1.0,0.8,0.8,0.8,0.8,0.8,0.7,0.7,0.7,0.7,0.7,293.5,1.145,336.2
604,1.4,1.4,1.4,1.4,1.4,1.4,1.4,1.4,1.4,1.4,1.0,1.0,1.0,1.0,1.0,0.8,0.8,0.8,0.8,0.8,0.8,0.8,0.8,0.8,0.8,283.8,1.257,356.8
605,1.4,1.4,1.4,1.4,1.4,1.4,1.4,1.4,1.4,1.4,1.0,1.0,1.0,1.0,1.0,0.9,0.9,0.9,0.9,0.9,0.2,0.2,0.2,0.2,0.2,435.1,1.302,566.7
606,1.4,1.4,1.4,1.4,1.4,1.4,1.4,1.4,1.4,1.4,1.0,1.0,1.0,1.0,1.0,0.9,0.9,0.9,0.9,0.9,0.3,0.3,0.3,0.3,0.3,396.9,1.219,483.7
607,1.4,1.4,1.4,1.4,1.4,1.4,1.4,1.4,1.4,1.4,1.0,1.0,1.0,1.0,1.0,0.9,0.9,0.9,0.9,0.9,0.4,0.4,0.4,0.4,0.4,361.8,1.144,413.9
608,1.4,1.4,1.4,1.4,1.4,1.4,1.4,1.4,1.4,1.4,1.0,1.0,1.0,1.0,1.0,0.9,0.9,0.9,0.9,0.9,0.5,0.5,0.5,0.5,0.5,331.0,1.092,361.3
609,1.4,1.4,1.4,1.4,1.4,1.4,1.4,1.4,1.4,1.4,1.0,1.0,1.0,1.0,1.0,0.9,0.9,0.9,0.9,0.9,0.6,0.6,0.6,0.6,0.6,305.7,1.145,350.0
610,1.4,1.4,1.4,1.4,1.4,1.4,1.4,1.4,1.4,1.4,1.0,1.0,1.0,1.0,1.0,0.9,0.9,0.9,0.9,0.9,0.7,0.7,0.7,0.7,0.7,287.4,1.257,361.2
611,1.4,1.4,1.4,1.4,1.4,1.4,1.4,1.4,1.4,1.4,1.0,1.0,1.0,1.0,1.0,0.9,0.9,0.9,0.9,0.9,0.8,0.8,0.8,0.8,0.8,277.5,1.369,379.7
612,1.4,1.4,1.4,1.4,1.4,1.4,1.4,1.4,1.4,1.4,1.0,1.0,1.0,1.0,1.0,0.9,0.9,0.9,0.9,0.9,0.9,0.9,0.9,0.9,0.9,276.8,1.48,409.8
613,1.4,1.4,1.4,1.4,1.4,1.4,1.4,1.4,1.4,1.4,1.0,1.0,1.0,1.0,1.0,1.0,1.0,1.0,1.0,1.0,0.2,0.2,0.2,0.2,0.2,436.9,1.219,532.6
614,1.4,1.4,1.4,1.4,1.4,1.4,1.4,1.4,1.4,1.4,1.0,1.0,1.0,1.0,1.0,1.0,1.0,1.0,1.0,1.0,0.3,0.3,0.3,0.3,0.3,398.8,1.145,456.4
615,1.4,1.4,1.4,1.4,1.4,1.4,1.4,1.4,1.4,1.4,1.0,1.0,1.0,1.0,1.0,1.0,1.0,1.0,1.0,1.0,0.4,0.4,0.4,0.4,0.4,363.9,1.092,397.3
616,1.4,1.4,1.4,1.4,1.4,1.4,1.4,1.4,1.4,1.4,1.0,1.0,1.0,1.0,1.0,1.0,1.0,1.0,1.0,1.0,0.5,0.5,0.5,0.5,0.5,333.3,1.144,381.5
617,1.4,1.4,1.4,1.4,1.4,1.4,1.4,1.4,1.4,1.4,1.0,1.0,1.0,1.0,1.0,1.0,1.0,1.0,1.0,1.0,0.6,0.6,0.6,0.6,0.6,308.2,1.256,387.2
618,1.4,1.4,1.4,1.4,1.4,1.4,1.4,1.4,1.4,1.4,1.0,1.0,1.0,1.0,1.0,1.0,1.0,1.0,1.0,1.0,0.7,0.7,0.7,0.7,0.7,290.1,1.368,396.8
619,1.4,1.4,1.4,1.4,1.4,1.4,1.4,1.4,1.4,1.4,1.0,1.0,1.0,1.0,1.0,1.0,1.0,1.0,1.0,1.0,0.8,0.8,0.8,0.8,0.8,280.3,1.48,414.7
620,1.4,1.4,1.4,1.4,1.4,1.4,1.4,1.4,1.4,1.4,1.0,1.0,1.0,1.0,1.0,1.0,1.0,1.0,1.0,1.0,0.9,0.9,0.9,0.9,0.9,279.6,1.592,445.1
621,1.4,1.4,1.4,1.4,1.4,1.4,1.4,1.4,1.4,1.4,1.0,1.0,1.0,1.0,1.0,1.0,1.0,1.0,1.0,1.0,1.0,1.0,1.0,1.0,1.0,288.3,1.703,491.0
622,1.5,1.5,1.5,1.5,1.5,1.0,1.0,1.0,1.0,1.0,1.0,1.0,1.0,1.0,1.0,0.3,0.3,0.3,0.3,0.3,0.2,0.2,0.2,0.2,0.2,526.7,2.256,1188.4
623,1.5,1.5,1.5,1.5,1.5,1.0,1.0,1.0,1.0,1.0,1.0,1.0,1.0,1.0,1.0,0.3,0.3,0.3,0.3,0.3,0.3,0.3,0.3,0.3,0.3,495.6,2.144,1062.7
624,1.5,1.5,1.5,1.5,1.5,1.0,1.0,1.0,1.0,1.0,1.0,1.0,1.0,1.0,1.0,0.4,0.4,0.4,0.4,0.4,0.2,0.2,0.2,0.2,0.2,498.4,2.145,1069.0
625,1.5,1.5,1.5,1.5,1.5,1.0,1.0,1.0,1.0,1.0,1.0,1.0,1.0,1.0,1.0,0.4,0.4,0.4,0.4,0.4,0.3,0.3,0.3,0.3,0.3,465.3,2.033,946.1
626,1.5,1.5,1.5,1.5,1.5,1.0,1.0,1.0,1.0,1.0,1.0,1.0,1.0,1.0,1.0,0.4,0.4,0.4,0.4,0.4,0.4,0.4,0.4,0.4,0.4,435.8,1.921,837.4
627,1.5,1.5,1.5,1.5,1.5,1.0,1.0,1.0,1.0,1.0,1.0,1.0,1.0,1.0,1.0,0.5,0.5,0.5,0.5,0.5,0.2,0.2,0.2,0.2,0.2,473.7,2.034,963.4
628,1.5,1.5,1.5,1.5,1.5,1.0,1.0,1.0,1.0,1.0,1.0,1.0,1.0,1.0,1.0,0.5,0.5,0.5,0.5,0.5,0.3,0.3,0.3,0.3,0.3,438.8,1.922,843.4
629,1.5,1.5,1.5,1.5,1.5,1.0,1.0,1.0,1.0,1.0,1.0,1.0,1.0,1.0,1.0,0.5,0.5,0.5,0.5,0.5,0.4,0.4,0.4,0.4,0.4,407.4,1.81,737.4
630,1.5,1.5,1.5,1.5,1.5,1.0,1.0,1.0,1.0,1.0,1.0,1.0,1.0,1.0,1.0,0.5,0.5,0.5,0.5,0.5,0.5,0.5,0.5,0.5,0.5,380.3,1.698,645.9
631,1.5,1.5,1.5,1.5,1.5,1.0,1.0,1.0,1.0,1.0,1.0,1.0,1.0,1.0,1.0,0.6,0.6,0.6,0.6,0.6,0.2,0.2,0.2,0.2,0.2,453.4,1.922,871.6
632,1.5,1.5,1.5,1.5,1.5,1.0,1.0,1.0,1.0,1.0,1.0,1.0,1.0,1.0,1.0,0.6,0.6,0.6,0.6,0.6,0.3,0.3,0.3,0.3,0.3,416.8,1.811,754.7
633,1.5,1.5,1.5,1.5,1.5,1.0,1.0,1.0,1.0,1.0,1.0,1.0,1.0,1.0,1.0,0.6,0.6,0.6,0.6,0.6,0.4,0.4,0.4,0.4,0.4,383.6,1.699,651.6
634,1.5,1.5,1.5,1.5,1.5,1.0,1.0,1.0,1.0,1.0,1.0,1.0,1.0,1.0,1.0,0.6,0.6,0.6,0.6,0.6,0.5,0.5,0.5,0.5,0.5,354.7,1.587,562.8
635,1.5,1.5,1.5,1.5,1.5,1.0,1.0,1.0,1.0,1.0,1.0,1.0,1.0,1.0,1.0,0.6,0.6,0.6,0.6,0.6,0.6,0.6,0.6,0.6,0.6,331.2,1.475,488.6
636,1.5,1.5,1.5,1.5,1.5,1.0,1.0,1.0,1.0,1.0,1.0,1.0,1.0,1.0,1.0,0.7,0.7,0.7,0.7,0.7,0.2,0.2,0.2,0.2,0.2,438.0,1.811,793.2
637,1.5,1.5,1.5,1.5,1.5,1.0,1.0,1.0,1.0,1.0,1.0,1.0,1.0,1.0,1.0,0.7,0.7,0.7,0.7,0.7,0.3,0.3,0.3,0.3,0.3,400.0,1.699,679.7
638,1.5,1.5,1.5,1.5,1.5,1.0,1.0,1.0,1.0,1.0,1.0,1.0,1.0,1.0,1.0,0.7,0.7,0.7,0.7,0.7,0.4,0.4,0.4,0.4,0.4,365.2,1.588,579.8
639,1.5,1.5,1.5,1.5,1.5,1.0,1.0,1.0,1.0,1.0,1.0,1.0,1.0,1.0,1.0,0.7,0.7,0.7,0.7,0.7,0.5,0.5,0.5,0.5,0.5,334.7,1.476,493.9
640,1.5,1.5,1.5,1.5,1.5,1.0,1.0,1.0,1.0,1.0,1.0,1.0,1.0,1.0,1.0,0.7,0.7,0.7,0.7,0.7,0.6,0.6,0.6,0.6,0.6,309.7,1.364,422.4
641,1.5,1.5,1.5,1.5,1.5,1.0,1.0,1.0,1.0,1.0,1.0,1.0,1.0,1.0,1.0,0.7,0.7,0.7,0.7,0.7,0.7,0.7,0.7,0.7,0.7,291.7,1.252,365.2
642,1.5,1.5,1.5,1.5,1.5,1.0,1.0,1.0,1.0,1.0,1.0,1.0,1.0,1.0,1.0,0.8,0.8,0.8,0.8,0.8,0.2,0.2,0.2,0.2,0.2,428.0,1.7,727.5
643,1.5,1.5,1.5,1.5,1.5,1.0,1.0,1.0,1.0,1.0,1.0,1.0,1.0,1.0,1.0,0.8,0.8,0.8,0.8,0.8,0.3,0.3,0.3,0.3,0.3,389.0,1.588,617.7
644,1.5,1.5,1.5,1.5,1.5,1.0,1.0,1.0,1.0,1.0,1.0,1.0,1.0,1.0,1.0,0.8,0.8,0.8,0.8,0.8,0.4,0.4,0.4,0.4,0.4,353.2,1.476,521.3
645,1.5,1.5,1.5,1.5,1.5,1.0,1.0,1.0,1.0,1.0,1.0,1.0,1.0,1.0,1.0,0.8,0.8,0.8,0.8,0.8,0.5,0.5,0.5,0.5,0.5,321.5,1.364,438.7
646,1.5,1.5,1.5,1.5,1.5,1.0,1.0,1.0,1.0,1.0,1.0,1.0,1.0,1.0,1.0,0.8,0.8,0.8,0.8,0.8,0.6,0.6,0.6,0.6,0.6,295.4,1.253,370.1
647,1.5,1.5,1.5,1.5,1.5,1.0,1.0,1.0,1.0,1.0,1.0,1.0,1.0,1.0,1.0,0.8,0.8,0.8,0.8,0.8,0.7,0.7,0.7,0.7,0.7,276.4,1.157,319.8
648,1.5,1.5,1.5,1.5,1.5,1.0,1.0,1.0,1.0,1.0,1.0,1.0,1.0,1.0,1.0,0.8,0.8,0.8,0.8,0.8,0.8,0.8,0.8,0.8,0.8,266.1,1.088,289.6
649,1.5,1.5,1.5,1.5,1.5,1.0,1.0,1.0,1.0,1.0,1.0,1.0,1.0,1.0,1.0,0.9,0.9,0.9,0.9,0.9,0.2,0.2,0.2,0.2,0.2,423.8,1.589,673.2
650,1.5,1.5,1.5,1.5,1.5,1.0,1.0,1.0,1.0,1.0,1.0,1.0,1.0,1.0,1.0,0.9,0.9,0.9,0.9,0.9,0.3,0.3,0.3,0.3,0.3,384.4,1.477,567.7
651,1.5,1.5,1.5,1.5,1.5,1.0,1.0,1.0,1.0,1.0,1.0,1.0,1.0,1.0,1.0,0.9,0.9,0.9,0.9,0.9,0.4,0.4,0.4,0.4,0.4,348.1,1.365,475.1
652,1.5,1.5,1.5,1.5,1.5,1.0,1.0,1.0,1.0,1.0,1.0,1.0,1.0,1.0,1.0,0.9,0.9,0.9,0.9,0.9,0.5,0.5,0.5,0.5,0.5,315.9,1.253,395.9
653,1.5,1.5,1.5,1.5,1.5,1.0,1.0,1.0,1.0,1.0,1.0,1.0,1.0,1.0,1.0,0.9,0.9,0.9,0.9,0.9,0.6,0.6,0.6,0.6,0.6,289.3,1.157,334.8
654,1.5,1.5,1.5,1.5,1.5,1.0,1.0,1.0,1.0,1.0,1.0,1.0,1.0,1.0,1.0,0.9,0.9,0.9,0.9,0.9,0.7,0.7,0.7,0.7,0.7,269.9,1.088,293.8
655,1.5,1.5,1.5,1.5,1.5,1.0,1.0,1.0,1.0,1.0,1.0,1.0,1.0,1.0,1.0,0.9,0.9,0.9,0.9,0.9,0.8,0.8,0.8,0.8,0.8,259.4,1.086,281.6
656,1.5,1.5,1.5,1.5,1.5,1.0,1.0,1.0,1.0,1.0,1.0,1.0,1.0,1.0,1.0,0.9,0.9,0.9,0.9,0.9,0.9,0.9,0.9,0.9,0.9,258.7,1.194,308.9
657,1.5,1.5,1.5,1.5,1.5,1.0,1.0,1.0,1.0,1.0,1.0,1.0,1.0,1.0,1.0,1.0,1.0,1.0,1.0,1.0,0.2,0.2,0.2,0.2,0.2,425.6,1.477,628.8
658,1.5,1.5,1.5,1.5,1.5,1.0,1.0,1.0,1.0,1.0,1.0,1.0,1.0,1.0,1.0,1.0,1.0,1.0,1.0,1.0,0.3,0.3,0.3,0.3,0.3,386.4,1.365,527.6
659,1.5,1.5,1.5,1.5,1.5,1.0,1.0,1.0,1.0,1.0,1.0,1.0,1.0,1.0,1.0,1.0,1.0,1.0,1.0,1.0,0.4,0.4,0.4,0.4,0.4,350.3,1.254,439.2
660,1.5,1.5,1.5,1.5,1.5,1.0,1.0,1.0,1.0,1.0,1.0,1.0,1.0,1.0,1.0,1.0,1.0,1.0,1.0,1.0,0.5,0.5,0.5,0.5,0.5,318.4,1.158,368.6
661,1.5,1.5,1.5,1.5,1.5,1.0,1.0,1.0,1.0,1.0,1.0,1.0,1.0,1.0,1.0,1.0,1.0,1.0,1.0,1.0,0.6,0.6,0.6,0.6,0.6,292.0,1.088,317.8
662,1.5,1.5,1.5,1.5,1.5,1.0,1.0,1.0,1.0,1.0,1.0,1.0,1.0,1.0,1.0,1.0,1.0,1.0,1.0,1.0,0.7,0.7,0.7,0.7,0.7,272.8,1.087,296.6
663,1.5,1.5,1.5,1.5,1.5,1.0,1.0,1.0,1.0,1.0,1.0,1.0,1.0,1.0,1.0,1.0,1.0,1.0,1.0,1.0,0.8,0.8,0.8,0.8,0.8,262.3,1.194,313.1
664,1.5,1.5,1.5,1.5,1.5,1.0,1.0,1.0,1.0,1.0,1.0,1.0,1.0,1.0,1.0,1.0,1.0,1.0,1.0,1.0,0.9,0.9,0.9,0.9,0.9,261.7,1.305,341.5
665,1.5,1.5,1.5,1.5,1.5,1.0,1.0,1.0,1.0,1.0,1.0,1.0,1.0,1.0,1.0,1.0,1.0,1.0,1.0,1.0,1.0,1.0,1.0,1.0,1.0,270.9,1.417,383.8
666,1.5,1.5,1.5,1.5,1.5,1.1,1.1,1.1,1.1,1.1,1.0,1.0,1.0,1.0,1.0,0.2,0.2,0.2,0.2,0.2,0.2,0.2,0.2,0.2,0.2,556.9,2.276,1267.2
667,1.5,1.5,1.5,1.5,1.5,1.1,1.1,1.1,1.1,1.1,1.0,1.0,1.0,1.0,1.0,0.3,0.3,0.3,0.3,0.3,0.2,0.2,0.2,0.2,0.2,525.3,2.164,1137.0
668,1.5,1.5,1.5,1.5,1.5,1.1,1.1,1.1,1.1,1.1,1.0,1.0,1.0,1.0,1.0,0.3,0.3,0.3,0.3,0.3,0.3,0.3,0.3,0.3,0.3,494.1,2.053,1014.1
669,1.5,1.5,1.5,1.5,1.5,1.1,1.1,1.1,1.1,1.1,1.0,1.0,1.0,1.0,1.0,0.4,0.4,0.4,0.4,0.4,0.2,0.2,0.2,0.2,0.2,496.9,2.053,1020.1
670,1.5,1.5,1.5,1.5,1.5,1.1,1.1,1.1,1.1,1.1,1.0,1.0,1.0,1.0,1.0,0.4,0.4,0.4,0.4,0.4,0.3,0.3,0.3,0.3,0.3,463.7,1.941,900.2
671,1.5,1.5,1.5,1.5,1.5,1.1,1.1,1.1,1.1,1.1,1.0,1.0,1.0,1.0,1.0,0.4,0.4,0.4,0.4,0.4,0.4,0.4,0.4,0.4,0.4,434.1,1.829,794.2
672,1.5,1.5,1.5,1.5,1.5,1.1,1.1,1.1,1.1,1.1,1.0,1.0,1.0,1.0,1.0,0.5,0.5,0.5,0.5,0.5,0.2,0.2,0.2,0.2,0.2,472.2,1.942,916.9
673,1.5,1.5,1.5,1.5,1.5,1.1,1.1,1.1,1.1,1.1,1.0,1.0,1.0,1.0,1.0,0.5,0.5,0.5,0.5,0.5,0.3,0.3,0.3,0.3,0.3,437.2,1.83,800.0
674,1.5,1.5,1.5,1.5,1.5,1.1,1.1,1.1,1.1,1.1,1.0,1.0,1.0,1.0,1.0,0.5,0.5,0.5,0.5,0.5,0.4,0.4,0.4,0.4,0.4,405.6,1.718,696.9
675,1.5,1.5,1.5,1.5,1.5,1.1,1.1,1.1,1.1,1.1,1.0,1.0,1.0,1.0,1.0,0.5,0.5,0.5,0.5,0.5,0.5,0.5,0.5,0.5,0.5,378.4,1.606,607.8
676,1.5,1.5,1.5,1.5,1.5,1.1,1.1,1.1,1.1,1.1,1.0,1.0,1.0,1.0,1.0,0.6,0.6,0.6,0.6,0.6,0.2,0.2,0.2,0.2,0.2,451.8,1.83,827.0
677,1.5,1.5,1.5,1.5,1.5,1.1,1.1,1.1,1.1,1.1,1.0,1.0,1.0,1.0,1.0,0.6,0.6,0.6,0.6,0.6,0.3,0.3,0.3,0.3,0.3,415.0,1.719,713.3
678,1.5,1.5,1.5,1.5,1.5,1.1,1.1,1.1,1.1,1.1,1.0,1.0,1.0,1.0,1.0,0.6,0.6,0.6,0.6,0.6,0.4,0.4,0.4,0.4,0.4,381.6,1.607,613.3
679,1.5,1.5,1.5,1.5,1.5,1.1,1.1,1.1,1.1,1.1,1.0,1.0,1.0,1.0,1.0,0.6,0.6,0.6,0.6,0.6,0.5,0.5,0.5,0.5,0.5,352.6,1.495,527.1
680,1.5,1.5,1.5,1.5,1.5,1.1,1.1,1.1,1.1,1.1,1.0,1.0,1.0,1.0,1.0,0.6,0.6,0.6,0.6,0.6,0.6,0.6,0.6,0.6,0.6,328.9,1.383,455.0
681,1.5,1.5,1.5,1.5,1.5,1.1,1.1,1.1,1.1,1.1,1.0,1.0,1.0,1.0,1.0,0.7,0.7,0.7,0.7,0.7,0.2,0.2,0.2,0.2,0.2,436.3,1.719,750.1
682,1.5,1.5,1.5,1.5,1.5,1.1,1.1,1.1,1.1,1.1,1.0,1.0,1.0,1.0,1.0,0.7,0.7,0.7,0.7,0.7,0.3,0.3,0.3,0.3,0.3,398.1,1.607,639.9
683,1.5,1.5,1.5,1.5,1.5,1.1,1.1,1.1,1.1,1.1,1.0,1.0,1.0,1.0,1.0,0.7,0.7,0.7,0.7,0.7,0.4,0.4,0.4,0.4,0.4,363.2,1.496,543.2
684,1.5,1.5,1.5,1.5,1.5,1.1,1.1,1.1,1.1,1.1,1.0,1.0,1.0,1.0,1.0,0.7,0.7,0.7,0.7,0.7,0.5,0.5,0.5,0.5,0.5,332.5,1.384,460.1
685,1.5,1.5,1.5,1.5,1.5,1.1,1.1,1.1,1.1,1.1,1.0,1.0,1.0,1.0,1.0,0.7,0.7,0.7,0.7,0.7,0.6,0.6,0.6,0.6,0.6,307.3,1.272,390.9
686,1.5,1.5,1.5,1.5,1.5,1.1,1.1,1.1,1.1,1.1,1.0,1.0,1.0,1.0,1.0,0.7,0.7,0.7,0.7,0.7,0.7,0.7,0.7,0.7,0.7,289.1,1.181,341.4
687,1.5,1.5,1.5,1.5,1.5,1.1,1.1,1.1,1.1,1.1,1.0,1.0,1.0,1.0,1.0,0.8,0.8,0.8,0.8,0.8,0.2,0.2,0.2,0.2,0.2,426.3,1.608,685.4
688,1.5,1.5,1.5,1.5,1.5,1.1,1.1,1.1,1.1,1.1,1.0,1.0,1.0,1.0,1.0,0.8,0.8,0.8,0.8,0.8,0.3,0.3,0.3,0.3,0.3,387.1,1.496,579.1
689,1.5,1.5,1.5,1.5,1.5,1.1,1.1,1.1,1.1,1.1,1.0,1.0,1.0,1.0,1.0,0.8,0.8,0.8,0.8,0.8,0.4,0.4,0.4,0.4,0.4,351.1,1.384,486.0
690,1.5,1.5,1.5,1.5,1.5,1.1,1.1,1.1,1.1,1.1,1.0,1.0,1.0,1.0,1.0,0.8,0.8,0.8,0.8,0.8,0.5,0.5,0.5,0.5,0.5,319.2,1.273,406.2
691,1.5,1.5,1.5,1.5,1.5,1.1,1.1,1.1,1.1,1.1,1.0,1.0,1.0,1.0,1.0,0.8,0.8,0.8,0.8,0.8,0.6,0.6,0.6,0.6,0.6,292.9,1.181,346.0
692,1.5,1.5,1.5,1.5,1.5,1.1,1.1,1.1,1.1,1.1,1.0,1.0,1.0,1.0,1.0,0.8,0.8,0.8,0.8,0.8,0.7,0.7,0.7,0.7,0.7,273.8,1.107,303.0
693,1.5,1.5,1.5,1.5,1.5,1.1,1.1,1.1,1.1,1.1,1.0,1.0,1.0,1.0,1.0,0.8,0.8,0.8,0.8,0.8,0.8,0.8,0.8,0.8,0.8,263.3,1.078,283.9
694,1.5,1.5,1.5,1.5,1.5,1.1,1.1,1.1,1.1,1.1,1.0,1.0,1.0,1.0,1.0,0.9,0.9,0.9,0.9,0.9,0.2,0.2,0.2,0.2,0.2,422.1,1.497,631.7
695,1.5,1.5,1.5,1.5,1.5,1.1,1.1,1.1,1.1,1.1,1.0,1.0,1.0,1.0,1.0,0.9,0.9,0.9,0.9,0.9,0.3,0.3,0.3,0.3,0.3,382.5,1.385,529.7
696,1.5,1.5,1.5,1.5,1.5,1.1,1.1,1.1,1.1,1.1,1.0,1.0,1.0,1.0,1.0,0.9,0.9,0.9,0.9,0.9,0.4,0.4,0.4,0.4,0.4,346.0,1.273,440.4
697,1.5,1.5,1.5,1.5,1.5,1.1,1.1,1.1,1.1,1.1,1.0,1.0,1.0,1.0,1.0,0.9,0.9,0.9,0.9,0.9,0.5,0.5,0.5,0.5,0.5,313.6,1.182,370.6
698,1.5,1.5,1.5,1.5,1.5,1.1,1.1,1.1,1.1,1.1,1.0,1.0,1.0,1.0,1.0,0.9,0.9,0.9,0.9,0.9,0.6,0.6,0.6,0.6,0.6,286.8,1.107,317.5
699,1.5,1.5,1.5,1.5,1.5,1.1,1.1,1.1,1.1,1.1,1.0,1.0,1.0,1.0,1.0,0.9,0.9,0.9,0.9,0.9,0.7,0.7,0.7,0.7,0.7,267.2,1.079,288.4
700,1.5,1.5,1.5,1.5,1.5,1.1,1.1,1.1,1.1,1.1,1.0,1.0,1.0,1.0,1.0,0.9,0.9,0.9,0.9,0.9,0.8,0.8,0.8,0.8,0.8,256.5,1.174,301.2
701,1.5,1.5,1.5,1.5,1.5,1.1,1.1,1.1,1.1,1.1,1.0,1.0,1.0,1.0,1.0,0.9,0.9,0.9,0.9,0.9,0.9,0.9,0.9,0.9,0.9,255.8,1.286,329.0
702,1.5,1.5,1.5,1.5,1.5,1.1,1.1,1.1,1.1,1.1,1.0,1.0,1.0,1.0,1.0,1.0,1.0,1.0,1.0,1.0,0.2,0.2,0.2,0.2,0.2,423.9,1.385,587.2
703,1.5,1.5,1.5,1.5,1.5,1.1,1.1,1.1,1.1,1.1,1.0,1.0,1.0,1.0,1.0,1.0,1.0,1.0,1.0,1.0,0.3,0.3,0.3,0.3,0.3,384.5,1.274,489.7
704,1.5,1.5,1.5,1.5,1.5,1.1,1.1,1.1,1.1,1.1,1.0,1.0,1.0,1.0,1.0,1.0,1.0,1.0,1.0,1.0,0.4,0.4,0.4,0.4,0.4,348.2,1.182,411.6
705,1.5,1.5,1.5,1.5,1.5,1.1,1.1,1.1,1.1,1.1,1.0,1.0,1.0,1.0,1.0,1.0,1.0,1.0,1.0,1.0,0.5,0.5,0.5,0.5,0.5,316.1,1.107,350.0
706,1.5,1.5,1.5,1.5,1.5,1.1,1.1,1.1,1.1,1.1,1.0,1.0,1.0,1.0,1.0,1.0,1.0,1.0,1.0,1.0,0.6,0.6,0.6,0.6,0.6,289.5,1.081,312.9
707,1.5,1.5,1.5,1.5,1.5,1.1,1.1,1.1,1.1,1.1,1.0,1.0,1.0,1.0,1.0,1.0,1.0,1.0,1.0,1.0,0.7,0.7,0.7,0.7,0.7,270.1,1.174,317.0
708,1.5,1.5,1.5,1.5,1.5,1.1,1.1,1.1,1.1,1.1,1.0,1.0,1.0,1.0,1.0,1.0,1.0,1.0,1.0,1.0,0.8,0.8,0.8,0.8,0.8,259.5,1.285,333.6
709,1.5,1.5,1.5,1.5,1.5,1.1,1.1,1.1,1.1,1.1,1.0,1.0,1.0,1.0,1.0,1.0,1.0,1.0,1.0,1.0,0.9,0.9,0.9,0.9,0.9,258.8,1.397,361.6
710,1.5,1.5,1.5,1.5,1.5,1.1,1.1,1.1,1.1,1.1,1.0,1.0,1.0,1.0,1.0,1.0,1.0,1.0,1.0,1.0,1.0,1.0,1.0,1.0,1.0,268.1,1.509,404.6
711,1.5,1.5,1.5,1.5,1.5,1.2,1.2,1.2,1.2,1.2,1.0,1.0,1.0,1.0,1.0,0.2,0.2,0.2,0.2,0.2,0.2,0.2,0.2,0.2,0.2,558.7,2.184,1220.0
712,1.5,1.5,1.5,1.5,1.5,1.2,1.2,1.2,1.2,1.2,1.0,1.0,1.0,1.0,1.0,0.3,0.3,0.3,0.3,0.3,0.2,0.2,0.2,0.2,0.2,527.3,2.072,1092.7
713,1.5,1.5,1.5,1.5,1.5,1.2,1.2,1.2,1.2,1.2,1.0,1.0,1.0,1.0,1.0,0.3,0.3,0.3,0.3,0.3,0.3,0.3,0.3,0.3,0.3,496.1,1.961,972.7
714,1.5,1.5,1.5,1.5,1.5,1.2,1.2,1.2,1.2,1.2,1.0,1.0,1.0,1.0,1.0,0.4,0.4,0.4,0.4,0.4,0.2,0.2,0.2,0.2,0.2,498.9,1.961,978.5
715,1.5,1.5,1.5,1.5,1.5,1.2,1.2,1.2,1.2,1.2,1.0,1.0,1.0,1.0,1.0,0.4,0.4,0.4,0.4,0.4,0.3,0.3,0.3,0.3,0.3,465.9,1.849,861.7
716,1.5,1.5,1.5,1.5,1.5,1.2,1.2,1.2,1.2,1.2,1.0,1.0,1.0,1.0,1.0,0.4,0.4,0.4,0.4,0.4,0.4,0.4,0.4,0.4,0.4,436.5,1.738,758.4
717,1.5,1.5,1.5,1.5,1.5,1.2,1.2,1.2,1.2,1.2,1.0,1.0,1.0,1.0,1.0,0.5,0.5,0.5,0.5,0.5,0.2,0.2,0.2,0.2,0.2,474.3,1.85,877.4
718,1.5,1.5,1.5,1.5,1.5,1.2,1.2,1.2,1.2,1.2,1.0,1.0,1.0,1.0,1.0,0.5,0.5,0.5,0.5,0.5,0.3,0.3,0.3,0.3,0.3,439.5,1.738,763.8
719,1.5,1.5,1.5,1.5,1.5,1.2,1.2,1.2,1.2,1.2,1.0,1.0,1.0,1.0,1.0,0.5,0.5,0.5,0.5,0.5,0.4,0.4,0.4,0.4,0.4,408.1,1.626,663.7
720,1.5,1.5,1.5,1.5,1.5,1.2,1.2,1.2,1.2,1.2,1.0,1.0,1.0,1.0,1.0,0.5,0.5,0.5,0.5,0.5,0.5,0.5,0.5,0.5,0.5,381.0,1.514,577.1
721,1.5,1.5,1.5,1.5,1.5,1.2,1.2,1.2,1.2,1.2,1.0,1.0,1.0,1.0,1.0,0.6,0.6,0.6,0.6,0.6,0.2,0.2,0.2,0.2,0.2,454.0,1.739,789.3
722,1.5,1.5,1.5,1.5,1.5,1.2,1.2,1.2,1.2,1.2,1.0,1.0,1.0,1.0,1.0,0.6,0.6,0.6,0.6,0.6,0.3,0.3,0.3,0.3,0.3,417.5,1.627,679.1
723,1.5,1.5,1.5,1.5,1.5,1.2,1.2,1.2,1.2,1.2,1.0,1.0,1.0,1.0,1.0,0.6,0.6,0.6,0.6,0.6,0.4,0.4,0.4,0.4,0.4,384.3,1.515,582.2
724,1.5,1.5,1.5,1.5,1.5,1.2,1.2,1.2,1.2,1.2,1.0,1.0,1.0,1.0,1.0,0.6,0.6,0.6,0.6,0.6,0.5,0.5,0.5,0.5,0.5,355.4,1.403,498.7
725,1.5,1.5,1.5,1.5,1.5,1.2,1.2,1.2,1.2,1.2,1.0,1.0,1.0,1.0,1.0,0.6,0.6,0.6,0.6,0.6,0.6,0.6,0.6,0.6,0.6,332.0,1.291,428.8
726,1.5,1.5,1.5,1.5,1.5,1.2,1.2,1.2,1.2,1.2,1.0,1.0,1.0,1.0,1.0,0.7,0.7,0.7,0.7,0.7,0.2,0.2,0.2,0.2,0.2,438.6,1.627,713.7
727,1.5,1.5,1.5,1.5,1.5,1.2,1.2,1.2,1.2,1.2,1.0,1.0,1.0,1.0,1.0,0.7,0.7,0.7,0.7,0.7,0.3,0.3,0.3,0.3,0.3,400.7,1.515,607.2
728,1.5,1.5,1.5,1.5,1.5,1.2,1.2,1.2,1.2,1.2,1.0,1.0,1.0,1.0,1.0,0.7,0.7,0.7,0.7,0.7,0.4,0.4,0.4,0.4,0.4,366.0,1.404,513.7
729,1.5,1.5,1.5,1.5,1.5,1.2,1.2,1.2,1.2,1.2,1.0,1.0,1.0,1.0,1.0,0.7,0.7,0.7,0.7,0.7,0.5,0.5,0.5,0.5,0.5,335.5,1.292,433.5
730,1.5,1.5,1.5,1.5,1.5,1.2,1.2,1.2,1.2,1.2,1.0,1.0,1.0,1.0,1.0,0.7,0.7,0.7,0.7,0.7,0.6,0.6,0.6,0.6,0.6,310.6,1.205,374.4
731,1.5,1.5,1.5,1.5,1.5,1.2,1.2,1.2,1.2,1.2,1.0,1.0,1.0,1.0,1.0,0.7,0.7,0.7,0.7,0.7,0.7,0.7,0.7,0.7,0.7,292.6,1.131,330.9
732,1.5,1.5,1.5,1.5,1.5,1.2,1.2,1.2,1.2,1.2,1.0,1.0,1.0,1.0,1.0,0.8,0.8,0.8,0.8,0.8,0.2,0.2,0.2,0.2,0.2,428.6,1.516,649.8
733,1.5,1.5,1.5,1.5,1.5,1.2,1.2,1.2,1.2,1.2,1.0,1.0,1.0,1.0,1.0,0.8,0.8,0.8,0.8,0.8,0.3,0.3,0.3,0.3,0.3,389.7,1.404,547.2
734,1.5,1.5,1.5,1.5,1.5,1.2,1.2,1.2,1.2,1.2,1.0,1.0,1.0,1.0,1.0,0.8,0.8,0.8,0.8,0.8,0.4,0.4,0.4,0.4,0.4,354.0,1.292,457.4
735,1.5,1.5,1.5,1.5,1.5,1.2,1.2,1.2,1.2,1.2,1.0,1.0,1.0,1.0,1.0,0.8,0.8,0.8,0.8,0.8,0.5,0.5,0.5,0.5,0.5,322.4,1.206,388.7
736,1.5,1.5,1.5,1.5,1.5,1.2,1.2,1.2,1.2,1.2,1.0,1.0,1.0,1.0,1.0,0.8,0.8,0.8,0.8,0.8,0.6,0.6,0.6,0.6,0.6,296.4,1.131,335.2
737,1.5,1.5,1.5,1.5,1.5,1.2,1.2,1.2,1.2,1.2,1.0,1.0,1.0,1.0,1.0,0.8,0.8,0.8,0.8,0.8,0.7,0.7,0.7,0.7,0.7,277.5,1.085,301.2
738,1.5,1.5,1.5,1.5,1.5,1.2,1.2,1.2,1.2,1.2,1.0,1.0,1.0,1.0,1.0,0.8,0.8,0.8,0.8,0.8,0.8,0.8,0.8,0.8,0.8,267.2,1.155,308.5
739,1.5,1.5,1.5,1.5,1.5,1.2,1.2,1.2,1.2,1.2,1.0,1.0,1.0,1.0,1.0,0.9,0.9,0.9,0.9,0.9,0.2,0.2,0.2,0.2,0.2,424.5,1.405,596.3
740,1.5,1.5,1.5,1.5,1.5,1.2,1.2,1.2,1.2,1.2,1.0,1.0,1.0,1.0,1.0,0.9,0.9,0.9,0.9,0.9,0.3,0.3,0.3,0.3,0.3,385.1,1.293,497.9
741,1.5,1.5,1.5,1.5,1.5,1.2,1.2,1.2,1.2,1.2,1.0,1.0,1.0,1.0,1.0,0.9,0.9,0.9,0.9,0.9,0.4,0.4,0.4,0.4,0.4,348.9,1.206,420.8
742,1.5,1.5,1.5,1.5,1.5,1.2,1.2,1.2,1.2,1.2,1.0,1.0,1.0,1.0,1.0,0.9,0.9,0.9,0.9,0.9,0.5,0.5,0.5,0.5,0.5,316.8,1.132,358.5
743,1.5,1.5,1.5,1.5,1.5,1.2,1.2,1.2,1.2,1.2,1.0,1.0,1.0,1.0,1.0,0.9,0.9,0.9,0.9,0.9,0.6,0.6,0.6,0.6,0.6,290.3,1.085,315.1
744,1.5,1.5,1.5,1.5,1.5,1.2,1.2,1.2,1.2,1.2,1.0,1.0,1.0,1.0,1.0,0.9,0.9,0.9,0.9,0.9,0.7,0.7,0.7,0.7,0.7,271.0,1.154,312.8
745,1.5,1.5,1.5,1.5,1.5,1.2,1.2,1.2,1.2,1.2,1.0,1.0,1.0,1.0,1.0,0.9,0.9,0.9,0.9,0.9,0.8,0.8,0.8,0.8,0.8,260.4,1.266,329.7
746,1.5,1.5,1.5,1.5,1.5,1.2,1.2,1.2,1.2,1.2,1.0,1.0,1.0,1.0,1.0,0.9,0.9,0.9,0.9,0.9,0.9,0.9,0.9,0.9,0.9,259.8,1.378,357.9
747,1.5,1.5,1.5,1.5,1.5,1.2,1.2,1.2,1.2,1.2,1.0,1.0,1.0,1.0,1.0,1.0,1.0,1.0,1.0,1.0,0.2,0.2,0.2,0.2,0.2,426.3,1.293,551.4
748,1.5,1.5,1.5,1.5,1.5,1.2,1.2,1.2,1.2,1.2,1.0,1.0,1.0,1.0,1.0,1.0,1.0,1.0,1.0,1.0,0.3,0.3,0.3,0.3,0.3,387.1,1.207,467.1
749,1.5,1.5,1.5,1.5,1.5,1.2,1.2,1.2,1.2,1.2,1.0,1.0,1.0,1.0,1.0,1.0,1.0,1.0,1.0,1.0,0.4,0.4,0.4,0.4,0.4,351.1,1.132,397.4
750,1.5,1.5,1.5,1.5,1.5,1.2,1.2,1.2,1.2,1.2,1.0,1.0,1.0,1.0,1.0,1.0,1.0,1.0,1.0,1.0,0.5,0.5,0.5,0.5,0.5,319.3,1.086,346.6
751,1.5,1.5,1.5,1.5,1.5,1.2,1.2,1.2,1.2,1.2,1.0,1.0,1.0,1.0,1.0,1.0,1.0,1.0,1.0,1.0,0.6,0.6,0.6,0.6,0.6,293.0,1.154,338.0
752,1.5,1.5,1.5,1.5,1.5,1.2,1.2,1.2,1.2,1.2,1.0,1.0,1.0,1.0,1.0,1.0,1.0,1.0,1.0,1.0,0.7,0.7,0.7,0.7,0.7,273.8,1.266,346.5
753,1.5,1.5,1.5,1.5,1.5,1.2,1.2,1.2,1.2,1.2,1.0,1.0,1.0,1.0,1.0,1.0,1.0,1.0,1.0,1.0,0.8,0.8,0.8,0.8,0.8,263.4,1.377,362.8
754,1.5,1.5,1.5,1.5,1.5,1.2,1.2,1.2,1.2,1.2,1.0,1.0,1.0,1.0,1.0,1.0,1.0,1.0,1.0,1.0,0.9,0.9,0.9,0.9,0.9,262.7,1.489,391.2
755,1.5,1.5,1.5,1.5,1.5,1.2,1.2,1.2,1.2,1.2,1.0,1.0,1.0,1.0,1.0,1.0,1.0,1.0,1.0,1.0,1.0,1.0,1.0,1.0,1.0,271.9,1.601,435.3
756,1.5,1.5,1.5,1.5,1.5,1.3,1.3,1.3,1.3,1.3,1.0,1.0,1.0,1.0,1.0,0.2,0.2,0.2,0.2,0.2,0.2,0.2,0.2,0.2,0.2,563.7,2.092,1179.0
757,1.5,1.5,1.5,1.5,1.5,1.3,1.3,1.3,1.3,1.3,1.0,1.0,1.0,1.0,1.0,0.3,0.3,0.3,0.3,0.3,0.2,0.2,0.2,0.2,0.2,532.5,1.98,1054.6
758,1.5,1.5,1.5,1.5,1.5,1.3,1.3,1.3,1.3,1.3,1.0,1.0,1.0,1.0,1.0,0.3,0.3,0.3,0.3,0.3,0.3,0.3,0.3,0.3,0.3,501.7,1.869,937.5
759,1.5,1.5,1.5,1.5,1.5,1.3,1.3,1.3,1.3,1.3,1.0,1.0,1.0,1.0,1.0,0.4,0.4,0.4,0.4,0.4,0.2,0.2,0.2,0.2,0.2,504.5,1.869,943.0
760,1.5,1.5,1.5,1.5,1.5,1.3,1.3,1.3,1.3,1.3,1.0,1.0,1.0,1.0,1.0,0.4,0.4,0.4,0.4,0.4,0.3,0.3,0.3,0.3,0.3,471.9,1.757,829.2
761,1.5,1.5,1.5,1.5,1.5,1.3,1.3,1.3,1.3,1.3,1.0,1.0,1.0,1.0,1.0,0.4,0.4,0.4,0.4,0.4,0.4,0.4,0.4,0.4,0.4,442.8,1.646,728.6
762,1.5,1.5,1.5,1.5,1.5,1.3,1.3,1.3,1.3,1.3,1.0,1.0,1.0,1.0,1.0,0.5,0.5,0.5,0.5,0.5,0.2,0.2,0.2,0.2,0.2,480.2,1.758,844.1
763,1.5,1.5,1.5,1.5,1.5,1.3,1.3,1.3,1.3,1.3,1.0,1.0,1.0,1.0,1.0,0.5,0.5,0.5,0.5,0.5,0.3,0.3,0.3,0.3,0.3,445.8,1.646,733.8
764,1.5,1.5,1.5,1.5,1.5,1.3,1.3,1.3,1.3,1.3,1.0,1.0,1.0,1.0,1.0,0.5,0.5,0.5,0.5,0.5,0.4,0.4,0.4,0.4,0.4,414.8,1.534,636.5
765,1.5,1.5,1.5,1.5,1.5,1.3,1.3,1.3,1.3,1.3,1.0,1.0,1.0,1.0,1.0,0.5,0.5,0.5,0.5,0.5,0.5,0.5,0.5,0.5,0.5,388.3,1.423,552.3
766,1.5,1.5,1.5,1.5,1.5,1.3,1.3,1.3,1.3,1.3,1.0,1.0,1.0,1.0,1.0,0.6,0.6,0.6,0.6,0.6,0.2,0.2,0.2,0.2,0.2,460.1,1.647,757.6
767,1.5,1.5,1.5,1.5,1.5,1.3,1.3,1.3,1.3,1.3,1.0,1.0,1.0,1.0,1.0,0.6,0.6,0.6,0.6,0.6,0.3,0.3,0.3,0.3,0.3,424.1,1.535,650.9
768,1.5,1.5,1.5,1.5,1.5,1.3,1.3,1.3,1.3,1.3,1.0,1.0,1.0,1.0,1.0,0.6,0.6,0.6,0.6,0.6,0.4,0.4,0.4,0.4,0.4,391.5,1.423,557.1
769,1.5,1.5,1.5,1.5,1.5,1.3,1.3,1.3,1.3,1.3,1.0,1.0,1.0,1.0,1.0,0.6,0.6,0.6,0.6,0.6,0.5,0.5,0.5,0.5,0.5,363.2,1.311,476.2
770,1.5,1.5,1.5,1.5,1.5,1.3,1.3,1.3,1.3,1.3,1.0,1.0,1.0,1.0,1.0,0.6,0.6,0.6,0.6,0.6,0.6,0.6,0.6,0.6,0.6,340.3,1.229,418.3
771,1.5,1.5,1.5,1.5,1.5,1.3,1.3,1.3,1.3,1.3,1.0,1.0,1.0,1.0,1.0,0.7,0.7,0.7,0.7,0.7,0.2,0.2,0.2,0.2,0.2,444.9,1.535,683.1
772,1.5,1.5,1.5,1.5,1.5,1.3,1.3,1.3,1.3,1.3,1.0,1.0,1.0,1.0,1.0,0.7,0.7,0.7,0.7,0.7,0.3,0.3,0.3,0.3,0.3,407.5,1.424,580.2
773,1.5,1.5,1.5,1.5,1.5,1.3,1.3,1.3,1.3,1.3,1.0,1.0,1.0,1.0,1.0,0.7,0.7,0.7,0.7,0.7,0.4,0.4,0.4,0.4,0.4,373.5,1.312,489.9
774,1.5,1.5,1.5,1.5,1.5,1.3,1.3,1.3,1.3,1.3,1.0,1.0,1.0,1.0,1.0,0.7,0.7,0.7,0.7,0.7,0.5,0.5,0.5,0.5,0.5,343.7,1.23,422.7
775,1.5,1.5,1.5,1.5,1.5,1.3,1.3,1.3,1.3,1.3,1.0,1.0,1.0,1.0,1.0,0.7,0.7,0.7,0.7,0.7,0.6,0.6,0.6,0.6,0.6,319.4,1.155,369.0
776,1.5,1.5,1.5,1.5,1.5,1.3,1.3,1.3,1.3,1.3,1.0,1.0,1.0,1.0,1.0,0.7,0.7,0.7,0.7,0.7,0.7,0.7,0.7,0.7,0.7,302.0,1.097,331.2
777,1.5,1.5,1.5,1.5,1.5,1.3,1.3,1.3,1.3,1.3,1.0,1.0,1.0,1.0,1.0,0.8,0.8,0.8,0.8,0.8,0.2,0.2,0.2,0.2,0.2,435.1,1.424,619.6
778,1.5,1.5,1.5,1.5,1.5,1.3,1.3,1.3,1.3,1.3,1.0,1.0,1.0,1.0,1.0,0.8,0.8,0.8,0.8,0.8,0.3,0.3,0.3,0.3,0.3,396.8,1.312,520.7
779,1.5,1.5,1.5,1.5,1.5,1.3,1.3,1.3,1.3,1.3,1.0,1.0,1.0,1.0,1.0,0.8,0.8,0.8,0.8,0.8,0.4,0.4,0.4,0.4,0.4,361.7,1.23,445.0
780,1.5,1.5,1.5,1.5,1.5,1.3,1.3,1.3,1.3,1.3,1.0,1.0,1.0,1.0,1.0,0.8,0.8,0.8,0.8,0.8,0.5,0.5,0.5,0.5,0.5,330.9,1.156,382.4
781,1.5,1.5,1.5,1.5,1.5,1.3,1.3,1.3,1.3,1.3,1.0,1.0,1.0,1.0,1.0,0.8,0.8,0.8,0.8,0.8,0.6,0.6,0.6,0.6,0.6,305.6,1.097,335.2
782,1.5,1.5,1.5,1.5,1.5,1.3,1.3,1.3,1.3,1.3,1.0,1.0,1.0,1.0,1.0,0.8,0.8,0.8,0.8,0.8,0.7,0.7,0.7,0.7,0.7,287.3,1.135,326.1
783,1.5,1.5,1.5,1.5,1.5,1.3,1.3,1.3,1.3,1.3,1.0,1.0,1.0,1.0,1.0,0.8,0.8,0.8,0.8,0.8,0.8,0.8,0.8,0.8,0.8,277.4,1.247,345.8
784,1.5,1.5,1.5,1.5,1.5,1.3,1.3,1.3,1.3,1.3,1.0,1.0,1.0,1.0,1.0,0.9,0.9,0.9,0.9,0.9,0.2,0.2,0.2,0.2,0.2,431.0,1.313,565.8
785,1.5,1.5,1.5,1.5,1.5,1.3,1.3,1.3,1.3,1.3,1.0,1.0,1.0,1.0,1.0,0.9,0.9,0.9,0.9,0.9,0.3,0.3,0.3,0.3,0.3,392.3,1.231,482.7
786,1.5,1.5,1.5,1.5,1.5,1.3,1.3,1.3,1.3,1.3,1.0,1.0,1.0,1.0,1.0,0.9,0.9,0.9,0.9,0.9,0.4,0.4,0.4,0.4,0.4,356.8,1.156,412.4
787,1.5,1.5,1.5,1.5,1.5,1.3,1.3,1.3,1.3,1.3,1.0,1.0,1.0,1.0,1.0,0.9,0.9,0.9,0.9,0.9,0.5,0.5,0.5,0.5,0.5,325.5,1.097,357.0
788,1.5,1.5,1.5,1.5,1.5,1.3,1.3,1.3,1.3,1.3,1.0,1.0,1.0,1.0,1.0,0.9,0.9,0.9,0.9,0.9,0.6,0.6,0.6,0.6,0.6,299.7,1.134,340.0
789,1.5,1.5,1.5,1.5,1.5,1.3,1.3,1.3,1.3,1.3,1.0,1.0,1.0,1.0,1.0,0.9,0.9,0.9,0.9,0.9,0.7,0.7,0.7,0.7,0.7,281.0,1.246,350.2
790,1.5,1.5,1.5,1.5,1.5,1.3,1.3,1.3,1.3,1.3,1.0,1.0,1.0,1.0,1.0,0.9,0.9,0.9,0.9,0.9,0.8,0.8,0.8,0.8,0.8,270.9,1.358,367.9
791,1.5,1.5,1.5,1.5,1.5,1.3,1.3,1.3,1.3,1.3,1.0,1.0,1.0,1.0,1.0,0.9,0.9,0.9,0.9,0.9,0.9,0.9,0.9,0.9,0.9,270.2,1.47,397.2
792,1.5,1.5,1.5,1.5,1.5,1.3,1.3,1.3,1.3,1.3,1.0,1.0,1.0,1.0,1.0,1.0,1.0,1.0,1.0,1.0,0.2,0.2,0.2,0.2,0.2,432.8,1.231,532.7
793,1.5,1.5,1.5,1.5,1.5,1.3,1.3,1.3,1.3,1.3,1.0,1.0,1.0,1.0,1.0,1.0,1.0,1.0,1.0,1.0,0.3,0.3,0.3,0.3,0.3,394.3,1.156,455.9
794,1.5,1.5,1.5,1.5,1.5,1.3,1.3,1.3,1.3,1.3,1.0,1.0,1.0,1.0,1.0,1.0,1.0,1.0,1.0,1.0,0.4,0.4,0.4,0.4,0.4,358.9,1.097,393.8
795,1.5,1.5,1.5,1.5,1.5,1.3,1.3,1.3,1.3,1.3,1.0,1.0,1.0,1.0,1.0,1.0,1.0,1.0,1.0,1.0,0.5,0.5,0.5,0.5,0.5,327.9,1.134,371.7
796,1.5,1.5,1.5,1.5,1.5,1.3,1.3,1.3,1.3,1.3,1.0,1.0,1.0,1.0,1.0,1.0,1.0,1.0,1.0,1.0,0.6,0.6,0.6,0.6,0.6,302.3,1.246,376.6
797,1.5,1.5,1.5,1.5,1.5,1.3,1.3,1.3,1.3,1.3,1.0,1.0,1.0,1.0,1.0,1.0,1.0,1.0,1.0,1.0,0.7,0.7,0.7,0.7,0.7,283.8,1.357,385.2
798,1.5,1.5,1.5,1.5,1.5,1.3,1.3,1.3,1.3,1.3,1.0,1.0,1.0,1.0,1.0,1.0,1.0,1.0,1.0,1.0,0.8,0.8,0.8,0.8,0.8,273.7,1.469,402.2
799,1.5,1.5,1.5,1.5,1.5,1.3,1.3,1.3,1.3,1.3,1.0,1.0,1.0,1.0,1.0,1.0,1.0,1.0,1.0,1.0,0.9,0.9,0.9,0.9,0.9,273.1,1.581,431.8
800,1.5,1.5,1.5,1.5,1.5,1.3,1.3,1.3,1.3,1.3,1.0,1.0,1.0,1.0,1.0,1.0,1.0,1.0,1.0,1.0,1.0,1.0,1.0,1.0,1.0,281.9,1.693,477.2
801,1.5,1.5,1.5,1.5,1.5,1.4,1.4,1.4,1.4,1.4,1.0,1.0,1.0,1.0,1.0,0.2,0.2,0.2,0.2,0.2,0.2,0.2,0.2,0.2,0.2,571.6,2.0,1143.2
802,1.5,1.5,1.5,1.5,1.5,1.4,1.4,1.4,1.4,1.4,1.0,1.0,1.0,1.0,1.0,0.3,0.3,0.3,0.3,0.3,0.2,0.2,0.2,0.2,0.2,540.9,1.889,1021.6
803,1.5,1.5,1.5,1.5,1.5,1.4,1.4,1.4,1.4,1.4,1.0,1.0,1.0,1.0,1.0,0.3,0.3,0.3,0.3,0.3,0.3,0.3,0.3,0.3,0.3,510.7,1.777,907.3
804,1.5,1.5,1.5,1.5,1.5,1.4,1.4,1.4,1.4,1.4,1.0,1.0,1.0,1.0,1.0,0.4,0.4,0.4,0.4,0.4,0.2,0.2,0.2,0.2,0.2,513.4,1.777,912.4
805,1.5,1.5,1.5,1.5,1.5,1.4,1.4,1.4,1.4,1.4,1.0,1.0,1.0,1.0,1.0,0.4,0.4,0.4,0.4,0.4,0.3,0.3,0.3,0.3,0.3,481.4,1.665,801.7
806,1.5,1.5,1.5,1.5,1.5,1.4,1.4,1.4,1.4,1.4,1.0,1.0,1.0,1.0,1.0,0.4,0.4,0.4,0.4,0.4,0.4,0.4,0.4,0.4,0.4,452.9,1.554,703.7
807,1.5,1.5,1.5,1.5,1.5,1.4,1.4,1.4,1.4,1.4,1.0,1.0,1.0,1.0,1.0,0.5,0.5,0.5,0.5,0.5,0.2,0.2,0.2,0.2,0.2,489.5,1.666,815.5
808,1.5,1.5,1.5,1.5,1.5,1.4,1.4,1.4,1.4,1.4,1.0,1.0,1.0,1.0,1.0,0.5,0.5,0.5,0.5,0.5,0.3,0.3,0.3,0.3,0.3,455.8,1.554,708.4
809,1.5,1.5,1.5,1.5,1.5,1.4,1.4,1.4,1.4,1.4,1.0,1.0,1.0,1.0,1.0,0.5,0.5,0.5,0.5,0.5,0.4,0.4,0.4,0.4,0.4,425.6,1.442,613.9
810,1.5,1.5,1.5,1.5,1.5,1.4,1.4,1.4,1.4,1.4,1.0,1.0,1.0,1.0,1.0,0.5,0.5,0.5,0.5,0.5,0.5,0.5,0.5,0.5,0.5,399.8,1.331,531.9
811,1.5,1.5,1.5,1.5,1.5,1.4,1.4,1.4,1.4,1.4,1.0,1.0,1.0,1.0,1.0,0.6,0.6,0.6,0.6,0.6,0.2,0.2,0.2,0.2,0.2,469.9,1.555,730.5
812,1.5,1.5,1.5,1.5,1.5,1.4,1.4,1.4,1.4,1.4,1.0,1.0,1.0,1.0,1.0,0.6,0.6,0.6,0.6,0.6,0.3,0.3,0.3,0.3,0.3,434.6,1.443,627.1
813,1.5,1.5,1.5,1.5,1.5,1.4,1.4,1.4,1.4,1.4,1.0,1.0,1.0,1.0,1.0,0.6,0.6,0.6,0.6,0.6,0.4,0.4,0.4,0.4,0.4,402.9,1.331,536.3
814,1.5,1.5,1.5,1.5,1.5,1.4,1.4,1.4,1.4,1.4,1.0,1.0,1.0,1.0,1.0,0.6,0.6,0.6,0.6,0.6,0.5,0.5,0.5,0.5,0.5,375.5,1.254,470.8
815,1.5,1.5,1.5,1.5,1.5,1.4,1.4,1.4,1.4,1.4,1.0,1.0,1.0,1.0,1.0,0.6,0.6,0.6,0.6,0.6,0.6,0.6,0.6,0.6,0.6,353.4,1.179,416.7
816,1.5,1.5,1.5,1.5,1.5,1.4,1.4,1.4,1.4,1.4,1.0,1.0,1.0,1.0,1.0,0.7,0.7,0.7,0.7,0.7,0.2,0.2,0.2,0.2,0.2,455.0,1.443,656.7
817,1.5,1.5,1.5,1.5,1.5,1.4,1.4,1.4,1.4,1.4,1.0,1.0,1.0,1.0,1.0,0.7,0.7,0.7,0.7,0.7,0.3,0.3,0.3,0.3,0.3,418.5,1.332,557.3
818,1.5,1.5,1.5,1.5,1.5,1.4,1.4,1.4,1.4,1.4,1.0,1.0,1.0,1.0,1.0,0.7,0.7,0.7,0.7,0.7,0.4,0.4,0.4,0.4,0.4,385.4,1.254,483.4
819,1.5,1.5,1.5,1.5,1.5,1.4,1.4,1.4,1.4,1.4,1.0,1.0,1.0,1.0,1.0,0.7,0.7,0.7,0.7,0.7,0.5,0.5,0.5,0.5,0.5,356.7,1.18,420.8
820,1.5,1.5,1.5,1.5,1.5,1.4,1.4,1.4,1.4,1.4,1.0,1.0,1.0,1.0,1.0,0.7,0.7,0.7,0.7,0.7,0.6,0.6,0.6,0.6,0.6,333.3,1.108,369.5
821,1.5,1.5,1.5,1.5,1.5,1.4,1.4,1.4,1.4,1.4,1.0,1.0,1.0,1.0,1.0,0.7,0.7,0.7,0.7,0.7,0.7,0.7,0.7,0.7,0.7,316.6,1.121,355.0
822,1.5,1.5,1.5,1.5,1.5,1.4,1.4,1.4,1.4,1.4,1.0,1.0,1.0,1.0,1.0,0.8,0.8,0.8,0.8,0.8,0.2,0.2,0.2,0.2,0.2,445.4,1.332,593.3
823,1.5,1.5,1.5,1.5,1.5,1.4,1.4,1.4,1.4,1.4,1.0,1.0,1.0,1.0,1.0,0.8,0.8,0.8,0.8,0.8,0.3,0.3,0.3,0.3,0.3,408.1,1.255,512.0
824,1.5,1.5,1.5,1.5,1.5,1.4,1.4,1.4,1.4,1.4,1.0,1.0,1.0,1.0,1.0,0.8,0.8,0.8,0.8,0.8,0.4,0.4,0.4,0.4,0.4,374.0,1.18,441.4
825,1.5,1.5,1.5,1.5,1.5,1.4,1.4,1.4,1.4,1.4,1.0,1.0,1.0,1.0,1.0,0.8,0.8,0.8,0.8,0.8,0.5,0.5,0.5,0.5,0.5,344.3,1.108,381.7
826,1.5,1.5,1.5,1.5,1.5,1.4,1.4,1.4,1.4,1.4,1.0,1.0,1.0,1.0,1.0,0.8,0.8,0.8,0.8,0.8,0.6,0.6,0.6,0.6,0.6,320.1,1.123,359.3
827,1.5,1.5,1.5,1.5,1.5,1.4,1.4,1.4,1.4,1.4,1.0,1.0,1.0,1.0,1.0,0.8,0.8,0.8,0.8,0.8,0.7,0.7,0.7,0.7,0.7,302.7,1.227,371.3
828,1.5,1.5,1.5,1.5,1.5,1.4,1.4,1.4,1.4,1.4,1.0,1.0,1.0,1.0,1.0,0.8,0.8,0.8,0.8,0.8,0.8,0.8,0.8,0.8,0.8,293.3,1.339,392.6
829,1.5,1.5,1.5,1.5,1.5,1.4,1.4,1.4,1.4,1.4,1.0,1.0,1.0,1.0,1.0,0.9,0.9,0.9,0.9,0.9,0.2,0.2,0.2,0.2,0.2,441.4,1.255,554.0
830,1.5,1.5,1.5,1.5,1.5,1.4,1.4,1.4,1.4,1.4,1.0,1.0,1.0,1.0,1.0,0.9,0.9,0.9,0.9,0.9,0.3,0.3,0.3,0.3,0.3,403.7,1.181,476.5
831,1.5,1.5,1.5,1.5,1.5,1.4,1.4,1.4,1.4,1.4,1.0,1.0,1.0,1.0,1.0,0.9,0.9,0.9,0.9,0.9,0.4,0.4,0.4,0.4,0.4,369.3,1.109,409.3
832,1.5,1.5,1.5,1.5,1.5,1.4,1.4,1.4,1.4,1.4,1.0,1.0,1.0,1.0,1.0,0.9,0.9,0.9,0.9,0.9,0.5,0.5,0.5,0.5,0.5,339.1,1.124,381.2
833,1.5,1.5,1.5,1.5,1.5,1.4,1.4,1.4,1.4,1.4,1.0,1.0,1.0,1.0,1.0,0.9,0.9,0.9,0.9,0.9,0.6,0.6,0.6,0.6,0.6,314.5,1.226,385.7
834,1.5,1.5,1.5,1.5,1.5,1.4,1.4,1.4,1.4,1.4,1.0,1.0,1.0,1.0,1.0,0.9,0.9,0.9,0.9,0.9,0.7,0.7,0.7,0.7,0.7,296.7,1.338,397.1
835,1.5,1.5,1.5,1.5,1.5,1.4,1.4,1.4,1.4,1.4,1.0,1.0,1.0,1.0,1.0,0.9,0.9,0.9,0.9,0.9,0.8,0.8,0.8,0.8,0.8,287.1,1.45,416.3
836,1.5,1.5,1.5,1.5,1.5,1.4,1.4,1.4,1.4,1.4,1.0,1.0,1.0,1.0,1.0,0.9,0.9,0.9,0.9,0.9,0.9,0.9,0.9,0.9,0.9,286.5,1.562,447.5
837,1.5,1.5,1.5,1.5,1.5,1.4,1.4,1.4,1.4,1.4,1.0,1.0,1.0,1.0,1.0,1.0,1.0,1.0,1.0,1.0,0.2,0.2,0.2,0.2,0.2,443.1,1.181,523.3
838,1.5,1.5,1.5,1.5,1.5,1.4,1.4,1.4,1.4,1.4,1.0,1.0,1.0,1.0,1.0,1.0,1.0,1.0,1.0,1.0,0.3,0.3,0.3,0.3,0.3,405.6,1.109,449.6
839,1.5,1.5,1.5,1.5,1.5,1.4,1.4,1.4,1.4,1.4,1.0,1.0,1.0,1.0,1.0,1.0,1.0,1.0,1.0,1.0,0.4,0.4,0.4,0.4,0.4,371.4,1.126,418.0
840,1.5,1.5,1.5,1.5,1.5,1.4,1.4,1.4,1.4,1.4,1.0,1.0,1.0,1.0,1.0,1.0,1.0,1.0,1.0,1.0,0.5,0.5,0.5,0.5,0.5,341.4,1.226,418.5
841,1.5,1.5,1.5,1.5,1.5,1.4,1.4,1.4,1.4,1.4,1.0,1.0,1.0,1.0,1.0,1.0,1.0,1.0,1.0,1.0,0.6,0.6,0.6,0.6,0.6,316.9,1.338,423.9
842,1.5,1.5,1.5,1.5,1.5,1.4,1.4,1.4,1.4,1.4,1.0,1.0,1.0,1.0,1.0,1.0,1.0,1.0,1.0,1.0,0.7,0.7,0.7,0.7,0.7,299.3,1.449,433.9
843,1.5,1.5,1.5,1.5,1.5,1.4,1.4,1.4,1.4,1.4,1.0,1.0,1.0,1.0,1.0,1.0,1.0,1.0,1.0,1.0,0.8,0.8,0.8,0.8,0.8,289.8,1.561,452.5
844,1.5,1.5,1.5,1.5,1.5,1.4,1.4,1.4,1.4,1.4,1.0,1.0,1.0,1.0,1.0,1.0,1.0,1.0,1.0,1.0,0.9,0.9,0.9,0.9,0.9,289.2,1.673,483.9
845,1.5,1.5,1.5,1.5,1.5,1.4,1.4,1.4,1.4,1.4,1.0,1.0,1.0,1.0,1.0,1.0,1.0,1.0,1.0,1.0,1.0,1.0,1.0,1.0,1.0,297.6,1.785,531.1
846,1.5,1.5,1.5,1.5,1.5,1.5,1.5,1.5,1.5,1.5,1.0,1.0,1.0,1.0,1.0,0.2,0.2,0.2,0.2,0.2,0.2,0.2,0.2,0.2,0.2,582.5,1.908,1111.5
847,1.5,1.5,1.5,1.5,1.5,1.5,1.5,1.5,1.5,1.5,1.0,1.0,1.0,1.0,1.0,0.3,0.3,0.3,0.3,0.3,0.2,0.2,0.2,0.2,0.2,552.5,1.797,992.6
848,1.5,1.5,1.5,1.5,1.5,1.5,1.5,1.5,1.5,1.5,1.0,1.0,1.0,1.0,1.0,0.3,0.3,0.3,0.3,0.3,0.3,0.3,0.3,0.3,0.3,522.8,1.685,880.9
849,1.5,1.5,1.5,1.5,1.5,1.5,1.5,1.5,1.5,1.5,1.0,1.0,1.0,1.0,1.0,0.4,0.4,0.4,0.4,0.4,0.2,0.2,0.2,0.2,0.2,525.5,1.685,885.7
850,1.5,1.5,1.5,1.5,1.5,1.5,1.5,1.5,1.5,1.5,1.0,1.0,1.0,1.0,1.0,0.4,0.4,0.4,0.4,0.4,0.3,0.3,0.3,0.3,0.3,494.3,1.574,777.8
851,1.5,1.5,1.5,1.5,1.5,1.5,1.5,1.5,1.5,1.5,1.0,1.0,1.0,1.0,1.0,0.4,0.4,0.4,0.4,0.4,0.4,0.4,0.4,0.4,0.4,466.6,1.462,682.0
852,1.5,1.5,1.5,1.5,1.5,1.5,1.5,1.5,1.5,1.5,1.0,1.0,1.0,1.0,1.0,0.5,0.5,0.5,0.5,0.5,0.2,0.2,0.2,0.2,0.2,502.2,1.574,790.5
853,1.5,1.5,1.5,1.5,1.5,1.5,1.5,1.5,1.5,1.5,1.0,1.0,1.0,1.0,1.0,0.5,0.5,0.5,0.5,0.5,0.3,0.3,0.3,0.3,0.3,469.4,1.462,686.4
854,1.5,1.5,1.5,1.5,1.5,1.5,1.5,1.5,1.5,1.5,1.0,1.0,1.0,1.0,1.0,0.5,0.5,0.5,0.5,0.5,0.4,0.4,0.4,0.4,0.4,440.2,1.353,595.4
855,1.5,1.5,1.5,1.5,1.5,1.5,1.5,1.5,1.5,1.5,1.0,1.0,1.0,1.0,1.0,0.5,0.5,0.5,0.5,0.5,0.5,0.5,0.5,0.5,0.5,415.2,1.278,530.6
856,1.5,1.5,1.5,1.5,1.5,1.5,1.5,1.5,1.5,1.5,1.0,1.0,1.0,1.0,1.0,0.6,0.6,0.6,0.6,0.6,0.2,0.2,0.2,0.2,0.2,483.1,1.463,706.6
857,1.5,1.5,1.5,1.5,1.5,1.5,1.5,1.5,1.5,1.5,1.0,1.0,1.0,1.0,1.0,0.6,0.6,0.6,0.6,0.6,0.3,0.3,0.3,0.3,0.3,448.9,1.353,607.3
858,1.5,1.5,1.5,1.5,1.5,1.5,1.5,1.5,1.5,1.5,1.0,1.0,1.0,1.0,1.0,0.6,0.6,0.6,0.6,0.6,0.4,0.4,0.4,0.4,0.4,418.2,1.278,534.6
859,1.5,1.5,1.5,1.5,1.5,1.5,1.5,1.5,1.5,1.5,1.0,1.0,1.0,1.0,1.0,0.6,0.6,0.6,0.6,0.6,0.5,0.5,0.5,0.5,0.5,391.9,1.204,471.7
860,1.5,1.5,1.5,1.5,1.5,1.5,1.5,1.5,1.5,1.5,1.0,1.0,1.0,1.0,1.0,0.6,0.6,0.6,0.6,0.6,0.6,0.6,0.6,0.6,0.6,370.7,1.129,418.6
861,1.5,1.5,1.5,1.5,1.5,1.5,1.5,1.5,1.5,1.5,1.0,1.0,1.0,1.0,1.0,0.7,0.7,0.7,0.7,0.7,0.2,0.2,0.2,0.2,0.2,468.6,1.353,634.2
862,1.5,1.5,1.5,1.5,1.5,1.5,1.5,1.5,1.5,1.5,1.0,1.0,1.0,1.0,1.0,0.7,0.7,0.7,0.7,0.7,0.3,0.3,0.3,0.3,0.3,433.3,1.279,554.1
863,1.5,1.5,1.5,1.5,1.5,1.5,1.5,1.5,1.5,1.5,1.0,1.0,1.0,1.0,1.0,0.7,0.7,0.7,0.7,0.7,0.4,0.4,0.4,0.4,0.4,401.4,1.204,483.4
864,1.5,1.5,1.5,1.5,1.5,1.5,1.5,1.5,1.5,1.5,1.0,1.0,1.0,1.0,1.0,0.7,0.7,0.7,0.7,0.7,0.5,0.5,0.5,0.5,0.5,373.9,1.13,422.3
865,1.5,1.5,1.5,1.5,1.5,1.5,1.5,1.5,1.5,1.5,1.0,1.0,1.0,1.0,1.0,0.7,0.7,0.7,0.7,0.7,0.6,0.6,0.6,0.6,0.6,351.7,1.115,392.1
866,1.5,1.5,1.5,1.5,1.5,1.5,1.5,1.5,1.5,1.5,1.0,1.0,1.0,1.0,1.0,0.7,0.7,0.7,0.7,0.7,0.7,0.7,0.7,0.7,0.7,335.9,1.207,405.6
867,1.5,1.5,1.5,1.5,1.5,1.5,1.5,1.5,1.5,1.5,1.0,1.0,1.0,1.0,1.0,0.8,0.8,0.8,0.8,0.8,0.2,0.2,0.2,0.2,0.2,459.3,1.279,587.5
868,1.5,1.5,1.5,1.5,1.5,1.5,1.5,1.5,1.5,1.5,1.0,1.0,1.0,1.0,1.0,0.8,0.8,0.8,0.8,0.8,0.3,0.3,0.3,0.3,0.3,423.2,1.205,509.8
869,1.5,1.5,1.5,1.5,1.5,1.5,1.5,1.5,1.5,1.5,1.0,1.0,1.0,1.0,1.0,0.8,0.8,0.8,0.8,0.8,0.4,0.4,0.4,0.4,0.4,390.5,1.13,441.3
870,1.5,1.5,1.5,1.5,1.5,1.5,1.5,1.5,1.5,1.5,1.0,1.0,1.0,1.0,1.0,0.8,0.8,0.8,0.8,0.8,0.5,0.5,0.5,0.5,0.5,362.1,1.116,404.3
871,1.5,1.5,1.5,1.5,1.5,1.5,1.5,1.5,1.5,1.5,1.0,1.0,1.0,1.0,1.0,0.8,0.8,0.8,0.8,0.8,0.6,0.6,0.6,0.6,0.6,339.2,1.207,409.4
872,1.5,1.5,1.5,1.5,1.5,1.5,1.5,1.5,1.5,1.5,1.0,1.0,1.0,1.0,1.0,0.8,0.8,0.8,0.8,0.8,0.7,0.7,0.7,0.7,0.7,322.8,1.319,425.7
873,1.5,1.5,1.5,1.5,1.5,1.5,1.5,1.5,1.5,1.5,1.0,1.0,1.0,1.0,1.0,0.8,0.8,0.8,0.8,0.8,0.8,0.8,0.8,0.8,0.8,314.0,1.431,449.2
874,1.5,1.5,1.5,1.5,1.5,1.5,1.5,1.5,1.5,1.5,1.0,1.0,1.0,1.0,1.0,0.9,0.9,0.9,0.9,0.9,0.2,0.2,0.2,0.2,0.2,455.4,1.205,548.8
875,1.5,1.5,1.5,1.5,1.5,1.5,1.5,1.5,1.5,1.5,1.0,1.0,1.0,1.0,1.0,0.9,0.9,0.9,0.9,0.9,0.3,0.3,0.3,0.3,0.3,419.0,1.13,473.6
876,1.5,1.5,1.5,1.5,1.5,1.5,1.5,1.5,1.5,1.5,1.0,1.0,1.0,1.0,1.0,0.9,0.9,0.9,0.9,0.9,0.4,0.4,0.4,0.4,0.4,385.9,1.118,431.4
877,1.5,1.5,1.5,1.5,1.5,1.5,1.5,1.5,1.5,1.5,1.0,1.0,1.0,1.0,1.0,0.9,0.9,0.9,0.9,0.9,0.5,0.5,0.5,0.5,0.5,357.2,1.206,430.9
878,1.5,1.5,1.5,1.5,1.5,1.5,1.5,1.5,1.5,1.5,1.0,1.0,1.0,1.0,1.0,0.9,0.9,0.9,0.9,0.9,0.6,0.6,0.6,0.6,0.6,333.9,1.318,440.2
879,1.5,1.5,1.5,1.5,1.5,1.5,1.5,1.5,1.5,1.5,1.0,1.0,1.0,1.0,1.0,0.9,0.9,0.9,0.9,0.9,0.7,0.7,0.7,0.7,0.7,317.2,1.43,453.7
880,1.5,1.5,1.5,1.5,1.5,1.5,1.5,1.5,1.5,1.5,1.0,1.0,1.0,1.0,1.0,0.9,0.9,0.9,0.9,0.9,0.8,0.8,0.8,0.8,0.8,308.3,1.542,475.3
881,1.5,1.5,1.5,1.5,1.5,1.5,1.5,1.5,1.5,1.5,1.0,1.0,1.0,1.0,1.0,0.9,0.9,0.9,0.9,0.9,0.9,0.9,0.9,0.9,0.9,307.7,1.654,508.8
882,1.5,1.5,1.5,1.5,1.5,1.5,1.5,1.5,1.5,1.5,1.0,1.0,1.0,1.0,1.0,1.0,1.0,1.0,1.0,1.0,0.2,0.2,0.2,0.2,0.2,457.1,1.131,516.9
883,1.5,1.5,1.5,1.5,1.5,1.5,1.5,1.5,1.5,1.5,1.0,1.0,1.0,1.0,1.0,1.0,1.0,1.0,1.0,1.0,0.3,0.3,0.3,0.3,0.3,420.8,1.119,471.1
884,1.5,1.5,1.5,1.5,1.5,1.5,1.5,1.5,1.5,1.5,1.0,1.0,1.0,1.0,1.0,1.0,1.0,1.0,1.0,1.0,0.4,0.4,0.4,0.4,0.4,387.9,1.206,467.8
885,1.5,1.5,1.5,1.5,1.5,1.5,1.5,1.5,1.5,1.5,1.0,1.0,1.0,1.0,1.0,1.0,1.0,1.0,1.0,1.0,0.5,0.5,0.5,0.5,0.5,359.4,1.318,473.5
886,1.5,1.5,1.5,1.5,1.5,1.5,1.5,1.5,1.5,1.5,1.0,1.0,1.0,1.0,1.0,1.0,1.0,1.0,1.0,1.0,0.6,0.6,0.6,0.6,0.6,336.2,1.43,480.6
887,1.5,1.5,1.5,1.5,1.5,1.5,1.5,1.5,1.5,1.5,1.0,1.0,1.0,1.0,1.0,1.0,1.0,1.0,1.0,1.0,0.7,0.7,0.7,0.7,0.7,319.7,1.541,492.7
888,1.5,1.5,1.5,1.5,1.5,1.5,1.5,1.5,1.5,1.5,1.0,1.0,1.0,1.0,1.0,1.0,1.0,1.0,1.0,1.0,0.8,0.8,0.8,0.8,0.8,310.8,1.653,513.8
889,1.5,1.5,1.5,1.5,1.5,1.5,1.5,1.5,1.5,1.5,1.0,1.0,1.0,1.0,1.0,1.0,1.0,1.0,1.0,1.0,0.9,0.9,0.9,0.9,0.9,310.2,1.765,547.5
890,1.5,1.5,1.5,1.5,1.5,1.5,1.5,1.5,1.5,1.5,1.0,1.0,1.0,1.0,1.0,1.0,1.0,1.0,1.0,1.0,1.0,1.0,1.0,1.0,1.0,318.0,1.877,596.8
891,1.6,1.6,1.6,1.6,1.6,1.0,1.0,1.0,1.0,1.0,1.0,1.0,1.0,1.0,1.0,0.2,0.2,0.2,0.2,0.2,0.2,0.2,0.2,0.2,0.2,565.5,2.286,1292.7
892,1.6,1.6,1.6,1.6,1.6,1.0,1.0,1.0,1.0,1.0,1.0,1.0,1.0,1.0,1.0,0.3,0.3,0.3,0.3,0.3,0.2,0.2,0.2,0.2,0.2,534.4,2.175,1162.3
893,1.6,1.6,1.6,1.6,1.6,1.0,1.0,1.0,1.0,1.0,1.0,1.0,1.0,1.0,1.0,0.3,0.3,0.3,0.3,0.3,0.3,0.3,0.3,0.3,0.3,503.7,2.063,1039.2
894,1.6,1.6,1.6,1.6,1.6,1.0,1.0,1.0,1.0,1.0,1.0,1.0,1.0,1.0,1.0,0.4,0.4,0.4,0.4,0.4,0.2,0.2,0.2,0.2,0.2,506.5,2.064,1045.2
895,1.6,1.6,1.6,1.6,1.6,1.0,1.0,1.0,1.0,1.0,1.0,1.0,1.0,1.0,1.0,0.4,0.4,0.4,0.4,0.4,0.3,0.3,0.3,0.3,0.3,474.0,1.952,925.2
896,1.6,1.6,1.6,1.6,1.6,1.0,1.0,1.0,1.0,1.0,1.0,1.0,1.0,1.0,1.0,0.4,0.4,0.4,0.4,0.4,0.4,0.4,0.4,0.4,0.4,445.1,1.84,818.9
897,1.6,1.6,1.6,1.6,1.6,1.0,1.0,1.0,1.0,1.0,1.0,1.0,1.0,1.0,1.0,0.5,0.5,0.5,0.5,0.5,0.2,0.2,0.2,0.2,0.2,482.3,1.952,941.5
898,1.6,1.6,1.6,1.6,1.6,1.0,1.0,1.0,1.0,1.0,1.0,1.0,1.0,1.0,1.0,0.5,0.5,0.5,0.5,0.5,0.3,0.3,0.3,0.3,0.3,448.0,1.84,824.6
899,1.6,1.6,1.6,1.6,1.6,1.0,1.0,1.0,1.0,1.0,1.0,1.0,1.0,1.0,1.0,0.5,0.5,0.5,0.5,0.5,0.4,0.4,0.4,0.4,0.4,417.3,1.729,721.4
900,1.6,1.6,1.6,1.6,1.6,1.0,1.0,1.0,1.0,1.0,1.0,1.0,1.0,1.0,1.0,0.5,0.5,0.5,0.5,0.5,0.5,0.5,0.5,0.5,0.5,390.9,1.617,632.0
901,1.6,1.6,1.6,1.6,1.6,1.0,1.0,1.0,1.0,1.0,1.0,1.0,1.0,1.0,1.0,0.6,0.6,0.6,0.6,0.6,0.2,0.2,0.2,0.2,0.2,462.3,1.841,851.1
902,1.6,1.6,1.6,1.6,1.6,1.0,1.0,1.0,1.0,1.0,1.0,1.0,1.0,1.0,1.0,0.6,0.6,0.6,0.6,0.6,0.3,0.3,0.3,0.3,0.3,426.5,1.729,737.5
903,1.6,1.6,1.6,1.6,1.6,1.0,1.0,1.0,1.0,1.0,1.0,1.0,1.0,1.0,1.0,0.6,0.6,0.6,0.6,0.6,0.4,0.4,0.4,0.4,0.4,394.1,1.617,637.4
904,1.6,1.6,1.6,1.6,1.6,1.0,1.0,1.0,1.0,1.0,1.0,1.0,1.0,1.0,1.0,0.6,0.6,0.6,0.6,0.6,0.5,0.5,0.5,0.5,0.5,366.0,1.506,551.0
905,1.6,1.6,1.6,1.6,1.6,1.0,1.0,1.0,1.0,1.0,1.0,1.0,1.0,1.0,1.0,0.6,0.6,0.6,0.6,0.6,0.6,0.6,0.6,0.6,0.6,343.3,1.394,478.5
906,1.6,1.6,1.6,1.6,1.6,1.0,1.0,1.0,1.0,1.0,1.0,1.0,1.0,1.0,1.0,0.7,0.7,0.7,0.7,0.7,0.2,0.2,0.2,0.2,0.2,447.2,1.73,773.5
907,1.6,1.6,1.6,1.6,1.6,1.0,1.0,1.0,1.0,1.0,1.0,1.0,1.0,1.0,1.0,0.7,0.7,0.7,0.7,0.7,0.3,0.3,0.3,0.3,0.3,410.0,1.618,663.4
908,1.6,1.6,1.6,1.6,1.6,1.0,1.0,1.0,1.0,1.0,1.0,1.0,1.0,1.0,1.0,0.7,0.7,0.7,0.7,0.7,0.4,0.4,0.4,0.4,0.4,376.2,1.506,566.6
909,1.6,1.6,1.6,1.6,1.6,1.0,1.0,1.0,1.0,1.0,1.0,1.0,1.0,1.0,1.0,0.7,0.7,0.7,0.7,0.7,0.5,0.5,0.5,0.5,0.5,346.7,1.394,483.4
910,1.6,1.6,1.6,1.6,1.6,1.0,1.0,1.0,1.0,1.0,1.0,1.0,1.0,1.0,1.0,0.7,0.7,0.7,0.7,0.7,0.6,0.6,0.6,0.6,0.6,322.6,1.283,413.8
911,1.6,1.6,1.6,1.6,1.6,1.0,1.0,1.0,1.0,1.0,1.0,1.0,1.0,1.0,1.0,0.7,0.7,0.7,0.7,0.7,0.7,0.7,0.7,0.7,0.7,305.3,1.193,364.2
912,1.6,1.6,1.6,1.6,1.6,1.0,1.0,1.0,1.0,1.0,1.0,1.0,1.0,1.0,1.0,0.8,0.8,0.8,0.8,0.8,0.2,0.2,0.2,0.2,0.2,437.4,1.618,707.9
913,1.6,1.6,1.6,1.6,1.6,1.0,1.0,1.0,1.0,1.0,1.0,1.0,1.0,1.0,1.0,0.8,0.8,0.8,0.8,0.8,0.3,0.3,0.3,0.3,0.3,399.4,1.507,601.7
914,1.6,1.6,1.6,1.6,1.6,1.0,1.0,1.0,1.0,1.0,1.0,1.0,1.0,1.0,1.0,0.8,0.8,0.8,0.8,0.8,0.4,0.4,0.4,0.4,0.4,364.5,1.395,508.5
915,1.6,1.6,1.6,1.6,1.6,1.0,1.0,1.0,1.0,1.0,1.0,1.0,1.0,1.0,1.0,0.8,0.8,0.8,0.8,0.8,0.5,0.5,0.5,0.5,0.5,334.0,1.283,428.5
916,1.6,1.6,1.6,1.6,1.6,1.0,1.0,1.0,1.0,1.0,1.0,1.0,1.0,1.0,1.0,0.8,0.8,0.8,0.8,0.8,0.6,0.6,0.6,0.6,0.6,308.9,1.193,368.6
917,1.6,1.6,1.6,1.6,1.6,1.0,1.0,1.0,1.0,1.0,1.0,1.0,1.0,1.0,1.0,0.8,0.8,0.8,0.8,0.8,0.7,0.7,0.7,0.7,0.7,290.8,1.119,325.3
918,1.6,1.6,1.6,1.6,1.6,1.0,1.0,1.0,1.0,1.0,1.0,1.0,1.0,1.0,1.0,0.8,0.8,0.8,0.8,0.8,0.8,0.8,0.8,0.8,0.8,281.0,1.079,303.3
919,1.6,1.6,1.6,1.6,1.6,1.0,1.0,1.0,1.0,1.0,1.0,1.0,1.0,1.0,1.0,0.9,0.9,0.9,0.9,0.9,0.2,0.2,0.2,0.2,0.2,433.3,1.507,653.1
920,1.6,1.6,1.6,1.6,1.6,1.0,1.0,1.0,1.0,1.0,1.0,1.0,1.0,1.0,1.0,0.9,0.9,0.9,0.9,0.9,0.3,0.3,0.3,0.3,0.3,394.9,1.395,551.0
921,1.6,1.6,1.6,1.6,1.6,1.0,1.0,1.0,1.0,1.0,1.0,1.0,1.0,1.0,1.0,0.9,0.9,0.9,0.9,0.9,0.4,0.4,0.4,0.4,0.4,359.6,1.284,461.6
922,1.6,1.6,1.6,1.6,1.6,1.0,1.0,1.0,1.0,1.0,1.0,1.0,1.0,1.0,1.0,0.9,0.9,0.9,0.9,0.9,0.5,0.5,0.5,0.5,0.5,328.6,1.194,392.2
923,1.6,1.6,1.6,1.6,1.6,1.0,1.0,1.0,1.0,1.0,1.0,1.0,1.0,1.0,1.0,0.9,0.9,0.9,0.9,0.9,0.6,0.6,0.6,0.6,0.6,303.1,1.119,339.2
924,1.6,1.6,1.6,1.6,1.6,1.0,1.0,1.0,1.0,1.0,1.0,1.0,1.0,1.0,1.0,0.9,0.9,0.9,0.9,0.9,0.7,0.7,0.7,0.7,0.7,284.7,1.079,307.3
925,1.6,1.6,1.6,1.6,1.6,1.0,1.0,1.0,1.0,1.0,1.0,1.0,1.0,1.0,1.0,0.9,0.9,0.9,0.9,0.9,0.8,0.8,0.8,0.8,0.8,274.6,1.164,319.6
926,1.6,1.6,1.6,1.6,1.6,1.0,1.0,1.0,1.0,1.0,1.0,1.0,1.0,1.0,1.0,0.9,0.9,0.9,0.9,0.9,0.9,0.9,0.9,0.9,0.9,274.0,1.275,349.5
927,1.6,1.6,1.6,1.6,1.6,1.0,1.0,1.0,1.0,1.0,1.0,1.0,1.0,1.0,1.0,1.0,1.0,1.0,1.0,1.0,0.2,0.2,0.2,0.2,0.2,435.1,1.396,607.4
928,1.6,1.6,1.6,1.6,1.6,1.0,1.0,1.0,1.0,1.0,1.0,1.0,1.0,1.0,1.0,1.0,1.0,1.0,1.0,1.0,0.3,0.3,0.3,0.3,0.3,396.8,1.284,509.6
929,1.6,1.6,1.6,1.6,1.6,1.0,1.0,1.0,1.0,1.0,1.0,1.0,1.0,1.0,1.0,1.0,1.0,1.0,1.0,1.0,0.4,0.4,0.4,0.4,0.4,361.8,1.194,432.0
930,1.6,1.6,1.6,1.6,1.6,1.0,1.0,1.0,1.0,1.0,1.0,1.0,1.0,1.0,1.0,1.0,1.0,1.0,1.0,1.0,0.5,0.5,0.5,0.5,0.5,331.0,1.119,370.5
931,1.6,1.6,1.6,1.6,1.6,1.0,1.0,1.0,1.0,1.0,1.0,1.0,1.0,1.0,1.0,1.0,1.0,1.0,1.0,1.0,0.6,0.6,0.6,0.6,0.6,305.7,1.079,329.9
932,1.6,1.6,1.6,1.6,1.6,1.0,1.0,1.0,1.0,1.0,1.0,1.0,1.0,1.0,1.0,1.0,1.0,1.0,1.0,1.0,0.7,0.7,0.7,0.7,0.7,287.4,1.163,334.2
933,1.6,1.6,1.6,1.6,1.6,1.0,1.0,1.0,1.0,1.0,1.0,1.0,1.0,1.0,1.0,1.0,1.0,1.0,1.0,1.0,0.8,0.8,0.8,0.8,0.8,277.5,1.275,353.7
934,1.6,1.6,1.6,1.6,1.6,1.0,1.0,1.0,1.0,1.0,1.0,1.0,1.0,1.0,1.0,1.0,1.0,1.0,1.0,1.0,0.9,0.9,0.9,0.9,0.9,276.8,1.387,383.9
935,1.6,1.6,1.6,1.6,1.6,1.0,1.0,1.0,1.0,1.0,1.0,1.0,1.0,1.0,1.0,1.0,1.0,1.0,1.0,1.0,1.0,1.0,1.0,1.0,1.0,285.5,1.498,427.9
936,1.6,1.6,1.6,1.6,1.6,1.1,1.1,1.1,1.1,1.1,1.0,1.0,1.0,1.0,1.0,0.2,0.2,0.2,0.2,0.2,0.2,0.2,0.2,0.2,0.2,564.2,2.194,1237.9
937,1.6,1.6,1.6,1.6,1.6,1.1,1.1,1.1,1.1,1.1,1.0,1.0,1.0,1.0,1.0,0.3,0.3,0.3,0.3,0.3,0.2,0.2,0.2,0.2,0.2,533.0,2.083,1110.3
938,1.6,1.6,1.6,1.6,1.6,1.1,1.1,1.1,1.1,1.1,1.0,1.0,1.0,1.0,1.0,0.3,0.3,0.3,0.3,0.3,0.3,0.3,0.3,0.3,0.3,502.3,1.971,990.0
939,1.6,1.6,1.6,1.6,1.6,1.1,1.1,1.1,1.1,1.1,1.0,1.0,1.0,1.0,1.0,0.4,0.4,0.4,0.4,0.4,0.2,0.2,0.2,0.2,0.2,505.0,1.972,995.8
940,1.6,1.6,1.6,1.6,1.6,1.1,1.1,1.1,1.1,1.1,1.0,1.0,1.0,1.0,1.0,0.4,0.4,0.4,0.4,0.4,0.3,0.3,0.3,0.3,0.3,472.5,1.86,878.7
941,1.6,1.6,1.6,1.6,1.6,1.1,1.1,1.1,1.1,1.1,1.0,1.0,1.0,1.0,1.0,0.4,0.4,0.4,0.4,0.4,0.4,0.4,0.4,0.4,0.4,443.4,1.748,775.1
942,1.6,1.6,1.6,1.6,1.6,1.1,1.1,1.1,1.1,1.1,1.0,1.0,1.0,1.0,1.0,0.5,0.5,0.5,0.5,0.5,0.2,0.2,0.2,0.2,0.2,480.7,1.86,894.4
943,1.6,1.6,1.6,1.6,1.6,1.1,1.1,1.1,1.1,1.1,1.0,1.0,1.0,1.0,1.0,0.5,0.5,0.5,0.5,0.5,0.3,0.3,0.3,0.3,0.3,446.4,1.749,780.5
944,1.6,1.6,1.6,1.6,1.6,1.1,1.1,1.1,1.1,1.1,1.0,1.0,1.0,1.0,1.0,0.5,0.5,0.5,0.5,0.5,0.4,0.4,0.4,0.4,0.4,415.5,1.637,680.1
945,1.6,1.6,1.6,1.6,1.6,1.1,1.1,1.1,1.1,1.1,1.0,1.0,1.0,1.0,1.0,0.5,0.5,0.5,0.5,0.5,0.5,0.5,0.5,0.5,0.5,389.0,1.525,593.2
946,1.6,1.6,1.6,1.6,1.6,1.1,1.1,1.1,1.1,1.1,1.0,1.0,1.0,1.0,1.0,0.6,0.6,0.6,0.6,0.6,0.2,0.2,0.2,0.2,0.2,460.7,1.749,805.8
947,1.6,1.6,1.6,1.6,1.6,1.1,1.1,1.1,1.1,1.1,1.0,1.0,1.0,1.0,1.0,0.6,0.6,0.6,0.6,0.6,0.3,0.3,0.3,0.3,0.3,424.8,1.637,695.4
948,1.6,1.6,1.6,1.6,1.6,1.1,1.1,1.1,1.1,1.1,1.0,1.0,1.0,1.0,1.0,0.6,0.6,0.6,0.6,0.6,0.4,0.4,0.4,0.4,0.4,392.2,1.525,598.3
949,1.6,1.6,1.6,1.6,1.6,1.1,1.1,1.1,1.1,1.1,1.0,1.0,1.0,1.0,1.0,0.6,0.6,0.6,0.6,0.6,0.5,0.5,0.5,0.5,0.5,364.0,1.414,514.5
950,1.6,1.6,1.6,1.6,1.6,1.1,1.1,1.1,1.1,1.1,1.0,1.0,1.0,1.0,1.0,0.6,0.6,0.6,0.6,0.6,0.6,0.6,0.6,0.6,0.6,341.1,1.302,444.1
951,1.6,1.6,1.6,1.6,1.6,1.1,1.1,1.1,1.1,1.1,1.0,1.0,1.0,1.0,1.0,0.7,0.7,0.7,0.7,0.7,0.2,0.2,0.2,0.2,0.2,445.5,1.638,729.7
952,1.6,1.6,1.6,1.6,1.6,1.1,1.1,1.1,1.1,1.1,1.0,1.0,1.0,1.0,1.0,0.7,0.7,0.7,0.7,0.7,0.3,0.3,0.3,0.3,0.3,408.2,1.526,623.0
953,1.6,1.6,1.6,1.6,1.6,1.1,1.1,1.1,1.1,1.1,1.0,1.0,1.0,1.0,1.0,0.7,0.7,0.7,0.7,0.7,0.4,0.4,0.4,0.4,0.4,374.2,1.414,529.3
954,1.6,1.6,1.6,1.6,1.6,1.1,1.1,1.1,1.1,1.1,1.0,1.0,1.0,1.0,1.0,0.7,0.7,0.7,0.7,0.7,0.5,0.5,0.5,0.5,0.5,344.5,1.302,448.7
955,1.6,1.6,1.6,1.6,1.6,1.1,1.1,1.1,1.1,1.1,1.0,1.0,1.0,1.0,1.0,0.7,0.7,0.7,0.7,0.7,0.6,0.6,0.6,0.6,0.6,320.3,1.217,389.9
956,1.6,1.6,1.6,1.6,1.6,1.1,1.1,1.1,1.1,1.1,1.0,1.0,1.0,1.0,1.0,0.7,0.7,0.7,0.7,0.7,0.7,0.7,0.7,0.7,0.7,302.9,1.143,346.1
957,1.6,1.6,1.6,1.6,1.6,1.1,1.1,1.1,1.1,1.1,1.0,1.0,1.0,1.0,1.0,0.8,0.8,0.8,0.8,0.8,0.2,0.2,0.2,0.2,0.2,435.7,1.527,665.1
958,1.6,1.6,1.6,1.6,1.6,1.1,1.1,1.1,1.1,1.1,1.0,1.0,1.0,1.0,1.0,0.8,0.8,0.8,0.8,0.8,0.3,0.3,0.3,0.3,0.3,397.5,1.415,562.4
959,1.6,1.6,1.6,1.6,1.6,1.1,1.1,1.1,1.1,1.1,1.0,1.0,1.0,1.0,1.0,0.8,0.8,0.8,0.8,0.8,0.4,0.4,0.4,0.4,0.4,362.5,1.303,472.3
960,1.6,1.6,1.6,1.6,1.6,1.1,1.1,1.1,1.1,1.1,1.0,1.0,1.0,1.0,1.0,0.8,0.8,0.8,0.8,0.8,0.5,0.5,0.5,0.5,0.5,331.8,1.218,404.0
961,1.6,1.6,1.6,1.6,1.6,1.1,1.1,1.1,1.1,1.1,1.0,1.0,1.0,1.0,1.0,0.8,0.8,0.8,0.8,0.8,0.6,0.6,0.6,0.6,0.6,306.5,1.143,350.4
962,1.6,1.6,1.6,1.6,1.6,1.1,1.1,1.1,1.1,1.1,1.0,1.0,1.0,1.0,1.0,0.8,0.8,0.8,0.8,0.8,0.7,0.7,0.7,0.7,0.7,288.3,1.091,314.5
963,1.6,1.6,1.6,1.6,1.6,1.1,1.1,1.1,1.1,1.1,1.0,1.0,1.0,1.0,1.0,0.8,0.8,0.8,0.8,0.8,0.8,0.8,0.8,0.8,0.8,278.4,1.144,318.6
964,1.6,1.6,1.6,1.6,1.6,1.1,1.1,1.1,1.1,1.1,1.0,1.0,1.0,1.0,1.0,0.9,0.9,0.9,0.9,0.9,0.2,0.2,0.2,0.2,0.2,431.6,1.415,610.9
965,1.6,1.6,1.6,1.6,1.6,1.1,1.1,1.1,1.1,1.1,1.0,1.0,1.0,1.0,1.0,0.9,0.9,0.9,0.9,0.9,0.3,0.3,0.3,0.3,0.3,393.0,1.303,512.3
966,1.6,1.6,1.6,1.6,1.6,1.1,1.1,1.1,1.1,1.1,1.0,1.0,1.0,1.0,1.0,0.9,0.9,0.9,0.9,0.9,0.4,0.4,0.4,0.4,0.4,357.6,1.218,435.5
967,1.6,1.6,1.6,1.6,1.6,1.1,1.1,1.1,1.1,1.1,1.0,1.0,1.0,1.0,1.0,0.9,0.9,0.9,0.9,0.9,0.5,0.5,0.5,0.5,0.5,326.4,1.143,373.2
968,1.6,1.6,1.6,1.6,1.6,1.1,1.1,1.1,1.1,1.1,1.0,1.0,1.0,1.0,1.0,0.9,0.9,0.9,0.9,0.9,0.6,0.6,0.6,0.6,0.6,300.7,1.091,328.0
969,1.6,1.6,1.6,1.6,1.6,1.1,1.1,1.1,1.1,1.1,1.0,1.0,1.0,1.0,1.0,0.9,0.9,0.9,0.9,0.9,0.7,0.7,0.7,0.7,0.7,282.1,1.144,322.6
970,1.6,1.6,1.6,1.6,1.6,1.1,1.1,1.1,1.1,1.1,1.0,1.0,1.0,1.0,1.0,0.9,0.9,0.9,0.9,0.9,0.8,0.8,0.8,0.8,0.8,271.9,1.256,341.4
971,1.6,1.6,1.6,1.6,1.6,1.1,1.1,1.1,1.1,1.1,1.0,1.0,1.0,1.0,1.0,0.9,0.9,0.9,0.9,0.9,0.9,0.9,0.9,0.9,0.9,271.3,1.367,371.0
972,1.6,1.6,1.6,1.6,1.6,1.1,1.1,1.1,1.1,1.1,1.0,1.0,1.0,1.0,1.0,1.0,1.0,1.0,1.0,1.0,0.2,0.2,0.2,0.2,0.2,433.4,1.304,565.2
973,1.6,1.6,1.6,1.6,1.6,1.1,1.1,1.1,1.1,1.1,1.0,1.0,1.0,1.0,1.0,1.0,1.0,1.0,1.0,1.0,0.3,0.3,0.3,0.3,0.3,395.0,1.218,481.3
974,1.6,1.6,1.6,1.6,1.6,1.1,1.1,1.1,1.1,1.1,1.0,1.0,1.0,1.0,1.0,1.0,1.0,1.0,1.0,1.0,0.4,0.4,0.4,0.4,0.4,359.7,1.144,411.5
975,1.6,1.6,1.6,1.6,1.6,1.1,1.1,1.1,1.1,1.1,1.0,1.0,1.0,1.0,1.0,1.0,1.0,1.0,1.0,1.0,0.5,0.5,0.5,0.5,0.5,328.7,1.091,358.6
976,1.6,1.6,1.6,1.6,1.6,1.1,1.1,1.1,1.1,1.1,1.0,1.0,1.0,1.0,1.0,1.0,1.0,1.0,1.0,1.0,0.6,0.6,0.6,0.6,0.6,303.2,1.143,346.7
977,1.6,1.6,1.6,1.6,1.6,1.1,1.1,1.1,1.1,1.1,1.0,1.0,1.0,1.0,1.0,1.0,1.0,1.0,1.0,1.0,0.7,0.7,0.7,0.7,0.7,284.8,1.255,357.4
978,1.6,1.6,1.6,1.6,1.6,1.1,1.1,1.1,1.1,1.1,1.0,1.0,1.0,1.0,1.0,1.0,1.0,1.0,1.0,1.0,0.8,0.8,0.8,0.8,0.8,274.8,1.367,375.6
979,1.6,1.6,1.6,1.6,1.6,1.1,1.1,1.1,1.1,1.1,1.0,1.0,1.0,1.0,1.0,1.0,1.0,1.0,1.0,1.0,0.9,0.9,0.9,0.9,0.9,274.1,1.479,405.3
980,1.6,1.6,1.6,1.6,1.6,1.1,1.1,1.1,1.1,1.1,1.0,1.0,1.0,1.0,1.0,1.0,1.0,1.0,1.0,1.0,1.0,1.0,1.0,1.0,1.0,282.9,1.59,450.0
981,1.6,1.6,1.6,1.6,1.6,1.2,1.2,1.2,1.2,1.2,1.0,1.0,1.0,1.0,1.0,0.2,0.2,0.2,0.2,0.2,0.2,0.2,0.2,0.2,0.2,566.0,2.102,1189.8
982,1.6,1.6,1.6,1.6,1.6,1.2,1.2,1.2,1.2,1.2,1.0,1.0,1.0,1.0,1.0,0.3,0.3,0.3,0.3,0.3,0.2,0.2,0.2,0.2,0.2,534.9,1.991,1065.1
983,1.6,1.6,1.6,1.6,1.6,1.2,1.2,1.2,1.2,1.2,1.0,1.0,1.0,1.0,1.0,0.3,0.3,0.3,0.3,0.3,0.3,0.3,0.3,0.3,0.3,504.3,1.879,947.7
984,1.6,1.6,1.6,1.6,1.6,1.2,1.2,1.2,1.2,1.2,1.0,1.0,1.0,1.0,1.0,0.4,0.4,0.4,0.4,0.4,0.2,0.2,0.2,0.2,0.2,507.1,1.88,953.1
985,1.6,1.6,1.6,1.6,1.6,1.2,1.2,1.2,1.2,1.2,1.0,1.0,1.0,1.0,1.0,0.4,0.4,0.4,0.4,0.4,0.3,0.3,0.3,0.3,0.3,474.6,1.768,839.1
986,1.6,1.6,1.6,1.6,1.6,1.2,1.2,1.2,1.2,1.2,1.0,1.0,1.0,1.0,1.0,0.4,0.4,0.4,0.4,0.4,0.4,0.4,0.4,0.4,0.4,445.7,1.656,738.2
987,1.6,1.6,1.6,1.6,1.6,1.2,1.2,1.2,1.2,1.2,1.0,1.0,1.0,1.0,1.0,0.5,0.5,0.5,0.5,0.5,0.2,0.2,0.2,0.2,0.2,482.9,1.768,853.9
988,1.6,1.6,1.6,1.6,1.6,1.2,1.2,1.2,1.2,1.2,1.0,1.0,1.0,1.0,1.0,0.5,0.5,0.5,0.5,0.5,0.3,0.3,0.3,0.3,0.3,448.7,1.657,743.3
989,1.6,1.6,1.6,1.6,1.6,1.2,1.2,1.2,1.2,1.2,1.0,1.0,1.0,1.0,1.0,0.5,0.5,0.5,0.5,0.5,0.4,0.4,0.4,0.4,0.4,418.0,1.545,645.7
990,1.6,1.6,1.6,1.6,1.6,1.2,1.2,1.2,1.2,1.2,1.0,1.0,1.0,1.0,1.0,0.5,0.5,0.5,0.5,0.5,0.5,0.5,0.5,0.5,0.5,391.6,1.433,561.2
991,1.6,1.6,1.6,1.6,1.6,1.2,1.2,1.2,1.2,1.2,1.0,1.0,1.0,1.0,1.0,0.6,0.6,0.6,0.6,0.6,0.2,0.2,0.2,0.2,0.2,462.9,1.657,767.1
992,1.6,1.6,1.6,1.6,1.6,1.2,1.2,1.2,1.2,1.2,1.0,1.0,1.0,1.0,1.0,0.6,0.6,0.6,0.6,0.6,0.3,0.3,0.3,0.3,0.3,427.1,1.545,660.1
993,1.6,1.6,1.6,1.6,1.6,1.2,1.2,1.2,1.2,1.2,1.0,1.0,1.0,1.0,1.0,0.6,0.6,0.6,0.6,0.6,0.4,0.4,0.4,0.4,0.4,394.8,1.434,565.9
994,1.6,1.6,1.6,1.6,1.6,1.2,1.2,1.2,1.2,1.2,1.0,1.0,1.0,1.0,1.0,0.6,0.6,0.6,0.6,0.6,0.5,0.5,0.5,0.5,0.5,366.7,1.322,484.8
995,1.6,1.6,1.6,1.6,1.6,1.2,1.2,1.2,1.2,1.2,1.0,1.0,1.0,1.0,1.0,0.6,0.6,0.6,0.6,0.6,0.6,0.6,0.6,0.6,0.6,344.1,1.241,427.1
996,1.6,1.6,1.6,1.6,1.6,1.2,1.2,1.2,1.2,1.2,1.0,1.0,1.0,1.0,1.0,0.7,0.7,0.7,0.7,0.7,0.2,0.2,0.2,0.2,0.2,447.8,1.546,692.3
997,1.6,1.6,1.6,1.6,1.6,1.2,1.2,1.2,1.2,1.2,1.0,1.0,1.0,1.0,1.0,0.7,0.7,0.7,0.7,0.7,0.3,0.3,0.3,0.3,0.3,410.7,1.434,589.0
998,1.6,1.6,1.6,1.6,1.6,1.2,1.2,1.2,1.2,1.2,1.0,1.0,1.0,1.0,1.0,0.7,0.7,0.7,0.7,0.7,0.4,0.4,0.4,0.4,0.4,377.0,1.322,498.5
999,1.6,1.6,1.6,1.6,1.6,1.2,1.2,1.2,1.2,1.2,1.0,1.0,1.0,1.0,1.0,0.7,0.7,0.7,0.7,0.7,0.5,0.5,0.5,0.5,0.5,347.5,1.242,431.5
1000,1.6,1.6,1.6,1.6,1.6,1.2,1.2,1.2,1.2,1.2,1.0,1.0,1.0,1.0,1.0,0.7,0.7,0.7,0.7,0.7,0.6,0.6,0.6,0.6,0.6,323.5,1.167,377.6
1001,1.6,1.6,1.6,1.6,1.6,1.2,1.2,1.2,1.2,1.2,1.0,1.0,1.0,1.0,1.0,0.7,0.7,0.7,0.7,0.7,0.7,0.7,0.7,0.7,0.7,306.3,1.102,337.6
1002,1.6,1.6,1.6,1.6,1.6,1.2,1.2,1.2,1.2,1.2,1.0,1.0,1.0,1.0,1.0,0.8,0.8,0.8,0.8,0.8,0.2,0.2,0.2,0.2,0.2,438.1,1.435,628.4
1003,1.6,1.6,1.6,1.6,1.6,1.2,1.2,1.2,1.2,1.2,1.0,1.0,1.0,1.0,1.0,0.8,0.8,0.8,0.8,0.8,0.3,0.3,0.3,0.3,0.3,400.1,1.323,529.2
1004,1.6,1.6,1.6,1.6,1.6,1.2,1.2,1.2,1.2,1.2,1.0,1.0,1.0,1.0,1.0,0.8,0.8,0.8,0.8,0.8,0.4,0.4,0.4,0.4,0.4,365.3,1.242,453.8
1005,1.6,1.6,1.6,1.6,1.6,1.2,1.2,1.2,1.2,1.2,1.0,1.0,1.0,1.0,1.0,0.8,0.8,0.8,0.8,0.8,0.5,0.5,0.5,0.5,0.5,334.8,1.168,390.9
1006,1.6,1.6,1.6,1.6,1.6,1.2,1.2,1.2,1.2,1.2,1.0,1.0,1.0,1.0,1.0,0.8,0.8,0.8,0.8,0.8,0.6,0.6,0.6,0.6,0.6,309.8,1.102,341.5
1007,1.6,1.6,1.6,1.6,1.6,1.2,1.2,1.2,1.2,1.2,1.0,1.0,1.0,1.0,1.0,0.8,0.8,0.8,0.8,0.8,0.7,0.7,0.7,0.7,0.7,291.8,1.125,328.1
1008,1.6,1.6,1.6,1.6,1.6,1.2,1.2,1.2,1.2,1.2,1.0,1.0,1.0,1.0,1.0,0.8,0.8,0.8,0.8,0.8,0.8,0.8,0.8,0.8,0.8,282.0,1.236,348.7
1009,1.6,1.6,1.6,1.6,1.6,1.2,1.2,1.2,1.2,1.2,1.0,1.0,1.0,1.0,1.0,0.9,0.9,0.9,0.9,0.9,0.2,0.2,0.2,0.2,0.2,434.0,1.323,574.3
1010,1.6,1.6,1.6,1.6,1.6,1.2,1.2,1.2,1.2,1.2,1.0,1.0,1.0,1.0,1.0,0.9,0.9,0.9,0.9,0.9,0.3,0.3,0.3,0.3,0.3,395.6,1.243,491.5
1011,1.6,1.6,1.6,1.6,1.6,1.2,1.2,1.2,1.2,1.2,1.0,1.0,1.0,1.0,1.0,0.9,0.9,0.9,0.9,0.9,0.4,0.4,0.4,0.4,0.4,360.4,1.168,420.9
1012,1.6,1.6,1.6,1.6,1.6,1.2,1.2,1.2,1.2,1.2,1.0,1.0,1.0,1.0,1.0,0.9,0.9,0.9,0.9,0.9,0.5,0.5,0.5,0.5,0.5,329.5,1.102,363.2
1013,1.6,1.6,1.6,1.6,1.6,1.2,1.2,1.2,1.2,1.2,1.0,1.0,1.0,1.0,1.0,0.9,0.9,0.9,0.9,0.9,0.6,0.6,0.6,0.6,0.6,304.1,1.126,342.4
1014,1.6,1.6,1.6,1.6,1.6,1.2,1.2,1.2,1.2,1.2,1.0,1.0,1.0,1.0,1.0,0.9,0.9,0.9,0.9,0.9,0.7,0.7,0.7,0.7,0.7,285.6,1.236,353.0
1015,1.6,1.6,1.6,1.6,1.6,1.2,1.2,1.2,1.2,1.2,1.0,1.0,1.0,1.0,1.0,0.9,0.9,0.9,0.9,0.9,0.8,0.8,0.8,0.8,0.8,275.7,1.347,371.5
1016,1.6,1.6,1.6,1.6,1.6,1.2,1.2,1.2,1.2,1.2,1.0,1.0,1.0,1.0,1.0,0.9,0.9,0.9,0.9,0.9,0.9,0.9,0.9,0.9,0.9,275.0,1.459,401.3
1017,1.6,1.6,1.6,1.6,1.6,1.2,1.2,1.2,1.2,1.2,1.0,1.0,1.0,1.0,1.0,1.0,1.0,1.0,1.0,1.0,0.2,0.2,0.2,0.2,0.2,435.8,1.243,541.6
1018,1.6,1.6,1.6,1.6,1.6,1.2,1.2,1.2,1.2,1.2,1.0,1.0,1.0,1.0,1.0,1.0,1.0,1.0,1.0,1.0,0.3,0.3,0.3,0.3,0.3,397.5,1.168,464.5
1019,1.6,1.6,1.6,1.6,1.6,1.2,1.2,1.2,1.2,1.2,1.0,1.0,1.0,1.0,1.0,1.0,1.0,1.0,1.0,1.0,0.4,0.4,0.4,0.4,0.4,362.6,1.102,399.7
1020,1.6,1.6,1.6,1.6,1.6,1.2,1.2,1.2,1.2,1.2,1.0,1.0,1.0,1.0,1.0,1.0,1.0,1.0,1.0,1.0,0.5,0.5,0.5,0.5,0.5,331.8,1.128,374.1
1021,1.6,1.6,1.6,1.6,1.6,1.2,1.2,1.2,1.2,1.2,1.0,1.0,1.0,1.0,1.0,1.0,1.0,1.0,1.0,1.0,0.6,0.6,0.6,0.6,0.6,306.6,1.235,378.7
1022,1.6,1.6,1.6,1.6,1.6,1.2,1.2,1.2,1.2,1.2,1.0,1.0,1.0,1.0,1.0,1.0,1.0,1.0,1.0,1.0,0.7,0.7,0.7,0.7,0.7,288.3,1.347,388.4
1023,1.6,1.6,1.6,1.6,1.6,1.2,1.2,1.2,1.2,1.2,1.0,1.0,1.0,1.0,1.0,1.0,1.0,1.0,1.0,1.0,0.8,0.8,0.8,0.8,0.8,278.5,1.459,406.2
1024,1.6,1.6,1.6,1.6,1.6,1.2,1.2,1.2,1.2,1.2,1.0,1.0,1.0,1.0,1.0,1.0,1.0,1.0,1.0,1.0,0.9,0.9,0.9,0.9,0.9,277.8,1.571,436.3
1025,1.6,1.6,1.6,1.6,1.6,1.2,1.2,1.2,1.2,1.2,1.0,1.0,1.0,1.0,1.0,1.0,1.0,1.0,1.0,1.0,1.0,1.0,1.0,1.0,1.0,286.5,1.682,482.0
1026,1.6,1.6,1.6,1.6,1.6,1.3,1.3,1.3,1.3,1.3,1.0,1.0,1.0,1.0,1.0,0.2,0.2,0.2,0.2,0.2,0.2,0.2,0.2,0.2,0.2,570.9,2.01,1147.6
1027,1.6,1.6,1.6,1.6,1.6,1.3,1.3,1.3,1.3,1.3,1.0,1.0,1.0,1.0,1.0,0.3,0.3,0.3,0.3,0.3,0.2,0.2,0.2,0.2,0.2,540.1,1.899,1025.7
1028,1.6,1.6,1.6,1.6,1.6,1.3,1.3,1.3,1.3,1.3,1.0,1.0,1.0,1.0,1.0,0.3,0.3,0.3,0.3,0.3,0.3,0.3,0.3,0.3,0.3,509.8,1.787,911.1
1029,1.6,1.6,1.6,1.6,1.6,1.3,1.3,1.3,1.3,1.3,1.0,1.0,1.0,1.0,1.0,0.4,0.4,0.4,0.4,0.4,0.2,0.2,0.2,0.2,0.2,512.5,1.788,916.3
1030,1.6,1.6,1.6,1.6,1.6,1.3,1.3,1.3,1.3,1.3,1.0,1.0,1.0,1.0,1.0,0.4,0.4,0.4,0.4,0.4,0.3,0.3,0.3,0.3,0.3,480.4,1.676,805.2
1031,1.6,1.6,1.6,1.6,1.6,1.3,1.3,1.3,1.3,1.3,1.0,1.0,1.0,1.0,1.0,0.4,0.4,0.4,0.4,0.4,0.4,0.4,0.4,0.4,0.4,451.9,1.564,706.9
1032,1.6,1.6,1.6,1.6,1.6,1.3,1.3,1.3,1.3,1.3,1.0,1.0,1.0,1.0,1.0,0.5,0.5,0.5,0.5,0.5,0.2,0.2,0.2,0.2,0.2,488.6,1.677,819.1
1033,1.6,1.6,1.6,1.6,1.6,1.3,1.3,1.3,1.3,1.3,1.0,1.0,1.0,1.0,1.0,0.5,0.5,0.5,0.5,0.5,0.3,0.3,0.3,0.3,0.3,454.8,1.565,711.7
1034,1.6,1.6,1.6,1.6,1.6,1.3,1.3,1.3,1.3,1.3,1.0,1.0,1.0,1.0,1.0,0.5,0.5,0.5,0.5,0.5,0.4,0.4,0.4,0.4,0.4,424.6,1.453,616.9
1035,1.6,1.6,1.6,1.6,1.6,1.3,1.3,1.3,1.3,1.3,1.0,1.0,1.0,1.0,1.0,0.5,0.5,0.5,0.5,0.5,0.5,0.5,0.5,0.5,0.5,398.6,1.341,534.6
1036,1.6,1.6,1.6,1.6,1.6,1.3,1.3,1.3,1.3,1.3,1.0,1.0,1.0,1.0,1.0,0.6,0.6,0.6,0.6,0.6,0.2,0.2,0.2,0.2,0.2,468.9,1.565,733.9
1037,1.6,1.6,1.6,1.6,1.6,1.3,1.3,1.3,1.3,1.3,1.0,1.0,1.0,1.0,1.0,0.6,0.6,0.6,0.6,0.6,0.3,0.3,0.3,0.3,0.3,433.6,1.453,630.2
1038,1.6,1.6,1.6,1.6,1.6,1.3,1.3,1.3,1.3,1.3,1.0,1.0,1.0,1.0,1.0,0.6,0.6,0.6,0.6,0.6,0.4,0.4,0.4,0.4,0.4,401.8,1.342,539.0
1039,1.6,1.6,1.6,1.6,1.6,1.3,1.3,1.3,1.3,1.3,1.0,1.0,1.0,1.0,1.0,0.6,0.6,0.6,0.6,0.6,0.5,0.5,0.5,0.5,0.5,374.2,1.266,473.7
1040,1.6,1.6,1.6,1.6,1.6,1.3,1.3,1.3,1.3,1.3,1.0,1.0,1.0,1.0,1.0,0.6,0.6,0.6,0.6,0.6,0.6,0.6,0.6,0.6,0.6,352.1,1.191,419.4
1041,1.6,1.6,1.6,1.6,1.6,1.3,1.3,1.3,1.3,1.3,1.0,1.0,1.0,1.0,1.0,0.7,0.7,0.7,0.7,0.7,0.2,0.2,0.2,0.2,0.2,454.0,1.454,660.1
1042,1.6,1.6,1.6,1.6,1.6,1.3,1.3,1.3,1.3,1.3,1.0,1.0,1.0,1.0,1.0,0.7,0.7,0.7,0.7,0.7,0.3,0.3,0.3,0.3,0.3,417.4,1.342,560.3
1043,1.6,1.6,1.6,1.6,1.6,1.3,1.3,1.3,1.3,1.3,1.0,1.0,1.0,1.0,1.0,0.7,0.7,0.7,0.7,0.7,0.4,0.4,0.4,0.4,0.4,384.3,1.266,486.6
1044,1.6,1.6,1.6,1.6,1.6,1.3,1.3,1.3,1.3,1.3,1.0,1.0,1.0,1.0,1.0,0.7,0.7,0.7,0.7,0.7,0.5,0.5,0.5,0.5,0.5,355.4,1.192,423.5
1045,1.6,1.6,1.6,1.6,1.6,1.3,1.3,1.3,1.3,1.3,1.0,1.0,1.0,1.0,1.0,0.7,0.7,0.7,0.7,0.7,0.6,0.6,0.6,0.6,0.6,332.0,1.117,370.8
1046,1.6,1.6,1.6,1.6,1.6,1.3,1.3,1.3,1.3,1.3,1.0,1.0,1.0,1.0,1.0,0.7,0.7,0.7,0.7,0.7,0.7,0.7,0.7,0.7,0.7,315.2,1.117,352.0
1047,1.6,1.6,1.6,1.6,1.6,1.3,1.3,1.3,1.3,1.3,1.0,1.0,1.0,1.0,1.0,0.8,0.8,0.8,0.8,0.8,0.2,0.2,0.2,0.2,0.2,444.4,1.343,596.6
1048,1.6,1.6,1.6,1.6,1.6,1.3,1.3,1.3,1.3,1.3,1.0,1.0,1.0,1.0,1.0,0.8,0.8,0.8,0.8,0.8,0.3,0.3,0.3,0.3,0.3,406.9,1.267,515.4
1049,1.6,1.6,1.6,1.6,1.6,1.3,1.3,1.3,1.3,1.3,1.0,1.0,1.0,1.0,1.0,0.8,0.8,0.8,0.8,0.8,0.4,0.4,0.4,0.4,0.4,372.8,1.192,444.4
1050,1.6,1.6,1.6,1.6,1.6,1.3,1.3,1.3,1.3,1.3,1.0,1.0,1.0,1.0,1.0,0.8,0.8,0.8,0.8,0.8,0.5,0.5,0.5,0.5,0.5,343.0,1.117,383.3
1051,1.6,1.6,1.6,1.6,1.6,1.3,1.3,1.3,1.3,1.3,1.0,1.0,1.0,1.0,1.0,0.8,0.8,0.8,0.8,0.8,0.6,0.6,0.6,0.6,0.6,318.7,1.118,356.4
1052,1.6,1.6,1.6,1.6,1.6,1.3,1.3,1.3,1.3,1.3,1.0,1.0,1.0,1.0,1.0,0.8,0.8,0.8,0.8,0.8,0.7,0.7,0.7,0.7,0.7,301.2,1.216,366.3
1053,1.6,1.6,1.6,1.6,1.6,1.3,1.3,1.3,1.3,1.3,1.0,1.0,1.0,1.0,1.0,0.8,0.8,0.8,0.8,0.8,0.8,0.8,0.8,0.8,0.8,291.7,1.328,387.4
1054,1.6,1.6,1.6,1.6,1.6,1.3,1.3,1.3,1.3,1.3,1.0,1.0,1.0,1.0,1.0,0.9,0.9,0.9,0.9,0.9,0.2,0.2,0.2,0.2,0.2,440.3,1.267,557.9
1055,1.6,1.6,1.6,1.6,1.6,1.3,1.3,1.3,1.3,1.3,1.0,1.0,1.0,1.0,1.0,0.9,0.9,0.9,0.9,0.9,0.3,0.3,0.3,0.3,0.3,402.6,1.192,480.0
1056,1.6,1.6,1.6,1.6,1.6,1.3,1.3,1.3,1.3,1.3,1.0,1.0,1.0,1.0,1.0,0.9,0.9,0.9,0.9,0.9,0.4,0.4,0.4,0.4,0.4,368.0,1.118,411.4
1057,1.6,1.6,1.6,1.6,1.6,1.3,1.3,1.3,1.3,1.3,1.0,1.0,1.0,1.0,1.0,0.9,0.9,0.9,0.9,0.9,0.5,0.5,0.5,0.5,0.5,337.8,1.12,378.3
1058,1.6,1.6,1.6,1.6,1.6,1.3,1.3,1.3,1.3,1.3,1.0,1.0,1.0,1.0,1.0,0.9,0.9,0.9,0.9,0.9,0.6,0.6,0.6,0.6,0.6,313.1,1.216,380.6
1059,1.6,1.6,1.6,1.6,1.6,1.3,1.3,1.3,1.3,1.3,1.0,1.0,1.0,1.0,1.0,0.9,0.9,0.9,0.9,0.9,0.7,0.7,0.7,0.7,0.7,295.2,1.328,391.9
1060,1.6,1.6,1.6,1.6,1.6,1.3,1.3,1.3,1.3,1.3,1.0,1.0,1.0,1.0,1.0,0.9,0.9,0.9,0.9,0.9,0.8,0.8,0.8,0.8,0.8,285.6,1.439,411.0
1061,1.6,1.6,1.6,1.6,1.6,1.3,1.3,1.3,1.3,1.3,1.0,1.0,1.0,1.0,1.0,0.9,0.9,0.9,0.9,0.9,0.9,0.9,0.9,0.9,0.9,284.9,1.551,442.0
1062,1.6,1.6,1.6,1.6,1.6,1.3,1.3,1.3,1.3,1.3,1.0,1.0,1.0,1.0,1.0,1.0,1.0,1.0,1.0,1.0,0.2,0.2,0.2,0.2,0.2,442.1,1.193,527.4
1063,1.6,1.6,1.6,1.6,1.6,1.3,1.3,1.3,1.3,1.3,1.0,1.0,1.0,1.0,1.0,1.0,1.0,1.0,1.0,1.0,0.3,0.3,0.3,0.3,0.3,404.5,1.118,452.3
1064,1.6,1.6,1.6,1.6,1.6,1.3,1.3,1.3,1.3,1.3,1.0,1.0,1.0,1.0,1.0,1.0,1.0,1.0,1.0,1.0,0.4,0.4,0.4,0.4,0.4,370.1,1.121,415.0
1065,1.6,1.6,1.6,1.6,1.6,1.3,1.3,1.3,1.3,1.3,1.0,1.0,1.0,1.0,1.0,1.0,1.0,1.0,1.0,1.0,0.5,0.5,0.5,0.5,0.5,340.1,1.215,413.3
1066,1.6,1.6,1.6,1.6,1.6,1.3,1.3,1.3,1.3,1.3,1.0,1.0,1.0,1.0,1.0,1.0,1.0,1.0,1.0,1.0,0.6,0.6,0.6,0.6,0.6,315.5,1.327,418.7
1067,1.6,1.6,1.6,1.6,1.6,1.3,1.3,1.3,1.3,1.3,1.0,1.0,1.0,1.0,1.0,1.0,1.0,1.0,1.0,1.0,0.7,0.7,0.7,0.7,0.7,297.8,1.439,428.5
1068,1.6,1.6,1.6,1.6,1.6,1.3,1.3,1.3,1.3,1.3,1.0,1.0,1.0,1.0,1.0,1.0,1.0,1.0,1.0,1.0,0.8,0.8,0.8,0.8,0.8,288.3,1.551,447.0
1069,1.6,1.6,1.6,1.6,1.6,1.3,1.3,1.3,1.3,1.3,1.0,1.0,1.0,1.0,1.0,1.0,1.0,1.0,1.0,1.0,0.9,0.9,0.9,0.9,0.9,287.7,1.662,478.2
1070,1.6,1.6,1.6,1.6,1.6,1.3,1.3,1.3,1.3,1.3,1.0,1.0,1.0,1.0,1.0,1.0,1.0,1.0,1.0,1.0,1.0,1.0,1.0,1.0,1.0,296.0,1.774,525.3
1071,1.6,1.6,1.6,1.6,1.6,1.4,1.4,1.4,1.4,1.4,1.0,1.0,1.0,1.0,1.0,0.2,0.2,0.2,0.2,0.2,0.2,0.2,0.2,0.2,0.2,578.7,1.918,1110.3
1072,1.6,1.6,1.6,1.6,1.6,1.4,1.4,1.4,1.4,1.4,1.0,1.0,1.0,1.0,1.0,0.3,0.3,0.3,0.3,0.3,0.2,0.2,0.2,0.2,0.2,548.4,1.807,991.1
1073,1.6,1.6,1.6,1.6,1.6,1.4,1.4,1.4,1.4,1.4,1.0,1.0,1.0,1.0,1.0,0.3,0.3,0.3,0.3,0.3,0.3,0.3,0.3,0.3,0.3,518.6,1.695,879.2
1074,1.6,1.6,1.6,1.6,1.6,1.4,1.4,1.4,1.4,1.4,1.0,1.0,1.0,1.0,1.0,0.4,0.4,0.4,0.4,0.4,0.2,0.2,0.2,0.2,0.2,521.3,1.696,884.0
1075,1.6,1.6,1.6,1.6,1.6,1.4,1.4,1.4,1.4,1.4,1.0,1.0,1.0,1.0,1.0,0.4,0.4,0.4,0.4,0.4,0.3,0.3,0.3,0.3,0.3,489.8,1.584,775.9
1076,1.6,1.6,1.6,1.6,1.6,1.4,1.4,1.4,1.4,1.4,1.0,1.0,1.0,1.0,1.0,0.4,0.4,0.4,0.4,0.4,0.4,0.4,0.4,0.4,0.4,461.8,1.472,679.9
1077,1.6,1.6,1.6,1.6,1.6,1.4,1.4,1.4,1.4,1.4,1.0,1.0,1.0,1.0,1.0,0.5,0.5,0.5,0.5,0.5,0.2,0.2,0.2,0.2,0.2,497.8,1.585,788.8
1078,1.6,1.6,1.6,1.6,1.6,1.4,1.4,1.4,1.4,1.4,1.0,1.0,1.0,1.0,1.0,0.5,0.5,0.5,0.5,0.5,0.3,0.3,0.3,0.3,0.3,464.7,1.473,684.4
1079,1.6,1.6,1.6,1.6,1.6,1.4,1.4,1.4,1.4,1.4,1.0,1.0,1.0,1.0,1.0,0.5,0.5,0.5,0.5,0.5,0.4,0.4,0.4,0.4,0.4,435.1,1.364,593.7
1080,1.6,1.6,1.6,1.6,1.6,1.4,1.4,1.4,1.4,1.4,1.0,1.0,1.0,1.0,1.0,0.5,0.5,0.5,0.5,0.5,0.5,0.5,0.5,0.5,0.5,409.9,1.29,528.7
1081,1.6,1.6,1.6,1.6,1.6,1.4,1.4,1.4,1.4,1.4,1.0,1.0,1.0,1.0,1.0,0.6,0.6,0.6,0.6,0.6,0.2,0.2,0.2,0.2,0.2,478.5,1.473,704.9
1082,1.6,1.6,1.6,1.6,1.6,1.4,1.4,1.4,1.4,1.4,1.0,1.0,1.0,1.0,1.0,0.6,0.6,0.6,0.6,0.6,0.3,0.3,0.3,0.3,0.3,443.9,1.365,605.9
1083,1.6,1.6,1.6,1.6,1.6,1.4,1.4,1.4,1.4,1.4,1.0,1.0,1.0,1.0,1.0,0.6,0.6,0.6,0.6,0.6,0.4,0.4,0.4,0.4,0.4,412.9,1.29,532.7
1084,1.6,1.6,1.6,1.6,1.6,1.4,1.4,1.4,1.4,1.4,1.0,1.0,1.0,1.0,1.0,0.6,0.6,0.6,0.6,0.6,0.5,0.5,0.5,0.5,0.5,386.2,1.216,469.5
1085,1.6,1.6,1.6,1.6,1.6,1.4,1.4,1.4,1.4,1.4,1.0,1.0,1.0,1.0,1.0,0.6,0.6,0.6,0.6,0.6,0.6,0.6,0.6,0.6,0.6,364.7,1.141,416.2
1086,1.6,1.6,1.6,1.6,1.6,1.4,1.4,1.4,1.4,1.4,1.0,1.0,1.0,1.0,1.0,0.7,0.7,0.7,0.7,0.7,0.2,0.2,0.2,0.2,0.2,463.9,1.365,633.3
1087,1.6,1.6,1.6,1.6,1.6,1.4,1.4,1.4,1.4,1.4,1.0,1.0,1.0,1.0,1.0,0.7,0.7,0.7,0.7,0.7,0.3,0.3,0.3,0.3,0.3,428.2,1.291,552.6
1088,1.6,1.6,1.6,1.6,1.6,1.4,1.4,1.4,1.4,1.4,1.0,1.0,1.0,1.0,1.0,0.7,0.7,0.7,0.7,0.7,0.4,0.4,0.4,0.4,0.4,395.9,1.216,481.4
1089,1.6,1.6,1.6,1.6,1.6,1.4,1.4,1.4,1.4,1.4,1.0,1.0,1.0,1.0,1.0,0.7,0.7,0.7,0.7,0.7,0.5,0.5,0.5,0.5,0.5,367.9,1.142,420.0
1090,1.6,1.6,1.6,1.6,1.6,1.4,1.4,1.4,1.4,1.4,1.0,1.0,1.0,1.0,1.0,0.7,0.7,0.7,0.7,0.7,0.6,0.6,0.6,0.6,0.6,345.4,1.111,383.7
1091,1.6,1.6,1.6,1.6,1.6,1.4,1.4,1.4,1.4,1.4,1.0,1.0,1.0,1.0,1.0,0.7,0.7,0.7,0.7,0.7,0.7,0.7,0.7,0.7,0.7,329.3,1.197,394.1
1092,1.6,1.6,1.6,1.6,1.6,1.4,1.4,1.4,1.4,1.4,1.0,1.0,1.0,1.0,1.0,0.8,0.8,0.8,0.8,0.8,0.2,0.2,0.2,0.2,0.2,454.4,1.291,586.7
1093,1.6,1.6,1.6,1.6,1.6,1.4,1.4,1.4,1.4,1.4,1.0,1.0,1.0,1.0,1.0,0.8,0.8,0.8,0.8,0.8,0.3,0.3,0.3,0.3,0.3,417.9,1.217,508.4
1094,1.6,1.6,1.6,1.6,1.6,1.4,1.4,1.4,1.4,1.4,1.0,1.0,1.0,1.0,1.0,0.8,0.8,0.8,0.8,0.8,0.4,0.4,0.4,0.4,0.4,384.8,1.142,439.4
1095,1.6,1.6,1.6,1.6,1.6,1.4,1.4,1.4,1.4,1.4,1.0,1.0,1.0,1.0,1.0,0.8,0.8,0.8,0.8,0.8,0.5,0.5,0.5,0.5,0.5,356.0,1.112,395.9
1096,1.6,1.6,1.6,1.6,1.6,1.4,1.4,1.4,1.4,1.4,1.0,1.0,1.0,1.0,1.0,0.8,0.8,0.8,0.8,0.8,0.6,0.6,0.6,0.6,0.6,332.6,1.196,397.9
1097,1.6,1.6,1.6,1.6,1.6,1.4,1.4,1.4,1.4,1.4,1.0,1.0,1.0,1.0,1.0,0.8,0.8,0.8,0.8,0.8,0.7,0.7,0.7,0.7,0.7,315.9,1.308,413.2
1098,1.6,1.6,1.6,1.6,1.6,1.4,1.4,1.4,1.4,1.4,1.0,1.0,1.0,1.0,1.0,0.8,0.8,0.8,0.8,0.8,0.8,0.8,0.8,0.8,0.8,306.9,1.42,435.8
1099,1.6,1.6,1.6,1.6,1.6,1.4,1.4,1.4,1.4,1.4,1.0,1.0,1.0,1.0,1.0,0.9,0.9,0.9,0.9,0.9,0.2,0.2,0.2,0.2,0.2,450.5,1.217,548.2
1100,1.6,1.6,1.6,1.6,1.6,1.4,1.4,1.4,1.4,1.4,1.0,1.0,1.0,1.0,1.0,0.9,0.9,0.9,0.9,0.9,0.3,0.3,0.3,0.3,0.3,413.7,1.142,472.5
1101,1.6,1.6,1.6,1.6,1.6,1.4,1.4,1.4,1.4,1.4,1.0,1.0,1.0,1.0,1.0,0.9,0.9,0.9,0.9,0.9,0.4,0.4,0.4,0.4,0.4,380.2,1.114,423.3
1102,1.6,1.6,1.6,1.6,1.6,1.4,1.4,1.4,1.4,1.4,1.0,1.0,1.0,1.0,1.0,0.9,0.9,0.9,0.9,0.9,0.5,0.5,0.5,0.5,0.5,351.0,1.196,419.7
1103,1.6,1.6,1.6,1.6,1.6,1.4,1.4,1.4,1.4,1.4,1.0,1.0,1.0,1.0,1.0,0.9,0.9,0.9,0.9,0.9,0.6,0.6,0.6,0.6,0.6,327.2,1.308,427.9
1104,1.6,1.6,1.6,1.6,1.6,1.4,1.4,1.4,1.4,1.4,1.0,1.0,1.0,1.0,1.0,0.9,0.9,0.9,0.9,0.9,0.7,0.7,0.7,0.7,0.7,310.2,1.42,440.3
1105,1.6,1.6,1.6,1.6,1.6,1.4,1.4,1.4,1.4,1.4,1.0,1.0,1.0,1.0,1.0,0.9,0.9,0.9,0.9,0.9,0.8,0.8,0.8,0.8,0.8,301.0,1.531,461.0
1106,1.6,1.6,1.6,1.6,1.6,1.4,1.4,1.4,1.4,1.4,1.0,1.0,1.0,1.0,1.0,0.9,0.9,0.9,0.9,0.9,0.9,0.9,0.9,0.9,0.9,300.4,1.643,493.7
1107,1.6,1.6,1.6,1.6,1.6,1.4,1.4,1.4,1.4,1.4,1.0,1.0,1.0,1.0,1.0,1.0,1.0,1.0,1.0,1.0,0.2,0.2,0.2,0.2,0.2,452.2,1.143,516.8
1108,1.6,1.6,1.6,1.6,1.6,1.4,1.4,1.4,1.4,1.4,1.0,1.0,1.0,1.0,1.0,1.0,1.0,1.0,1.0,1.0,0.3,0.3,0.3,0.3,0.3,415.5,1.115,463.3
1109,1.6,1.6,1.6,1.6,1.6,1.4,1.4,1.4,1.4,1.4,1.0,1.0,1.0,1.0,1.0,1.0,1.0,1.0,1.0,1.0,0.4,0.4,0.4,0.4,0.4,382.2,1.195,456.9
1110,1.6,1.6,1.6,1.6,1.6,1.4,1.4,1.4,1.4,1.4,1.0,1.0,1.0,1.0,1.0,1.0,1.0,1.0,1.0,1.0,0.5,0.5,0.5,0.5,0.5,353.2,1.307,461.6
1111,1.6,1.6,1.6,1.6,1.6,1.4,1.4,1.4,1.4,1.4,1.0,1.0,1.0,1.0,1.0,1.0,1.0,1.0,1.0,1.0,0.6,0.6,0.6,0.6,0.6,329.6,1.419,467.7
1112,1.6,1.6,1.6,1.6,1.6,1.4,1.4,1.4,1.4,1.4,1.0,1.0,1.0,1.0,1.0,1.0,1.0,1.0,1.0,1.0,0.7,0.7,0.7,0.7,0.7,312.7,1.531,478.6
1113,1.6,1.6,1.6,1.6,1.6,1.4,1.4,1.4,1.4,1.4,1.0,1.0,1.0,1.0,1.0,1.0,1.0,1.0,1.0,1.0,0.8,0.8,0.8,0.8,0.8,303.6,1.643,498.7
1114,1.6,1.6,1.6,1.6,1.6,1.4,1.4,1.4,1.4,1.4,1.0,1.0,1.0,1.0,1.0,1.0,1.0,1.0,1.0,1.0,0.9,0.9,0.9,0.9,0.9,303.0,1.754,531.6
1115,1.6,1.6,1.6,1.6,1.6,1.4,1.4,1.4,1.4,1.4,1.0,1.0,1.0,1.0,1.0,1.0,1.0,1.0,1.0,1.0,1.0,1.0,1.0,1.0,1.0,311.0,1.866,580.3
1116,1.6,1.6,1.6,1.6,1.6,1.5,1.5,1.5,1.5,1.5,1.0,1.0,1.0,1.0,1.0,0.2,0.2,0.2,0.2,0.2,0.2,0.2,0.2,0.2,0.2,589.5,1.827,1076.8
1117,1.6,1.6,1.6,1.6,1.6,1.5,1.5,1.5,1.5,1.5,1.0,1.0,1.0,1.0,1.0,0.3,0.3,0.3,0.3,0.3,0.2,0.2,0.2,0.2,0.2,559.8,1.715,960.2
1118,1.6,1.6,1.6,1.6,1.6,1.5,1.5,1.5,1.5,1.5,1.0,1.0,1.0,1.0,1.0,0.3,0.3,0.3,0.3,0.3,0.3,0.3,0.3,0.3,0.3,530.6,1.603,850.8
1119,1.6,1.6,1.6,1.6,1.6,1.5,1.5,1.5,1.5,1.5,1.0,1.0,1.0,1.0,1.0,0.4,0.4,0.4,0.4,0.4,0.2,0.2,0.2,0.2,0.2,533.2,1.604,855.3
1120,1.6,1.6,1.6,1.6,1.6,1.5,1.5,1.5,1.5,1.5,1.0,1.0,1.0,1.0,1.0,0.4,0.4,0.4,0.4,0.4,0.3,0.3,0.3,0.3,0.3,502.5,1.492,749.8
1121,1.6,1.6,1.6,1.6,1.6,1.5,1.5,1.5,1.5,1.5,1.0,1.0,1.0,1.0,1.0,0.4,0.4,0.4,0.4,0.4,0.4,0.4,0.4,0.4,0.4,475.3,1.389,659.9
1122,1.6,1.6,1.6,1.6,1.6,1.5,1.5,1.5,1.5,1.5,1.0,1.0,1.0,1.0,1.0,0.5,0.5,0.5,0.5,0.5,0.2,0.2,0.2,0.2,0.2,510.3,1.493,761.6
1123,1.6,1.6,1.6,1.6,1.6,1.5,1.5,1.5,1.5,1.5,1.0,1.0,1.0,1.0,1.0,0.5,0.5,0.5,0.5,0.5,0.3,0.3,0.3,0.3,0.3,478.0,1.389,664.0
1124,1.6,1.6,1.6,1.6,1.6,1.5,1.5,1.5,1.5,1.5,1.0,1.0,1.0,1.0,1.0,0.5,0.5,0.5,0.5,0.5,0.4,0.4,0.4,0.4,0.4,449.3,1.314,590.6
1125,1.6,1.6,1.6,1.6,1.6,1.5,1.5,1.5,1.5,1.5,1.0,1.0,1.0,1.0,1.0,0.5,0.5,0.5,0.5,0.5,0.5,0.5,0.5,0.5,0.5,424.9,1.24,526.8
1126,1.6,1.6,1.6,1.6,1.6,1.5,1.5,1.5,1.5,1.5,1.0,1.0,1.0,1.0,1.0,0.6,0.6,0.6,0.6,0.6,0.2,0.2,0.2,0.2,0.2,491.4,1.389,682.8
1127,1.6,1.6,1.6,1.6,1.6,1.5,1.5,1.5,1.5,1.5,1.0,1.0,1.0,1.0,1.0,0.6,0.6,0.6,0.6,0.6,0.3,0.3,0.3,0.3,0.3,457.9,1.315,602.0
1128,1.6,1.6,1.6,1.6,1.6,1.5,1.5,1.5,1.5,1.5,1.0,1.0,1.0,1.0,1.0,0.6,0.6,0.6,0.6,0.6,0.4,0.4,0.4,0.4,0.4,427.9,1.24,530.6
1129,1.6,1.6,1.6,1.6,1.6,1.5,1.5,1.5,1.5,1.5,1.0,1.0,1.0,1.0,1.0,0.6,0.6,0.6,0.6,0.6,0.5,0.5,0.5,0.5,0.5,402.1,1.166,468.7
1130,1.6,1.6,1.6,1.6,1.6,1.5,1.5,1.5,1.5,1.5,1.0,1.0,1.0,1.0,1.0,0.6,0.6,0.6,0.6,0.6,0.6,0.6,0.6,0.6,0.6,381.6,1.115,425.4
1131,1.6,1.6,1.6,1.6,1.6,1.5,1.5,1.5,1.5,1.5,1.0,1.0,1.0,1.0,1.0,0.7,0.7,0.7,0.7,0.7,0.2,0.2,0.2,0.2,0.2,477.2,1.315,627.7
1132,1.6,1.6,1.6,1.6,1.6,1.5,1.5,1.5,1.5,1.5,1.0,1.0,1.0,1.0,1.0,0.7,0.7,0.7,0.7,0.7,0.3,0.3,0.3,0.3,0.3,442.6,1.241,549.1
1133,1.6,1.6,1.6,1.6,1.6,1.5,1.5,1.5,1.5,1.5,1.0,1.0,1.0,1.0,1.0,0.7,0.7,0.7,0.7,0.7,0.4,0.4,0.4,0.4,0.4,411.5,1.166,479.8
1134,1.6,1.6,1.6,1.6,1.6,1.5,1.5,1.5,1.5,1.5,1.0,1.0,1.0,1.0,1.0,0.7,0.7,0.7,0.7,0.7,0.5,0.5,0.5,0.5,0.5,384.7,1.116,429.3
1135,1.6,1.6,1.6,1.6,1.6,1.5,1.5,1.5,1.5,1.5,1.0,1.0,1.0,1.0,1.0,0.7,0.7,0.7,0.7,0.7,0.6,0.6,0.6,0.6,0.6,363.1,1.177,427.4
1136,1.6,1.6,1.6,1.6,1.6,1.5,1.5,1.5,1.5,1.5,1.0,1.0,1.0,1.0,1.0,0.7,0.7,0.7,0.7,0.7,0.7,0.7,0.7,0.7,0.7,347.9,1.289,448.3
1137,1.6,1.6,1.6,1.6,1.6,1.5,1.5,1.5,1.5,1.5,1.0,1.0,1.0,1.0,1.0,0.8,0.8,0.8,0.8,0.8,0.2,0.2,0.2,0.2,0.2,468.1,1.241,580.9
1138,1.6,1.6,1.6,1.6,1.6,1.5,1.5,1.5,1.5,1.5,1.0,1.0,1.0,1.0,1.0,0.8,0.8,0.8,0.8,0.8,0.3,0.3,0.3,0.3,0.3,432.7,1.166,504.7
1139,1.6,1.6,1.6,1.6,1.6,1.5,1.5,1.5,1.5,1.5,1.0,1.0,1.0,1.0,1.0,0.8,0.8,0.8,0.8,0.8,0.4,0.4,0.4,0.4,0.4,400.8,1.117,447.8
1140,1.6,1.6,1.6,1.6,1.6,1.5,1.5,1.5,1.5,1.5,1.0,1.0,1.0,1.0,1.0,0.8,0.8,0.8,0.8,0.8,0.5,0.5,0.5,0.5,0.5,373.2,1.177,439.1
1141,1.6,1.6,1.6,1.6,1.6,1.5,1.5,1.5,1.5,1.5,1.0,1.0,1.0,1.0,1.0,0.8,0.8,0.8,0.8,0.8,0.6,0.6,0.6,0.6,0.6,351.0,1.288,452.2
1142,1.6,1.6,1.6,1.6,1.6,1.5,1.5,1.5,1.5,1.5,1.0,1.0,1.0,1.0,1.0,0.8,0.8,0.8,0.8,0.8,0.7,0.7,0.7,0.7,0.7,335.2,1.4,469.3
1143,1.6,1.6,1.6,1.6,1.6,1.5,1.5,1.5,1.5,1.5,1.0,1.0,1.0,1.0,1.0,0.8,0.8,0.8,0.8,0.8,0.8,0.8,0.8,0.8,0.8,326.7,1.512,494.0
1144,1.6,1.6,1.6,1.6,1.6,1.5,1.5,1.5,1.5,1.5,1.0,1.0,1.0,1.0,1.0,0.9,0.9,0.9,0.9,0.9,0.2,0.2,0.2,0.2,0.2,464.3,1.167,541.7
1145,1.6,1.6,1.6,1.6,1.6,1.5,1.5,1.5,1.5,1.5,1.0,1.0,1.0,1.0,1.0,0.9,0.9,0.9,0.9,0.9,0.3,0.3,0.3,0.3,0.3,428.6,1.118,479.4
1146,1.6,1.6,1.6,1.6,1.6,1.5,1.5,1.5,1.5,1.5,1.0,1.0,1.0,1.0,1.0,0.9,0.9,0.9,0.9,0.9,0.4,0.4,0.4,0.4,0.4,396.4,1.176,466.1
1147,1.6,1.6,1.6,1.6,1.6,1.5,1.5,1.5,1.5,1.5,1.0,1.0,1.0,1.0,1.0,0.9,0.9,0.9,0.9,0.9,0.5,0.5,0.5,0.5,0.5,368.4,1.288,474.5
1148,1.6,1.6,1.6,1.6,1.6,1.5,1.5,1.5,1.5,1.5,1.0,1.0,1.0,1.0,1.0,0.9,0.9,0.9,0.9,0.9,0.6,0.6,0.6,0.6,0.6,345.9,1.4,484.1
1149,1.6,1.6,1.6,1.6,1.6,1.5,1.5,1.5,1.5,1.5,1.0,1.0,1.0,1.0,1.0,0.9,0.9,0.9,0.9,0.9,0.7,0.7,0.7,0.7,0.7,329.9,1.511,498.5
1150,1.6,1.6,1.6,1.6,1.6,1.5,1.5,1.5,1.5,1.5,1.0,1.0,1.0,1.0,1.0,0.9,0.9,0.9,0.9,0.9,0.8,0.8,0.8,0.8,0.8,321.2,1.623,521.5
1151,1.6,1.6,1.6,1.6,1.6,1.5,1.5,1.5,1.5,1.5,1.0,1.0,1.0,1.0,1.0,0.9,0.9,0.9,0.9,0.9,0.9,0.9,0.9,0.9,0.9,320.7,1.735,556.4
1152,1.6,1.6,1.6,1.6,1.6,1.5,1.5,1.5,1.5,1.5,1.0,1.0,1.0,1.0,1.0,1.0,1.0,1.0,1.0,1.0,0.2,0.2,0.2,0.2,0.2,465.9,1.12,521.7
1153,1.6,1.6,1.6,1.6,1.6,1.5,1.5,1.5,1.5,1.5,1.0,1.0,1.0,1.0,1.0,1.0,1.0,1.0,1.0,1.0,0.3,0.3,0.3,0.3,0.3,430.4,1.176,506.0
1154,1.6,1.6,1.6,1.6,1.6,1.5,1.5,1.5,1.5,1.5,1.0,1.0,1.0,1.0,1.0,1.0,1.0,1.0,1.0,1.0,0.4,0.4,0.4,0.4,0.4,398.3,1.287,512.8
1155,1.6,1.6,1.6,1.6,1.6,1.5,1.5,1.5,1.5,1.5,1.0,1.0,1.0,1.0,1.0,1.0,1.0,1.0,1.0,1.0,0.5,0.5,0.5,0.5,0.5,370.5,1.399,518.4
1156,1.6,1.6,1.6,1.6,1.6,1.5,1.5,1.5,1.5,1.5,1.0,1.0,1.0,1.0,1.0,1.0,1.0,1.0,1.0,1.0,0.6,0.6,0.6,0.6,0.6,348.1,1.511,526.0
1157,1.6,1.6,1.6,1.6,1.6,1.5,1.5,1.5,1.5,1.5,1.0,1.0,1.0,1.0,1.0,1.0,1.0,1.0,1.0,1.0,0.7,0.7,0.7,0.7,0.7,332.2,1.623,539.0
1158,1.6,1.6,1.6,1.6,1.6,1.5,1.5,1.5,1.5,1.5,1.0,1.0,1.0,1.0,1.0,1.0,1.0,1.0,1.0,1.0,0.8,0.8,0.8,0.8,0.8,323.6,1.735,561.4
1159,1.6,1.6,1.6,1.6,1.6,1.5,1.5,1.5,1.5,1.5,1.0,1.0,1.0,1.0,1.0,1.0,1.0,1.0,1.0,1.0,0.9,0.9,0.9,0.9,0.9,323.1,1.846,596.5
1160,1.6,1.6,1.6,1.6,1.6,1.6,1.6,1.6,1.6,1.6,1.0,1.0,1.0,1.0,1.0,0.2,0.2,0.2,0.2,0.2,0.2,0.2,0.2,0.2,0.2,603.0,1.735,1046.0
1161,1.6,1.6,1.6,1.6,1.6,1.6,1.6,1.6,1.6,1.6,1.0,1.0,1.0,1.0,1.0,0.3,0.3,0.3,0.3,0.3,0.2,0.2,0.2,0.2,0.2,574.0,1.623,931.8
1162,1.6,1.6,1.6,1.6,1.6,1.6,1.6,1.6,1.6,1.6,1.0,1.0,1.0,1.0,1.0,0.3,0.3,0.3,0.3,0.3,0.3,0.3,0.3,0.3,0.3,545.5,1.512,824.6
1163,1.6,1.6,1.6,1.6,1.6,1.6,1.6,1.6,1.6,1.6,1.0,1.0,1.0,1.0,1.0,0.4,0.4,0.4,0.4,0.4,0.2,0.2,0.2,0.2,0.2,548.1,1.512,828.8
1164,1.6,1.6,1.6,1.6,1.6,1.6,1.6,1.6,1.6,1.6,1.0,1.0,1.0,1.0,1.0,0.4,0.4,0.4,0.4,0.4,0.3,0.3,0.3,0.3,0.3,518.2,1.413,732.3
1165,1.6,1.6,1.6,1.6,1.6,1.6,1.6,1.6,1.6,1.6,1.0,1.0,1.0,1.0,1.0,0.4,0.4,0.4,0.4,0.4,0.4,0.4,0.4,0.4,0.4,491.9,1.338,658.4
1166,1.6,1.6,1.6,1.6,1.6,1.6,1.6,1.6,1.6,1.6,1.0,1.0,1.0,1.0,1.0,0.5,0.5,0.5,0.5,0.5,0.2,0.2,0.2,0.2,0.2,525.8,1.413,743.2
1167,1.6,1.6,1.6,1.6,1.6,1.6,1.6,1.6,1.6,1.6,1.0,1.0,1.0,1.0,1.0,0.5,0.5,0.5,0.5,0.5,0.3,0.3,0.3,0.3,0.3,494.6,1.339,662.2
1168,1.6,1.6,1.6,1.6,1.6,1.6,1.6,1.6,1.6,1.6,1.0,1.0,1.0,1.0,1.0,0.5,0.5,0.5,0.5,0.5,0.4,0.4,0.4,0.4,0.4,466.9,1.264,590.3
1169,1.6,1.6,1.6,1.6,1.6,1.6,1.6,1.6,1.6,1.6,1.0,1.0,1.0,1.0,1.0,0.5,0.5,0.5,0.5,0.5,0.5,0.5,0.5,0.5,0.5,443.5,1.19,527.6
1170,1.6,1.6,1.6,1.6,1.6,1.6,1.6,1.6,1.6,1.6,1.0,1.0,1.0,1.0,1.0,0.6,0.6,0.6,0.6,0.6,0.2,0.2,0.2,0.2,0.2,507.5,1.339,679.7
1171,1.6,1.6,1.6,1.6,1.6,1.6,1.6,1.6,1.6,1.6,1.0,1.0,1.0,1.0,1.0,0.6,0.6,0.6,0.6,0.6,0.3,0.3,0.3,0.3,0.3,475.1,1.265,600.9
1172,1.6,1.6,1.6,1.6,1.6,1.6,1.6,1.6,1.6,1.6,1.0,1.0,1.0,1.0,1.0,0.6,0.6,0.6,0.6,0.6,0.4,0.4,0.4,0.4,0.4,446.3,1.19,531.1
1173,1.6,1.6,1.6,1.6,1.6,1.6,1.6,1.6,1.6,1.6,1.0,1.0,1.0,1.0,1.0,0.6,0.6,0.6,0.6,0.6,0.5,0.5,0.5,0.5,0.5,421.7,1.122,473.3
1174,1.6,1.6,1.6,1.6,1.6,1.6,1.6,1.6,1.6,1.6,1.0,1.0,1.0,1.0,1.0,0.6,0.6,0.6,0.6,0.6,0.6,0.6,0.6,0.6,0.6,402.1,1.16,466.5
1175,1.6,1.6,1.6,1.6,1.6,1.6,1.6,1.6,1.6,1.6,1.0,1.0,1.0,1.0,1.0,0.7,0.7,0.7,0.7,0.7,0.2,0.2,0.2,0.2,0.2,493.8,1.265,624.7
1176,1.6,1.6,1.6,1.6,1.6,1.6,1.6,1.6,1.6,1.6,1.0,1.0,1.0,1.0,1.0,0.7,0.7,0.7,0.7,0.7,0.3,0.3,0.3,0.3,0.3,460.4,1.191,548.2
1177,1.6,1.6,1.6,1.6,1.6,1.6,1.6,1.6,1.6,1.6,1.0,1.0,1.0,1.0,1.0,0.7,0.7,0.7,0.7,0.7,0.4,0.4,0.4,0.4,0.4,430.6,1.122,483.3
1178,1.6,1.6,1.6,1.6,1.6,1.6,1.6,1.6,1.6,1.6,1.0,1.0,1.0,1.0,1.0,0.7,0.7,0.7,0.7,0.7,0.5,0.5,0.5,0.5,0.5,405.0,1.162,470.5
1179,1.6,1.6,1.6,1.6,1.6,1.6,1.6,1.6,1.6,1.6,1.0,1.0,1.0,1.0,1.0,0.7,0.7,0.7,0.7,0.7,0.6,0.6,0.6,0.6,0.6,384.6,1.269,488.1
1180,1.6,1.6,1.6,1.6,1.6,1.6,1.6,1.6,1.6,1.6,1.0,1.0,1.0,1.0,1.0,0.7,0.7,0.7,0.7,0.7,0.7,0.7,0.7,0.7,0.7,370.3,1.381,511.3
1181,1.6,1.6,1.6,1.6,1.6,1.6,1.6,1.6,1.6,1.6,1.0,1.0,1.0,1.0,1.0,0.8,0.8,0.8,0.8,0.8,0.2,0.2,0.2,0.2,0.2,485.0,1.191,577.6
1182,1.6,1.6,1.6,1.6,1.6,1.6,1.6,1.6,1.6,1.6,1.0,1.0,1.0,1.0,1.0,0.8,0.8,0.8,0.8,0.8,0.3,0.3,0.3,0.3,0.3,450.9,1.122,506.2
1183,1.6,1.6,1.6,1.6,1.6,1.6,1.6,1.6,1.6,1.6,1.0,1.0,1.0,1.0,1.0,0.8,0.8,0.8,0.8,0.8,0.4,0.4,0.4,0.4,0.4,420.4,1.163,489.0
1184,1.6,1.6,1.6,1.6,1.6,1.6,1.6,1.6,1.6,1.6,1.0,1.0,1.0,1.0,1.0,0.8,0.8,0.8,0.8,0.8,0.5,0.5,0.5,0.5,0.5,394.2,1.268,500.0
1185,1.6,1.6,1.6,1.6,1.6,1.6,1.6,1.6,1.6,1.6,1.0,1.0,1.0,1.0,1.0,0.8,0.8,0.8,0.8,0.8,0.6,0.6,0.6,0.6,0.6,373.2,1.38,515.2
1186,1.6,1.6,1.6,1.6,1.6,1.6,1.6,1.6,1.6,1.6,1.0,1.0,1.0,1.0,1.0,0.8,0.8,0.8,0.8,0.8,0.7,0.7,0.7,0.7,0.7,358.4,1.492,534.8
1187,1.6,1.6,1.6,1.6,1.6,1.6,1.6,1.6,1.6,1.6,1.0,1.0,1.0,1.0,1.0,0.8,0.8,0.8,0.8,0.8,0.8,0.8,0.8,0.8,0.8,350.5,1.604,562.2
1188,1.6,1.6,1.6,1.6,1.6,1.6,1.6,1.6,1.6,1.6,1.0,1.0,1.0,1.0,1.0,0.9,0.9,0.9,0.9,0.9,0.2,0.2,0.2,0.2,0.2,481.3,1.124,540.8
1189,1.6,1.6,1.6,1.6,1.6,1.6,1.6,1.6,1.6,1.6,1.0,1.0,1.0,1.0,1.0,0.9,0.9,0.9,0.9,0.9,0.3,0.3,0.3,0.3,0.3,447.0,1.165,520.5
1190,1.6,1.6,1.6,1.6,1.6,1.6,1.6,1.6,1.6,1.6,1.0,1.0,1.0,1.0,1.0,0.9,0.9,0.9,0.9,0.9,0.4,0.4,0.4,0.4,0.4,416.2,1.268,527.7
1191,1.6,1.6,1.6,1.6,1.6,1.6,1.6,1.6,1.6,1.6,1.0,1.0,1.0,1.0,1.0,0.9,0.9,0.9,0.9,0.9,0.5,0.5,0.5,0.5,0.5,389.7,1.38,537.7
1192,1.6,1.6,1.6,1.6,1.6,1.6,1.6,1.6,1.6,1.6,1.0,1.0,1.0,1.0,1.0,0.9,0.9,0.9,0.9,0.9,0.6,0.6,0.6,0.6,0.6,368.4,1.492,549.6
1193,1.6,1.6,1.6,1.6,1.6,1.6,1.6,1.6,1.6,1.6,1.0,1.0,1.0,1.0,1.0,0.9,0.9,0.9,0.9,0.9,0.7,0.7,0.7,0.7,0.7,353.4,1.603,566.6
1194,1.6,1.6,1.6,1.6,1.6,1.6,1.6,1.6,1.6,1.6,1.0,1.0,1.0,1.0,1.0,0.9,0.9,0.9,0.9,0.9,0.8,0.8,0.8,0.8,0.8,345.4,1.715,592.4
1195,1.6,1.6,1.6,1.6,1.6,1.6,1.6,1.6,1.6,1.6,1.0,1.0,1.0,1.0,1.0,1.0,1.0,1.0,1.0,1.0,0.2,0.2,0.2,0.2,0.2,482.9,1.166,563.1
1196,1.6,1.6,1.6,1.6,1.6,1.6,1.6,1.6,1.6,1.6,1.0,1.0,1.0,1.0,1.0,1.0,1.0,1.0,1.0,1.0,0.3,0.3,0.3,0.3,0.3,448.7,1.267,568.7
1197,1.6,1.6,1.6,1.6,1.6,1.6,1.6,1.6,1.6,1.6,1.0,1.0,1.0,1.0,1.0,1.0,1.0,1.0,1.0,1.0,0.4,0.4,0.4,0.4,0.4,418.0,1.379,576.6
1198,1.6,1.6,1.6,1.6,1.6,1.6,1.6,1.6,1.6,1.6,1.0,1.0,1.0,1.0,1.0,1.0,1.0,1.0,1.0,1.0,0.5,0.5,0.5,0.5,0.5,391.7,1.491,584.0
1199,1.6,1.6,1.6,1.6,1.6,1.6,1.6,1.6,1.6,1.6,1.0,1.0,1.0,1.0,1.0,1.0,1.0,1.0,1.0,1.0,0.6,0.6,0.6,0.6,0.6,370.5,1.603,593.9
1200,1.6,1.6,1.6,1.6,1.6,1.6,1.6,1.6,1.6,1.6,1.0,1.0,1.0,1.0,1.0,1.0,1.0,1.0,1.0,1.0,0.7,0.7,0.7,0.7,0.7,355.6,1.715,609.7
1201,1.6,1.6,1.6,1.6,1.6,1.6,1.6,1.6,1.6,1.6,1.0,1.0,1.0,1.0,1.0,1.0,1.0,1.0,1.0,1.0,0.8,0.8,0.8,0.8,0.8,347.6,1.826,634.9
1202,1.7,1.7,1.7,1.7,1.7,1.0,1.0,1.0,1.0,1.0,1.0,1.0,1.0,1.0,1.0,0.2,0.2,0.2,0.2,0.2,0.2,0.2,0.2,0.2,0.2,575.0,2.205,1267.7
1203,1.7,1.7,1.7,1.7,1.7,1.0,1.0,1.0,1.0,1.0,1.0,1.0,1.0,1.0,1.0,0.3,0.3,0.3,0.3,0.3,0.2,0.2,0.2,0.2,0.2,544.5,2.093,1139.9
1204,1.7,1.7,1.7,1.7,1.7,1.0,1.0,1.0,1.0,1.0,1.0,1.0,1.0,1.0,1.0,0.3,0.3,0.3,0.3,0.3,0.3,0.3,0.3,0.3,0.3,514.4,1.982,1019.4
1205,1.7,1.7,1.7,1.7,1.7,1.0,1.0,1.0,1.0,1.0,1.0,1.0,1.0,1.0,1.0,0.4,0.4,0.4,0.4,0.4,0.2,0.2,0.2,0.2,0.2,517.1,1.982,1025.0
1206,1.7,1.7,1.7,1.7,1.7,1.0,1.0,1.0,1.0,1.0,1.0,1.0,1.0,1.0,1.0,0.4,0.4,0.4,0.4,0.4,0.3,0.3,0.3,0.3,0.3,485.4,1.87,907.8
1207,1.7,1.7,1.7,1.7,1.7,1.0,1.0,1.0,1.0,1.0,1.0,1.0,1.0,1.0,1.0,0.4,0.4,0.4,0.4,0.4,0.4,0.4,0.4,0.4,0.4,457.1,1.759,803.9
1208,1.7,1.7,1.7,1.7,1.7,1.0,1.0,1.0,1.0,1.0,1.0,1.0,1.0,1.0,1.0,0.5,0.5,0.5,0.5,0.5,0.2,0.2,0.2,0.2,0.2,493.4,1.871,923.1
1209,1.7,1.7,1.7,1.7,1.7,1.0,1.0,1.0,1.0,1.0,1.0,1.0,1.0,1.0,1.0,0.5,0.5,0.5,0.5,0.5,0.3,0.3,0.3,0.3,0.3,460.0,1.759,809.2
1210,1.7,1.7,1.7,1.7,1.7,1.0,1.0,1.0,1.0,1.0,1.0,1.0,1.0,1.0,1.0,0.5,0.5,0.5,0.5,0.5,0.4,0.4,0.4,0.4,0.4,430.1,1.647,708.6
1211,1.7,1.7,1.7,1.7,1.7,1.0,1.0,1.0,1.0,1.0,1.0,1.0,1.0,1.0,1.0,0.5,0.5,0.5,0.5,0.5,0.5,0.5,0.5,0.5,0.5,404.6,1.535,621.2
1212,1.7,1.7,1.7,1.7,1.7,1.0,1.0,1.0,1.0,1.0,1.0,1.0,1.0,1.0,1.0,0.6,0.6,0.6,0.6,0.6,0.2,0.2,0.2,0.2,0.2,473.9,1.76,833.9
1213,1.7,1.7,1.7,1.7,1.7,1.0,1.0,1.0,1.0,1.0,1.0,1.0,1.0,1.0,1.0,0.6,0.6,0.6,0.6,0.6,0.3,0.3,0.3,0.3,0.3,439.0,1.648,723.5
1214,1.7,1.7,1.7,1.7,1.7,1.0,1.0,1.0,1.0,1.0,1.0,1.0,1.0,1.0,1.0,0.6,0.6,0.6,0.6,0.6,0.4,0.4,0.4,0.4,0.4,407.6,1.536,626.1
1215,1.7,1.7,1.7,1.7,1.7,1.0,1.0,1.0,1.0,1.0,1.0,1.0,1.0,1.0,1.0,0.6,0.6,0.6,0.6,0.6,0.5,0.5,0.5,0.5,0.5,380.5,1.424,542.0
1216,1.7,1.7,1.7,1.7,1.7,1.0,1.0,1.0,1.0,1.0,1.0,1.0,1.0,1.0,1.0,0.6,0.6,0.6,0.6,0.6,0.6,0.6,0.6,0.6,0.6,358.8,1.312,470.9
1217,1.7,1.7,1.7,1.7,1.7,1.0,1.0,1.0,1.0,1.0,1.0,1.0,1.0,1.0,1.0,0.7,0.7,0.7,0.7,0.7,0.2,0.2,0.2,0.2,0.2,459.2,1.648,756.9
1218,1.7,1.7,1.7,1.7,1.7,1.0,1.0,1.0,1.0,1.0,1.0,1.0,1.0,1.0,1.0,0.7,0.7,0.7,0.7,0.7,0.3,0.3,0.3,0.3,0.3,423.1,1.537,650.1
1219,1.7,1.7,1.7,1.7,1.7,1.0,1.0,1.0,1.0,1.0,1.0,1.0,1.0,1.0,1.0,0.7,0.7,0.7,0.7,0.7,0.4,0.4,0.4,0.4,0.4,390.4,1.425,556.2
1220,1.7,1.7,1.7,1.7,1.7,1.0,1.0,1.0,1.0,1.0,1.0,1.0,1.0,1.0,1.0,0.7,0.7,0.7,0.7,0.7,0.5,0.5,0.5,0.5,0.5,362.0,1.313,475.3
1221,1.7,1.7,1.7,1.7,1.7,1.0,1.0,1.0,1.0,1.0,1.0,1.0,1.0,1.0,1.0,0.7,0.7,0.7,0.7,0.7,0.6,0.6,0.6,0.6,0.6,339.1,1.229,416.8
1222,1.7,1.7,1.7,1.7,1.7,1.0,1.0,1.0,1.0,1.0,1.0,1.0,1.0,1.0,1.0,0.7,0.7,0.7,0.7,0.7,0.7,0.7,0.7,0.7,0.7,322.7,1.155,372.5
1223,1.7,1.7,1.7,1.7,1.7,1.0,1.0,1.0,1.0,1.0,1.0,1.0,1.0,1.0,1.0,0.8,0.8,0.8,0.8,0.8,0.2,0.2,0.2,0.2,0.2,449.7,1.537,691.2
1224,1.7,1.7,1.7,1.7,1.7,1.0,1.0,1.0,1.0,1.0,1.0,1.0,1.0,1.0,1.0,0.8,0.8,0.8,0.8,0.8,0.3,0.3,0.3,0.3,0.3,412.7,1.425,588.3
1225,1.7,1.7,1.7,1.7,1.7,1.0,1.0,1.0,1.0,1.0,1.0,1.0,1.0,1.0,1.0,0.8,0.8,0.8,0.8,0.8,0.4,0.4,0.4,0.4,0.4,379.2,1.313,498.0
1226,1.7,1.7,1.7,1.7,1.7,1.0,1.0,1.0,1.0,1.0,1.0,1.0,1.0,1.0,1.0,0.8,0.8,0.8,0.8,0.8,0.5,0.5,0.5,0.5,0.5,349.9,1.23,430.2
1227,1.7,1.7,1.7,1.7,1.7,1.0,1.0,1.0,1.0,1.0,1.0,1.0,1.0,1.0,1.0,0.8,0.8,0.8,0.8,0.8,0.6,0.6,0.6,0.6,0.6,326.0,1.155,376.6
1228,1.7,1.7,1.7,1.7,1.7,1.0,1.0,1.0,1.0,1.0,1.0,1.0,1.0,1.0,1.0,0.8,0.8,0.8,0.8,0.8,0.7,0.7,0.7,0.7,0.7,309.0,1.096,338.7
1229,1.7,1.7,1.7,1.7,1.7,1.0,1.0,1.0,1.0,1.0,1.0,1.0,1.0,1.0,1.0,0.8,0.8,0.8,0.8,0.8,0.8,0.8,0.8,0.8,0.8,299.8,1.134,339.8
1230,1.7,1.7,1.7,1.7,1.7,1.0,1.0,1.0,1.0,1.0,1.0,1.0,1.0,1.0,1.0,0.9,0.9,0.9,0.9,0.9,0.2,0.2,0.2,0.2,0.2,445.7,1.426,635.5
1231,1.7,1.7,1.7,1.7,1.7,1.0,1.0,1.0,1.0,1.0,1.0,1.0,1.0,1.0,1.0,0.9,0.9,0.9,0.9,0.9,0.3,0.3,0.3,0.3,0.3,408.4,1.314,536.6
1232,1.7,1.7,1.7,1.7,1.7,1.0,1.0,1.0,1.0,1.0,1.0,1.0,1.0,1.0,1.0,0.9,0.9,0.9,0.9,0.9,0.4,0.4,0.4,0.4,0.4,374.4,1.23,460.6
1233,1.7,1.7,1.7,1.7,1.7,1.0,1.0,1.0,1.0,1.0,1.0,1.0,1.0,1.0,1.0,0.9,0.9,0.9,0.9,0.9,0.5,0.5,0.5,0.5,0.5,344.8,1.155,398.3
1234,1.7,1.7,1.7,1.7,1.7,1.0,1.0,1.0,1.0,1.0,1.0,1.0,1.0,1.0,1.0,0.9,0.9,0.9,0.9,0.9,0.6,0.6,0.6,0.6,0.6,320.6,1.096,351.4
1235,1.7,1.7,1.7,1.7,1.7,1.0,1.0,1.0,1.0,1.0,1.0,1.0,1.0,1.0,1.0,0.9,0.9,0.9,0.9,0.9,0.7,0.7,0.7,0.7,0.7,303.2,1.133,343.5
1236,1.7,1.7,1.7,1.7,1.7,1.0,1.0,1.0,1.0,1.0,1.0,1.0,1.0,1.0,1.0,0.9,0.9,0.9,0.9,0.9,0.8,0.8,0.8,0.8,0.8,293.8,1.245,365.8
1237,1.7,1.7,1.7,1.7,1.7,1.0,1.0,1.0,1.0,1.0,1.0,1.0,1.0,1.0,1.0,0.9,0.9,0.9,0.9,0.9,0.9,0.9,0.9,0.9,0.9,293.2,1.357,397.8
1238,1.7,1.7,1.7,1.7,1.7,1.0,1.0,1.0,1.0,1.0,1.0,1.0,1.0,1.0,1.0,1.0,1.0,1.0,1.0,1.0,0.2,0.2,0.2,0.2,0.2,447.4,1.314,588.1
1239,1.7,1.7,1.7,1.7,1.7,1.0,1.0,1.0,1.0,1.0,1.0,1.0,1.0,1.0,1.0,1.0,1.0,1.0,1.0,1.0,0.3,0.3,0.3,0.3,0.3,410.3,1.23,504.8
1240,1.7,1.7,1.7,1.7,1.7,1.0,1.0,1.0,1.0,1.0,1.0,1.0,1.0,1.0,1.0,1.0,1.0,1.0,1.0,1.0,0.4,0.4,0.4,0.4,0.4,376.5,1.156,435.2
1241,1.7,1.7,1.7,1.7,1.7,1.0,1.0,1.0,1.0,1.0,1.0,1.0,1.0,1.0,1.0,1.0,1.0,1.0,1.0,1.0,0.5,0.5,0.5,0.5,0.5,347.0,1.096,380.4
1242,1.7,1.7,1.7,1.7,1.7,1.0,1.0,1.0,1.0,1.0,1.0,1.0,1.0,1.0,1.0,1.0,1.0,1.0,1.0,1.0,0.6,0.6,0.6,0.6,0.6,323.0,1.133,365.8
1243,1.7,1.7,1.7,1.7,1.7,1.0,1.0,1.0,1.0,1.0,1.0,1.0,1.0,1.0,1.0,1.0,1.0,1.0,1.0,1.0,0.7,0.7,0.7,0.7,0.7,305.7,1.245,380.4
1244,1.7,1.7,1.7,1.7,1.7,1.0,1.0,1.0,1.0,1.0,1.0,1.0,1.0,1.0,1.0,1.0,1.0,1.0,1.0,1.0,0.8,0.8,0.8,0.8,0.8,296.4,1.356,402.0
1245,1.7,1.7,1.7,1.7,1.7,1.0,1.0,1.0,1.0,1.0,1.0,1.0,1.0,1.0,1.0,1.0,1.0,1.0,1.0,1.0,0.9,0.9,0.9,0.9,0.9,295.8,1.468,434.3
1246,1.7,1.7,1.7,1.7,1.7,1.0,1.0,1.0,1.0,1.0,1.0,1.0,1.0,1.0,1.0,1.0,1.0,1.0,1.0,1.0,1.0,1.0,1.0,1.0,1.0,304.0,1.58,480.2
1247,1.7,1.7,1.7,1.7,1.7,1.1,1.1,1.1,1.1,1.1,1.0,1.0,1.0,1.0,1.0,0.2,0.2,0.2,0.2,0.2,0.2,0.2,0.2,0.2,0.2,573.7,2.113,1212.2
1248,1.7,1.7,1.7,1.7,1.7,1.1,1.1,1.1,1.1,1.1,1.0,1.0,1.0,1.0,1.0,0.3,0.3,0.3,0.3,0.3,0.2,0.2,0.2,0.2,0.2,543.1,2.002,1087.1
1249,1.7,1.7,1.7,1.7,1.7,1.1,1.1,1.1,1.1,1.1,1.0,1.0,1.0,1.0,1.0,0.3,0.3,0.3,0.3,0.3,0.3,0.3,0.3,0.3,0.3,513.0,1.89,969.4
1250,1.7,1.7,1.7,1.7,1.7,1.1,1.1,1.1,1.1,1.1,1.0,1.0,1.0,1.0,1.0,0.4,0.4,0.4,0.4,0.4,0.2,0.2,0.2,0.2,0.2,515.7,1.89,974.8
1251,1.7,1.7,1.7,1.7,1.7,1.1,1.1,1.1,1.1,1.1,1.0,1.0,1.0,1.0,1.0,0.4,0.4,0.4,0.4,0.4,0.3,0.3,0.3,0.3,0.3,483.8,1.778,860.5
1252,1.7,1.7,1.7,1.7,1.7,1.1,1.1,1.1,1.1,1.1,1.0,1.0,1.0,1.0,1.0,0.4,0.4,0.4,0.4,0.4,0.4,0.4,0.4,0.4,0.4,455.5,1.667,759.2
1253,1.7,1.7,1.7,1.7,1.7,1.1,1.1,1.1,1.1,1.1,1.0,1.0,1.0,1.0,1.0,0.5,0.5,0.5,0.5,0.5,0.2,0.2,0.2,0.2,0.2,491.9,1.779,875.1
1254,1.7,1.7,1.7,1.7,1.7,1.1,1.1,1.1,1.1,1.1,1.0,1.0,1.0,1.0,1.0,0.5,0.5,0.5,0.5,0.5,0.3,0.3,0.3,0.3,0.3,458.4,1.667,764.2
1255,1.7,1.7,1.7,1.7,1.7,1.1,1.1,1.1,1.1,1.1,1.0,1.0,1.0,1.0,1.0,0.5,0.5,0.5,0.5,0.5,0.4,0.4,0.4,0.4,0.4,428.4,1.555,666.3
1256,1.7,1.7,1.7,1.7,1.7,1.1,1.1,1.1,1.1,1.1,1.0,1.0,1.0,1.0,1.0,0.5,0.5,0.5,0.5,0.5,0.5,0.5,0.5,0.5,0.5,402.7,1.444,581.4
1257,1.7,1.7,1.7,1.7,1.7,1.1,1.1,1.1,1.1,1.1,1.0,1.0,1.0,1.0,1.0,0.6,0.6,0.6,0.6,0.6,0.2,0.2,0.2,0.2,0.2,472.4,1.668,787.8
1258,1.7,1.7,1.7,1.7,1.7,1.1,1.1,1.1,1.1,1.1,1.0,1.0,1.0,1.0,1.0,0.6,0.6,0.6,0.6,0.6,0.3,0.3,0.3,0.3,0.3,437.4,1.556,680.5
1259,1.7,1.7,1.7,1.7,1.7,1.1,1.1,1.1,1.1,1.1,1.0,1.0,1.0,1.0,1.0,0.6,0.6,0.6,0.6,0.6,0.4,0.4,0.4,0.4,0.4,405.8,1.444,586.0
1260,1.7,1.7,1.7,1.7,1.7,1.1,1.1,1.1,1.1,1.1,1.0,1.0,1.0,1.0,1.0,0.6,0.6,0.6,0.6,0.6,0.5,0.5,0.5,0.5,0.5,378.6,1.332,504.4
1261,1.7,1.7,1.7,1.7,1.7,1.1,1.1,1.1,1.1,1.1,1.0,1.0,1.0,1.0,1.0,0.6,0.6,0.6,0.6,0.6,0.6,0.6,0.6,0.6,0.6,356.7,1.253,447.0
1262,1.7,1.7,1.7,1.7,1.7,1.1,1.1,1.1,1.1,1.1,1.0,1.0,1.0,1.0,1.0,0.7,0.7,0.7,0.7,0.7,0.2,0.2,0.2,0.2,0.2,457.6,1.556,712.2
1263,1.7,1.7,1.7,1.7,1.7,1.1,1.1,1.1,1.1,1.1,1.0,1.0,1.0,1.0,1.0,0.7,0.7,0.7,0.7,0.7,0.3,0.3,0.3,0.3,0.3,421.3,1.445,608.7
1264,1.7,1.7,1.7,1.7,1.7,1.1,1.1,1.1,1.1,1.1,1.0,1.0,1.0,1.0,1.0,0.7,0.7,0.7,0.7,0.7,0.4,0.4,0.4,0.4,0.4,388.5,1.333,517.8
1265,1.7,1.7,1.7,1.7,1.7,1.1,1.1,1.1,1.1,1.1,1.0,1.0,1.0,1.0,1.0,0.7,0.7,0.7,0.7,0.7,0.5,0.5,0.5,0.5,0.5,360.0,1.254,451.3
1266,1.7,1.7,1.7,1.7,1.7,1.1,1.1,1.1,1.1,1.1,1.0,1.0,1.0,1.0,1.0,0.7,0.7,0.7,0.7,0.7,0.6,0.6,0.6,0.6,0.6,336.9,1.179,397.2
1267,1.7,1.7,1.7,1.7,1.7,1.1,1.1,1.1,1.1,1.1,1.0,1.0,1.0,1.0,1.0,0.7,0.7,0.7,0.7,0.7,0.7,0.7,0.7,0.7,0.7,320.4,1.108,354.8
1268,1.7,1.7,1.7,1.7,1.7,1.1,1.1,1.1,1.1,1.1,1.0,1.0,1.0,1.0,1.0,0.8,0.8,0.8,0.8,0.8,0.2,0.2,0.2,0.2,0.2,448.0,1.445,647.4
1269,1.7,1.7,1.7,1.7,1.7,1.1,1.1,1.1,1.1,1.1,1.0,1.0,1.0,1.0,1.0,0.8,0.8,0.8,0.8,0.8,0.3,0.3,0.3,0.3,0.3,410.9,1.333,547.9
1270,1.7,1.7,1.7,1.7,1.7,1.1,1.1,1.1,1.1,1.1,1.0,1.0,1.0,1.0,1.0,0.8,0.8,0.8,0.8,0.8,0.4,0.4,0.4,0.4,0.4,377.2,1.254,473.0
1271,1.7,1.7,1.7,1.7,1.7,1.1,1.1,1.1,1.1,1.1,1.0,1.0,1.0,1.0,1.0,0.8,0.8,0.8,0.8,0.8,0.5,0.5,0.5,0.5,0.5,347.8,1.179,410.2
1272,1.7,1.7,1.7,1.7,1.7,1.1,1.1,1.1,1.1,1.1,1.0,1.0,1.0,1.0,1.0,0.8,0.8,0.8,0.8,0.8,0.6,0.6,0.6,0.6,0.6,323.8,1.108,358.6
1273,1.7,1.7,1.7,1.7,1.7,1.1,1.1,1.1,1.1,1.1,1.0,1.0,1.0,1.0,1.0,0.8,0.8,0.8,0.8,0.8,0.7,0.7,0.7,0.7,0.7,306.6,1.12,343.4
1274,1.7,1.7,1.7,1.7,1.7,1.1,1.1,1.1,1.1,1.1,1.0,1.0,1.0,1.0,1.0,0.8,0.8,0.8,0.8,0.8,0.8,0.8,0.8,0.8,0.8,297.3,1.226,364.4
1275,1.7,1.7,1.7,1.7,1.7,1.1,1.1,1.1,1.1,1.1,1.0,1.0,1.0,1.0,1.0,0.9,0.9,0.9,0.9,0.9,0.2,0.2,0.2,0.2,0.2,444.0,1.334,592.3
1276,1.7,1.7,1.7,1.7,1.7,1.1,1.1,1.1,1.1,1.1,1.0,1.0,1.0,1.0,1.0,0.9,0.9,0.9,0.9,0.9,0.3,0.3,0.3,0.3,0.3,406.6,1.254,510.1
1277,1.7,1.7,1.7,1.7,1.7,1.1,1.1,1.1,1.1,1.1,1.0,1.0,1.0,1.0,1.0,0.9,0.9,0.9,0.9,0.9,0.4,0.4,0.4,0.4,0.4,372.5,1.18,439.5
1278,1.7,1.7,1.7,1.7,1.7,1.1,1.1,1.1,1.1,1.1,1.0,1.0,1.0,1.0,1.0,0.9,0.9,0.9,0.9,0.9,0.5,0.5,0.5,0.5,0.5,342.6,1.108,379.5
1279,1.7,1.7,1.7,1.7,1.7,1.1,1.1,1.1,1.1,1.1,1.0,1.0,1.0,1.0,1.0,0.9,0.9,0.9,0.9,0.9,0.6,0.6,0.6,0.6,0.6,318.2,1.122,357.0
1280,1.7,1.7,1.7,1.7,1.7,1.1,1.1,1.1,1.1,1.1,1.0,1.0,1.0,1.0,1.0,0.9,0.9,0.9,0.9,0.9,0.7,0.7,0.7,0.7,0.7,300.7,1.225,368.4
1281,1.7,1.7,1.7,1.7,1.7,1.1,1.1,1.1,1.1,1.1,1.0,1.0,1.0,1.0,1.0,0.9,0.9,0.9,0.9,0.9,0.8,0.8,0.8,0.8,0.8,291.3,1.337,389.4
1282,1.7,1.7,1.7,1.7,1.7,1.1,1.1,1.1,1.1,1.1,1.0,1.0,1.0,1.0,1.0,0.9,0.9,0.9,0.9,0.9,0.9,0.9,0.9,0.9,0.9,290.6,1.449,421.1
1283,1.7,1.7,1.7,1.7,1.7,1.1,1.1,1.1,1.1,1.1,1.0,1.0,1.0,1.0,1.0,1.0,1.0,1.0,1.0,1.0,0.2,0.2,0.2,0.2,0.2,445.8,1.255,559.4
1284,1.7,1.7,1.7,1.7,1.7,1.1,1.1,1.1,1.1,1.1,1.0,1.0,1.0,1.0,1.0,1.0,1.0,1.0,1.0,1.0,0.3,0.3,0.3,0.3,0.3,408.5,1.18,482.2
1285,1.7,1.7,1.7,1.7,1.7,1.1,1.1,1.1,1.1,1.1,1.0,1.0,1.0,1.0,1.0,1.0,1.0,1.0,1.0,1.0,0.4,0.4,0.4,0.4,0.4,374.5,1.108,414.9
1286,1.7,1.7,1.7,1.7,1.7,1.1,1.1,1.1,1.1,1.1,1.0,1.0,1.0,1.0,1.0,1.0,1.0,1.0,1.0,1.0,0.5,0.5,0.5,0.5,0.5,344.9,1.123,387.3
1287,1.7,1.7,1.7,1.7,1.7,1.1,1.1,1.1,1.1,1.1,1.0,1.0,1.0,1.0,1.0,1.0,1.0,1.0,1.0,1.0,0.6,0.6,0.6,0.6,0.6,320.7,1.225,392.7
1288,1.7,1.7,1.7,1.7,1.7,1.1,1.1,1.1,1.1,1.1,1.0,1.0,1.0,1.0,1.0,1.0,1.0,1.0,1.0,1.0,0.7,0.7,0.7,0.7,0.7,303.3,1.336,405.3
1289,1.7,1.7,1.7,1.7,1.7,1.1,1.1,1.1,1.1,1.1,1.0,1.0,1.0,1.0,1.0,1.0,1.0,1.0,1.0,1.0,0.8,0.8,0.8,0.8,0.8,293.9,1.448,425.6
1290,1.7,1.7,1.7,1.7,1.7,1.1,1.1,1.1,1.1,1.1,1.0,1.0,1.0,1.0,1.0,1.0,1.0,1.0,1.0,1.0,0.9,0.9,0.9,0.9,0.9,293.3,1.56,457.5
1291,1.7,1.7,1.7,1.7,1.7,1.1,1.1,1.1,1.1,1.1,1.0,1.0,1.0,1.0,1.0,1.0,1.0,1.0,1.0,1.0,1.0,1.0,1.0,1.0,1.0,301.5,1.672,504.1
1292,1.7,1.7,1.7,1.7,1.7,1.2,1.2,1.2,1.2,1.2,1.0,1.0,1.0,1.0,1.0,0.2,0.2,0.2,0.2,0.2,0.2,0.2,0.2,0.2,0.2,575.5,2.021,1163.0
1293,1.7,1.7,1.7,1.7,1.7,1.2,1.2,1.2,1.2,1.2,1.0,1.0,1.0,1.0,1.0,0.3,0.3,0.3,0.3,0.3,0.2,0.2,0.2,0.2,0.2,545.0,1.91,1040.8
1294,1.7,1.7,1.7,1.7,1.7,1.2,1.2,1.2,1.2,1.2,1.0,1.0,1.0,1.0,1.0,0.3,0.3,0.3,0.3,0.3,0.3,0.3,0.3,0.3,0.3,515.0,1.798,925.8
1295,1.7,1.7,1.7,1.7,1.7,1.2,1.2,1.2,1.2,1.2,1.0,1.0,1.0,1.0,1.0,0.4,0.4,0.4,0.4,0.4,0.2,0.2,0.2,0.2,0.2,517.7,1.798,930.9
1296,1.7,1.7,1.7,1.7,1.7,1.2,1.2,1.2,1.2,1.2,1.0,1.0,1.0,1.0,1.0,0.4,0.4,0.4,0.4,0.4,0.3,0.3,0.3,0.3,0.3,485.9,1.687,819.5
1297,1.7,1.7,1.7,1.7,1.7,1.2,1.2,1.2,1.2,1.2,1.0,1.0,1.0,1.0,1.0,0.4,0.4,0.4,0.4,0.4,0.4,0.4,0.4,0.4,0.4,457.7,1.575,720.8
1298,1.7,1.7,1.7,1.7,1.7,1.2,1.2,1.2,1.2,1.2,1.0,1.0,1.0,1.0,1.0,0.5,0.5,0.5,0.5,0.5,0.2,0.2,0.2,0.2,0.2,494.0,1.687,833.4
1299,1.7,1.7,1.7,1.7,1.7,1.2,1.2,1.2,1.2,1.2,1.0,1.0,1.0,1.0,1.0,0.5,0.5,0.5,0.5,0.5,0.3,0.3,0.3,0.3,0.3,460.6,1.575,725.6
1300,1.7,1.7,1.7,1.7,1.7,1.2,1.2,1.2,1.2,1.2,1.0,1.0,1.0,1.0,1.0,0.5,0.5,0.5,0.5,0.5,0.4,0.4,0.4,0.4,0.4,430.8,1.463,630.4
1301,1.7,1.7,1.7,1.7,1.7,1.2,1.2,1.2,1.2,1.2,1.0,1.0,1.0,1.0,1.0,0.5,0.5,0.5,0.5,0.5,0.5,0.5,0.5,0.5,0.5,405.3,1.352,547.9
1302,1.7,1.7,1.7,1.7,1.7,1.2,1.2,1.2,1.2,1.2,1.0,1.0,1.0,1.0,1.0,0.6,0.6,0.6,0.6,0.6,0.2,0.2,0.2,0.2,0.2,474.5,1.576,747.7
1303,1.7,1.7,1.7,1.7,1.7,1.2,1.2,1.2,1.2,1.2,1.0,1.0,1.0,1.0,1.0,0.6,0.6,0.6,0.6,0.6,0.3,0.3,0.3,0.3,0.3,439.7,1.464,643.7
1304,1.7,1.7,1.7,1.7,1.7,1.2,1.2,1.2,1.2,1.2,1.0,1.0,1.0,1.0,1.0,0.6,0.6,0.6,0.6,0.6,0.4,0.4,0.4,0.4,0.4,408.3,1.352,552.2
1305,1.7,1.7,1.7,1.7,1.7,1.2,1.2,1.2,1.2,1.2,1.0,1.0,1.0,1.0,1.0,0.6,0.6,0.6,0.6,0.6,0.5,0.5,0.5,0.5,0.5,381.3,1.278,487.2
1306,1.7,1.7,1.7,1.7,1.7,1.2,1.2,1.2,1.2,1.2,1.0,1.0,1.0,1.0,1.0,0.6,0.6,0.6,0.6,0.6,0.6,0.6,0.6,0.6,0.6,359.5,1.203,432.6
1307,1.7,1.7,1.7,1.7,1.7,1.2,1.2,1.2,1.2,1.2,1.0,1.0,1.0,1.0,1.0,0.7,0.7,0.7,0.7,0.7,0.2,0.2,0.2,0.2,0.2,459.8,1.464,673.4
1308,1.7,1.7,1.7,1.7,1.7,1.2,1.2,1.2,1.2,1.2,1.0,1.0,1.0,1.0,1.0,0.7,0.7,0.7,0.7,0.7,0.3,0.3,0.3,0.3,0.3,423.8,1.353,573.2
1309,1.7,1.7,1.7,1.7,1.7,1.2,1.2,1.2,1.2,1.2,1.0,1.0,1.0,1.0,1.0,0.7,0.7,0.7,0.7,0.7,0.4,0.4,0.4,0.4,0.4,391.1,1.278,499.9
1310,1.7,1.7,1.7,1.7,1.7,1.2,1.2,1.2,1.2,1.2,1.0,1.0,1.0,1.0,1.0,0.7,0.7,0.7,0.7,0.7,0.5,0.5,0.5,0.5,0.5,362.8,1.204,436.6
1311,1.7,1.7,1.7,1.7,1.7,1.2,1.2,1.2,1.2,1.2,1.0,1.0,1.0,1.0,1.0,0.7,0.7,0.7,0.7,0.7,0.6,0.6,0.6,0.6,0.6,339.9,1.129,383.7
1312,1.7,1.7,1.7,1.7,1.7,1.2,1.2,1.2,1.2,1.2,1.0,1.0,1.0,1.0,1.0,0.7,0.7,0.7,0.7,0.7,0.7,0.7,0.7,0.7,0.7,323.5,1.112,359.9
1313,1.7,1.7,1.7,1.7,1.7,1.2,1.2,1.2,1.2,1.2,1.0,1.0,1.0,1.0,1.0,0.8,0.8,0.8,0.8,0.8,0.2,0.2,0.2,0.2,0.2,450.3,1.353,609.3
1314,1.7,1.7,1.7,1.7,1.7,1.2,1.2,1.2,1.2,1.2,1.0,1.0,1.0,1.0,1.0,0.8,0.8,0.8,0.8,0.8,0.3,0.3,0.3,0.3,0.3,413.4,1.279,528.6
1315,1.7,1.7,1.7,1.7,1.7,1.2,1.2,1.2,1.2,1.2,1.0,1.0,1.0,1.0,1.0,0.8,0.8,0.8,0.8,0.8,0.4,0.4,0.4,0.4,0.4,379.9,1.204,457.4
1316,1.7,1.7,1.7,1.7,1.7,1.2,1.2,1.2,1.2,1.2,1.0,1.0,1.0,1.0,1.0,0.8,0.8,0.8,0.8,0.8,0.5,0.5,0.5,0.5,0.5,350.7,1.129,396.0
1317,1.7,1.7,1.7,1.7,1.7,1.2,1.2,1.2,1.2,1.2,1.0,1.0,1.0,1.0,1.0,0.8,0.8,0.8,0.8,0.8,0.6,0.6,0.6,0.6,0.6,326.9,1.114,364.2
1318,1.7,1.7,1.7,1.7,1.7,1.2,1.2,1.2,1.2,1.2,1.0,1.0,1.0,1.0,1.0,0.8,0.8,0.8,0.8,0.8,0.7,0.7,0.7,0.7,0.7,309.9,1.206,373.6
1319,1.7,1.7,1.7,1.7,1.7,1.2,1.2,1.2,1.2,1.2,1.0,1.0,1.0,1.0,1.0,0.8,0.8,0.8,0.8,0.8,0.8,0.8,0.8,0.8,0.8,300.7,1.318,396.2
1320,1.7,1.7,1.7,1.7,1.7,1.2,1.2,1.2,1.2,1.2,1.0,1.0,1.0,1.0,1.0,0.9,0.9,0.9,0.9,0.9,0.2,0.2,0.2,0.2,0.2,446.3,1.279,570.8
1321,1.7,1.7,1.7,1.7,1.7,1.2,1.2,1.2,1.2,1.2,1.0,1.0,1.0,1.0,1.0,0.9,0.9,0.9,0.9,0.9,0.3,0.3,0.3,0.3,0.3,409.1,1.204,492.7
1322,1.7,1.7,1.7,1.7,1.7,1.2,1.2,1.2,1.2,1.2,1.0,1.0,1.0,1.0,1.0,0.9,0.9,0.9,0.9,0.9,0.4,0.4,0.4,0.4,0.4,375.2,1.13,423.9
1323,1.7,1.7,1.7,1.7,1.7,1.2,1.2,1.2,1.2,1.2,1.0,1.0,1.0,1.0,1.0,0.9,0.9,0.9,0.9,0.9,0.5,0.5,0.5,0.5,0.5,345.6,1.115,385.5
1324,1.7,1.7,1.7,1.7,1.7,1.2,1.2,1.2,1.2,1.2,1.0,1.0,1.0,1.0,1.0,0.9,0.9,0.9,0.9,0.9,0.6,0.6,0.6,0.6,0.6,321.4,1.205,387.4
1325,1.7,1.7,1.7,1.7,1.7,1.2,1.2,1.2,1.2,1.2,1.0,1.0,1.0,1.0,1.0,0.9,0.9,0.9,0.9,0.9,0.7,0.7,0.7,0.7,0.7,304.1,1.317,400.5
1326,1.7,1.7,1.7,1.7,1.7,1.2,1.2,1.2,1.2,1.2,1.0,1.0,1.0,1.0,1.0,0.9,0.9,0.9,0.9,0.9,0.8,0.8,0.8,0.8,0.8,294.7,1.429,421.1
1327,1.7,1.7,1.7,1.7,1.7,1.2,1.2,1.2,1.2,1.2,1.0,1.0,1.0,1.0,1.0,0.9,0.9,0.9,0.9,0.9,0.9,0.9,0.9,0.9,0.9,294.1,1.541,453.2
1328,1.7,1.7,1.7,1.7,1.7,1.2,1.2,1.2,1.2,1.2,1.0,1.0,1.0,1.0,1.0,1.0,1.0,1.0,1.0,1.0,0.2,0.2,0.2,0.2,0.2,448.1,1.205,539.8
1329,1.7,1.7,1.7,1.7,1.7,1.2,1.2,1.2,1.2,1.2,1.0,1.0,1.0,1.0,1.0,1.0,1.0,1.0,1.0,1.0,0.3,0.3,0.3,0.3,0.3,411.0,1.13,464.5
1330,1.7,1.7,1.7,1.7,1.7,1.2,1.2,1.2,1.2,1.2,1.0,1.0,1.0,1.0,1.0,1.0,1.0,1.0,1.0,1.0,0.4,0.4,0.4,0.4,0.4,377.2,1.117,421.4
1331,1.7,1.7,1.7,1.7,1.7,1.2,1.2,1.2,1.2,1.2,1.0,1.0,1.0,1.0,1.0,1.0,1.0,1.0,1.0,1.0,0.5,0.5,0.5,0.5,0.5,347.8,1.205,419.0
1332,1.7,1.7,1.7,1.7,1.7,1.2,1.2,1.2,1.2,1.2,1.0,1.0,1.0,1.0,1.0,1.0,1.0,1.0,1.0,1.0,0.6,0.6,0.6,0.6,0.6,323.8,1.317,426.3
1333,1.7,1.7,1.7,1.7,1.7,1.2,1.2,1.2,1.2,1.2,1.0,1.0,1.0,1.0,1.0,1.0,1.0,1.0,1.0,1.0,0.7,0.7,0.7,0.7,0.7,306.6,1.428,438.0
1334,1.7,1.7,1.7,1.7,1.7,1.2,1.2,1.2,1.2,1.2,1.0,1.0,1.0,1.0,1.0,1.0,1.0,1.0,1.0,1.0,0.8,0.8,0.8,0.8,0.8,297.3,1.54,458.0
1335,1.7,1.7,1.7,1.7,1.7,1.2,1.2,1.2,1.2,1.2,1.0,1.0,1.0,1.0,1.0,1.0,1.0,1.0,1.0,1.0,0.9,0.9,0.9,0.9,0.9,296.8,1.652,490.2
1336,1.7,1.7,1.7,1.7,1.7,1.2,1.2,1.2,1.2,1.2,1.0,1.0,1.0,1.0,1.0,1.0,1.0,1.0,1.0,1.0,1.0,1.0,1.0,1.0,1.0,304.9,1.764,537.7
1337,1.7,1.7,1.7,1.7,1.7,1.3,1.3,1.3,1.3,1.3,1.0,1.0,1.0,1.0,1.0,0.2,0.2,0.2,0.2,0.2,0.2,0.2,0.2,0.2,0.2,580.3,1.929,1119.4
1338,1.7,1.7,1.7,1.7,1.7,1.3,1.3,1.3,1.3,1.3,1.0,1.0,1.0,1.0,1.0,0.3,0.3,0.3,0.3,0.3,0.2,0.2,0.2,0.2,0.2,550.1,1.818,999.9
1339,1.7,1.7,1.7,1.7,1.7,1.3,1.3,1.3,1.3,1.3,1.0,1.0,1.0,1.0,1.0,0.3,0.3,0.3,0.3,0.3,0.3,0.3,0.3,0.3,0.3,520.3,1.706,887.6
1340,1.7,1.7,1.7,1.7,1.7,1.3,1.3,1.3,1.3,1.3,1.0,1.0,1.0,1.0,1.0,0.4,0.4,0.4,0.4,0.4,0.2,0.2,0.2,0.2,0.2,523.0,1.706,892.5
1341,1.7,1.7,1.7,1.7,1.7,1.3,1.3,1.3,1.3,1.3,1.0,1.0,1.0,1.0,1.0,0.4,0.4,0.4,0.4,0.4,0.3,0.3,0.3,0.3,0.3,491.6,1.595,783.9
1342,1.7,1.7,1.7,1.7,1.7,1.3,1.3,1.3,1.3,1.3,1.0,1.0,1.0,1.0,1.0,0.4,0.4,0.4,0.4,0.4,0.4,0.4,0.4,0.4,0.4,463.8,1.483,687.7
1343,1.7,1.7,1.7,1.7,1.7,1.3,1.3,1.3,1.3,1.3,1.0,1.0,1.0,1.0,1.0,0.5,0.5,0.5,0.5,0.5,0.2,0.2,0.2,0.2,0.2,499.6,1.595,796.9
1344,1.7,1.7,1.7,1.7,1.7,1.3,1.3,1.3,1.3,1.3,1.0,1.0,1.0,1.0,1.0,0.5,0.5,0.5,0.5,0.5,0.3,0.3,0.3,0.3,0.3,466.6,1.483,692.1
1345,1.7,1.7,1.7,1.7,1.7,1.3,1.3,1.3,1.3,1.3,1.0,1.0,1.0,1.0,1.0,0.5,0.5,0.5,0.5,0.5,0.4,0.4,0.4,0.4,0.4,437.2,1.376,601.7
1346,1.7,1.7,1.7,1.7,1.7,1.3,1.3,1.3,1.3,1.3,1.0,1.0,1.0,1.0,1.0,0.5,0.5,0.5,0.5,0.5,0.5,0.5,0.5,0.5,0.5,412.0,1.302,536.4
1347,1.7,1.7,1.7,1.7,1.7,1.3,1.3,1.3,1.3,1.3,1.0,1.0,1.0,1.0,1.0,0.6,0.6,0.6,0.6,0.6,0.2,0.2,0.2,0.2,0.2,480.3,1.484,712.7
1348,1.7,1.7,1.7,1.7,1.7,1.3,1.3,1.3,1.3,1.3,1.0,1.0,1.0,1.0,1.0,0.6,0.6,0.6,0.6,0.6,0.3,0.3,0.3,0.3,0.3,446.0,1.377,614.0
1349,1.7,1.7,1.7,1.7,1.7,1.3,1.3,1.3,1.3,1.3,1.0,1.0,1.0,1.0,1.0,0.6,0.6,0.6,0.6,0.6,0.4,0.4,0.4,0.4,0.4,415.1,1.302,540.5
1350,1.7,1.7,1.7,1.7,1.7,1.3,1.3,1.3,1.3,1.3,1.0,1.0,1.0,1.0,1.0,0.6,0.6,0.6,0.6,0.6,0.5,0.5,0.5,0.5,0.5,388.5,1.228,476.9
1351,1.7,1.7,1.7,1.7,1.7,1.3,1.3,1.3,1.3,1.3,1.0,1.0,1.0,1.0,1.0,0.6,0.6,0.6,0.6,0.6,0.6,0.6,0.6,0.6,0.6,367.2,1.153,423.4
1352,1.7,1.7,1.7,1.7,1.7,1.3,1.3,1.3,1.3,1.3,1.0,1.0,1.0,1.0,1.0,0.7,0.7,0.7,0.7,0.7,0.2,0.2,0.2,0.2,0.2,465.8,1.377,641.5
1353,1.7,1.7,1.7,1.7,1.7,1.3,1.3,1.3,1.3,1.3,1.0,1.0,1.0,1.0,1.0,0.7,0.7,0.7,0.7,0.7,0.3,0.3,0.3,0.3,0.3,430.3,1.303,560.5
1354,1.7,1.7,1.7,1.7,1.7,1.3,1.3,1.3,1.3,1.3,1.0,1.0,1.0,1.0,1.0,0.7,0.7,0.7,0.7,0.7,0.4,0.4,0.4,0.4,0.4,398.2,1.228,488.9
1355,1.7,1.7,1.7,1.7,1.7,1.3,1.3,1.3,1.3,1.3,1.0,1.0,1.0,1.0,1.0,0.7,0.7,0.7,0.7,0.7,0.5,0.5,0.5,0.5,0.5,370.4,1.153,427.2
1356,1.7,1.7,1.7,1.7,1.7,1.3,1.3,1.3,1.3,1.3,1.0,1.0,1.0,1.0,1.0,0.7,0.7,0.7,0.7,0.7,0.6,0.6,0.6,0.6,0.6,348.0,1.112,387.1
1357,1.7,1.7,1.7,1.7,1.7,1.3,1.3,1.3,1.3,1.3,1.0,1.0,1.0,1.0,1.0,0.7,0.7,0.7,0.7,0.7,0.7,0.7,0.7,0.7,0.7,332.0,1.186,393.9
1358,1.7,1.7,1.7,1.7,1.7,1.3,1.3,1.3,1.3,1.3,1.0,1.0,1.0,1.0,1.0,0.8,0.8,0.8,0.8,0.8,0.2,0.2,0.2,0.2,0.2,456.4,1.303,594.7
1359,1.7,1.7,1.7,1.7,1.7,1.3,1.3,1.3,1.3,1.3,1.0,1.0,1.0,1.0,1.0,0.8,0.8,0.8,0.8,0.8,0.3,0.3,0.3,0.3,0.3,420.1,1.228,516.1
1360,1.7,1.7,1.7,1.7,1.7,1.3,1.3,1.3,1.3,1.3,1.0,1.0,1.0,1.0,1.0,0.8,0.8,0.8,0.8,0.8,0.4,0.4,0.4,0.4,0.4,387.1,1.154,446.7
1361,1.7,1.7,1.7,1.7,1.7,1.3,1.3,1.3,1.3,1.3,1.0,1.0,1.0,1.0,1.0,0.8,0.8,0.8,0.8,0.8,0.5,0.5,0.5,0.5,0.5,358.5,1.114,399.3
1362,1.7,1.7,1.7,1.7,1.7,1.3,1.3,1.3,1.3,1.3,1.0,1.0,1.0,1.0,1.0,0.8,0.8,0.8,0.8,0.8,0.6,0.6,0.6,0.6,0.6,335.3,1.186,397.6
1363,1.7,1.7,1.7,1.7,1.7,1.3,1.3,1.3,1.3,1.3,1.0,1.0,1.0,1.0,1.0,0.8,0.8,0.8,0.8,0.8,0.7,0.7,0.7,0.7,0.7,318.7,1.298,413.6
1364,1.7,1.7,1.7,1.7,1.7,1.3,1.3,1.3,1.3,1.3,1.0,1.0,1.0,1.0,1.0,0.8,0.8,0.8,0.8,0.8,0.8,0.8,0.8,0.8,0.8,309.8,1.409,436.6
1365,1.7,1.7,1.7,1.7,1.7,1.3,1.3,1.3,1.3,1.3,1.0,1.0,1.0,1.0,1.0,0.9,0.9,0.9,0.9,0.9,0.2,0.2,0.2,0.2,0.2,452.5,1.229,556.1
1366,1.7,1.7,1.7,1.7,1.7,1.3,1.3,1.3,1.3,1.3,1.0,1.0,1.0,1.0,1.0,0.9,0.9,0.9,0.9,0.9,0.3,0.3,0.3,0.3,0.3,415.8,1.154,480.0
1367,1.7,1.7,1.7,1.7,1.7,1.3,1.3,1.3,1.3,1.3,1.0,1.0,1.0,1.0,1.0,0.9,0.9,0.9,0.9,0.9,0.4,0.4,0.4,0.4,0.4,382.5,1.115,426.5
1368,1.7,1.7,1.7,1.7,1.7,1.3,1.3,1.3,1.3,1.3,1.0,1.0,1.0,1.0,1.0,0.9,0.9,0.9,0.9,0.9,0.5,0.5,0.5,0.5,0.5,353.5,1.185,419.1
1369,1.7,1.7,1.7,1.7,1.7,1.3,1.3,1.3,1.3,1.3,1.0,1.0,1.0,1.0,1.0,0.9,0.9,0.9,0.9,0.9,0.6,0.6,0.6,0.6,0.6,330.0,1.297,428.0
1370,1.7,1.7,1.7,1.7,1.7,1.3,1.3,1.3,1.3,1.3,1.0,1.0,1.0,1.0,1.0,0.9,0.9,0.9,0.9,0.9,0.7,0.7,0.7,0.7,0.7,313.1,1.409,441.1
1371,1.7,1.7,1.7,1.7,1.7,1.3,1.3,1.3,1.3,1.3,1.0,1.0,1.0,1.0,1.0,0.9,0.9,0.9,0.9,0.9,0.8,0.8,0.8,0.8,0.8,304.0,1.521,462.3
1372,1.7,1.7,1.7,1.7,1.7,1.3,1.3,1.3,1.3,1.3,1.0,1.0,1.0,1.0,1.0,0.9,0.9,0.9,0.9,0.9,0.9,0.9,0.9,0.9,0.9,303.4,1.633,495.4
1373,1.7,1.7,1.7,1.7,1.7,1.3,1.3,1.3,1.3,1.3,1.0,1.0,1.0,1.0,1.0,1.0,1.0,1.0,1.0,1.0,0.2,0.2,0.2,0.2,0.2,454.2,1.155,524.5
1374,1.7,1.7,1.7,1.7,1.7,1.3,1.3,1.3,1.3,1.3,1.0,1.0,1.0,1.0,1.0,1.0,1.0,1.0,1.0,1.0,0.3,0.3,0.3,0.3,0.3,417.7,1.116,466.3
1375,1.7,1.7,1.7,1.7,1.7,1.3,1.3,1.3,1.3,1.3,1.0,1.0,1.0,1.0,1.0,1.0,1.0,1.0,1.0,1.0,0.4,0.4,0.4,0.4,0.4,384.5,1.185,455.6
1376,1.7,1.7,1.7,1.7,1.7,1.3,1.3,1.3,1.3,1.3,1.0,1.0,1.0,1.0,1.0,1.0,1.0,1.0,1.0,1.0,0.5,0.5,0.5,0.5,0.5,355.7,1.297,461.2
1377,1.7,1.7,1.7,1.7,1.7,1.3,1.3,1.3,1.3,1.3,1.0,1.0,1.0,1.0,1.0,1.0,1.0,1.0,1.0,1.0,0.6,0.6,0.6,0.6,0.6,332.3,1.408,468.0
1378,1.7,1.7,1.7,1.7,1.7,1.3,1.3,1.3,1.3,1.3,1.0,1.0,1.0,1.0,1.0,1.0,1.0,1.0,1.0,1.0,0.7,0.7,0.7,0.7,0.7,315.5,1.52,479.7
1379,1.7,1.7,1.7,1.7,1.7,1.3,1.3,1.3,1.3,1.3,1.0,1.0,1.0,1.0,1.0,1.0,1.0,1.0,1.0,1.0,0.8,0.8,0.8,0.8,0.8,306.5,1.632,500.3
1380,1.7,1.7,1.7,1.7,1.7,1.3,1.3,1.3,1.3,1.3,1.0,1.0,1.0,1.0,1.0,1.0,1.0,1.0,1.0,1.0,0.9,0.9,0.9,0.9,0.9,306.0,1.744,533.6
1381,1.7,1.7,1.7,1.7,1.7,1.3,1.3,1.3,1.3,1.3,1.0,1.0,1.0,1.0,1.0,1.0,1.0,1.0,1.0,1.0,1.0,1.0,1.0,1.0,1.0,313.9,1.856,582.4
1382,1.7,1.7,1.7,1.7,1.7,1.4,1.4,1.4,1.4,1.4,1.0,1.0,1.0,1.0,1.0,0.2,0.2,0.2,0.2,0.2,0.2,0.2,0.2,0.2,0.2,588.1,1.837,1080.3
1383,1.7,1.7,1.7,1.7,1.7,1.4,1.4,1.4,1.4,1.4,1.0,1.0,1.0,1.0,1.0,0.3,0.3,0.3,0.3,0.3,0.2,0.2,0.2,0.2,0.2,558.3,1.726,963.4
1384,1.7,1.7,1.7,1.7,1.7,1.4,1.4,1.4,1.4,1.4,1.0,1.0,1.0,1.0,1.0,0.3,0.3,0.3,0.3,0.3,0.3,0.3,0.3,0.3,0.3,529.0,1.614,853.7
1385,1.7,1.7,1.7,1.7,1.7,1.4,1.4,1.4,1.4,1.4,1.0,1.0,1.0,1.0,1.0,0.4,0.4,0.4,0.4,0.4,0.2,0.2,0.2,0.2,0.2,531.6,1.614,858.3
1386,1.7,1.7,1.7,1.7,1.7,1.4,1.4,1.4,1.4,1.4,1.0,1.0,1.0,1.0,1.0,0.4,0.4,0.4,0.4,0.4,0.3,0.3,0.3,0.3,0.3,500.8,1.503,752.5
1387,1.7,1.7,1.7,1.7,1.7,1.4,1.4,1.4,1.4,1.4,1.0,1.0,1.0,1.0,1.0,0.4,0.4,0.4,0.4,0.4,0.4,0.4,0.4,0.4,0.4,473.5,1.4,663.1
1388,1.7,1.7,1.7,1.7,1.7,1.4,1.4,1.4,1.4,1.4,1.0,1.0,1.0,1.0,1.0,0.5,0.5,0.5,0.5,0.5,0.2,0.2,0.2,0.2,0.2,508.6,1.503,764.5
1389,1.7,1.7,1.7,1.7,1.7,1.4,1.4,1.4,1.4,1.4,1.0,1.0,1.0,1.0,1.0,0.5,0.5,0.5,0.5,0.5,0.3,0.3,0.3,0.3,0.3,476.2,1.401,667.2
1390,1.7,1.7,1.7,1.7,1.7,1.4,1.4,1.4,1.4,1.4,1.0,1.0,1.0,1.0,1.0,0.5,0.5,0.5,0.5,0.5,0.4,0.4,0.4,0.4,0.4,447.4,1.326,593.4
1391,1.7,1.7,1.7,1.7,1.7,1.4,1.4,1.4,1.4,1.4,1.0,1.0,1.0,1.0,1.0,0.5,0.5,0.5,0.5,0.5,0.5,0.5,0.5,0.5,0.5,422.9,1.252,529.4
1392,1.7,1.7,1.7,1.7,1.7,1.4,1.4,1.4,1.4,1.4,1.0,1.0,1.0,1.0,1.0,0.6,0.6,0.6,0.6,0.6,0.2,0.2,0.2,0.2,0.2,489.7,1.401,686.2
1393,1.7,1.7,1.7,1.7,1.7,1.4,1.4,1.4,1.4,1.4,1.0,1.0,1.0,1.0,1.0,0.6,0.6,0.6,0.6,0.6,0.3,0.3,0.3,0.3,0.3,456.0,1.327,605.0
1394,1.7,1.7,1.7,1.7,1.7,1.4,1.4,1.4,1.4,1.4,1.0,1.0,1.0,1.0,1.0,0.6,0.6,0.6,0.6,0.6,0.4,0.4,0.4,0.4,0.4,425.8,1.252,533.2
1395,1.7,1.7,1.7,1.7,1.7,1.4,1.4,1.4,1.4,1.4,1.0,1.0,1.0,1.0,1.0,0.6,0.6,0.6,0.6,0.6,0.5,0.5,0.5,0.5,0.5,400.0,1.178,471.0
1396,1.7,1.7,1.7,1.7,1.7,1.4,1.4,1.4,1.4,1.4,1.0,1.0,1.0,1.0,1.0,0.6,0.6,0.6,0.6,0.6,0.6,0.6,0.6,0.6,0.6,379.3,1.116,423.4
1397,1.7,1.7,1.7,1.7,1.7,1.4,1.4,1.4,1.4,1.4,1.0,1.0,1.0,1.0,1.0,0.7,0.7,0.7,0.7,0.7,0.2,0.2,0.2,0.2,0.2,475.4,1.327,631.0
1398,1.7,1.7,1.7,1.7,1.7,1.4,1.4,1.4,1.4,1.4,1.0,1.0,1.0,1.0,1.0,0.7,0.7,0.7,0.7,0.7,0.3,0.3,0.3,0.3,0.3,440.7,1.253,552.0
1399,1.7,1.7,1.7,1.7,1.7,1.4,1.4,1.4,1.4,1.4,1.0,1.0,1.0,1.0,1.0,0.7,0.7,0.7,0.7,0.7,0.4,0.4,0.4,0.4,0.4,409.4,1.178,482.2
1400,1.7,1.7,1.7,1.7,1.7,1.4,1.4,1.4,1.4,1.4,1.0,1.0,1.0,1.0,1.0,0.7,0.7,0.7,0.7,0.7,0.5,0.5,0.5,0.5,0.5,382.4,1.117,427.4
1401,1.7,1.7,1.7,1.7,1.7,1.4,1.4,1.4,1.4,1.4,1.0,1.0,1.0,1.0,1.0,0.7,0.7,0.7,0.7,0.7,0.6,0.6,0.6,0.6,0.6,360.8,1.167,420.8
1402,1.7,1.7,1.7,1.7,1.7,1.4,1.4,1.4,1.4,1.4,1.0,1.0,1.0,1.0,1.0,0.7,0.7,0.7,0.7,0.7,0.7,0.7,0.7,0.7,0.7,345.4,1.278,441.5
1403,1.7,1.7,1.7,1.7,1.7,1.4,1.4,1.4,1.4,1.4,1.0,1.0,1.0,1.0,1.0,0.8,0.8,0.8,0.8,0.8,0.2,0.2,0.2,0.2,0.2,466.2,1.253,584.2
1404,1.7,1.7,1.7,1.7,1.7,1.4,1.4,1.4,1.4,1.4,1.0,1.0,1.0,1.0,1.0,0.8,0.8,0.8,0.8,0.8,0.3,0.3,0.3,0.3,0.3,430.7,1.178,507.6
1405,1.7,1.7,1.7,1.7,1.7,1.4,1.4,1.4,1.4,1.4,1.0,1.0,1.0,1.0,1.0,0.8,0.8,0.8,0.8,0.8,0.4,0.4,0.4,0.4,0.4,398.7,1.119,446.0
1406,1.7,1.7,1.7,1.7,1.7,1.4,1.4,1.4,1.4,1.4,1.0,1.0,1.0,1.0,1.0,0.8,0.8,0.8,0.8,0.8,0.5,0.5,0.5,0.5,0.5,370.9,1.166,432.5
1407,1.7,1.7,1.7,1.7,1.7,1.4,1.4,1.4,1.4,1.4,1.0,1.0,1.0,1.0,1.0,0.8,0.8,0.8,0.8,0.8,0.6,0.6,0.6,0.6,0.6,348.6,1.278,445.4
1408,1.7,1.7,1.7,1.7,1.7,1.4,1.4,1.4,1.4,1.4,1.0,1.0,1.0,1.0,1.0,0.8,0.8,0.8,0.8,0.8,0.7,0.7,0.7,0.7,0.7,332.6,1.39,462.2
1409,1.7,1.7,1.7,1.7,1.7,1.4,1.4,1.4,1.4,1.4,1.0,1.0,1.0,1.0,1.0,0.8,0.8,0.8,0.8,0.8,0.8,0.8,0.8,0.8,0.8,324.1,1.501,486.6
1410,1.7,1.7,1.7,1.7,1.7,1.4,1.4,1.4,1.4,1.4,1.0,1.0,1.0,1.0,1.0,0.9,0.9,0.9,0.9,0.9,0.2,0.2,0.2,0.2,0.2,462.4,1.179,545.1
1411,1.7,1.7,1.7,1.7,1.7,1.4,1.4,1.4,1.4,1.4,1.0,1.0,1.0,1.0,1.0,0.9,0.9,0.9,0.9,0.9,0.3,0.3,0.3,0.3,0.3,426.6,1.12,477.8
1412,1.7,1.7,1.7,1.7,1.7,1.4,1.4,1.4,1.4,1.4,1.0,1.0,1.0,1.0,1.0,0.9,0.9,0.9,0.9,0.9,0.4,0.4,0.4,0.4,0.4,394.2,1.166,459.8
1413,1.7,1.7,1.7,1.7,1.7,1.4,1.4,1.4,1.4,1.4,1.0,1.0,1.0,1.0,1.0,0.9,0.9,0.9,0.9,0.9,0.5,0.5,0.5,0.5,0.5,366.1,1.277,467.6
1414,1.7,1.7,1.7,1.7,1.7,1.4,1.4,1.4,1.4,1.4,1.0,1.0,1.0,1.0,1.0,0.9,0.9,0.9,0.9,0.9,0.6,0.6,0.6,0.6,0.6,343.4,1.389,477.1
1415,1.7,1.7,1.7,1.7,1.7,1.4,1.4,1.4,1.4,1.4,1.0,1.0,1.0,1.0,1.0,0.9,0.9,0.9,0.9,0.9,0.7,0.7,0.7,0.7,0.7,327.2,1.501,491.2
1416,1.7,1.7,1.7,1.7,1.7,1.4,1.4,1.4,1.4,1.4,1.0,1.0,1.0,1.0,1.0,0.9,0.9,0.9,0.9,0.9,0.8,0.8,0.8,0.8,0.8,318.6,1.613,513.8
1417,1.7,1.7,1.7,1.7,1.7,1.4,1.4,1.4,1.4,1.4,1.0,1.0,1.0,1.0,1.0,0.9,0.9,0.9,0.9,0.9,0.9,0.9,0.9,0.9,0.9,318.0,1.724,548.4
1418,1.7,1.7,1.7,1.7,1.7,1.4,1.4,1.4,1.4,1.4,1.0,1.0,1.0,1.0,1.0,1.0,1.0,1.0,1.0,1.0,0.2,0.2,0.2,0.2,0.2,464.1,1.121,520.4
1419,1.7,1.7,1.7,1.7,1.7,1.4,1.4,1.4,1.4,1.4,1.0,1.0,1.0,1.0,1.0,1.0,1.0,1.0,1.0,1.0,0.3,0.3,0.3,0.3,0.3,428.4,1.168,500.4
1420,1.7,1.7,1.7,1.7,1.7,1.4,1.4,1.4,1.4,1.4,1.0,1.0,1.0,1.0,1.0,1.0,1.0,1.0,1.0,1.0,0.4,0.4,0.4,0.4,0.4,396.2,1.277,505.8
1421,1.7,1.7,1.7,1.7,1.7,1.4,1.4,1.4,1.4,1.4,1.0,1.0,1.0,1.0,1.0,1.0,1.0,1.0,1.0,1.0,0.5,0.5,0.5,0.5,0.5,368.2,1.389,511.3
1422,1.7,1.7,1.7,1.7,1.7,1.4,1.4,1.4,1.4,1.4,1.0,1.0,1.0,1.0,1.0,1.0,1.0,1.0,1.0,1.0,0.6,0.6,0.6,0.6,0.6,345.7,1.5,518.6
1423,1.7,1.7,1.7,1.7,1.7,1.4,1.4,1.4,1.4,1.4,1.0,1.0,1.0,1.0,1.0,1.0,1.0,1.0,1.0,1.0,0.7,0.7,0.7,0.7,0.7,329.6,1.612,531.4
1424,1.7,1.7,1.7,1.7,1.7,1.4,1.4,1.4,1.4,1.4,1.0,1.0,1.0,1.0,1.0,1.0,1.0,1.0,1.0,1.0,0.8,0.8,0.8,0.8,0.8,321.0,1.724,553.4
1425,1.7,1.7,1.7,1.7,1.7,1.4,1.4,1.4,1.4,1.4,1.0,1.0,1.0,1.0,1.0,1.0,1.0,1.0,1.0,1.0,0.9,0.9,0.9,0.9,0.9,320.4,1.836,588.3
1426,1.7,1.7,1.7,1.7,1.7,1.5,1.5,1.5,1.5,1.5,1.0,1.0,1.0,1.0,1.0,0.2,0.2,0.2,0.2,0.2,0.2,0.2,0.2,0.2,0.2,598.7,1.745,1044.8
1427,1.7,1.7,1.7,1.7,1.7,1.5,1.5,1.5,1.5,1.5,1.0,1.0,1.0,1.0,1.0,0.3,0.3,0.3,0.3,0.3,0.2,0.2,0.2,0.2,0.2,569.4,1.634,930.4
1428,1.7,1.7,1.7,1.7,1.7,1.5,1.5,1.5,1.5,1.5,1.0,1.0,1.0,1.0,1.0,0.3,0.3,0.3,0.3,0.3,0.3,0.3,0.3,0.3,0.3,540.7,1.522,823.0
1429,1.7,1.7,1.7,1.7,1.7,1.5,1.5,1.5,1.5,1.5,1.0,1.0,1.0,1.0,1.0,0.4,0.4,0.4,0.4,0.4,0.2,0.2,0.2,0.2,0.2,543.3,1.523,827.2
1430,1.7,1.7,1.7,1.7,1.7,1.5,1.5,1.5,1.5,1.5,1.0,1.0,1.0,1.0,1.0,0.4,0.4,0.4,0.4,0.4,0.3,0.3,0.3,0.3,0.3,513.2,1.425,731.2
1431,1.7,1.7,1.7,1.7,1.7,1.5,1.5,1.5,1.5,1.5,1.0,1.0,1.0,1.0,1.0,0.4,0.4,0.4,0.4,0.4,0.4,0.4,0.4,0.4,0.4,486.6,1.35,657.0
1432,1.7,1.7,1.7,1.7,1.7,1.5,1.5,1.5,1.5,1.5,1.0,1.0,1.0,1.0,1.0,0.5,0.5,0.5,0.5,0.5,0.2,0.2,0.2,0.2,0.2,520.8,1.425,742.3
1433,1.7,1.7,1.7,1.7,1.7,1.5,1.5,1.5,1.5,1.5,1.0,1.0,1.0,1.0,1.0,0.5,0.5,0.5,0.5,0.5,0.3,0.3,0.3,0.3,0.3,489.3,1.351,660.9
1434,1.7,1.7,1.7,1.7,1.7,1.5,1.5,1.5,1.5,1.5,1.0,1.0,1.0,1.0,1.0,0.5,0.5,0.5,0.5,0.5,0.4,0.4,0.4,0.4,0.4,461.3,1.276,588.7
1435,1.7,1.7,1.7,1.7,1.7,1.5,1.5,1.5,1.5,1.5,1.0,1.0,1.0,1.0,1.0,0.5,0.5,0.5,0.5,0.5,0.5,0.5,0.5,0.5,0.5,437.5,1.202,525.7
1436,1.7,1.7,1.7,1.7,1.7,1.5,1.5,1.5,1.5,1.5,1.0,1.0,1.0,1.0,1.0,0.6,0.6,0.6,0.6,0.6,0.2,0.2,0.2,0.2,0.2,502.4,1.351,678.8
1437,1.7,1.7,1.7,1.7,1.7,1.5,1.5,1.5,1.5,1.5,1.0,1.0,1.0,1.0,1.0,0.6,0.6,0.6,0.6,0.6,0.3,0.3,0.3,0.3,0.3,469.6,1.277,599.5
1438,1.7,1.7,1.7,1.7,1.7,1.5,1.5,1.5,1.5,1.5,1.0,1.0,1.0,1.0,1.0,0.6,0.6,0.6,0.6,0.6,0.4,0.4,0.4,0.4,0.4,440.4,1.202,529.3
1439,1.7,1.7,1.7,1.7,1.7,1.5,1.5,1.5,1.5,1.5,1.0,1.0,1.0,1.0,1.0,0.6,0.6,0.6,0.6,0.6,0.5,0.5,0.5,0.5,0.5,415.4,1.128,468.5
1440,1.7,1.7,1.7,1.7,1.7,1.5,1.5,1.5,1.5,1.5,1.0,1.0,1.0,1.0,1.0,0.6,0.6,0.6,0.6,0.6,0.6,0.6,0.6,0.6,0.6,395.6,1.156,457.2
1441,1.7,1.7,1.7,1.7,1.7,1.5,1.5,1.5,1.5,1.5,1.0,1.0,1.0,1.0,1.0,0.7,0.7,0.7,0.7,0.7,0.2,0.2,0.2,0.2,0.2,488.5,1.277,623.8
1442,1.7,1.7,1.7,1.7,1.7,1.5,1.5,1.5,1.5,1.5,1.0,1.0,1.0,1.0,1.0,0.7,0.7,0.7,0.7,0.7,0.3,0.3,0.3,0.3,0.3,454.7,1.202,546.8
1443,1.7,1.7,1.7,1.7,1.7,1.5,1.5,1.5,1.5,1.5,1.0,1.0,1.0,1.0,1.0,0.7,0.7,0.7,0.7,0.7,0.4,0.4,0.4,0.4,0.4,424.5,1.128,478.7
1444,1.7,1.7,1.7,1.7,1.7,1.5,1.5,1.5,1.5,1.5,1.0,1.0,1.0,1.0,1.0,0.7,0.7,0.7,0.7,0.7,0.5,0.5,0.5,0.5,0.5,398.5,1.157,461.2
1445,1.7,1.7,1.7,1.7,1.7,1.5,1.5,1.5,1.5,1.5,1.0,1.0,1.0,1.0,1.0,0.7,0.7,0.7,0.7,0.7,0.6,0.6,0.6,0.6,0.6,377.8,1.258,475.4
1446,1.7,1.7,1.7,1.7,1.7,1.5,1.5,1.5,1.5,1.5,1.0,1.0,1.0,1.0,1.0,0.7,0.7,0.7,0.7,0.7,0.7,0.7,0.7,0.7,0.7,363.1,1.37,497.6
1447,1.7,1.7,1.7,1.7,1.7,1.5,1.5,1.5,1.5,1.5,1.0,1.0,1.0,1.0,1.0,0.8,0.8,0.8,0.8,0.8,0.2,0.2,0.2,0.2,0.2,479.6,1.203,576.8
1448,1.7,1.7,1.7,1.7,1.7,1.5,1.5,1.5,1.5,1.5,1.0,1.0,1.0,1.0,1.0,0.8,0.8,0.8,0.8,0.8,0.3,0.3,0.3,0.3,0.3,445.1,1.128,502.2
1449,1.7,1.7,1.7,1.7,1.7,1.5,1.5,1.5,1.5,1.5,1.0,1.0,1.0,1.0,1.0,0.8,0.8,0.8,0.8,0.8,0.4,0.4,0.4,0.4,0.4,414.2,1.159,479.9
1450,1.7,1.7,1.7,1.7,1.7,1.5,1.5,1.5,1.5,1.5,1.0,1.0,1.0,1.0,1.0,0.8,0.8,0.8,0.8,0.8,0.5,0.5,0.5,0.5,0.5,387.5,1.258,487.5
1451,1.7,1.7,1.7,1.7,1.7,1.5,1.5,1.5,1.5,1.5,1.0,1.0,1.0,1.0,1.0,0.8,0.8,0.8,0.8,0.8,0.6,0.6,0.6,0.6,0.6,366.2,1.37,501.5
1452,1.7,1.7,1.7,1.7,1.7,1.5,1.5,1.5,1.5,1.5,1.0,1.0,1.0,1.0,1.0,0.8,0.8,0.8,0.8,0.8,0.7,0.7,0.7,0.7,0.7,351.0,1.482,520.1
1453,1.7,1.7,1.7,1.7,1.7,1.5,1.5,1.5,1.5,1.5,1.0,1.0,1.0,1.0,1.0,0.8,0.8,0.8,0.8,0.8,0.8,0.8,0.8,0.8,0.8,343.0,1.593,546.5
1454,1.7,1.7,1.7,1.7,1.7,1.5,1.5,1.5,1.5,1.5,1.0,1.0,1.0,1.0,1.0,0.9,0.9,0.9,0.9,0.9,0.2,0.2,0.2,0.2,0.2,475.8,1.129,537.1
1455,1.7,1.7,1.7,1.7,1.7,1.5,1.5,1.5,1.5,1.5,1.0,1.0,1.0,1.0,1.0,0.9,0.9,0.9,0.9,0.9,0.3,0.3,0.3,0.3,0.3,441.1,1.16,511.8
1456,1.7,1.7,1.7,1.7,1.7,1.5,1.5,1.5,1.5,1.5,1.0,1.0,1.0,1.0,1.0,0.9,0.9,0.9,0.9,0.9,0.4,0.4,0.4,0.4,0.4,409.8,1.257,515.4
1457,1.7,1.7,1.7,1.7,1.7,1.5,1.5,1.5,1.5,1.5,1.0,1.0,1.0,1.0,1.0,0.9,0.9,0.9,0.9,0.9,0.5,0.5,0.5,0.5,0.5,382.9,1.369,524.3
1458,1.7,1.7,1.7,1.7,1.7,1.5,1.5,1.5,1.5,1.5,1.0,1.0,1.0,1.0,1.0,0.9,0.9,0.9,0.9,0.9,0.6,0.6,0.6,0.6,0.6,361.3,1.481,535.1
1459,1.7,1.7,1.7,1.7,1.7,1.5,1.5,1.5,1.5,1.5,1.0,1.0,1.0,1.0,1.0,0.9,0.9,0.9,0.9,0.9,0.7,0.7,0.7,0.7,0.7,345.9,1.593,551.0
1460,1.7,1.7,1.7,1.7,1.7,1.5,1.5,1.5,1.5,1.5,1.0,1.0,1.0,1.0,1.0,0.9,0.9,0.9,0.9,0.9,0.8,0.8,0.8,0.8,0.8,337.7,1.705,575.7
1461,1.7,1.7,1.7,1.7,1.7,1.5,1.5,1.5,1.5,1.5,1.0,1.0,1.0,1.0,1.0,1.0,1.0,1.0,1.0,1.0,0.2,0.2,0.2,0.2,0.2,477.5,1.162,554.7
1462,1.7,1.7,1.7,1.7,1.7,1.5,1.5,1.5,1.5,1.5,1.0,1.0,1.0,1.0,1.0,1.0,1.0,1.0,1.0,1.0,0.3,0.3,0.3,0.3,0.3,442.9,1.257,556.6
1463,1.7,1.7,1.7,1.7,1.7,1.5,1.5,1.5,1.5,1.5,1.0,1.0,1.0,1.0,1.0,1.0,1.0,1.0,1.0,1.0,0.4,0.4,0.4,0.4,0.4,411.7,1.369,563.5
1464,1.7,1.7,1.7,1.7,1.7,1.5,1.5,1.5,1.5,1.5,1.0,1.0,1.0,1.0,1.0,1.0,1.0,1.0,1.0,1.0,0.5,0.5,0.5,0.5,0.5,384.9,1.481,569.9
1465,1.7,1.7,1.7,1.7,1.7,1.5,1.5,1.5,1.5,1.5,1.0,1.0,1.0,1.0,1.0,1.0,1.0,1.0,1.0,1.0,0.6,0.6,0.6,0.6,0.6,363.4,1.592,578.7
1466,1.7,1.7,1.7,1.7,1.7,1.5,1.5,1.5,1.5,1.5,1.0,1.0,1.0,1.0,1.0,1.0,1.0,1.0,1.0,1.0,0.7,0.7,0.7,0.7,0.7,348.2,1.704,593.3
1467,1.7,1.7,1.7,1.7,1.7,1.5,1.5,1.5,1.5,1.5,1.0,1.0,1.0,1.0,1.0,1.0,1.0,1.0,1.0,1.0,0.8,0.8,0.8,0.8,0.8,340.0,1.816,617.5
1468,1.7,1.7,1.7,1.7,1.7,1.6,1.6,1.6,1.6,1.6,1.0,1.0,1.0,1.0,1.0,0.2,0.2,0.2,0.2,0.2,0.2,0.2,0.2,0.2,0.2,612.0,1.653,1011.7
1469,1.7,1.7,1.7,1.7,1.7,1.6,1.6,1.6,1.6,1.6,1.0,1.0,1.0,1.0,1.0,0.3,0.3,0.3,0.3,0.3,0.2,0.2,0.2,0.2,0.2,583.4,1.542,899.5
1470,1.7,1.7,1.7,1.7,1.7,1.6,1.6,1.6,1.6,1.6,1.0,1.0,1.0,1.0,1.0,0.3,0.3,0.3,0.3,0.3,0.3,0.3,0.3,0.3,0.3,555.4,1.449,804.8
1471,1.7,1.7,1.7,1.7,1.7,1.6,1.6,1.6,1.6,1.6,1.0,1.0,1.0,1.0,1.0,0.4,0.4,0.4,0.4,0.4,0.2,0.2,0.2,0.2,0.2,557.9,1.449,808.7
1472,1.7,1.7,1.7,1.7,1.7,1.6,1.6,1.6,1.6,1.6,1.0,1.0,1.0,1.0,1.0,0.4,0.4,0.4,0.4,0.4,0.3,0.3,0.3,0.3,0.3,528.6,1.375,726.8
1473,1.7,1.7,1.7,1.7,1.7,1.6,1.6,1.6,1.6,1.6,1.0,1.0,1.0,1.0,1.0,0.4,0.4,0.4,0.4,0.4,0.4,0.4,0.4,0.4,0.4,502.8,1.3,653.8
1474,1.7,1.7,1.7,1.7,1.7,1.6,1.6,1.6,1.6,1.6,1.0,1.0,1.0,1.0,1.0,0.5,0.5,0.5,0.5,0.5,0.2,0.2,0.2,0.2,0.2,536.0,1.375,737.2
1475,1.7,1.7,1.7,1.7,1.7,1.6,1.6,1.6,1.6,1.6,1.0,1.0,1.0,1.0,1.0,0.5,0.5,0.5,0.5,0.5,0.3,0.3,0.3,0.3,0.3,505.5,1.301,657.4
1476,1.7,1.7,1.7,1.7,1.7,1.6,1.6,1.6,1.6,1.6,1.0,1.0,1.0,1.0,1.0,0.5,0.5,0.5,0.5,0.5,0.4,0.4,0.4,0.4,0.4,478.4,1.226,586.6
1477,1.7,1.7,1.7,1.7,1.7,1.6,1.6,1.6,1.6,1.6,1.0,1.0,1.0,1.0,1.0,0.5,0.5,0.5,0.5,0.5,0.5,0.5,0.5,0.5,0.5,455.6,1.152,524.6
1478,1.7,1.7,1.7,1.7,1.7,1.6,1.6,1.6,1.6,1.6,1.0,1.0,1.0,1.0,1.0,0.6,0.6,0.6,0.6,0.6,0.2,0.2,0.2,0.2,0.2,518.1,1.301,674.2
1479,1.7,1.7,1.7,1.7,1.7,1.6,1.6,1.6,1.6,1.6,1.0,1.0,1.0,1.0,1.0,0.6,0.6,0.6,0.6,0.6,0.3,0.3,0.3,0.3,0.3,486.4,1.227,596.6
1480,1.7,1.7,1.7,1.7,1.7,1.6,1.6,1.6,1.6,1.6,1.0,1.0,1.0,1.0,1.0,0.6,0.6,0.6,0.6,0.6,0.4,0.4,0.4,0.4,0.4,458.3,1.152,527.9
1481,1.7,1.7,1.7,1.7,1.7,1.6,1.6,1.6,1.6,1.6,1.0,1.0,1.0,1.0,1.0,0.6,0.6,0.6,0.6,0.6,0.5,0.5,0.5,0.5,0.5,434.4,1.15,499.3
1482,1.7,1.7,1.7,1.7,1.7,1.6,1.6,1.6,1.6,1.6,1.0,1.0,1.0,1.0,1.0,0.6,0.6,0.6,0.6,0.6,0.6,0.6,0.6,0.6,0.6,415.4,1.239,514.8
1483,1.7,1.7,1.7,1.7,1.7,1.6,1.6,1.6,1.6,1.6,1.0,1.0,1.0,1.0,1.0,0.7,0.7,0.7,0.7,0.7,0.2,0.2,0.2,0.2,0.2,504.7,1.227,619.2
1484,1.7,1.7,1.7,1.7,1.7,1.6,1.6,1.6,1.6,1.6,1.0,1.0,1.0,1.0,1.0,0.7,0.7,0.7,0.7,0.7,0.3,0.3,0.3,0.3,0.3,472.1,1.152,544.0
1485,1.7,1.7,1.7,1.7,1.7,1.6,1.6,1.6,1.6,1.6,1.0,1.0,1.0,1.0,1.0,0.7,0.7,0.7,0.7,0.7,0.4,0.4,0.4,0.4,0.4,443.0,1.151,509.9
1486,1.7,1.7,1.7,1.7,1.7,1.6,1.6,1.6,1.6,1.6,1.0,1.0,1.0,1.0,1.0,0.7,0.7,0.7,0.7,0.7,0.5,0.5,0.5,0.5,0.5,418.2,1.239,518.0
1487,1.7,1.7,1.7,1.7,1.7,1.6,1.6,1.6,1.6,1.6,1.0,1.0,1.0,1.0,1.0,0.7,0.7,0.7,0.7,0.7,0.6,0.6,0.6,0.6,0.6,398.5,1.35,538.2
1488,1.7,1.7,1.7,1.7,1.7,1.6,1.6,1.6,1.6,1.6,1.0,1.0,1.0,1.0,1.0,0.7,0.7,0.7,0.7,0.7,0.7,0.7,0.7,0.7,0.7,384.7,1.462,562.5
1489,1.7,1.7,1.7,1.7,1.7,1.6,1.6,1.6,1.6,1.6,1.0,1.0,1.0,1.0,1.0,0.8,0.8,0.8,0.8,0.8,0.2,0.2,0.2,0.2,0.2,496.1,1.153,571.8
1490,1.7,1.7,1.7,1.7,1.7,1.6,1.6,1.6,1.6,1.6,1.0,1.0,1.0,1.0,1.0,0.8,0.8,0.8,0.8,0.8,0.3,0.3,0.3,0.3,0.3,462.8,1.152,533.4
1491,1.7,1.7,1.7,1.7,1.7,1.6,1.6,1.6,1.6,1.6,1.0,1.0,1.0,1.0,1.0,0.8,0.8,0.8,0.8,0.8,0.4,0.4,0.4,0.4,0.4,433.2,1.238,536.3
1492,1.7,1.7,1.7,1.7,1.7,1.6,1.6,1.6,1.6,1.6,1.0,1.0,1.0,1.0,1.0,0.8,0.8,0.8,0.8,0.8,0.5,0.5,0.5,0.5,0.5,407.8,1.35,550.4
1493,1.7,1.7,1.7,1.7,1.7,1.6,1.6,1.6,1.6,1.6,1.0,1.0,1.0,1.0,1.0,0.8,0.8,0.8,0.8,0.8,0.6,0.6,0.6,0.6,0.6,387.5,1.462,566.4
1494,1.7,1.7,1.7,1.7,1.7,1.6,1.6,1.6,1.6,1.6,1.0,1.0,1.0,1.0,1.0,0.8,0.8,0.8,0.8,0.8,0.7,0.7,0.7,0.7,0.7,373.3,1.573,587.3
1495,1.7,1.7,1.7,1.7,1.7,1.6,1.6,1.6,1.6,1.6,1.0,1.0,1.0,1.0,1.0,0.8,0.8,0.8,0.8,0.8,0.8,0.8,0.8,0.8,0.8,365.7,1.685,616.3
1496,1.7,1.7,1.7,1.7,1.7,1.6,1.6,1.6,1.6,1.6,1.0,1.0,1.0,1.0,1.0,0.9,0.9,0.9,0.9,0.9,0.2,0.2,0.2,0.2,0.2,492.5,1.154,568.3
1497,1.7,1.7,1.7,1.7,1.7,1.6,1.6,1.6,1.6,1.6,1.0,1.0,1.0,1.0,1.0,0.9,0.9,0.9,0.9,0.9,0.3,0.3,0.3,0.3,0.3,459.0,1.238,568.0
1498,1.7,1.7,1.7,1.7,1.7,1.6,1.6,1.6,1.6,1.6,1.0,1.0,1.0,1.0,1.0,0.9,0.9,0.9,0.9,0.9,0.4,0.4,0.4,0.4,0.4,429.0,1.349,578.9
1499,1.7,1.7,1.7,1.7,1.7,1.6,1.6,1.6,1.6,1.6,1.0,1.0,1.0,1.0,1.0,0.9,0.9,0.9,0.9,0.9,0.5,0.5,0.5,0.5,0.5,403.4,1.461,589.4
1500,1.7,1.7,1.7,1.7,1.7,1.6,1.6,1.6,1.6,1.6,1.0,1.0,1.0,1.0,1.0,0.9,0.9,0.9,0.9,0.9,0.6,0.6,0.6,0.6,0.6,382.9,1.573,602.3
1501,1.7,1.7,1.7,1.7,1.7,1.6,1.6,1.6,1.6,1.6,1.0,1.0,1.0,1.0,1.0,0.9,0.9,0.9,0.9,0.9,0.7,0.7,0.7,0.7,0.7,368.5,1.685,620.8
1502,1.7,1.7,1.7,1.7,1.7,1.6,1.6,1.6,1.6,1.6,1.0,1.0,1.0,1.0,1.0,0.9,0.9,0.9,0.9,0.9,0.8,0.8,0.8,0.8,0.8,360.8,1.797,648.2
1503,1.7,1.7,1.7,1.7,1.7,1.6,1.6,1.6,1.6,1.6,1.0,1.0,1.0,1.0,1.0,1.0,1.0,1.0,1.0,1.0,0.2,0.2,0.2,0.2,0.2,494.0,1.237,611.1
1504,1.7,1.7,1.7,1.7,1.7,1.6,1.6,1.6,1.6,1.6,1.0,1.0,1.0,1.0,1.0,1.0,1.0,1.0,1.0,1.0,0.3,0.3,0.3,0.3,0.3,460.7,1.349,621.4
1505,1.7,1.7,1.7,1.7,1.7,1.6,1.6,1.6,1.6,1.6,1.0,1.0,1.0,1.0,1.0,1.0,1.0,1.0,1.0,1.0,0.4,0.4,0.4,0.4,0.4,430.8,1.461,629.3
1506,1.7,1.7,1.7,1.7,1.7,1.6,1.6,1.6,1.6,1.6,1.0,1.0,1.0,1.0,1.0,1.0,1.0,1.0,1.0,1.0,0.5,0.5,0.5,0.5,0.5,405.3,1.572,637.3
1507,1.7,1.7,1.7,1.7,1.7,1.6,1.6,1.6,1.6,1.6,1.0,1.0,1.0,1.0,1.0,1.0,1.0,1.0,1.0,1.0,0.6,0.6,0.6,0.6,0.6,384.9,1.684,648.3
1508,1.7,1.7,1.7,1.7,1.7,1.6,1.6,1.6,1.6,1.6,1.0,1.0,1.0,1.0,1.0,1.0,1.0,1.0,1.0,1.0,0.7,0.7,0.7,0.7,0.7,370.6,1.796,665.5
1509,1.7,1.7,1.7,1.7,1.7,1.7,1.7,1.7,1.7,1.7,1.0,1.0,1.0,1.0,1.0,0.2,0.2,0.2,0.2,0.2,0.2,0.2,0.2,0.2,0.2,627.8,1.561,980.2
1510,1.7,1.7,1.7,1.7,1.7,1.7,1.7,1.7,1.7,1.7,1.0,1.0,1.0,1.0,1.0,0.3,0.3,0.3,0.3,0.3,0.2,0.2,0.2,0.2,0.2,600.0,1.474,884.1
1511,1.7,1.7,1.7,1.7,1.7,1.7,1.7,1.7,1.7,1.7,1.0,1.0,1.0,1.0,1.0,0.3,0.3,0.3,0.3,0.3,0.3,0.3,0.3,0.3,0.3,572.8,1.399,801.3
1512,1.7,1.7,1.7,1.7,1.7,1.7,1.7,1.7,1.7,1.7,1.0,1.0,1.0,1.0,1.0,0.4,0.4,0.4,0.4,0.4,0.2,0.2,0.2,0.2,0.2,575.2,1.399,805.0
1513,1.7,1.7,1.7,1.7,1.7,1.7,1.7,1.7,1.7,1.7,1.0,1.0,1.0,1.0,1.0,0.4,0.4,0.4,0.4,0.4,0.3,0.3,0.3,0.3,0.3,546.9,1.325,724.5
1514,1.7,1.7,1.7,1.7,1.7,1.7,1.7,1.7,1.7,1.7,1.0,1.0,1.0,1.0,1.0,0.4,0.4,0.4,0.4,0.4,0.4,0.4,0.4,0.4,0.4,522.0,1.25,652.6
1515,1.7,1.7,1.7,1.7,1.7,1.7,1.7,1.7,1.7,1.7,1.0,1.0,1.0,1.0,1.0,0.5,0.5,0.5,0.5,0.5,0.2,0.2,0.2,0.2,0.2,554.0,1.325,734.2
1516,1.7,1.7,1.7,1.7,1.7,1.7,1.7,1.7,1.7,1.7,1.0,1.0,1.0,1.0,1.0,0.5,0.5,0.5,0.5,0.5,0.3,0.3,0.3,0.3,0.3,524.5,1.251,655.9
1517,1.7,1.7,1.7,1.7,1.7,1.7,1.7,1.7,1.7,1.7,1.0,1.0,1.0,1.0,1.0,0.5,0.5,0.5,0.5,0.5,0.4,0.4,0.4,0.4,0.4,498.5,1.176,586.2
1518,1.7,1.7,1.7,1.7,1.7,1.7,1.7,1.7,1.7,1.7,1.0,1.0,1.0,1.0,1.0,0.5,0.5,0.5,0.5,0.5,0.5,0.5,0.5,0.5,0.5,476.6,1.147,546.7
1519,1.7,1.7,1.7,1.7,1.7,1.7,1.7,1.7,1.7,1.7,1.0,1.0,1.0,1.0,1.0,0.6,0.6,0.6,0.6,0.6,0.2,0.2,0.2,0.2,0.2,536.7,1.251,671.5
1520,1.7,1.7,1.7,1.7,1.7,1.7,1.7,1.7,1.7,1.7,1.0,1.0,1.0,1.0,1.0,0.6,0.6,0.6,0.6,0.6,0.3,0.3,0.3,0.3,0.3,506.2,1.176,595.5
1521,1.7,1.7,1.7,1.7,1.7,1.7,1.7,1.7,1.7,1.7,1.0,1.0,1.0,1.0,1.0,0.6,0.6,0.6,0.6,0.6,0.4,0.4,0.4,0.4,0.4,479.2,1.148,550.3
1522,1.7,1.7,1.7,1.7,1.7,1.7,1.7,1.7,1.7,1.7,1.0,1.0,1.0,1.0,1.0,0.6,0.6,0.6,0.6,0.6,0.5,0.5,0.5,0.5,0.5,456.4,1.219,556.4
1523,1.7,1.7,1.7,1.7,1.7,1.7,1.7,1.7,1.7,1.7,1.0,1.0,1.0,1.0,1.0,0.6,0.6,0.6,0.6,0.6,0.6,0.6,0.6,0.6,0.6,438.4,1.331,583.5
1524,1.7,1.7,1.7,1.7,1.7,1.7,1.7,1.7,1.7,1.7,1.0,1.0,1.0,1.0,1.0,0.7,0.7,0.7,0.7,0.7,0.2,0.2,0.2,0.2,0.2,523.8,1.177,616.4
1525,1.7,1.7,1.7,1.7,1.7,1.7,1.7,1.7,1.7,1.7,1.0,1.0,1.0,1.0,1.0,0.7,0.7,0.7,0.7,0.7,0.3,0.3,0.3,0.3,0.3,492.4,1.15,566.1
1526,1.7,1.7,1.7,1.7,1.7,1.7,1.7,1.7,1.7,1.7,1.0,1.0,1.0,1.0,1.0,0.7,0.7,0.7,0.7,0.7,0.4,0.4,0.4,0.4,0.4,464.6,1.219,566.3
1527,1.7,1.7,1.7,1.7,1.7,1.7,1.7,1.7,1.7,1.7,1.0,1.0,1.0,1.0,1.0,0.7,0.7,0.7,0.7,0.7,0.5,0.5,0.5,0.5,0.5,441.1,1.33,586.8
1528,1.7,1.7,1.7,1.7,1.7,1.7,1.7,1.7,1.7,1.7,1.0,1.0,1.0,1.0,1.0,0.7,0.7,0.7,0.7,0.7,0.6,0.6,0.6,0.6,0.6,422.4,1.442,609.3
1529,1.7,1.7,1.7,1.7,1.7,1.7,1.7,1.7,1.7,1.7,1.0,1.0,1.0,1.0,1.0,0.7,0.7,0.7,0.7,0.7,0.7,0.7,0.7,0.7,0.7,409.4,1.554,636.2
1530,1.7,1.7,1.7,1.7,1.7,1.7,1.7,1.7,1.7,1.7,1.0,1.0,1.0,1.0,1.0,0.8,0.8,0.8,0.8,0.8,0.2,0.2,0.2,0.2,0.2,515.4,1.151,593.2
1531,1.7,1.7,1.7,1.7,1.7,1.7,1.7,1.7,1.7,1.7,1.0,1.0,1.0,1.0,1.0,0.8,0.8,0.8,0.8,0.8,0.3,0.3,0.3,0.3,0.3,483.6,1.218,589.1
1532,1.7,1.7,1.7,1.7,1.7,1.7,1.7,1.7,1.7,1.7,1.0,1.0,1.0,1.0,1.0,0.8,0.8,0.8,0.8,0.8,0.4,0.4,0.4,0.4,0.4,455.2,1.33,605.5
1533,1.7,1.7,1.7,1.7,1.7,1.7,1.7,1.7,1.7,1.7,1.0,1.0,1.0,1.0,1.0,0.8,0.8,0.8,0.8,0.8,0.5,0.5,0.5,0.5,0.5,431.1,1.442,621.6
1534,1.7,1.7,1.7,1.7,1.7,1.7,1.7,1.7,1.7,1.7,1.0,1.0,1.0,1.0,1.0,0.8,0.8,0.8,0.8,0.8,0.6,0.6,0.6,0.6,0.6,412.1,1.554,640.2
1535,1.7,1.7,1.7,1.7,1.7,1.7,1.7,1.7,1.7,1.7,1.0,1.0,1.0,1.0,1.0,0.8,0.8,0.8,0.8,0.8,0.7,0.7,0.7,0.7,0.7,398.7,1.665,663.9
1536,1.7,1.7,1.7,1.7,1.7,1.7,1.7,1.7,1.7,1.7,1.0,1.0,1.0,1.0,1.0,0.8,0.8,0.8,0.8,0.8,0.8,0.8,0.8,0.8,0.8,391.6,1.777,695.9
1537,1.7,1.7,1.7,1.7,1.7,1.7,1.7,1.7,1.7,1.7,1.0,1.0,1.0,1.0,1.0,0.9,0.9,0.9,0.9,0.9,0.2,0.2,0.2,0.2,0.2,512.0,1.218,623.4
1538,1.7,1.7,1.7,1.7,1.7,1.7,1.7,1.7,1.7,1.7,1.0,1.0,1.0,1.0,1.0,0.9,0.9,0.9,0.9,0.9,0.3,0.3,0.3,0.3,0.3,479.9,1.329,638.0
1539,1.7,1.7,1.7,1.7,1.7,1.7,1.7,1.7,1.7,1.7,1.0,1.0,1.0,1.0,1.0,0.9,0.9,0.9,0.9,0.9,0.4,0.4,0.4,0.4,0.4,451.3,1.441,650.5
1540,1.7,1.7,1.7,1.7,1.7,1.7,1.7,1.7,1.7,1.7,1.0,1.0,1.0,1.0,1.0,0.9,0.9,0.9,0.9,0.9,0.5,0.5,0.5,0.5,0.5,427.0,1.553,663.2
1541,1.7,1.7,1.7,1.7,1.7,1.7,1.7,1.7,1.7,1.7,1.0,1.0,1.0,1.0,1.0,0.9,0.9,0.9,0.9,0.9,0.6,0.6,0.6,0.6,0.6,407.7,1.665,678.8
1542,1.7,1.7,1.7,1.7,1.7,1.7,1.7,1.7,1.7,1.7,1.0,1.0,1.0,1.0,1.0,1.0,1.0,1.0,1.0,1.0,0.2,0.2,0.2,0.2,0.2,513.5,1.329,682.4
1543,1.7,1.7,1.7,1.7,1.7,1.7,1.7,1.7,1.7,1.7,1.0,1.0,1.0,1.0,1.0,1.0,1.0,1.0,1.0,1.0,0.3,0.3,0.3,0.3,0.3,481.5,1.441,693.7
1544,1.7,1.7,1.7,1.7,1.7,1.7,1.7,1.7,1.7,1.7,1.0,1.0,1.0,1.0,1.0,1.0,1.0,1.0,1.0,1.0,0.4,0.4,0.4,0.4,0.4,453.0,1.553,703.3
1545,1.7,1.7,1.7,1.7,1.7,1.7,1.7,1.7,1.7,1.7,1.0,1.0,1.0,1.0,1.0,1.0,1.0,1.0,1.0,1.0,0.5,0.5,0.5,0.5,0.5,428.8,1.664,713.7
1546,1.7,1.7,1.7,1.7,1.7,1.7,1.7,1.7,1.7,1.7,1.0,1.0,1.0,1.0,1.0,1.0,1.0,1.0,1.0,1.0,0.6,0.6,0.6,0.6,0.6,409.6,1.776,727.5
1547,1.8,1.8,1.8,1.8,1.8,1.0,1.0,1.0,1.0,1.0,1.0,1.0,1.0,1.0,1.0,0.2,0.2,0.2,0.2,0.2,0.2,0.2,0.2,0.2,0.2,586.7,2.123,1245.7
1548,1.8,1.8,1.8,1.8,1.8,1.0,1.0,1.0,1.0,1.0,1.0,1.0,1.0,1.0,1.0,0.3,0.3,0.3,0.3,0.3,0.2,0.2,0.2,0.2,0.2,556.8,2.012,1120.4
1549,1.8,1.8,1.8,1.8,1.8,1.0,1.0,1.0,1.0,1.0,1.0,1.0,1.0,1.0,1.0,0.3,0.3,0.3,0.3,0.3,0.3,0.3,0.3,0.3,0.3,527.4,1.9,1002.3
1550,1.8,1.8,1.8,1.8,1.8,1.0,1.0,1.0,1.0,1.0,1.0,1.0,1.0,1.0,1.0,0.4,0.4,0.4,0.4,0.4,0.2,0.2,0.2,0.2,0.2,530.1,1.901,1007.6
1551,1.8,1.8,1.8,1.8,1.8,1.0,1.0,1.0,1.0,1.0,1.0,1.0,1.0,1.0,1.0,0.4,0.4,0.4,0.4,0.4,0.3,0.3,0.3,0.3,0.3,499.1,1.789,893.0
1552,1.8,1.8,1.8,1.8,1.8,1.0,1.0,1.0,1.0,1.0,1.0,1.0,1.0,1.0,1.0,0.4,0.4,0.4,0.4,0.4,0.4,0.4,0.4,0.4,0.4,471.8,1.677,791.2
1553,1.8,1.8,1.8,1.8,1.8,1.0,1.0,1.0,1.0,1.0,1.0,1.0,1.0,1.0,1.0,0.5,0.5,0.5,0.5,0.5,0.2,0.2,0.2,0.2,0.2,507.0,1.789,907.3
1554,1.8,1.8,1.8,1.8,1.8,1.0,1.0,1.0,1.0,1.0,1.0,1.0,1.0,1.0,1.0,0.5,0.5,0.5,0.5,0.5,0.3,0.3,0.3,0.3,0.3,474.5,1.678,796.1
1555,1.8,1.8,1.8,1.8,1.8,1.0,1.0,1.0,1.0,1.0,1.0,1.0,1.0,1.0,1.0,0.5,0.5,0.5,0.5,0.5,0.4,0.4,0.4,0.4,0.4,445.6,1.566,697.8
1556,1.8,1.8,1.8,1.8,1.8,1.0,1.0,1.0,1.0,1.0,1.0,1.0,1.0,1.0,1.0,0.5,0.5,0.5,0.5,0.5,0.5,0.5,0.5,0.5,0.5,421.0,1.454,612.2
1557,1.8,1.8,1.8,1.8,1.8,1.0,1.0,1.0,1.0,1.0,1.0,1.0,1.0,1.0,1.0,0.6,0.6,0.6,0.6,0.6,0.2,0.2,0.2,0.2,0.2,488.0,1.678,819.0
1558,1.8,1.8,1.8,1.8,1.8,1.0,1.0,1.0,1.0,1.0,1.0,1.0,1.0,1.0,1.0,0.6,0.6,0.6,0.6,0.6,0.3,0.3,0.3,0.3,0.3,454.2,1.566,711.5
1559,1.8,1.8,1.8,1.8,1.8,1.0,1.0,1.0,1.0,1.0,1.0,1.0,1.0,1.0,1.0,0.6,0.6,0.6,0.6,0.6,0.4,0.4,0.4,0.4,0.4,424.0,1.455,616.7
1560,1.8,1.8,1.8,1.8,1.8,1.0,1.0,1.0,1.0,1.0,1.0,1.0,1.0,1.0,1.0,0.6,0.6,0.6,0.6,0.6,0.5,0.5,0.5,0.5,0.5,398.0,1.343,534.4
1561,1.8,1.8,1.8,1.8,1.8,1.0,1.0,1.0,1.0,1.0,1.0,1.0,1.0,1.0,1.0,0.6,0.6,0.6,0.6,0.6,0.6,0.6,0.6,0.6,0.6,377.2,1.265,477.2
1562,1.8,1.8,1.8,1.8,1.8,1.0,1.0,1.0,1.0,1.0,1.0,1.0,1.0,1.0,1.0,0.7,0.7,0.7,0.7,0.7,0.2,0.2,0.2,0.2,0.2,473.7,1.567,742.3
1563,1.8,1.8,1.8,1.8,1.8,1.0,1.0,1.0,1.0,1.0,1.0,1.0,1.0,1.0,1.0,0.7,0.7,0.7,0.7,0.7,0.3,0.3,0.3,0.3,0.3,438.8,1.455,638.6
1564,1.8,1.8,1.8,1.8,1.8,1.0,1.0,1.0,1.0,1.0,1.0,1.0,1.0,1.0,1.0,0.7,0.7,0.7,0.7,0.7,0.4,0.4,0.4,0.4,0.4,407.4,1.343,547.3
1565,1.8,1.8,1.8,1.8,1.8,1.0,1.0,1.0,1.0,1.0,1.0,1.0,1.0,1.0,1.0,0.7,0.7,0.7,0.7,0.7,0.5,0.5,0.5,0.5,0.5,380.3,1.266,481.3
1566,1.8,1.8,1.8,1.8,1.8,1.0,1.0,1.0,1.0,1.0,1.0,1.0,1.0,1.0,1.0,0.7,0.7,0.7,0.7,0.7,0.6,0.6,0.6,0.6,0.6,358.5,1.191,427.0
1567,1.8,1.8,1.8,1.8,1.8,1.0,1.0,1.0,1.0,1.0,1.0,1.0,1.0,1.0,1.0,0.7,0.7,0.7,0.7,0.7,0.7,0.7,0.7,0.7,0.7,343.1,1.116,383.0
1568,1.8,1.8,1.8,1.8,1.8,1.0,1.0,1.0,1.0,1.0,1.0,1.0,1.0,1.0,1.0,0.8,0.8,0.8,0.8,0.8,0.2,0.2,0.2,0.2,0.2,464.5,1.456,676.2
1569,1.8,1.8,1.8,1.8,1.8,1.0,1.0,1.0,1.0,1.0,1.0,1.0,1.0,1.0,1.0,0.8,0.8,0.8,0.8,0.8,0.3,0.3,0.3,0.3,0.3,428.9,1.344,576.3
1570,1.8,1.8,1.8,1.8,1.8,1.0,1.0,1.0,1.0,1.0,1.0,1.0,1.0,1.0,1.0,0.8,0.8,0.8,0.8,0.8,0.4,0.4,0.4,0.4,0.4,396.7,1.266,502.2
1571,1.8,1.8,1.8,1.8,1.8,1.0,1.0,1.0,1.0,1.0,1.0,1.0,1.0,1.0,1.0,0.8,0.8,0.8,0.8,0.8,0.5,0.5,0.5,0.5,0.5,368.8,1.191,439.3
1572,1.8,1.8,1.8,1.8,1.8,1.0,1.0,1.0,1.0,1.0,1.0,1.0,1.0,1.0,1.0,0.8,0.8,0.8,0.8,0.8,0.6,0.6,0.6,0.6,0.6,346.2,1.117,386.7
1573,1.8,1.8,1.8,1.8,1.8,1.0,1.0,1.0,1.0,1.0,1.0,1.0,1.0,1.0,1.0,0.8,0.8,0.8,0.8,0.8,0.7,0.7,0.7,0.7,0.7,330.2,1.116,368.5
1574,1.8,1.8,1.8,1.8,1.8,1.0,1.0,1.0,1.0,1.0,1.0,1.0,1.0,1.0,1.0,0.8,0.8,0.8,0.8,0.8,0.8,0.8,0.8,0.8,0.8,321.6,1.215,390.8
1575,1.8,1.8,1.8,1.8,1.8,1.0,1.0,1.0,1.0,1.0,1.0,1.0,1.0,1.0,1.0,0.9,0.9,0.9,0.9,0.9,0.2,0.2,0.2,0.2,0.2,460.7,1.344,619.3
1576,1.8,1.8,1.8,1.8,1.8,1.0,1.0,1.0,1.0,1.0,1.0,1.0,1.0,1.0,1.0,0.9,0.9,0.9,0.9,0.9,0.3,0.3,0.3,0.3,0.3,424.7,1.266,537.9
1577,1.8,1.8,1.8,1.8,1.8,1.0,1.0,1.0,1.0,1.0,1.0,1.0,1.0,1.0,1.0,0.9,0.9,0.9,0.9,0.9,0.4,0.4,0.4,0.4,0.4,392.2,1.192,467.4
1578,1.8,1.8,1.8,1.8,1.8,1.0,1.0,1.0,1.0,1.0,1.0,1.0,1.0,1.0,1.0,0.9,0.9,0.9,0.9,0.9,0.5,0.5,0.5,0.5,0.5,363.9,1.117,406.6
1579,1.8,1.8,1.8,1.8,1.8,1.0,1.0,1.0,1.0,1.0,1.0,1.0,1.0,1.0,1.0,0.9,0.9,0.9,0.9,0.9,0.6,0.6,0.6,0.6,0.6,341.1,1.117,381.1
1580,1.8,1.8,1.8,1.8,1.8,1.0,1.0,1.0,1.0,1.0,1.0,1.0,1.0,1.0,1.0,0.9,0.9,0.9,0.9,0.9,0.7,0.7,0.7,0.7,0.7,324.8,1.215,394.5
1581,1.8,1.8,1.8,1.8,1.8,1.0,1.0,1.0,1.0,1.0,1.0,1.0,1.0,1.0,1.0,0.9,0.9,0.9,0.9,0.9,0.8,0.8,0.8,0.8,0.8,316.0,1.326,419.2
1582,1.8,1.8,1.8,1.8,1.8,1.0,1.0,1.0,1.0,1.0,1.0,1.0,1.0,1.0,1.0,0.9,0.9,0.9,0.9,0.9,0.9,0.9,0.9,0.9,0.9,315.5,1.438,453.7
1583,1.8,1.8,1.8,1.8,1.8,1.0,1.0,1.0,1.0,1.0,1.0,1.0,1.0,1.0,1.0,1.0,1.0,1.0,1.0,1.0,0.2,0.2,0.2,0.2,0.2,462.4,1.267,585.7
1584,1.8,1.8,1.8,1.8,1.8,1.0,1.0,1.0,1.0,1.0,1.0,1.0,1.0,1.0,1.0,1.0,1.0,1.0,1.0,1.0,0.3,0.3,0.3,0.3,0.3,426.5,1.192,508.5
1585,1.8,1.8,1.8,1.8,1.8,1.0,1.0,1.0,1.0,1.0,1.0,1.0,1.0,1.0,1.0,1.0,1.0,1.0,1.0,1.0,0.4,0.4,0.4,0.4,0.4,394.1,1.118,440.5
1586,1.8,1.8,1.8,1.8,1.8,1.0,1.0,1.0,1.0,1.0,1.0,1.0,1.0,1.0,1.0,1.0,1.0,1.0,1.0,1.0,0.5,0.5,0.5,0.5,0.5,366.0,1.119,409.5
1587,1.8,1.8,1.8,1.8,1.8,1.0,1.0,1.0,1.0,1.0,1.0,1.0,1.0,1.0,1.0,1.0,1.0,1.0,1.0,1.0,0.6,0.6,0.6,0.6,0.6,343.3,1.214,416.9
1588,1.8,1.8,1.8,1.8,1.8,1.0,1.0,1.0,1.0,1.0,1.0,1.0,1.0,1.0,1.0,1.0,1.0,1.0,1.0,1.0,0.7,0.7,0.7,0.7,0.7,327.2,1.326,433.8
1589,1.8,1.8,1.8,1.8,1.8,1.0,1.0,1.0,1.0,1.0,1.0,1.0,1.0,1.0,1.0,1.0,1.0,1.0,1.0,1.0,0.8,0.8,0.8,0.8,0.8,318.5,1.438,457.9
1590,1.8,1.8,1.8,1.8,1.8,1.0,1.0,1.0,1.0,1.0,1.0,1.0,1.0,1.0,1.0,1.0,1.0,1.0,1.0,1.0,0.9,0.9,0.9,0.9,0.9,317.9,1.549,492.6
1591,1.8,1.8,1.8,1.8,1.8,1.0,1.0,1.0,1.0,1.0,1.0,1.0,1.0,1.0,1.0,1.0,1.0,1.0,1.0,1.0,1.0,1.0,1.0,1.0,1.0,325.5,1.661,540.8
1592,1.8,1.8,1.8,1.8,1.8,1.1,1.1,1.1,1.1,1.1,1.0,1.0,1.0,1.0,1.0,0.2,0.2,0.2,0.2,0.2,0.2,0.2,0.2,0.2,0.2,585.4,2.031,1189.3
1593,1.8,1.8,1.8,1.8,1.8,1.1,1.1,1.1,1.1,1.1,1.0,1.0,1.0,1.0,1.0,0.3,0.3,0.3,0.3,0.3,0.2,0.2,0.2,0.2,0.2,555.5,1.92,1066.6
1594,1.8,1.8,1.8,1.8,1.8,1.1,1.1,1.1,1.1,1.1,1.0,1.0,1.0,1.0,1.0,0.3,0.3,0.3,0.3,0.3,0.3,0.3,0.3,0.3,0.3,526.0,1.808,951.3
1595,1.8,1.8,1.8,1.8,1.8,1.1,1.1,1.1,1.1,1.1,1.0,1.0,1.0,1.0,1.0,0.4,0.4,0.4,0.4,0.4,0.2,0.2,0.2,0.2,0.2,528.7,1.809,956.3
1596,1.8,1.8,1.8,1.8,1.8,1.1,1.1,1.1,1.1,1.1,1.0,1.0,1.0,1.0,1.0,0.4,0.4,0.4,0.4,0.4,0.3,0.3,0.3,0.3,0.3,497.7,1.697,844.6
1597,1.8,1.8,1.8,1.8,1.8,1.1,1.1,1.1,1.1,1.1,1.0,1.0,1.0,1.0,1.0,0.4,0.4,0.4,0.4,0.4,0.4,0.4,0.4,0.4,0.4,470.2,1.585,745.4
1598,1.8,1.8,1.8,1.8,1.8,1.1,1.1,1.1,1.1,1.1,1.0,1.0,1.0,1.0,1.0,0.5,0.5,0.5,0.5,0.5,0.2,0.2,0.2,0.2,0.2,505.5,1.698,858.2
1599,1.8,1.8,1.8,1.8,1.8,1.1,1.1,1.1,1.1,1.1,1.0,1.0,1.0,1.0,1.0,0.5,0.5,0.5,0.5,0.5,0.3,0.3,0.3,0.3,0.3,473.0,1.586,750.1
1600,1.8,1.8,1.8,1.8,1.8,1.1,1.1,1.1,1.1,1.1,1.0,1.0,1.0,1.0,1.0,0.5,0.5,0.5,0.5,0.5,0.4,0.4,0.4,0.4,0.4,444.0,1.474,654.4
1601,1.8,1.8,1.8,1.8,1.8,1.1,1.1,1.1,1.1,1.1,1.0,1.0,1.0,1.0,1.0,0.5,0.5,0.5,0.5,0.5,0.5,0.5,0.5,0.5,0.5,419.2,1.364,571.8
1602,1.8,1.8,1.8,1.8,1.8,1.1,1.1,1.1,1.1,1.1,1.0,1.0,1.0,1.0,1.0,0.6,0.6,0.6,0.6,0.6,0.2,0.2,0.2,0.2,0.2,486.5,1.586,771.8
1603,1.8,1.8,1.8,1.8,1.8,1.1,1.1,1.1,1.1,1.1,1.0,1.0,1.0,1.0,1.0,0.6,0.6,0.6,0.6,0.6,0.3,0.3,0.3,0.3,0.3,452.6,1.474,667.4
1604,1.8,1.8,1.8,1.8,1.8,1.1,1.1,1.1,1.1,1.1,1.0,1.0,1.0,1.0,1.0,0.6,0.6,0.6,0.6,0.6,0.4,0.4,0.4,0.4,0.4,422.2,1.364,576.0
1605,1.8,1.8,1.8,1.8,1.8,1.1,1.1,1.1,1.1,1.1,1.0,1.0,1.0,1.0,1.0,0.6,0.6,0.6,0.6,0.6,0.5,0.5,0.5,0.5,0.5,396.1,1.29,510.9
1606,1.8,1.8,1.8,1.8,1.8,1.1,1.1,1.1,1.1,1.1,1.0,1.0,1.0,1.0,1.0,0.6,0.6,0.6,0.6,0.6,0.6,0.6,0.6,0.6,0.6,375.3,1.215,456.0
1607,1.8,1.8,1.8,1.8,1.8,1.1,1.1,1.1,1.1,1.1,1.0,1.0,1.0,1.0,1.0,0.7,0.7,0.7,0.7,0.7,0.2,0.2,0.2,0.2,0.2,472.2,1.475,696.5
1608,1.8,1.8,1.8,1.8,1.8,1.1,1.1,1.1,1.1,1.1,1.0,1.0,1.0,1.0,1.0,0.7,0.7,0.7,0.7,0.7,0.3,0.3,0.3,0.3,0.3,437.2,1.365,596.6
1609,1.8,1.8,1.8,1.8,1.8,1.1,1.1,1.1,1.1,1.1,1.0,1.0,1.0,1.0,1.0,0.7,0.7,0.7,0.7,0.7,0.4,0.4,0.4,0.4,0.4,405.6,1.29,523.3
1610,1.8,1.8,1.8,1.8,1.8,1.1,1.1,1.1,1.1,1.1,1.0,1.0,1.0,1.0,1.0,0.7,0.7,0.7,0.7,0.7,0.5,0.5,0.5,0.5,0.5,378.4,1.215,459.9
1611,1.8,1.8,1.8,1.8,1.8,1.1,1.1,1.1,1.1,1.1,1.0,1.0,1.0,1.0,1.0,0.7,0.7,0.7,0.7,0.7,0.6,0.6,0.6,0.6,0.6,356.5,1.141,406.7
1612,1.8,1.8,1.8,1.8,1.8,1.1,1.1,1.1,1.1,1.1,1.0,1.0,1.0,1.0,1.0,0.7,0.7,0.7,0.7,0.7,0.7,0.7,0.7,0.7,0.7,340.9,1.109,378.0
1613,1.8,1.8,1.8,1.8,1.8,1.1,1.1,1.1,1.1,1.1,1.0,1.0,1.0,1.0,1.0,0.8,0.8,0.8,0.8,0.8,0.2,0.2,0.2,0.2,0.2,462.9,1.365,631.9
1614,1.8,1.8,1.8,1.8,1.8,1.1,1.1,1.1,1.1,1.1,1.0,1.0,1.0,1.0,1.0,0.8,0.8,0.8,0.8,0.8,0.3,0.3,0.3,0.3,0.3,427.2,1.29,551.2
1615,1.8,1.8,1.8,1.8,1.8,1.1,1.1,1.1,1.1,1.1,1.0,1.0,1.0,1.0,1.0,0.8,0.8,0.8,0.8,0.8,0.4,0.4,0.4,0.4,0.4,394.8,1.216,480.0
1616,1.8,1.8,1.8,1.8,1.8,1.1,1.1,1.1,1.1,1.1,1.0,1.0,1.0,1.0,1.0,0.8,0.8,0.8,0.8,0.8,0.5,0.5,0.5,0.5,0.5,366.8,1.141,418.6
1617,1.8,1.8,1.8,1.8,1.8,1.1,1.1,1.1,1.1,1.1,1.0,1.0,1.0,1.0,1.0,0.8,0.8,0.8,0.8,0.8,0.6,0.6,0.6,0.6,0.6,344.1,1.11,382.0
1618,1.8,1.8,1.8,1.8,1.8,1.1,1.1,1.1,1.1,1.1,1.0,1.0,1.0,1.0,1.0,0.8,0.8,0.8,0.8,0.8,0.7,0.7,0.7,0.7,0.7,328.0,1.195,392.0
1619,1.8,1.8,1.8,1.8,1.8,1.1,1.1,1.1,1.1,1.1,1.0,1.0,1.0,1.0,1.0,0.8,0.8,0.8,0.8,0.8,0.8,0.8,0.8,0.8,0.8,319.3,1.307,417.4
1620,1.8,1.8,1.8,1.8,1.8,1.1,1.1,1.1,1.1,1.1,1.0,1.0,1.0,1.0,1.0,0.9,0.9,0.9,0.9,0.9,0.2,0.2,0.2,0.2,0.2,459.1,1.291,592.6
1621,1.8,1.8,1.8,1.8,1.8,1.1,1.1,1.1,1.1,1.1,1.0,1.0,1.0,1.0,1.0,0.9,0.9,0.9,0.9,0.9,0.3,0.3,0.3,0.3,0.3,423.0,1.216,514.5
1622,1.8,1.8,1.8,1.8,1.8,1.1,1.1,1.1,1.1,1.1,1.0,1.0,1.0,1.0,1.0,0.9,0.9,0.9,0.9,0.9,0.4,0.4,0.4,0.4,0.4,390.3,1.142,445.6
1623,1.8,1.8,1.8,1.8,1.8,1.1,1.1,1.1,1.1,1.1,1.0,1.0,1.0,1.0,1.0,0.9,0.9,0.9,0.9,0.9,0.5,0.5,0.5,0.5,0.5,361.9,1.111,402.2
1624,1.8,1.8,1.8,1.8,1.8,1.1,1.1,1.1,1.1,1.1,1.0,1.0,1.0,1.0,1.0,0.9,0.9,0.9,0.9,0.9,0.6,0.6,0.6,0.6,0.6,338.9,1.195,404.9
1625,1.8,1.8,1.8,1.8,1.8,1.1,1.1,1.1,1.1,1.1,1.0,1.0,1.0,1.0,1.0,0.9,0.9,0.9,0.9,0.9,0.7,0.7,0.7,0.7,0.7,322.5,1.307,421.4
1626,1.8,1.8,1.8,1.8,1.8,1.1,1.1,1.1,1.1,1.1,1.0,1.0,1.0,1.0,1.0,0.9,0.9,0.9,0.9,0.9,0.8,0.8,0.8,0.8,0.8,313.7,1.418,444.9
1627,1.8,1.8,1.8,1.8,1.8,1.1,1.1,1.1,1.1,1.1,1.0,1.0,1.0,1.0,1.0,0.9,0.9,0.9,0.9,0.9,0.9,0.9,0.9,0.9,0.9,313.1,1.53,479.1
1628,1.8,1.8,1.8,1.8,1.8,1.1,1.1,1.1,1.1,1.1,1.0,1.0,1.0,1.0,1.0,1.0,1.0,1.0,1.0,1.0,0.2,0.2,0.2,0.2,0.2,460.8,1.217,560.6
1629,1.8,1.8,1.8,1.8,1.8,1.1,1.1,1.1,1.1,1.1,1.0,1.0,1.0,1.0,1.0,1.0,1.0,1.0,1.0,1.0,0.3,0.3,0.3,0.3,0.3,424.8,1.142,485.2
1630,1.8,1.8,1.8,1.8,1.8,1.1,1.1,1.1,1.1,1.1,1.0,1.0,1.0,1.0,1.0,1.0,1.0,1.0,1.0,1.0,0.4,0.4,0.4,0.4,0.4,392.2,1.113,436.5
1631,1.8,1.8,1.8,1.8,1.8,1.1,1.1,1.1,1.1,1.1,1.0,1.0,1.0,1.0,1.0,1.0,1.0,1.0,1.0,1.0,0.5,0.5,0.5,0.5,0.5,364.0,1.194,434.7
1632,1.8,1.8,1.8,1.8,1.8,1.1,1.1,1.1,1.1,1.1,1.0,1.0,1.0,1.0,1.0,1.0,1.0,1.0,1.0,1.0,0.6,0.6,0.6,0.6,0.6,341.2,1.306,445.6
1633,1.8,1.8,1.8,1.8,1.8,1.1,1.1,1.1,1.1,1.1,1.0,1.0,1.0,1.0,1.0,1.0,1.0,1.0,1.0,1.0,0.7,0.7,0.7,0.7,0.7,324.9,1.418,460.6
1634,1.8,1.8,1.8,1.8,1.8,1.1,1.1,1.1,1.1,1.1,1.0,1.0,1.0,1.0,1.0,1.0,1.0,1.0,1.0,1.0,0.8,0.8,0.8,0.8,0.8,316.2,1.53,483.6
1635,1.8,1.8,1.8,1.8,1.8,1.1,1.1,1.1,1.1,1.1,1.0,1.0,1.0,1.0,1.0,1.0,1.0,1.0,1.0,1.0,0.9,0.9,0.9,0.9,0.9,315.6,1.641,518.0
1636,1.8,1.8,1.8,1.8,1.8,1.1,1.1,1.1,1.1,1.1,1.0,1.0,1.0,1.0,1.0,1.0,1.0,1.0,1.0,1.0,1.0,1.0,1.0,1.0,1.0,323.3,1.753,566.7
1637,1.8,1.8,1.8,1.8,1.8,1.2,1.2,1.2,1.2,1.2,1.0,1.0,1.0,1.0,1.0,0.2,0.2,0.2,0.2,0.2,0.2,0.2,0.2,0.2,0.2,587.2,1.94,1138.8
1638,1.8,1.8,1.8,1.8,1.8,1.2,1.2,1.2,1.2,1.2,1.0,1.0,1.0,1.0,1.0,0.3,0.3,0.3,0.3,0.3,0.2,0.2,0.2,0.2,0.2,557.3,1.828,1018.9
1639,1.8,1.8,1.8,1.8,1.8,1.2,1.2,1.2,1.2,1.2,1.0,1.0,1.0,1.0,1.0,0.3,0.3,0.3,0.3,0.3,0.3,0.3,0.3,0.3,0.3,528.0,1.716,906.2
1640,1.8,1.8,1.8,1.8,1.8,1.2,1.2,1.2,1.2,1.2,1.0,1.0,1.0,1.0,1.0,0.4,0.4,0.4,0.4,0.4,0.2,0.2,0.2,0.2,0.2,530.6,1.717,911.0
1641,1.8,1.8,1.8,1.8,1.8,1.2,1.2,1.2,1.2,1.2,1.0,1.0,1.0,1.0,1.0,0.4,0.4,0.4,0.4,0.4,0.3,0.3,0.3,0.3,0.3,499.7,1.605,802.1
1642,1.8,1.8,1.8,1.8,1.8,1.2,1.2,1.2,1.2,1.2,1.0,1.0,1.0,1.0,1.0,0.4,0.4,0.4,0.4,0.4,0.4,0.4,0.4,0.4,0.4,472.3,1.493,705.4
1643,1.8,1.8,1.8,1.8,1.8,1.2,1.2,1.2,1.2,1.2,1.0,1.0,1.0,1.0,1.0,0.5,0.5,0.5,0.5,0.5,0.2,0.2,0.2,0.2,0.2,507.5,1.606,814.9
1644,1.8,1.8,1.8,1.8,1.8,1.2,1.2,1.2,1.2,1.2,1.0,1.0,1.0,1.0,1.0,0.5,0.5,0.5,0.5,0.5,0.3,0.3,0.3,0.3,0.3,475.1,1.494,709.8
1645,1.8,1.8,1.8,1.8,1.8,1.2,1.2,1.2,1.2,1.2,1.0,1.0,1.0,1.0,1.0,0.5,0.5,0.5,0.5,0.5,0.4,0.4,0.4,0.4,0.4,446.3,1.388,619.6
1646,1.8,1.8,1.8,1.8,1.8,1.2,1.2,1.2,1.2,1.2,1.0,1.0,1.0,1.0,1.0,0.5,0.5,0.5,0.5,0.5,0.5,0.5,0.5,0.5,0.5,421.7,1.314,554.0
1647,1.8,1.8,1.8,1.8,1.8,1.2,1.2,1.2,1.2,1.2,1.0,1.0,1.0,1.0,1.0,0.6,0.6,0.6,0.6,0.6,0.2,0.2,0.2,0.2,0.2,488.6,1.494,730.2
1648,1.8,1.8,1.8,1.8,1.8,1.2,1.2,1.2,1.2,1.2,1.0,1.0,1.0,1.0,1.0,0.6,0.6,0.6,0.6,0.6,0.3,0.3,0.3,0.3,0.3,454.9,1.389,631.7
1649,1.8,1.8,1.8,1.8,1.8,1.2,1.2,1.2,1.2,1.2,1.0,1.0,1.0,1.0,1.0,0.6,0.6,0.6,0.6,0.6,0.4,0.4,0.4,0.4,0.4,424.6,1.314,558.0
1650,1.8,1.8,1.8,1.8,1.8,1.2,1.2,1.2,1.2,1.2,1.0,1.0,1.0,1.0,1.0,0.6,0.6,0.6,0.6,0.6,0.5,0.5,0.5,0.5,0.5,398.7,1.24,494.2
1651,1.8,1.8,1.8,1.8,1.8,1.2,1.2,1.2,1.2,1.2,1.0,1.0,1.0,1.0,1.0,0.6,0.6,0.6,0.6,0.6,0.6,0.6,0.6,0.6,0.6,378.0,1.165,440.3
1652,1.8,1.8,1.8,1.8,1.8,1.2,1.2,1.2,1.2,1.2,1.0,1.0,1.0,1.0,1.0,0.7,0.7,0.7,0.7,0.7,0.2,0.2,0.2,0.2,0.2,474.3,1.389,658.9
1653,1.8,1.8,1.8,1.8,1.8,1.2,1.2,1.2,1.2,1.2,1.0,1.0,1.0,1.0,1.0,0.7,0.7,0.7,0.7,0.7,0.3,0.3,0.3,0.3,0.3,439.5,1.315,577.7
1654,1.8,1.8,1.8,1.8,1.8,1.2,1.2,1.2,1.2,1.2,1.0,1.0,1.0,1.0,1.0,0.7,0.7,0.7,0.7,0.7,0.4,0.4,0.4,0.4,0.4,408.1,1.24,506.0
1655,1.8,1.8,1.8,1.8,1.8,1.2,1.2,1.2,1.2,1.2,1.0,1.0,1.0,1.0,1.0,0.7,0.7,0.7,0.7,0.7,0.5,0.5,0.5,0.5,0.5,381.1,1.165,444.1
1656,1.8,1.8,1.8,1.8,1.8,1.2,1.2,1.2,1.2,1.2,1.0,1.0,1.0,1.0,1.0,0.7,0.7,0.7,0.7,0.7,0.6,0.6,0.6,0.6,0.6,359.3,1.114,400.3
1657,1.8,1.8,1.8,1.8,1.8,1.2,1.2,1.2,1.2,1.2,1.0,1.0,1.0,1.0,1.0,0.7,0.7,0.7,0.7,0.7,0.7,0.7,0.7,0.7,0.7,343.9,1.176,404.4
1658,1.8,1.8,1.8,1.8,1.8,1.2,1.2,1.2,1.2,1.2,1.0,1.0,1.0,1.0,1.0,0.8,0.8,0.8,0.8,0.8,0.2,0.2,0.2,0.2,0.2,465.1,1.315,611.6
1659,1.8,1.8,1.8,1.8,1.8,1.2,1.2,1.2,1.2,1.2,1.0,1.0,1.0,1.0,1.0,0.8,0.8,0.8,0.8,0.8,0.3,0.3,0.3,0.3,0.3,429.5,1.24,532.8
1660,1.8,1.8,1.8,1.8,1.8,1.2,1.2,1.2,1.2,1.2,1.0,1.0,1.0,1.0,1.0,0.8,0.8,0.8,0.8,0.8,0.4,0.4,0.4,0.4,0.4,397.4,1.166,463.2
1661,1.8,1.8,1.8,1.8,1.8,1.2,1.2,1.2,1.2,1.2,1.0,1.0,1.0,1.0,1.0,0.8,0.8,0.8,0.8,0.8,0.5,0.5,0.5,0.5,0.5,369.5,1.115,412.1
1662,1.8,1.8,1.8,1.8,1.8,1.2,1.2,1.2,1.2,1.2,1.0,1.0,1.0,1.0,1.0,0.8,0.8,0.8,0.8,0.8,0.6,0.6,0.6,0.6,0.6,347.1,1.175,407.9
1663,1.8,1.8,1.8,1.8,1.8,1.2,1.2,1.2,1.2,1.2,1.0,1.0,1.0,1.0,1.0,0.8,0.8,0.8,0.8,0.8,0.7,0.7,0.7,0.7,0.7,331.1,1.287,426.1
1664,1.8,1.8,1.8,1.8,1.8,1.2,1.2,1.2,1.2,1.2,1.0,1.0,1.0,1.0,1.0,0.8,0.8,0.8,0.8,0.8,0.8,0.8,0.8,0.8,0.8,322.5,1.399,451.1
1665,1.8,1.8,1.8,1.8,1.8,1.2,1.2,1.2,1.2,1.2,1.0,1.0,1.0,1.0,1.0,0.9,0.9,0.9,0.9,0.9,0.2,0.2,0.2,0.2,0.2,461.3,1.241,572.4
1666,1.8,1.8,1.8,1.8,1.8,1.2,1.2,1.2,1.2,1.2,1.0,1.0,1.0,1.0,1.0,0.9,0.9,0.9,0.9,0.9,0.3,0.3,0.3,0.3,0.3,425.4,1.166,496.1
1667,1.8,1.8,1.8,1.8,1.8,1.2,1.2,1.2,1.2,1.2,1.0,1.0,1.0,1.0,1.0,0.9,0.9,0.9,0.9,0.9,0.4,0.4,0.4,0.4,0.4,392.9,1.117,438.6
1668,1.8,1.8,1.8,1.8,1.8,1.2,1.2,1.2,1.2,1.2,1.0,1.0,1.0,1.0,1.0,0.9,0.9,0.9,0.9,0.9,0.5,0.5,0.5,0.5,0.5,364.7,1.175,428.5
1669,1.8,1.8,1.8,1.8,1.8,1.2,1.2,1.2,1.2,1.2,1.0,1.0,1.0,1.0,1.0,0.9,0.9,0.9,0.9,0.9,0.6,0.6,0.6,0.6,0.6,341.9,1.287,439.9
1670,1.8,1.8,1.8,1.8,1.8,1.2,1.2,1.2,1.2,1.2,1.0,1.0,1.0,1.0,1.0,0.9,0.9,0.9,0.9,0.9,0.7,0.7,0.7,0.7,0.7,325.6,1.398,455.4
1671,1.8,1.8,1.8,1.8,1.8,1.2,1.2,1.2,1.2,1.2,1.0,1.0,1.0,1.0,1.0,0.9,0.9,0.9,0.9,0.9,0.8,0.8,0.8,0.8,0.8,316.9,1.51,478.6
1672,1.8,1.8,1.8,1.8,1.8,1.2,1.2,1.2,1.2,1.2,1.0,1.0,1.0,1.0,1.0,0.9,0.9,0.9,0.9,0.9,0.9,0.9,0.9,0.9,0.9,316.4,1.622,513.2
1673,1.8,1.8,1.8,1.8,1.8,1.2,1.2,1.2,1.2,1.2,1.0,1.0,1.0,1.0,1.0,1.0,1.0,1.0,1.0,1.0,0.2,0.2,0.2,0.2,0.2,463.0,1.167,540.1
1674,1.8,1.8,1.8,1.8,1.8,1.2,1.2,1.2,1.2,1.2,1.0,1.0,1.0,1.0,1.0,1.0,1.0,1.0,1.0,1.0,0.3,0.3,0.3,0.3,0.3,427.2,1.118,477.5
1675,1.8,1.8,1.8,1.8,1.8,1.2,1.2,1.2,1.2,1.2,1.0,1.0,1.0,1.0,1.0,1.0,1.0,1.0,1.0,1.0,0.4,0.4,0.4,0.4,0.4,394.8,1.174,463.7
1676,1.8,1.8,1.8,1.8,1.8,1.2,1.2,1.2,1.2,1.2,1.0,1.0,1.0,1.0,1.0,1.0,1.0,1.0,1.0,1.0,0.5,0.5,0.5,0.5,0.5,366.8,1.286,471.8
1677,1.8,1.8,1.8,1.8,1.8,1.2,1.2,1.2,1.2,1.2,1.0,1.0,1.0,1.0,1.0,1.0,1.0,1.0,1.0,1.0,0.6,0.6,0.6,0.6,0.6,344.2,1.398,481.1
1678,1.8,1.8,1.8,1.8,1.8,1.2,1.2,1.2,1.2,1.2,1.0,1.0,1.0,1.0,1.0,1.0,1.0,1.0,1.0,1.0,0.7,0.7,0.7,0.7,0.7,328.0,1.51,495.2
1679,1.8,1.8,1.8,1.8,1.8,1.2,1.2,1.2,1.2,1.2,1.0,1.0,1.0,1.0,1.0,1.0,1.0,1.0,1.0,1.0,0.8,0.8,0.8,0.8,0.8,319.4,1.622,517.9
1680,1.8,1.8,1.8,1.8,1.8,1.2,1.2,1.2,1.2,1.2,1.0,1.0,1.0,1.0,1.0,1.0,1.0,1.0,1.0,1.0,0.9,0.9,0.9,0.9,0.9,318.8,1.733,552.6
1681,1.8,1.8,1.8,1.8,1.8,1.2,1.2,1.2,1.2,1.2,1.0,1.0,1.0,1.0,1.0,1.0,1.0,1.0,1.0,1.0,1.0,1.0,1.0,1.0,1.0,326.4,1.845,602.2
1682,1.8,1.8,1.8,1.8,1.8,1.3,1.3,1.3,1.3,1.3,1.0,1.0,1.0,1.0,1.0,0.2,0.2,0.2,0.2,0.2,0.2,0.2,0.2,0.2,0.2,591.9,1.848,1093.6
1683,1.8,1.8,1.8,1.8,1.8,1.3,1.3,1.3,1.3,1.3,1.0,1.0,1.0,1.0,1.0,0.3,0.3,0.3,0.3,0.3,0.2,0.2,0.2,0.2,0.2,562.3,1.736,976.3
1684,1.8,1.8,1.8,1.8,1.8,1.3,1.3,1.3,1.3,1.3,1.0,1.0,1.0,1.0,1.0,0.3,0.3,0.3,0.3,0.3,0.3,0.3,0.3,0.3,0.3,533.2,1.625,866.2
1685,1.8,1.8,1.8,1.8,1.8,1.3,1.3,1.3,1.3,1.3,1.0,1.0,1.0,1.0,1.0,0.4,0.4,0.4,0.4,0.4,0.2,0.2,0.2,0.2,0.2,535.8,1.625,870.7
1686,1.8,1.8,1.8,1.8,1.8,1.3,1.3,1.3,1.3,1.3,1.0,1.0,1.0,1.0,1.0,0.4,0.4,0.4,0.4,0.4,0.3,0.3,0.3,0.3,0.3,505.2,1.513,764.5
1687,1.8,1.8,1.8,1.8,1.8,1.3,1.3,1.3,1.3,1.3,1.0,1.0,1.0,1.0,1.0,0.4,0.4,0.4,0.4,0.4,0.4,0.4,0.4,0.4,0.4,478.2,1.412,675.4
1688,1.8,1.8,1.8,1.8,1.8,1.3,1.3,1.3,1.3,1.3,1.0,1.0,1.0,1.0,1.0,0.5,0.5,0.5,0.5,0.5,0.2,0.2,0.2,0.2,0.2,513.0,1.514,776.5
1689,1.8,1.8,1.8,1.8,1.8,1.3,1.3,1.3,1.3,1.3,1.0,1.0,1.0,1.0,1.0,0.5,0.5,0.5,0.5,0.5,0.3,0.3,0.3,0.3,0.3,480.9,1.413,679.5
1690,1.8,1.8,1.8,1.8,1.8,1.3,1.3,1.3,1.3,1.3,1.0,1.0,1.0,1.0,1.0,0.5,0.5,0.5,0.5,0.5,0.4,0.4,0.4,0.4,0.4,452.5,1.338,605.5
1691,1.8,1.8,1.8,1.8,1.8,1.3,1.3,1.3,1.3,1.3,1.0,1.0,1.0,1.0,1.0,0.5,0.5,0.5,0.5,0.5,0.5,0.5,0.5,0.5,0.5,428.2,1.264,541.1
1692,1.8,1.8,1.8,1.8,1.8,1.3,1.3,1.3,1.3,1.3,1.0,1.0,1.0,1.0,1.0,0.6,0.6,0.6,0.6,0.6,0.2,0.2,0.2,0.2,0.2,494.3,1.413,698.5
1693,1.8,1.8,1.8,1.8,1.8,1.3,1.3,1.3,1.3,1.3,1.0,1.0,1.0,1.0,1.0,0.6,0.6,0.6,0.6,0.6,0.3,0.3,0.3,0.3,0.3,460.9,1.339,617.0
1694,1.8,1.8,1.8,1.8,1.8,1.3,1.3,1.3,1.3,1.3,1.0,1.0,1.0,1.0,1.0,0.6,0.6,0.6,0.6,0.6,0.4,0.4,0.4,0.4,0.4,431.1,1.264,544.9
1695,1.8,1.8,1.8,1.8,1.8,1.3,1.3,1.3,1.3,1.3,1.0,1.0,1.0,1.0,1.0,0.6,0.6,0.6,0.6,0.6,0.5,0.5,0.5,0.5,0.5,405.6,1.189,482.4
1696,1.8,1.8,1.8,1.8,1.8,1.3,1.3,1.3,1.3,1.3,1.0,1.0,1.0,1.0,1.0,0.6,0.6,0.6,0.6,0.6,0.6,0.6,0.6,0.6,0.6,385.2,1.122,432.1
1697,1.8,1.8,1.8,1.8,1.8,1.3,1.3,1.3,1.3,1.3,1.0,1.0,1.0,1.0,1.0,0.7,0.7,0.7,0.7,0.7,0.2,0.2,0.2,0.2,0.2,480.2,1.339,643.0
1698,1.8,1.8,1.8,1.8,1.8,1.3,1.3,1.3,1.3,1.3,1.0,1.0,1.0,1.0,1.0,0.7,0.7,0.7,0.7,0.7,0.3,0.3,0.3,0.3,0.3,445.8,1.264,563.6
1699,1.8,1.8,1.8,1.8,1.8,1.3,1.3,1.3,1.3,1.3,1.0,1.0,1.0,1.0,1.0,0.7,0.7,0.7,0.7,0.7,0.4,0.4,0.4,0.4,0.4,414.9,1.19,493.6
1700,1.8,1.8,1.8,1.8,1.8,1.3,1.3,1.3,1.3,1.3,1.0,1.0,1.0,1.0,1.0,0.7,0.7,0.7,0.7,0.7,0.5,0.5,0.5,0.5,0.5,388.3,1.122,435.5
1701,1.8,1.8,1.8,1.8,1.8,1.3,1.3,1.3,1.3,1.3,1.0,1.0,1.0,1.0,1.0,0.7,0.7,0.7,0.7,0.7,0.6,0.6,0.6,0.6,0.6,367.0,1.159,425.3
1702,1.8,1.8,1.8,1.8,1.8,1.3,1.3,1.3,1.3,1.3,1.0,1.0,1.0,1.0,1.0,0.7,0.7,0.7,0.7,0.7,0.7,0.7,0.7,0.7,0.7,351.9,1.268,446.1
1703,1.8,1.8,1.8,1.8,1.8,1.3,1.3,1.3,1.3,1.3,1.0,1.0,1.0,1.0,1.0,0.8,0.8,0.8,0.8,0.8,0.2,0.2,0.2,0.2,0.2,471.1,1.265,595.8
1704,1.8,1.8,1.8,1.8,1.8,1.3,1.3,1.3,1.3,1.3,1.0,1.0,1.0,1.0,1.0,0.8,0.8,0.8,0.8,0.8,0.3,0.3,0.3,0.3,0.3,435.9,1.19,518.9
1705,1.8,1.8,1.8,1.8,1.8,1.3,1.3,1.3,1.3,1.3,1.0,1.0,1.0,1.0,1.0,0.8,0.8,0.8,0.8,0.8,0.4,0.4,0.4,0.4,0.4,404.3,1.122,453.5
1706,1.8,1.8,1.8,1.8,1.8,1.3,1.3,1.3,1.3,1.3,1.0,1.0,1.0,1.0,1.0,0.8,0.8,0.8,0.8,0.8,0.5,0.5,0.5,0.5,0.5,377.0,1.161,437.5
1707,1.8,1.8,1.8,1.8,1.8,1.3,1.3,1.3,1.3,1.3,1.0,1.0,1.0,1.0,1.0,0.8,0.8,0.8,0.8,0.8,0.6,0.6,0.6,0.6,0.6,355.0,1.267,449.8
1708,1.8,1.8,1.8,1.8,1.8,1.3,1.3,1.3,1.3,1.3,1.0,1.0,1.0,1.0,1.0,0.8,0.8,0.8,0.8,0.8,0.7,0.7,0.7,0.7,0.7,339.3,1.379,468.0
1709,1.8,1.8,1.8,1.8,1.8,1.3,1.3,1.3,1.3,1.3,1.0,1.0,1.0,1.0,1.0,0.8,0.8,0.8,0.8,0.8,0.8,0.8,0.8,0.8,0.8,331.0,1.491,493.5
1710,1.8,1.8,1.8,1.8,1.8,1.3,1.3,1.3,1.3,1.3,1.0,1.0,1.0,1.0,1.0,0.9,0.9,0.9,0.9,0.9,0.2,0.2,0.2,0.2,0.2,467.3,1.191,556.4
1711,1.8,1.8,1.8,1.8,1.8,1.3,1.3,1.3,1.3,1.3,1.0,1.0,1.0,1.0,1.0,0.9,0.9,0.9,0.9,0.9,0.3,0.3,0.3,0.3,0.3,431.9,1.122,484.4
1712,1.8,1.8,1.8,1.8,1.8,1.3,1.3,1.3,1.3,1.3,1.0,1.0,1.0,1.0,1.0,0.9,0.9,0.9,0.9,0.9,0.4,0.4,0.4,0.4,0.4,399.9,1.162,464.7
1713,1.8,1.8,1.8,1.8,1.8,1.3,1.3,1.3,1.3,1.3,1.0,1.0,1.0,1.0,1.0,0.9,0.9,0.9,0.9,0.9,0.5,0.5,0.5,0.5,0.5,372.2,1.267,471.5
1714,1.8,1.8,1.8,1.8,1.8,1.3,1.3,1.3,1.3,1.3,1.0,1.0,1.0,1.0,1.0,0.9,0.9,0.9,0.9,0.9,0.6,0.6,0.6,0.6,0.6,349.9,1.379,482.4
1715,1.8,1.8,1.8,1.8,1.8,1.3,1.3,1.3,1.3,1.3,1.0,1.0,1.0,1.0,1.0,0.9,0.9,0.9,0.9,0.9,0.7,0.7,0.7,0.7,0.7,334.1,1.49,497.9
1716,1.8,1.8,1.8,1.8,1.8,1.3,1.3,1.3,1.3,1.3,1.0,1.0,1.0,1.0,1.0,0.9,0.9,0.9,0.9,0.9,0.8,0.8,0.8,0.8,0.8,325.6,1.602,521.6
1717,1.8,1.8,1.8,1.8,1.8,1.3,1.3,1.3,1.3,1.3,1.0,1.0,1.0,1.0,1.0,0.9,0.9,0.9,0.9,0.9,0.9,0.9,0.9,0.9,0.9,325.0,1.714,557.1
1718,1.8,1.8,1.8,1.8,1.8,1.3,1.3,1.3,1.3,1.3,1.0,1.0,1.0,1.0,1.0,1.0,1.0,1.0,1.0,1.0,0.2,0.2,0.2,0.2,0.2,468.9,1.123,526.5
1719,1.8,1.8,1.8,1.8,1.8,1.3,1.3,1.3,1.3,1.3,1.0,1.0,1.0,1.0,1.0,1.0,1.0,1.0,1.0,1.0,0.3,0.3,0.3,0.3,0.3,433.6,1.164,504.6
1720,1.8,1.8,1.8,1.8,1.8,1.3,1.3,1.3,1.3,1.3,1.0,1.0,1.0,1.0,1.0,1.0,1.0,1.0,1.0,1.0,0.4,0.4,0.4,0.4,0.4,401.8,1.266,508.8
1721,1.8,1.8,1.8,1.8,1.8,1.3,1.3,1.3,1.3,1.3,1.0,1.0,1.0,1.0,1.0,1.0,1.0,1.0,1.0,1.0,0.5,0.5,0.5,0.5,0.5,374.3,1.378,515.8
1722,1.8,1.8,1.8,1.8,1.8,1.3,1.3,1.3,1.3,1.3,1.0,1.0,1.0,1.0,1.0,1.0,1.0,1.0,1.0,1.0,0.6,0.6,0.6,0.6,0.6,352.1,1.49,524.6
1723,1.8,1.8,1.8,1.8,1.8,1.3,1.3,1.3,1.3,1.3,1.0,1.0,1.0,1.0,1.0,1.0,1.0,1.0,1.0,1.0,0.7,0.7,0.7,0.7,0.7,336.4,1.602,538.8
1724,1.8,1.8,1.8,1.8,1.8,1.3,1.3,1.3,1.3,1.3,1.0,1.0,1.0,1.0,1.0,1.0,1.0,1.0,1.0,1.0,0.8,0.8,0.8,0.8,0.8,327.9,1.713,561.9
1725,1.8,1.8,1.8,1.8,1.8,1.3,1.3,1.3,1.3,1.3,1.0,1.0,1.0,1.0,1.0,1.0,1.0,1.0,1.0,1.0,0.9,0.9,0.9,0.9,0.9,327.4,1.825,597.6
1726,1.8,1.8,1.8,1.8,1.8,1.4,1.4,1.4,1.4,1.4,1.0,1.0,1.0,1.0,1.0,0.2,0.2,0.2,0.2,0.2,0.2,0.2,0.2,0.2,0.2,599.5,1.756,1052.5
1727,1.8,1.8,1.8,1.8,1.8,1.4,1.4,1.4,1.4,1.4,1.0,1.0,1.0,1.0,1.0,0.3,0.3,0.3,0.3,0.3,0.2,0.2,0.2,0.2,0.2,570.3,1.644,937.8
1728,1.8,1.8,1.8,1.8,1.8,1.4,1.4,1.4,1.4,1.4,1.0,1.0,1.0,1.0,1.0,0.3,0.3,0.3,0.3,0.3,0.3,0.3,0.3,0.3,0.3,541.7,1.533,830.1
1729,1.8,1.8,1.8,1.8,1.8,1.4,1.4,1.4,1.4,1.4,1.0,1.0,1.0,1.0,1.0,0.4,0.4,0.4,0.4,0.4,0.2,0.2,0.2,0.2,0.2,544.2,1.533,834.4
1730,1.8,1.8,1.8,1.8,1.8,1.4,1.4,1.4,1.4,1.4,1.0,1.0,1.0,1.0,1.0,0.4,0.4,0.4,0.4,0.4,0.3,0.3,0.3,0.3,0.3,514.1,1.437,738.8
1731,1.8,1.8,1.8,1.8,1.8,1.4,1.4,1.4,1.4,1.4,1.0,1.0,1.0,1.0,1.0,0.4,0.4,0.4,0.4,0.4,0.4,0.4,0.4,0.4,0.4,487.6,1.362,664.2
1732,1.8,1.8,1.8,1.8,1.8,1.4,1.4,1.4,1.4,1.4,1.0,1.0,1.0,1.0,1.0,0.5,0.5,0.5,0.5,0.5,0.2,0.2,0.2,0.2,0.2,521.8,1.437,749.9
1733,1.8,1.8,1.8,1.8,1.8,1.4,1.4,1.4,1.4,1.4,1.0,1.0,1.0,1.0,1.0,0.5,0.5,0.5,0.5,0.5,0.3,0.3,0.3,0.3,0.3,490.3,1.363,668.1
1734,1.8,1.8,1.8,1.8,1.8,1.4,1.4,1.4,1.4,1.4,1.0,1.0,1.0,1.0,1.0,0.5,0.5,0.5,0.5,0.5,0.4,0.4,0.4,0.4,0.4,462.4,1.288,595.6
1735,1.8,1.8,1.8,1.8,1.8,1.4,1.4,1.4,1.4,1.4,1.0,1.0,1.0,1.0,1.0,0.5,0.5,0.5,0.5,0.5,0.5,0.5,0.5,0.5,0.5,438.7,1.214,532.3
1736,1.8,1.8,1.8,1.8,1.8,1.4,1.4,1.4,1.4,1.4,1.0,1.0,1.0,1.0,1.0,0.6,0.6,0.6,0.6,0.6,0.2,0.2,0.2,0.2,0.2,503.4,1.363,686.1
1737,1.8,1.8,1.8,1.8,1.8,1.4,1.4,1.4,1.4,1.4,1.0,1.0,1.0,1.0,1.0,0.6,0.6,0.6,0.6,0.6,0.3,0.3,0.3,0.3,0.3,470.7,1.289,606.5
1738,1.8,1.8,1.8,1.8,1.8,1.4,1.4,1.4,1.4,1.4,1.0,1.0,1.0,1.0,1.0,0.6,0.6,0.6,0.6,0.6,0.4,0.4,0.4,0.4,0.4,441.5,1.214,536.0
1739,1.8,1.8,1.8,1.8,1.8,1.4,1.4,1.4,1.4,1.4,1.0,1.0,1.0,1.0,1.0,0.6,0.6,0.6,0.6,0.6,0.5,0.5,0.5,0.5,0.5,416.6,1.139,474.7
1740,1.8,1.8,1.8,1.8,1.8,1.4,1.4,1.4,1.4,1.4,1.0,1.0,1.0,1.0,1.0,0.6,0.6,0.6,0.6,0.6,0.6,0.6,0.6,0.6,0.6,396.8,1.151,456.9
1741,1.8,1.8,1.8,1.8,1.8,1.4,1.4,1.4,1.4,1.4,1.0,1.0,1.0,1.0,1.0,0.7,0.7,0.7,0.7,0.7,0.2,0.2,0.2,0.2,0.2,489.5,1.289,630.9
1742,1.8,1.8,1.8,1.8,1.8,1.4,1.4,1.4,1.4,1.4,1.0,1.0,1.0,1.0,1.0,0.7,0.7,0.7,0.7,0.7,0.3,0.3,0.3,0.3,0.3,455.8,1.214,553.5
1743,1.8,1.8,1.8,1.8,1.8,1.4,1.4,1.4,1.4,1.4,1.0,1.0,1.0,1.0,1.0,0.7,0.7,0.7,0.7,0.7,0.4,0.4,0.4,0.4,0.4,425.6,1.14,485.1
1744,1.8,1.8,1.8,1.8,1.8,1.4,1.4,1.4,1.4,1.4,1.0,1.0,1.0,1.0,1.0,0.7,0.7,0.7,0.7,0.7,0.5,0.5,0.5,0.5,0.5,399.8,1.153,460.9
1745,1.8,1.8,1.8,1.8,1.8,1.4,1.4,1.4,1.4,1.4,1.0,1.0,1.0,1.0,1.0,0.7,0.7,0.7,0.7,0.7,0.6,0.6,0.6,0.6,0.6,379.1,1.248,473.1
1746,1.8,1.8,1.8,1.8,1.8,1.4,1.4,1.4,1.4,1.4,1.0,1.0,1.0,1.0,1.0,0.7,0.7,0.7,0.7,0.7,0.7,0.7,0.7,0.7,0.7,364.5,1.36,495.6
1747,1.8,1.8,1.8,1.8,1.8,1.4,1.4,1.4,1.4,1.4,1.0,1.0,1.0,1.0,1.0,0.8,0.8,0.8,0.8,0.8,0.2,0.2,0.2,0.2,0.2,480.6,1.215,583.8
1748,1.8,1.8,1.8,1.8,1.8,1.4,1.4,1.4,1.4,1.4,1.0,1.0,1.0,1.0,1.0,0.8,0.8,0.8,0.8,0.8,0.3,0.3,0.3,0.3,0.3,446.2,1.14,508.8
1749,1.8,1.8,1.8,1.8,1.8,1.4,1.4,1.4,1.4,1.4,1.0,1.0,1.0,1.0,1.0,0.8,0.8,0.8,0.8,0.8,0.4,0.4,0.4,0.4,0.4,415.4,1.154,479.5
1750,1.8,1.8,1.8,1.8,1.8,1.4,1.4,1.4,1.4,1.4,1.0,1.0,1.0,1.0,1.0,0.8,0.8,0.8,0.8,0.8,0.5,0.5,0.5,0.5,0.5,388.8,1.247,485.0
1751,1.8,1.8,1.8,1.8,1.8,1.4,1.4,1.4,1.4,1.4,1.0,1.0,1.0,1.0,1.0,0.8,0.8,0.8,0.8,0.8,0.6,0.6,0.6,0.6,0.6,367.5,1.359,499.5
1752,1.8,1.8,1.8,1.8,1.8,1.4,1.4,1.4,1.4,1.4,1.0,1.0,1.0,1.0,1.0,0.8,0.8,0.8,0.8,0.8,0.7,0.7,0.7,0.7,0.7,352.4,1.471,518.5
1753,1.8,1.8,1.8,1.8,1.8,1.4,1.4,1.4,1.4,1.4,1.0,1.0,1.0,1.0,1.0,0.8,0.8,0.8,0.8,0.8,0.8,0.8,0.8,0.8,0.8,344.4,1.583,545.1
1754,1.8,1.8,1.8,1.8,1.8,1.4,1.4,1.4,1.4,1.4,1.0,1.0,1.0,1.0,1.0,0.9,0.9,0.9,0.9,0.9,0.2,0.2,0.2,0.2,0.2,476.9,1.141,543.9
1755,1.8,1.8,1.8,1.8,1.8,1.4,1.4,1.4,1.4,1.4,1.0,1.0,1.0,1.0,1.0,0.9,0.9,0.9,0.9,0.9,0.3,0.3,0.3,0.3,0.3,442.2,1.156,511.2
1756,1.8,1.8,1.8,1.8,1.8,1.4,1.4,1.4,1.4,1.4,1.0,1.0,1.0,1.0,1.0,0.9,0.9,0.9,0.9,0.9,0.4,0.4,0.4,0.4,0.4,411.1,1.247,512.6
1757,1.8,1.8,1.8,1.8,1.8,1.4,1.4,1.4,1.4,1.4,1.0,1.0,1.0,1.0,1.0,0.9,0.9,0.9,0.9,0.9,0.5,0.5,0.5,0.5,0.5,384.2,1.359,522.0
1758,1.8,1.8,1.8,1.8,1.8,1.4,1.4,1.4,1.4,1.4,1.0,1.0,1.0,1.0,1.0,0.9,0.9,0.9,0.9,0.9,0.6,0.6,0.6,0.6,0.6,362.7,1.47,533.3
1759,1.8,1.8,1.8,1.8,1.8,1.4,1.4,1.4,1.4,1.4,1.0,1.0,1.0,1.0,1.0,0.9,0.9,0.9,0.9,0.9,0.7,0.7,0.7,0.7,0.7,347.4,1.582,549.6
1760,1.8,1.8,1.8,1.8,1.8,1.4,1.4,1.4,1.4,1.4,1.0,1.0,1.0,1.0,1.0,0.9,0.9,0.9,0.9,0.9,0.8,0.8,0.8,0.8,0.8,339.2,1.694,574.7
1761,1.8,1.8,1.8,1.8,1.8,1.4,1.4,1.4,1.4,1.4,1.0,1.0,1.0,1.0,1.0,1.0,1.0,1.0,1.0,1.0,0.2,0.2,0.2,0.2,0.2,478.5,1.157,553.8
1762,1.8,1.8,1.8,1.8,1.8,1.4,1.4,1.4,1.4,1.4,1.0,1.0,1.0,1.0,1.0,1.0,1.0,1.0,1.0,1.0,0.3,0.3,0.3,0.3,0.3,444.0,1.246,553.4
1763,1.8,1.8,1.8,1.8,1.8,1.4,1.4,1.4,1.4,1.4,1.0,1.0,1.0,1.0,1.0,1.0,1.0,1.0,1.0,1.0,0.4,0.4,0.4,0.4,0.4,412.9,1.358,560.8
1764,1.8,1.8,1.8,1.8,1.8,1.4,1.4,1.4,1.4,1.4,1.0,1.0,1.0,1.0,1.0,1.0,1.0,1.0,1.0,1.0,0.5,0.5,0.5,0.5,0.5,386.2,1.47,567.7
1765,1.8,1.8,1.8,1.8,1.8,1.4,1.4,1.4,1.4,1.4,1.0,1.0,1.0,1.0,1.0,1.0,1.0,1.0,1.0,1.0,0.6,0.6,0.6,0.6,0.6,364.8,1.582,577.0
1766,1.8,1.8,1.8,1.8,1.8,1.4,1.4,1.4,1.4,1.4,1.0,1.0,1.0,1.0,1.0,1.0,1.0,1.0,1.0,1.0,0.7,0.7,0.7,0.7,0.7,349.6,1.694,592.1
1767,1.8,1.8,1.8,1.8,1.8,1.4,1.4,1.4,1.4,1.4,1.0,1.0,1.0,1.0,1.0,1.0,1.0,1.0,1.0,1.0,0.8,0.8,0.8,0.8,0.8,341.5,1.805,616.5
1768,1.8,1.8,1.8,1.8,1.8,1.5,1.5,1.5,1.5,1.5,1.0,1.0,1.0,1.0,1.0,0.2,0.2,0.2,0.2,0.2,0.2,0.2,0.2,0.2,0.2,609.9,1.664,1014.7
1769,1.8,1.8,1.8,1.8,1.8,1.5,1.5,1.5,1.5,1.5,1.0,1.0,1.0,1.0,1.0,0.3,0.3,0.3,0.3,0.3,0.2,0.2,0.2,0.2,0.2,581.2,1.552,902.3
1770,1.8,1.8,1.8,1.8,1.8,1.5,1.5,1.5,1.5,1.5,1.0,1.0,1.0,1.0,1.0,0.3,0.3,0.3,0.3,0.3,0.3,0.3,0.3,0.3,0.3,553.1,1.461,808.1
1771,1.8,1.8,1.8,1.8,1.8,1.5,1.5,1.5,1.5,1.5,1.0,1.0,1.0,1.0,1.0,0.4,0.4,0.4,0.4,0.4,0.2,0.2,0.2,0.2,0.2,555.7,1.461,812.0
1772,1.8,1.8,1.8,1.8,1.8,1.5,1.5,1.5,1.5,1.5,1.0,1.0,1.0,1.0,1.0,0.4,0.4,0.4,0.4,0.4,0.3,0.3,0.3,0.3,0.3,526.2,1.387,729.8
1773,1.8,1.8,1.8,1.8,1.8,1.5,1.5,1.5,1.5,1.5,1.0,1.0,1.0,1.0,1.0,0.4,0.4,0.4,0.4,0.4,0.4,0.4,0.4,0.4,0.4,500.3,1.312,656.5
1774,1.8,1.8,1.8,1.8,1.8,1.5,1.5,1.5,1.5,1.5,1.0,1.0,1.0,1.0,1.0,0.5,0.5,0.5,0.5,0.5,0.2,0.2,0.2,0.2,0.2,533.7,1.387,740.3
1775,1.8,1.8,1.8,1.8,1.8,1.5,1.5,1.5,1.5,1.5,1.0,1.0,1.0,1.0,1.0,0.5,0.5,0.5,0.5,0.5,0.3,0.3,0.3,0.3,0.3,503.0,1.313,660.2
1776,1.8,1.8,1.8,1.8,1.8,1.5,1.5,1.5,1.5,1.5,1.0,1.0,1.0,1.0,1.0,0.5,0.5,0.5,0.5,0.5,0.4,0.4,0.4,0.4,0.4,475.8,1.238,589.0
1777,1.8,1.8,1.8,1.8,1.8,1.5,1.5,1.5,1.5,1.5,1.0,1.0,1.0,1.0,1.0,0.5,0.5,0.5,0.5,0.5,0.5,0.5,0.5,0.5,0.5,452.8,1.163,526.8
1778,1.8,1.8,1.8,1.8,1.8,1.5,1.5,1.5,1.5,1.5,1.0,1.0,1.0,1.0,1.0,0.6,0.6,0.6,0.6,0.6,0.2,0.2,0.2,0.2,0.2,515.7,1.313,677.1
1779,1.8,1.8,1.8,1.8,1.8,1.5,1.5,1.5,1.5,1.5,1.0,1.0,1.0,1.0,1.0,0.6,0.6,0.6,0.6,0.6,0.3,0.3,0.3,0.3,0.3,483.8,1.238,599.2
1780,1.8,1.8,1.8,1.8,1.8,1.5,1.5,1.5,1.5,1.5,1.0,1.0,1.0,1.0,1.0,0.6,0.6,0.6,0.6,0.6,0.4,0.4,0.4,0.4,0.4,455.5,1.164,530.2
1781,1.8,1.8,1.8,1.8,1.8,1.5,1.5,1.5,1.5,1.5,1.0,1.0,1.0,1.0,1.0,0.6,0.6,0.6,0.6,0.6,0.5,0.5,0.5,0.5,0.5,431.5,1.145,494.1
1782,1.8,1.8,1.8,1.8,1.8,1.5,1.5,1.5,1.5,1.5,1.0,1.0,1.0,1.0,1.0,0.6,0.6,0.6,0.6,0.6,0.6,0.6,0.6,0.6,0.6,412.4,1.229,506.6
1783,1.8,1.8,1.8,1.8,1.8,1.5,1.5,1.5,1.5,1.5,1.0,1.0,1.0,1.0,1.0,0.7,0.7,0.7,0.7,0.7,0.2,0.2,0.2,0.2,0.2,502.2,1.239,622.1
1784,1.8,1.8,1.8,1.8,1.8,1.5,1.5,1.5,1.5,1.5,1.0,1.0,1.0,1.0,1.0,0.7,0.7,0.7,0.7,0.7,0.3,0.3,0.3,0.3,0.3,469.4,1.164,546.5
1785,1.8,1.8,1.8,1.8,1.8,1.5,1.5,1.5,1.5,1.5,1.0,1.0,1.0,1.0,1.0,0.7,0.7,0.7,0.7,0.7,0.4,0.4,0.4,0.4,0.4,440.2,1.147,504.7
1786,1.8,1.8,1.8,1.8,1.8,1.5,1.5,1.5,1.5,1.5,1.0,1.0,1.0,1.0,1.0,0.7,0.7,0.7,0.7,0.7,0.5,0.5,0.5,0.5,0.5,415.2,1.228,509.9
1787,1.8,1.8,1.8,1.8,1.8,1.5,1.5,1.5,1.5,1.5,1.0,1.0,1.0,1.0,1.0,0.7,0.7,0.7,0.7,0.7,0.6,0.6,0.6,0.6,0.6,395.4,1.34,529.7
1788,1.8,1.8,1.8,1.8,1.8,1.5,1.5,1.5,1.5,1.5,1.0,1.0,1.0,1.0,1.0,0.7,0.7,0.7,0.7,0.7,0.7,0.7,0.7,0.7,0.7,381.4,1.452,553.6
1789,1.8,1.8,1.8,1.8,1.8,1.5,1.5,1.5,1.5,1.5,1.0,1.0,1.0,1.0,1.0,0.8,0.8,0.8,0.8,0.8,0.2,0.2,0.2,0.2,0.2,493.5,1.165,574.8
1790,1.8,1.8,1.8,1.8,1.8,1.5,1.5,1.5,1.5,1.5,1.0,1.0,1.0,1.0,1.0,0.8,0.8,0.8,0.8,0.8,0.3,0.3,0.3,0.3,0.3,460.1,1.148,528.3
1791,1.8,1.8,1.8,1.8,1.8,1.5,1.5,1.5,1.5,1.5,1.0,1.0,1.0,1.0,1.0,0.8,0.8,0.8,0.8,0.8,0.4,0.4,0.4,0.4,0.4,430.2,1.228,528.1
1792,1.8,1.8,1.8,1.8,1.8,1.5,1.5,1.5,1.5,1.5,1.0,1.0,1.0,1.0,1.0,0.8,0.8,0.8,0.8,0.8,0.5,0.5,0.5,0.5,0.5,404.7,1.339,542.0
1793,1.8,1.8,1.8,1.8,1.8,1.5,1.5,1.5,1.5,1.5,1.0,1.0,1.0,1.0,1.0,0.8,0.8,0.8,0.8,0.8,0.6,0.6,0.6,0.6,0.6,384.3,1.451,557.6
1794,1.8,1.8,1.8,1.8,1.8,1.5,1.5,1.5,1.5,1.5,1.0,1.0,1.0,1.0,1.0,0.8,0.8,0.8,0.8,0.8,0.7,0.7,0.7,0.7,0.7,369.9,1.563,578.1
1795,1.8,1.8,1.8,1.8,1.8,1.5,1.5,1.5,1.5,1.5,1.0,1.0,1.0,1.0,1.0,0.8,0.8,0.8,0.8,0.8,0.8,0.8,0.8,0.8,0.8,362.2,1.675,606.6
1796,1.8,1.8,1.8,1.8,1.8,1.5,1.5,1.5,1.5,1.5,1.0,1.0,1.0,1.0,1.0,0.9,0.9,0.9,0.9,0.9,0.2,0.2,0.2,0.2,0.2,489.9,1.15,563.2
1797,1.8,1.8,1.8,1.8,1.8,1.5,1.5,1.5,1.5,1.5,1.0,1.0,1.0,1.0,1.0,0.9,0.9,0.9,0.9,0.9,0.3,0.3,0.3,0.3,0.3,456.2,1.227,559.8
1798,1.8,1.8,1.8,1.8,1.8,1.5,1.5,1.5,1.5,1.5,1.0,1.0,1.0,1.0,1.0,0.9,0.9,0.9,0.9,0.9,0.4,0.4,0.4,0.4,0.4,426.1,1.339,570.5
1799,1.8,1.8,1.8,1.8,1.8,1.5,1.5,1.5,1.5,1.5,1.0,1.0,1.0,1.0,1.0,0.9,0.9,0.9,0.9,0.9,0.5,0.5,0.5,0.5,0.5,400.3,1.451,580.6
1800,1.8,1.8,1.8,1.8,1.8,1.5,1.5,1.5,1.5,1.5,1.0,1.0,1.0,1.0,1.0,0.9,0.9,0.9,0.9,0.9,0.6,0.6,0.6,0.6,0.6,379.6,1.562,593.1
1801,1.8,1.8,1.8,1.8,1.8,1.5,1.5,1.5,1.5,1.5,1.0,1.0,1.0,1.0,1.0,0.9,0.9,0.9,0.9,0.9,0.7,0.7,0.7,0.7,0.7,365.0,1.674,611.1
1802,1.8,1.8,1.8,1.8,1.8,1.5,1.5,1.5,1.5,1.5,1.0,1.0,1.0,1.0,1.0,0.9,0.9,0.9,0.9,0.9,0.8,0.8,0.8,0.8,0.8,357.3,1.786,638.1
1803,1.8,1.8,1.8,1.8,1.8,1.5,1.5,1.5,1.5,1.5,1.0,1.0,1.0,1.0,1.0,1.0,1.0,1.0,1.0,1.0,0.2,0.2,0.2,0.2,0.2,491.5,1.227,602.8
1804,1.8,1.8,1.8,1.8,1.8,1.5,1.5,1.5,1.5,1.5,1.0,1.0,1.0,1.0,1.0,1.0,1.0,1.0,1.0,1.0,0.3,0.3,0.3,0.3,0.3,457.9,1.338,612.9
1805,1.8,1.8,1.8,1.8,1.8,1.5,1.5,1.5,1.5,1.5,1.0,1.0,1.0,1.0,1.0,1.0,1.0,1.0,1.0,1.0,0.4,0.4,0.4,0.4,0.4,427.9,1.45,620.5
1806,1.8,1.8,1.8,1.8,1.8,1.5,1.5,1.5,1.5,1.5,1.0,1.0,1.0,1.0,1.0,1.0,1.0,1.0,1.0,1.0,0.5,0.5,0.5,0.5,0.5,402.2,1.562,628.2
1807,1.8,1.8,1.8,1.8,1.8,1.5,1.5,1.5,1.5,1.5,1.0,1.0,1.0,1.0,1.0,1.0,1.0,1.0,1.0,1.0,0.6,0.6,0.6,0.6,0.6,381.6,1.674,638.8
1808,1.8,1.8,1.8,1.8,1.8,1.5,1.5,1.5,1.5,1.5,1.0,1.0,1.0,1.0,1.0,1.0,1.0,1.0,1.0,1.0,0.7,0.7,0.7,0.7,0.7,367.2,1.785,655.5
1809,1.8,1.8,1.8,1.8,1.8,1.6,1.6,1.6,1.6,1.6,1.0,1.0,1.0,1.0,1.0,0.2,0.2,0.2,0.2,0.2,0.2,0.2,0.2,0.2,0.2,623.0,1.572,979.2
1810,1.8,1.8,1.8,1.8,1.8,1.6,1.6,1.6,1.6,1.6,1.0,1.0,1.0,1.0,1.0,0.3,0.3,0.3,0.3,0.3,0.2,0.2,0.2,0.2,0.2,594.9,1.485,883.7
1811,1.8,1.8,1.8,1.8,1.8,1.6,1.6,1.6,1.6,1.6,1.0,1.0,1.0,1.0,1.0,0.3,0.3,0.3,0.3,0.3,0.3,0.3,0.3,0.3,0.3,567.5,1.411,800.7
1812,1.8,1.8,1.8,1.8,1.8,1.6,1.6,1.6,1.6,1.6,1.0,1.0,1.0,1.0,1.0,0.4,0.4,0.4,0.4,0.4,0.2,0.2,0.2,0.2,0.2,570.0,1.411,804.4
1813,1.8,1.8,1.8,1.8,1.8,1.6,1.6,1.6,1.6,1.6,1.0,1.0,1.0,1.0,1.0,0.4,0.4,0.4,0.4,0.4,0.3,0.3,0.3,0.3,0.3,541.3,1.337,723.6
1814,1.8,1.8,1.8,1.8,1.8,1.6,1.6,1.6,1.6,1.6,1.0,1.0,1.0,1.0,1.0,0.4,0.4,0.4,0.4,0.4,0.4,0.4,0.4,0.4,0.4,516.2,1.262,651.4
1815,1.8,1.8,1.8,1.8,1.8,1.6,1.6,1.6,1.6,1.6,1.0,1.0,1.0,1.0,1.0,0.5,0.5,0.5,0.5,0.5,0.2,0.2,0.2,0.2,0.2,548.6,1.337,733.5
1816,1.8,1.8,1.8,1.8,1.8,1.6,1.6,1.6,1.6,1.6,1.0,1.0,1.0,1.0,1.0,0.5,0.5,0.5,0.5,0.5,0.3,0.3,0.3,0.3,0.3,518.7,1.263,654.9
1817,1.8,1.8,1.8,1.8,1.8,1.6,1.6,1.6,1.6,1.6,1.0,1.0,1.0,1.0,1.0,0.5,0.5,0.5,0.5,0.5,0.4,0.4,0.4,0.4,0.4,492.4,1.188,584.9
1818,1.8,1.8,1.8,1.8,1.8,1.6,1.6,1.6,1.6,1.6,1.0,1.0,1.0,1.0,1.0,0.5,0.5,0.5,0.5,0.5,0.5,0.5,0.5,0.5,0.5,470.2,1.149,540.1
1819,1.8,1.8,1.8,1.8,1.8,1.6,1.6,1.6,1.6,1.6,1.0,1.0,1.0,1.0,1.0,0.6,0.6,0.6,0.6,0.6,0.2,0.2,0.2,0.2,0.2,531.1,1.263,670.7
1820,1.8,1.8,1.8,1.8,1.8,1.6,1.6,1.6,1.6,1.6,1.0,1.0,1.0,1.0,1.0,0.6,0.6,0.6,0.6,0.6,0.3,0.3,0.3,0.3,0.3,500.2,1.188,594.4
1821,1.8,1.8,1.8,1.8,1.8,1.6,1.6,1.6,1.6,1.6,1.0,1.0,1.0,1.0,1.0,0.6,0.6,0.6,0.6,0.6,0.4,0.4,0.4,0.4,0.4,472.9,1.15,543.7
1822,1.8,1.8,1.8,1.8,1.8,1.6,1.6,1.6,1.6,1.6,1.0,1.0,1.0,1.0,1.0,0.6,0.6,0.6,0.6,0.6,0.5,0.5,0.5,0.5,0.5,449.7,1.209,543.6
1823,1.8,1.8,1.8,1.8,1.8,1.6,1.6,1.6,1.6,1.6,1.0,1.0,1.0,1.0,1.0,0.6,0.6,0.6,0.6,0.6,0.6,0.6,0.6,0.6,0.6,431.5,1.32,569.7
1824,1.8,1.8,1.8,1.8,1.8,1.6,1.6,1.6,1.6,1.6,1.0,1.0,1.0,1.0,1.0,0.7,0.7,0.7,0.7,0.7,0.2,0.2,0.2,0.2,0.2,518.0,1.189,615.7
1825,1.8,1.8,1.8,1.8,1.8,1.6,1.6,1.6,1.6,1.6,1.0,1.0,1.0,1.0,1.0,0.7,0.7,0.7,0.7,0.7,0.3,0.3,0.3,0.3,0.3,486.3,1.151,559.7
1826,1.8,1.8,1.8,1.8,1.8,1.6,1.6,1.6,1.6,1.6,1.0,1.0,1.0,1.0,1.0,0.7,0.7,0.7,0.7,0.7,0.4,0.4,0.4,0.4,0.4,458.1,1.208,553.5
1827,1.8,1.8,1.8,1.8,1.8,1.6,1.6,1.6,1.6,1.6,1.0,1.0,1.0,1.0,1.0,0.7,0.7,0.7,0.7,0.7,0.5,0.5,0.5,0.5,0.5,434.2,1.32,573.1
1828,1.8,1.8,1.8,1.8,1.8,1.6,1.6,1.6,1.6,1.6,1.0,1.0,1.0,1.0,1.0,0.7,0.7,0.7,0.7,0.7,0.6,0.6,0.6,0.6,0.6,415.2,1.432,594.5
1829,1.8,1.8,1.8,1.8,1.8,1.6,1.6,1.6,1.6,1.6,1.0,1.0,1.0,1.0,1.0,0.7,0.7,0.7,0.7,0.7,0.7,0.7,0.7,0.7,0.7,401.9,1.544,620.4
1830,1.8,1.8,1.8,1.8,1.8,1.6,1.6,1.6,1.6,1.6,1.0,1.0,1.0,1.0,1.0,0.8,0.8,0.8,0.8,0.8,0.2,0.2,0.2,0.2,0.2,509.6,1.152,587.2
1831,1.8,1.8,1.8,1.8,1.8,1.6,1.6,1.6,1.6,1.6,1.0,1.0,1.0,1.0,1.0,0.8,0.8,0.8,0.8,0.8,0.3,0.3,0.3,0.3,0.3,477.3,1.208,576.4
1832,1.8,1.8,1.8,1.8,1.8,1.6,1.6,1.6,1.6,1.6,1.0,1.0,1.0,1.0,1.0,0.8,0.8,0.8,0.8,0.8,0.4,0.4,0.4,0.4,0.4,448.6,1.319,591.9
1833,1.8,1.8,1.8,1.8,1.8,1.6,1.6,1.6,1.6,1.6,1.0,1.0,1.0,1.0,1.0,0.8,0.8,0.8,0.8,0.8,0.5,0.5,0.5,0.5,0.5,424.1,1.431,607.0
1834,1.8,1.8,1.8,1.8,1.8,1.6,1.6,1.6,1.6,1.6,1.0,1.0,1.0,1.0,1.0,0.8,0.8,0.8,0.8,0.8,0.6,0.6,0.6,0.6,0.6,404.7,1.543,624.4
1835,1.8,1.8,1.8,1.8,1.8,1.6,1.6,1.6,1.6,1.6,1.0,1.0,1.0,1.0,1.0,0.8,0.8,0.8,0.8,0.8,0.7,0.7,0.7,0.7,0.7,391.0,1.655,647.1
1836,1.8,1.8,1.8,1.8,1.8,1.6,1.6,1.6,1.6,1.6,1.0,1.0,1.0,1.0,1.0,0.8,0.8,0.8,0.8,0.8,0.8,0.8,0.8,0.8,0.8,383.8,1.767,678.0
1837,1.8,1.8,1.8,1.8,1.8,1.6,1.6,1.6,1.6,1.6,1.0,1.0,1.0,1.0,1.0,0.9,0.9,0.9,0.9,0.9,0.2,0.2,0.2,0.2,0.2,506.1,1.207,610.9
1838,1.8,1.8,1.8,1.8,1.8,1.6,1.6,1.6,1.6,1.6,1.0,1.0,1.0,1.0,1.0,0.9,0.9,0.9,0.9,0.9,0.3,0.3,0.3,0.3,0.3,473.5,1.319,624.6
1839,1.8,1.8,1.8,1.8,1.8,1.6,1.6,1.6,1.6,1.6,1.0,1.0,1.0,1.0,1.0,0.9,0.9,0.9,0.9,0.9,0.4,0.4,0.4,0.4,0.4,444.6,1.431,636.1
1840,1.8,1.8,1.8,1.8,1.8,1.6,1.6,1.6,1.6,1.6,1.0,1.0,1.0,1.0,1.0,0.9,0.9,0.9,0.9,0.9,0.5,0.5,0.5,0.5,0.5,419.9,1.543,647.7
1841,1.8,1.8,1.8,1.8,1.8,1.6,1.6,1.6,1.6,1.6,1.0,1.0,1.0,1.0,1.0,0.9,0.9,0.9,0.9,0.9,0.6,0.6,0.6,0.6,0.6,400.3,1.654,662.1
1842,1.8,1.8,1.8,1.8,1.8,1.6,1.6,1.6,1.6,1.6,1.0,1.0,1.0,1.0,1.0,1.0,1.0,1.0,1.0,1.0,0.2,0.2,0.2,0.2,0.2,507.6,1.318,669.2
1843,1.8,1.8,1.8,1.8,1.8,1.6,1.6,1.6,1.6,1.6,1.0,1.0,1.0,1.0,1.0,1.0,1.0,1.0,1.0,1.0,0.3,0.3,0.3,0.3,0.3,475.2,1.43,679.6
1844,1.8,1.8,1.8,1.8,1.8,1.6,1.6,1.6,1.6,1.6,1.0,1.0,1.0,1.0,1.0,1.0,1.0,1.0,1.0,1.0,0.4,0.4,0.4,0.4,0.4,446.3,1.542,688.2
1845,1.8,1.8,1.8,1.8,1.8,1.6,1.6,1.6,1.6,1.6,1.0,1.0,1.0,1.0,1.0,1.0,1.0,1.0,1.0,1.0,0.5,0.5,0.5,0.5,0.5,421.7,1.654,697.5
1846,1.8,1.8,1.8,1.8,1.8,1.6,1.6,1.6,1.6,1.6,1.0,1.0,1.0,1.0,1.0,1.0,1.0,1.0,1.0,1.0,0.6,0.6,0.6,0.6,0.6,402.2,1.766,710.1
1847,1.8,1.8,1.8,1.8,1.8,1.7,1.7,1.7,1.7,1.7,1.0,1.0,1.0,1.0,1.0,0.2,0.2,0.2,0.2,0.2,0.2,0.2,0.2,0.2,0.2,638.5,1.51,963.8
1848,1.8,1.8,1.8,1.8,1.8,1.7,1.7,1.7,1.7,1.7,1.0,1.0,1.0,1.0,1.0,0.3,0.3,0.3,0.3,0.3,0.2,0.2,0.2,0.2,0.2,611.2,1.435,877.2
1849,1.8,1.8,1.8,1.8,1.8,1.7,1.7,1.7,1.7,1.7,1.0,1.0,1.0,1.0,1.0,0.3,0.3,0.3,0.3,0.3,0.3,0.3,0.3,0.3,0.3,584.5,1.361,795.4
1850,1.8,1.8,1.8,1.8,1.8,1.7,1.7,1.7,1.7,1.7,1.0,1.0,1.0,1.0,1.0,0.4,0.4,0.4,0.4,0.4,0.2,0.2,0.2,0.2,0.2,586.9,1.361,798.9
1851,1.8,1.8,1.8,1.8,1.8,1.7,1.7,1.7,1.7,1.7,1.0,1.0,1.0,1.0,1.0,0.4,0.4,0.4,0.4,0.4,0.3,0.3,0.3,0.3,0.3,559.1,1.287,719.4
1852,1.8,1.8,1.8,1.8,1.8,1.7,1.7,1.7,1.7,1.7,1.0,1.0,1.0,1.0,1.0,0.4,0.4,0.4,0.4,0.4,0.4,0.4,0.4,0.4,0.4,534.8,1.212,648.2
1853,1.8,1.8,1.8,1.8,1.8,1.7,1.7,1.7,1.7,1.7,1.0,1.0,1.0,1.0,1.0,0.5,0.5,0.5,0.5,0.5,0.2,0.2,0.2,0.2,0.2,566.1,1.287,728.6
1854,1.8,1.8,1.8,1.8,1.8,1.7,1.7,1.7,1.7,1.7,1.0,1.0,1.0,1.0,1.0,0.5,0.5,0.5,0.5,0.5,0.3,0.3,0.3,0.3,0.3,537.3,1.212,651.4
1855,1.8,1.8,1.8,1.8,1.8,1.7,1.7,1.7,1.7,1.7,1.0,1.0,1.0,1.0,1.0,0.5,0.5,0.5,0.5,0.5,0.4,0.4,0.4,0.4,0.4,511.9,1.154,590.6
1856,1.8,1.8,1.8,1.8,1.8,1.7,1.7,1.7,1.7,1.7,1.0,1.0,1.0,1.0,1.0,0.5,0.5,0.5,0.5,0.5,0.5,0.5,0.5,0.5,0.5,490.6,1.195,586.2
1857,1.8,1.8,1.8,1.8,1.8,1.7,1.7,1.7,1.7,1.7,1.0,1.0,1.0,1.0,1.0,0.6,0.6,0.6,0.6,0.6,0.2,0.2,0.2,0.2,0.2,549.2,1.213,666.1
1858,1.8,1.8,1.8,1.8,1.8,1.7,1.7,1.7,1.7,1.7,1.0,1.0,1.0,1.0,1.0,0.6,0.6,0.6,0.6,0.6,0.3,0.3,0.3,0.3,0.3,519.4,1.155,599.9
1859,1.8,1.8,1.8,1.8,1.8,1.7,1.7,1.7,1.7,1.7,1.0,1.0,1.0,1.0,1.0,0.6,0.6,0.6,0.6,0.6,0.4,0.4,0.4,0.4,0.4,493.2,1.196,589.9
1860,1.8,1.8,1.8,1.8,1.8,1.7,1.7,1.7,1.7,1.7,1.0,1.0,1.0,1.0,1.0,0.6,0.6,0.6,0.6,0.6,0.5,0.5,0.5,0.5,0.5,471.0,1.301,612.6
1861,1.8,1.8,1.8,1.8,1.8,1.7,1.7,1.7,1.7,1.7,1.0,1.0,1.0,1.0,1.0,0.6,0.6,0.6,0.6,0.6,0.6,0.6,0.6,0.6,0.6,453.6,1.412,640.7
1862,1.8,1.8,1.8,1.8,1.8,1.7,1.7,1.7,1.7,1.7,1.0,1.0,1.0,1.0,1.0,0.7,0.7,0.7,0.7,0.7,0.2,0.2,0.2,0.2,0.2,536.6,1.156,620.3
1863,1.8,1.8,1.8,1.8,1.8,1.7,1.7,1.7,1.7,1.7,1.0,1.0,1.0,1.0,1.0,0.7,0.7,0.7,0.7,0.7,0.3,0.3,0.3,0.3,0.3,506.0,1.198,606.0
1864,1.8,1.8,1.8,1.8,1.8,1.7,1.7,1.7,1.7,1.7,1.0,1.0,1.0,1.0,1.0,0.7,0.7,0.7,0.7,0.7,0.4,0.4,0.4,0.4,0.4,479.0,1.3,622.8
1865,1.8,1.8,1.8,1.8,1.8,1.7,1.7,1.7,1.7,1.7,1.0,1.0,1.0,1.0,1.0,0.7,0.7,0.7,0.7,0.7,0.5,0.5,0.5,0.5,0.5,456.2,1.412,644.1
1866,1.8,1.8,1.8,1.8,1.8,1.7,1.7,1.7,1.7,1.7,1.0,1.0,1.0,1.0,1.0,0.7,0.7,0.7,0.7,0.7,0.6,0.6,0.6,0.6,0.6,438.2,1.524,667.7
1867,1.8,1.8,1.8,1.8,1.8,1.7,1.7,1.7,1.7,1.7,1.0,1.0,1.0,1.0,1.0,0.7,0.7,0.7,0.7,0.7,0.7,0.7,0.7,0.7,0.7,425.6,1.635,696.1
1868,1.8,1.8,1.8,1.8,1.8,1.7,1.7,1.7,1.7,1.7,1.0,1.0,1.0,1.0,1.0,0.8,0.8,0.8,0.8,0.8,0.2,0.2,0.2,0.2,0.2,528.5,1.199,633.7
1869,1.8,1.8,1.8,1.8,1.8,1.7,1.7,1.7,1.7,1.7,1.0,1.0,1.0,1.0,1.0,0.8,0.8,0.8,0.8,0.8,0.3,0.3,0.3,0.3,0.3,497.4,1.3,646.4
1870,1.8,1.8,1.8,1.8,1.8,1.7,1.7,1.7,1.7,1.7,1.0,1.0,1.0,1.0,1.0,0.8,0.8,0.8,0.8,0.8,0.4,0.4,0.4,0.4,0.4,469.9,1.411,663.2
1871,1.8,1.8,1.8,1.8,1.8,1.7,1.7,1.7,1.7,1.7,1.0,1.0,1.0,1.0,1.0,0.8,0.8,0.8,0.8,0.8,0.5,0.5,0.5,0.5,0.5,446.6,1.523,680.3
1872,1.8,1.8,1.8,1.8,1.8,1.7,1.7,1.7,1.7,1.7,1.0,1.0,1.0,1.0,1.0,0.8,0.8,0.8,0.8,0.8,0.6,0.6,0.6,0.6,0.6,428.2,1.635,700.1
1873,1.8,1.8,1.8,1.8,1.8,1.7,1.7,1.7,1.7,1.7,1.0,1.0,1.0,1.0,1.0,0.8,0.8,0.8,0.8,0.8,0.7,0.7,0.7,0.7,0.7,415.3,1.747,725.5
1874,1.8,1.8,1.8,1.8,1.8,1.7,1.7,1.7,1.7,1.7,1.0,1.0,1.0,1.0,1.0,0.9,0.9,0.9,0.9,0.9,0.2,0.2,0.2,0.2,0.2,525.1,1.299,682.1
1875,1.8,1.8,1.8,1.8,1.8,1.7,1.7,1.7,1.7,1.7,1.0,1.0,1.0,1.0,1.0,0.9,0.9,0.9,0.9,0.9,0.3,0.3,0.3,0.3,0.3,493.8,1.411,696.7
1876,1.8,1.8,1.8,1.8,1.8,1.7,1.7,1.7,1.7,1.7,1.0,1.0,1.0,1.0,1.0,0.9,0.9,0.9,0.9,0.9,0.4,0.4,0.4,0.4,0.4,466.1,1.523,709.7
1877,1.8,1.8,1.8,1.8,1.8,1.7,1.7,1.7,1.7,1.7,1.0,1.0,1.0,1.0,1.0,0.9,0.9,0.9,0.9,0.9,0.5,0.5,0.5,0.5,0.5,442.6,1.634,723.4
1878,1.8,1.8,1.8,1.8,1.8,1.7,1.7,1.7,1.7,1.7,1.0,1.0,1.0,1.0,1.0,0.9,0.9,0.9,0.9,0.9,0.6,0.6,0.6,0.6,0.6,424.0,1.746,740.5
1879,1.8,1.8,1.8,1.8,1.8,1.7,1.7,1.7,1.7,1.7,1.0,1.0,1.0,1.0,1.0,1.0,1.0,1.0,1.0,1.0,0.2,0.2,0.2,0.2,0.2,526.6,1.41,742.6
1880,1.8,1.8,1.8,1.8,1.8,1.7,1.7,1.7,1.7,1.7,1.0,1.0,1.0,1.0,1.0,1.0,1.0,1.0,1.0,1.0,0.3,0.3,0.3,0.3,0.3,495.4,1.522,754.1
1881,1.8,1.8,1.8,1.8,1.8,1.7,1.7,1.7,1.7,1.7,1.0,1.0,1.0,1.0,1.0,1.0,1.0,1.0,1.0,1.0,0.4,0.4,0.4,0.4,0.4,467.8,1.634,764.3
1882,1.8,1.8,1.8,1.8,1.8,1.7,1.7,1.7,1.7,1.7,1.0,1.0,1.0,1.0,1.0,1.0,1.0,1.0,1.0,1.0,0.5,0.5,0.5,0.5,0.5,444.4,1.746,775.8
1883,1.8,1.8,1.8,1.8,1.8,1.8,1.8,1.8,1.8,1.8,1.0,1.0,1.0,1.0,1.0,0.2,0.2,0.2,0.2,0.2,0.2,0.2,0.2,0.2,0.2,656.4,1.459,957.9
1884,1.8,1.8,1.8,1.8,1.8,1.8,1.8,1.8,1.8,1.8,1.0,1.0,1.0,1.0,1.0,0.3,0.3,0.3,0.3,0.3,0.2,0.2,0.2,0.2,0.2,629.8,1.385,872.4
1885,1.8,1.8,1.8,1.8,1.8,1.8,1.8,1.8,1.8,1.8,1.0,1.0,1.0,1.0,1.0,0.3,0.3,0.3,0.3,0.3,0.3,0.3,0.3,0.3,0.3,604.0,1.311,791.6
1886,1.8,1.8,1.8,1.8,1.8,1.8,1.8,1.8,1.8,1.8,1.0,1.0,1.0,1.0,1.0,0.4,0.4,0.4,0.4,0.4,0.2,0.2,0.2,0.2,0.2,606.3,1.311,794.9
1887,1.8,1.8,1.8,1.8,1.8,1.8,1.8,1.8,1.8,1.8,1.0,1.0,1.0,1.0,1.0,0.4,0.4,0.4,0.4,0.4,0.3,0.3,0.3,0.3,0.3,579.4,1.236,716.5
1888,1.8,1.8,1.8,1.8,1.8,1.8,1.8,1.8,1.8,1.8,1.0,1.0,1.0,1.0,1.0,0.4,0.4,0.4,0.4,0.4,0.4,0.4,0.4,0.4,0.4,556.0,1.166,648.4
1889,1.8,1.8,1.8,1.8,1.8,1.8,1.8,1.8,1.8,1.8,1.0,1.0,1.0,1.0,1.0,0.5,0.5,0.5,0.5,0.5,0.2,0.2,0.2,0.2,0.2,586.2,1.237,725.1
1890,1.8,1.8,1.8,1.8,1.8,1.8,1.8,1.8,1.8,1.8,1.0,1.0,1.0,1.0,1.0,0.5,0.5,0.5,0.5,0.5,0.3,0.3,0.3,0.3,0.3,558.4,1.168,652.1
1891,1.8,1.8,1.8,1.8,1.8,1.8,1.8,1.8,1.8,1.8,1.0,1.0,1.0,1.0,1.0,0.5,0.5,0.5,0.5,0.5,0.4,0.4,0.4,0.4,0.4,534.0,1.188,634.7
1892,1.8,1.8,1.8,1.8,1.8,1.8,1.8,1.8,1.8,1.8,1.0,1.0,1.0,1.0,1.0,0.5,0.5,0.5,0.5,0.5,0.5,0.5,0.5,0.5,0.5,513.7,1.281,658.1
1893,1.8,1.8,1.8,1.8,1.8,1.8,1.8,1.8,1.8,1.8,1.0,1.0,1.0,1.0,1.0,0.6,0.6,0.6,0.6,0.6,0.2,0.2,0.2,0.2,0.2,569.9,1.169,666.5
1894,1.8,1.8,1.8,1.8,1.8,1.8,1.8,1.8,1.8,1.8,1.0,1.0,1.0,1.0,1.0,0.6,0.6,0.6,0.6,0.6,0.3,0.3,0.3,0.3,0.3,541.2,1.19,644.0
1895,1.8,1.8,1.8,1.8,1.8,1.8,1.8,1.8,1.8,1.8,1.0,1.0,1.0,1.0,1.0,0.6,0.6,0.6,0.6,0.6,0.4,0.4,0.4,0.4,0.4,516.1,1.281,661.0
1896,1.8,1.8,1.8,1.8,1.8,1.8,1.8,1.8,1.8,1.8,1.0,1.0,1.0,1.0,1.0,0.6,0.6,0.6,0.6,0.6,0.5,0.5,0.5,0.5,0.5,495.0,1.393,689.3
1897,1.8,1.8,1.8,1.8,1.8,1.8,1.8,1.8,1.8,1.8,1.0,1.0,1.0,1.0,1.0,0.6,0.6,0.6,0.6,0.6,0.6,0.6,0.6,0.6,0.6,478.4,1.504,719.7
1898,1.8,1.8,1.8,1.8,1.8,1.8,1.8,1.8,1.8,1.8,1.0,1.0,1.0,1.0,1.0,0.7,0.7,0.7,0.7,0.7,0.2,0.2,0.2,0.2,0.2,557.7,1.191,664.5
1899,1.8,1.8,1.8,1.8,1.8,1.8,1.8,1.8,1.8,1.8,1.0,1.0,1.0,1.0,1.0,0.7,0.7,0.7,0.7,0.7,0.3,0.3,0.3,0.3,0.3,528.4,1.28,676.5
1900,1.8,1.8,1.8,1.8,1.8,1.8,1.8,1.8,1.8,1.8,1.0,1.0,1.0,1.0,1.0,0.7,0.7,0.7,0.7,0.7,0.4,0.4,0.4,0.4,0.4,502.6,1.392,699.6
1901,1.8,1.8,1.8,1.8,1.8,1.8,1.8,1.8,1.8,1.8,1.0,1.0,1.0,1.0,1.0,0.7,0.7,0.7,0.7,0.7,0.5,0.5,0.5,0.5,0.5,480.9,1.504,723.2
1902,1.8,1.8,1.8,1.8,1.8,1.8,1.8,1.8,1.8,1.8,1.0,1.0,1.0,1.0,1.0,0.7,0.7,0.7,0.7,0.7,0.6,0.6,0.6,0.6,0.6,463.8,1.616,749.4
1903,1.8,1.8,1.8,1.8,1.8,1.8,1.8,1.8,1.8,1.8,1.0,1.0,1.0,1.0,1.0,0.7,0.7,0.7,0.7,0.7,0.7,0.7,0.7,0.7,0.7,452.0,1.727,780.8
1904,1.8,1.8,1.8,1.8,1.8,1.8,1.8,1.8,1.8,1.8,1.0,1.0,1.0,1.0,1.0,0.8,0.8,0.8,0.8,0.8,0.2,0.2,0.2,0.2,0.2,549.9,1.28,703.7
1905,1.8,1.8,1.8,1.8,1.8,1.8,1.8,1.8,1.8,1.8,1.0,1.0,1.0,1.0,1.0,0.8,0.8,0.8,0.8,0.8,0.3,0.3,0.3,0.3,0.3,520.1,1.392,723.8
1906,1.8,1.8,1.8,1.8,1.8,1.8,1.8,1.8,1.8,1.8,1.0,1.0,1.0,1.0,1.0,0.8,0.8,0.8,0.8,0.8,0.4,0.4,0.4,0.4,0.4,493.9,1.503,742.5
1907,1.8,1.8,1.8,1.8,1.8,1.8,1.8,1.8,1.8,1.8,1.0,1.0,1.0,1.0,1.0,0.8,0.8,0.8,0.8,0.8,0.5,0.5,0.5,0.5,0.5,471.8,1.615,762.0
1908,1.8,1.8,1.8,1.8,1.8,1.8,1.8,1.8,1.8,1.8,1.0,1.0,1.0,1.0,1.0,0.8,0.8,0.8,0.8,0.8,0.6,0.6,0.6,0.6,0.6,454.4,1.727,784.7
1909,1.8,1.8,1.8,1.8,1.8,1.8,1.8,1.8,1.8,1.8,1.0,1.0,1.0,1.0,1.0,0.9,0.9,0.9,0.9,0.9,0.2,0.2,0.2,0.2,0.2,546.7,1.391,760.4
1910,1.8,1.8,1.8,1.8,1.8,1.8,1.8,1.8,1.8,1.8,1.0,1.0,1.0,1.0,1.0,0.9,0.9,0.9,0.9,0.9,0.3,0.3,0.3,0.3,0.3,516.7,1.503,776.5
1911,1.8,1.8,1.8,1.8,1.8,1.8,1.8,1.8,1.8,1.8,1.0,1.0,1.0,1.0,1.0,0.9,0.9,0.9,0.9,0.9,0.4,0.4,0.4,0.4,0.4,490.3,1.615,791.6
1912,1.8,1.8,1.8,1.8,1.8,1.8,1.8,1.8,1.8,1.8,1.0,1.0,1.0,1.0,1.0,0.9,0.9,0.9,0.9,0.9,0.5,0.5,0.5,0.5,0.5,468.0,1.726,808.0
1913,1.8,1.8,1.8,1.8,1.8,1.8,1.8,1.8,1.8,1.8,1.0,1.0,1.0,1.0,1.0,1.0,1.0,1.0,1.0,1.0,0.2,0.2,0.2,0.2,0.2,548.1,1.502,823.4
1914,1.8,1.8,1.8,1.8,1.8,1.8,1.8,1.8,1.8,1.8,1.0,1.0,1.0,1.0,1.0,1.0,1.0,1.0,1.0,1.0,0.3,0.3,0.3,0.3,0.3,518.2,1.614,836.4
1915,1.8,1.8,1.8,1.8,1.8,1.8,1.8,1.8,1.8,1.8,1.0,1.0,1.0,1.0,1.0,1.0,1.0,1.0,1.0,1.0,0.4,0.4,0.4,0.4,0.4,491.9,1.726,848.9
1916,1.9,1.9,1.9,1.9,1.9,1.0,1.0,1.0,1.0,1.0,1.0,1.0,1.0,1.0,1.0,0.2,0.2,0.2,0.2,0.2,0.2,0.2,0.2,0.2,0.2,600.4,2.042,1226.0
1917,1.9,1.9,1.9,1.9,1.9,1.0,1.0,1.0,1.0,1.0,1.0,1.0,1.0,1.0,1.0,0.3,0.3,0.3,0.3,0.3,0.2,0.2,0.2,0.2,0.2,571.3,1.931,1102.9
1918,1.9,1.9,1.9,1.9,1.9,1.0,1.0,1.0,1.0,1.0,1.0,1.0,1.0,1.0,1.0,0.3,0.3,0.3,0.3,0.3,0.3,0.3,0.3,0.3,0.3,542.7,1.819,987.0
1919,1.9,1.9,1.9,1.9,1.9,1.0,1.0,1.0,1.0,1.0,1.0,1.0,1.0,1.0,1.0,0.4,0.4,0.4,0.4,0.4,0.2,0.2,0.2,0.2,0.2,545.2,1.819,992.0
1920,1.9,1.9,1.9,1.9,1.9,1.0,1.0,1.0,1.0,1.0,1.0,1.0,1.0,1.0,1.0,0.4,0.4,0.4,0.4,0.4,0.3,0.3,0.3,0.3,0.3,515.2,1.708,879.8
1921,1.9,1.9,1.9,1.9,1.9,1.0,1.0,1.0,1.0,1.0,1.0,1.0,1.0,1.0,1.0,0.4,0.4,0.4,0.4,0.4,0.4,0.4,0.4,0.4,0.4,488.7,1.596,779.9
1922,1.9,1.9,1.9,1.9,1.9,1.0,1.0,1.0,1.0,1.0,1.0,1.0,1.0,1.0,1.0,0.5,0.5,0.5,0.5,0.5,0.2,0.2,0.2,0.2,0.2,522.8,1.708,893.0
1923,1.9,1.9,1.9,1.9,1.9,1.0,1.0,1.0,1.0,1.0,1.0,1.0,1.0,1.0,1.0,0.5,0.5,0.5,0.5,0.5,0.3,0.3,0.3,0.3,0.3,491.4,1.596,784.4
1924,1.9,1.9,1.9,1.9,1.9,1.0,1.0,1.0,1.0,1.0,1.0,1.0,1.0,1.0,1.0,0.5,0.5,0.5,0.5,0.5,0.4,0.4,0.4,0.4,0.4,463.6,1.485,688.1
1925,1.9,1.9,1.9,1.9,1.9,1.0,1.0,1.0,1.0,1.0,1.0,1.0,1.0,1.0,1.0,0.5,0.5,0.5,0.5,0.5,0.5,0.5,0.5,0.5,0.5,439.9,1.376,605.2
1926,1.9,1.9,1.9,1.9,1.9,1.0,1.0,1.0,1.0,1.0,1.0,1.0,1.0,1.0,1.0,0.6,0.6,0.6,0.6,0.6,0.2,0.2,0.2,0.2,0.2,504.5,1.597,805.5
1927,1.9,1.9,1.9,1.9,1.9,1.0,1.0,1.0,1.0,1.0,1.0,1.0,1.0,1.0,1.0,0.6,0.6,0.6,0.6,0.6,0.3,0.3,0.3,0.3,0.3,471.8,1.485,700.7
1928,1.9,1.9,1.9,1.9,1.9,1.0,1.0,1.0,1.0,1.0,1.0,1.0,1.0,1.0,1.0,0.6,0.6,0.6,0.6,0.6,0.4,0.4,0.4,0.4,0.4,442.8,1.376,609.3
1929,1.9,1.9,1.9,1.9,1.9,1.0,1.0,1.0,1.0,1.0,1.0,1.0,1.0,1.0,1.0,0.6,0.6,0.6,0.6,0.6,0.5,0.5,0.5,0.5,0.5,417.9,1.302,544.0
1930,1.9,1.9,1.9,1.9,1.9,1.0,1.0,1.0,1.0,1.0,1.0,1.0,1.0,1.0,1.0,0.6,0.6,0.6,0.6,0.6,0.6,0.6,0.6,0.6,0.6,398.2,1.227,488.6
1931,1.9,1.9,1.9,1.9,1.9,1.0,1.0,1.0,1.0,1.0,1.0,1.0,1.0,1.0,1.0,0.7,0.7,0.7,0.7,0.7,0.2,0.2,0.2,0.2,0.2,490.6,1.486,728.8
1932,1.9,1.9,1.9,1.9,1.9,1.0,1.0,1.0,1.0,1.0,1.0,1.0,1.0,1.0,1.0,0.7,0.7,0.7,0.7,0.7,0.3,0.3,0.3,0.3,0.3,457.0,1.377,629.1
1933,1.9,1.9,1.9,1.9,1.9,1.0,1.0,1.0,1.0,1.0,1.0,1.0,1.0,1.0,1.0,0.7,0.7,0.7,0.7,0.7,0.4,0.4,0.4,0.4,0.4,426.9,1.302,555.9
1934,1.9,1.9,1.9,1.9,1.9,1.0,1.0,1.0,1.0,1.0,1.0,1.0,1.0,1.0,1.0,0.7,0.7,0.7,0.7,0.7,0.5,0.5,0.5,0.5,0.5,401.2,1.227,492.4
1935,1.9,1.9,1.9,1.9,1.9,1.0,1.0,1.0,1.0,1.0,1.0,1.0,1.0,1.0,1.0,0.7,0.7,0.7,0.7,0.7,0.6,0.6,0.6,0.6,0.6,380.6,1.153,438.7
1936,1.9,1.9,1.9,1.9,1.9,1.0,1.0,1.0,1.0,1.0,1.0,1.0,1.0,1.0,1.0,0.7,0.7,0.7,0.7,0.7,0.7,0.7,0.7,0.7,0.7,366.0,1.11,406.5
1937,1.9,1.9,1.9,1.9,1.9,1.0,1.0,1.0,1.0,1.0,1.0,1.0,1.0,1.0,1.0,0.8,0.8,0.8,0.8,0.8,0.2,0.2,0.2,0.2,0.2,481.7,1.377,663.3
1938,1.9,1.9,1.9,1.9,1.9,1.0,1.0,1.0,1.0,1.0,1.0,1.0,1.0,1.0,1.0,0.8,0.8,0.8,0.8,0.8,0.3,0.3,0.3,0.3,0.3,447.5,1.302,582.8
1939,1.9,1.9,1.9,1.9,1.9,1.0,1.0,1.0,1.0,1.0,1.0,1.0,1.0,1.0,1.0,0.8,0.8,0.8,0.8,0.8,0.4,0.4,0.4,0.4,0.4,416.7,1.228,511.6
1940,1.9,1.9,1.9,1.9,1.9,1.0,1.0,1.0,1.0,1.0,1.0,1.0,1.0,1.0,1.0,0.8,0.8,0.8,0.8,0.8,0.5,0.5,0.5,0.5,0.5,390.2,1.153,450.0
1941,1.9,1.9,1.9,1.9,1.9,1.0,1.0,1.0,1.0,1.0,1.0,1.0,1.0,1.0,1.0,0.8,0.8,0.8,0.8,0.8,0.6,0.6,0.6,0.6,0.6,369.0,1.112,410.3
1942,1.9,1.9,1.9,1.9,1.9,1.0,1.0,1.0,1.0,1.0,1.0,1.0,1.0,1.0,1.0,0.8,0.8,0.8,0.8,0.8,0.7,0.7,0.7,0.7,0.7,354.0,1.185,419.4
1943,1.9,1.9,1.9,1.9,1.9,1.0,1.0,1.0,1.0,1.0,1.0,1.0,1.0,1.0,1.0,0.8,0.8,0.8,0.8,0.8,0.8,0.8,0.8,0.8,0.8,346.0,1.297,448.6
1944,1.9,1.9,1.9,1.9,1.9,1.0,1.0,1.0,1.0,1.0,1.0,1.0,1.0,1.0,1.0,0.9,0.9,0.9,0.9,0.9,0.2,0.2,0.2,0.2,0.2,478.0,1.303,622.8
1945,1.9,1.9,1.9,1.9,1.9,1.0,1.0,1.0,1.0,1.0,1.0,1.0,1.0,1.0,1.0,0.9,0.9,0.9,0.9,0.9,0.3,0.3,0.3,0.3,0.3,443.5,1.228,544.7
1946,1.9,1.9,1.9,1.9,1.9,1.0,1.0,1.0,1.0,1.0,1.0,1.0,1.0,1.0,1.0,0.9,0.9,0.9,0.9,0.9,0.4,0.4,0.4,0.4,0.4,412.4,1.154,475.8
1947,1.9,1.9,1.9,1.9,1.9,1.0,1.0,1.0,1.0,1.0,1.0,1.0,1.0,1.0,1.0,0.9,0.9,0.9,0.9,0.9,0.5,0.5,0.5,0.5,0.5,385.6,1.113,429.2
1948,1.9,1.9,1.9,1.9,1.9,1.0,1.0,1.0,1.0,1.0,1.0,1.0,1.0,1.0,1.0,0.9,0.9,0.9,0.9,0.9,0.6,0.6,0.6,0.6,0.6,364.2,1.184,431.3
1949,1.9,1.9,1.9,1.9,1.9,1.0,1.0,1.0,1.0,1.0,1.0,1.0,1.0,1.0,1.0,0.9,0.9,0.9,0.9,0.9,0.7,0.7,0.7,0.7,0.7,349.0,1.296,452.2
1950,1.9,1.9,1.9,1.9,1.9,1.0,1.0,1.0,1.0,1.0,1.0,1.0,1.0,1.0,1.0,0.9,0.9,0.9,0.9,0.9,0.8,0.8,0.8,0.8,0.8,340.8,1.408,479.8
1951,1.9,1.9,1.9,1.9,1.9,1.0,1.0,1.0,1.0,1.0,1.0,1.0,1.0,1.0,1.0,0.9,0.9,0.9,0.9,0.9,0.9,0.9,0.9,0.9,0.9,340.3,1.52,517.1
1952,1.9,1.9,1.9,1.9,1.9,1.0,1.0,1.0,1.0,1.0,1.0,1.0,1.0,1.0,1.0,1.0,1.0,1.0,1.0,1.0,0.2,0.2,0.2,0.2,0.2,479.7,1.229,589.3
1953,1.9,1.9,1.9,1.9,1.9,1.0,1.0,1.0,1.0,1.0,1.0,1.0,1.0,1.0,1.0,1.0,1.0,1.0,1.0,1.0,0.3,0.3,0.3,0.3,0.3,445.2,1.154,513.8
1954,1.9,1.9,1.9,1.9,1.9,1.0,1.0,1.0,1.0,1.0,1.0,1.0,1.0,1.0,1.0,1.0,1.0,1.0,1.0,1.0,0.4,0.4,0.4,0.4,0.4,414.3,1.114,461.6
1955,1.9,1.9,1.9,1.9,1.9,1.0,1.0,1.0,1.0,1.0,1.0,1.0,1.0,1.0,1.0,1.0,1.0,1.0,1.0,1.0,0.5,0.5,0.5,0.5,0.5,387.6,1.184,458.9
1956,1.9,1.9,1.9,1.9,1.9,1.0,1.0,1.0,1.0,1.0,1.0,1.0,1.0,1.0,1.0,1.0,1.0,1.0,1.0,1.0,0.6,0.6,0.6,0.6,0.6,366.3,1.296,474.5
1957,1.9,1.9,1.9,1.9,1.9,1.0,1.0,1.0,1.0,1.0,1.0,1.0,1.0,1.0,1.0,1.0,1.0,1.0,1.0,1.0,0.7,0.7,0.7,0.7,0.7,351.2,1.407,494.2
1958,1.9,1.9,1.9,1.9,1.9,1.0,1.0,1.0,1.0,1.0,1.0,1.0,1.0,1.0,1.0,1.0,1.0,1.0,1.0,1.0,0.8,0.8,0.8,0.8,0.8,343.1,1.519,521.2
1959,1.9,1.9,1.9,1.9,1.9,1.0,1.0,1.0,1.0,1.0,1.0,1.0,1.0,1.0,1.0,1.0,1.0,1.0,1.0,1.0,0.9,0.9,0.9,0.9,0.9,342.6,1.631,558.7
1960,1.9,1.9,1.9,1.9,1.9,1.0,1.0,1.0,1.0,1.0,1.0,1.0,1.0,1.0,1.0,1.0,1.0,1.0,1.0,1.0,1.0,1.0,1.0,1.0,1.0,349.7,1.743,609.3
1961,1.9,1.9,1.9,1.9,1.9,1.1,1.1,1.1,1.1,1.1,1.0,1.0,1.0,1.0,1.0,0.2,0.2,0.2,0.2,0.2,0.2,0.2,0.2,0.2,0.2,599.2,1.95,1168.4
1962,1.9,1.9,1.9,1.9,1.9,1.1,1.1,1.1,1.1,1.1,1.0,1.0,1.0,1.0,1.0,0.3,0.3,0.3,0.3,0.3,0.2,0.2,0.2,0.2,0.2,570.0,1.839,1048.0
1963,1.9,1.9,1.9,1.9,1.9,1.1,1.1,1.1,1.1,1.1,1.0,1.0,1.0,1.0,1.0,0.3,0.3,0.3,0.3,0.3,0.3,0.3,0.3,0.3,0.3,541.3,1.727,934.8
1964,1.9,1.9,1.9,1.9,1.9,1.1,1.1,1.1,1.1,1.1,1.0,1.0,1.0,1.0,1.0,0.4,0.4,0.4,0.4,0.4,0.2,0.2,0.2,0.2,0.2,543.9,1.727,939.5
1965,1.9,1.9,1.9,1.9,1.9,1.1,1.1,1.1,1.1,1.1,1.0,1.0,1.0,1.0,1.0,0.4,0.4,0.4,0.4,0.4,0.3,0.3,0.3,0.3,0.3,513.8,1.616,830.1
1966,1.9,1.9,1.9,1.9,1.9,1.1,1.1,1.1,1.1,1.1,1.0,1.0,1.0,1.0,1.0,0.4,0.4,0.4,0.4,0.4,0.4,0.4,0.4,0.4,0.4,487.2,1.504,732.7
1967,1.9,1.9,1.9,1.9,1.9,1.1,1.1,1.1,1.1,1.1,1.0,1.0,1.0,1.0,1.0,0.5,0.5,0.5,0.5,0.5,0.2,0.2,0.2,0.2,0.2,521.4,1.616,842.7
1968,1.9,1.9,1.9,1.9,1.9,1.1,1.1,1.1,1.1,1.1,1.0,1.0,1.0,1.0,1.0,0.5,0.5,0.5,0.5,0.5,0.3,0.3,0.3,0.3,0.3,489.9,1.504,737.0
1969,1.9,1.9,1.9,1.9,1.9,1.1,1.1,1.1,1.1,1.1,1.0,1.0,1.0,1.0,1.0,0.5,0.5,0.5,0.5,0.5,0.4,0.4,0.4,0.4,0.4,462.0,1.4,646.9
1970,1.9,1.9,1.9,1.9,1.9,1.1,1.1,1.1,1.1,1.1,1.0,1.0,1.0,1.0,1.0,0.5,0.5,0.5,0.5,0.5,0.5,0.5,0.5,0.5,0.5,438.2,1.326,581.0
1971,1.9,1.9,1.9,1.9,1.9,1.1,1.1,1.1,1.1,1.1,1.0,1.0,1.0,1.0,1.0,0.6,0.6,0.6,0.6,0.6,0.2,0.2,0.2,0.2,0.2,503.0,1.505,756.9
1972,1.9,1.9,1.9,1.9,1.9,1.1,1.1,1.1,1.1,1.1,1.0,1.0,1.0,1.0,1.0,0.6,0.6,0.6,0.6,0.6,0.3,0.3,0.3,0.3,0.3,470.3,1.401,658.7
1973,1.9,1.9,1.9,1.9,1.9,1.1,1.1,1.1,1.1,1.1,1.0,1.0,1.0,1.0,1.0,0.6,0.6,0.6,0.6,0.6,0.4,0.4,0.4,0.4,0.4,441.1,1.326,584.9
1974,1.9,1.9,1.9,1.9,1.9,1.1,1.1,1.1,1.1,1.1,1.0,1.0,1.0,1.0,1.0,0.6,0.6,0.6,0.6,0.6,0.5,0.5,0.5,0.5,0.5,416.2,1.251,520.8
1975,1.9,1.9,1.9,1.9,1.9,1.1,1.1,1.1,1.1,1.1,1.0,1.0,1.0,1.0,1.0,0.6,0.6,0.6,0.6,0.6,0.6,0.6,0.6,0.6,0.6,396.4,1.177,466.5
1976,1.9,1.9,1.9,1.9,1.9,1.1,1.1,1.1,1.1,1.1,1.0,1.0,1.0,1.0,1.0,0.7,0.7,0.7,0.7,0.7,0.2,0.2,0.2,0.2,0.2,489.1,1.401,685.3
1977,1.9,1.9,1.9,1.9,1.9,1.1,1.1,1.1,1.1,1.1,1.0,1.0,1.0,1.0,1.0,0.7,0.7,0.7,0.7,0.7,0.3,0.3,0.3,0.3,0.3,455.4,1.326,604.1
1978,1.9,1.9,1.9,1.9,1.9,1.1,1.1,1.1,1.1,1.1,1.0,1.0,1.0,1.0,1.0,0.7,0.7,0.7,0.7,0.7,0.4,0.4,0.4,0.4,0.4,425.2,1.252,532.3
1979,1.9,1.9,1.9,1.9,1.9,1.1,1.1,1.1,1.1,1.1,1.0,1.0,1.0,1.0,1.0,0.7,0.7,0.7,0.7,0.7,0.5,0.5,0.5,0.5,0.5,399.3,1.177,470.1
1980,1.9,1.9,1.9,1.9,1.9,1.1,1.1,1.1,1.1,1.1,1.0,1.0,1.0,1.0,1.0,0.7,0.7,0.7,0.7,0.7,0.6,0.6,0.6,0.6,0.6,378.6,1.116,422.4
1981,1.9,1.9,1.9,1.9,1.9,1.1,1.1,1.1,1.1,1.1,1.0,1.0,1.0,1.0,1.0,0.7,0.7,0.7,0.7,0.7,0.7,0.7,0.7,0.7,0.7,364.0,1.165,424.2
1982,1.9,1.9,1.9,1.9,1.9,1.1,1.1,1.1,1.1,1.1,1.0,1.0,1.0,1.0,1.0,0.8,0.8,0.8,0.8,0.8,0.2,0.2,0.2,0.2,0.2,480.2,1.327,637.2
1983,1.9,1.9,1.9,1.9,1.9,1.1,1.1,1.1,1.1,1.1,1.0,1.0,1.0,1.0,1.0,0.8,0.8,0.8,0.8,0.8,0.3,0.3,0.3,0.3,0.3,445.8,1.252,558.3
1984,1.9,1.9,1.9,1.9,1.9,1.1,1.1,1.1,1.1,1.1,1.0,1.0,1.0,1.0,1.0,0.8,0.8,0.8,0.8,0.8,0.4,0.4,0.4,0.4,0.4,414.9,1.178,488.6
1985,1.9,1.9,1.9,1.9,1.9,1.1,1.1,1.1,1.1,1.1,1.0,1.0,1.0,1.0,1.0,0.8,0.8,0.8,0.8,0.8,0.5,0.5,0.5,0.5,0.5,388.3,1.117,433.7
1986,1.9,1.9,1.9,1.9,1.9,1.1,1.1,1.1,1.1,1.1,1.0,1.0,1.0,1.0,1.0,0.8,0.8,0.8,0.8,0.8,0.6,0.6,0.6,0.6,0.6,367.0,1.165,427.5
1987,1.9,1.9,1.9,1.9,1.9,1.1,1.1,1.1,1.1,1.1,1.0,1.0,1.0,1.0,1.0,0.8,0.8,0.8,0.8,0.8,0.7,0.7,0.7,0.7,0.7,351.9,1.277,449.3
1988,1.9,1.9,1.9,1.9,1.9,1.1,1.1,1.1,1.1,1.1,1.0,1.0,1.0,1.0,1.0,0.8,0.8,0.8,0.8,0.8,0.8,0.8,0.8,0.8,0.8,343.9,1.388,477.4
1989,1.9,1.9,1.9,1.9,1.9,1.1,1.1,1.1,1.1,1.1,1.0,1.0,1.0,1.0,1.0,0.9,0.9,0.9,0.9,0.9,0.2,0.2,0.2,0.2,0.2,476.5,1.253,596.9
1990,1.9,1.9,1.9,1.9,1.9,1.1,1.1,1.1,1.1,1.1,1.0,1.0,1.0,1.0,1.0,0.9,0.9,0.9,0.9,0.9,0.3,0.3,0.3,0.3,0.3,441.8,1.178,520.5
1991,1.9,1.9,1.9,1.9,1.9,1.1,1.1,1.1,1.1,1.1,1.0,1.0,1.0,1.0,1.0,0.9,0.9,0.9,0.9,0.9,0.4,0.4,0.4,0.4,0.4,410.6,1.118,459.1
1992,1.9,1.9,1.9,1.9,1.9,1.1,1.1,1.1,1.1,1.1,1.0,1.0,1.0,1.0,1.0,0.9,0.9,0.9,0.9,0.9,0.5,0.5,0.5,0.5,0.5,383.7,1.164,446.8
1993,1.9,1.9,1.9,1.9,1.9,1.1,1.1,1.1,1.1,1.1,1.0,1.0,1.0,1.0,1.0,0.9,0.9,0.9,0.9,0.9,0.6,0.6,0.6,0.6,0.6,362.1,1.276,462.1
1994,1.9,1.9,1.9,1.9,1.9,1.1,1.1,1.1,1.1,1.1,1.0,1.0,1.0,1.0,1.0,0.9,0.9,0.9,0.9,0.9,0.7,0.7,0.7,0.7,0.7,346.8,1.388,481.4
1995,1.9,1.9,1.9,1.9,1.9,1.1,1.1,1.1,1.1,1.1,1.0,1.0,1.0,1.0,1.0,0.9,0.9,0.9,0.9,0.9,0.8,0.8,0.8,0.8,0.8,338.7,1.5,507.9
1996,1.9,1.9,1.9,1.9,1.9,1.1,1.1,1.1,1.1,1.1,1.0,1.0,1.0,1.0,1.0,0.9,0.9,0.9,0.9,0.9,0.9,0.9,0.9,0.9,0.9,338.1,1.612,544.9
1997,1.9,1.9,1.9,1.9,1.9,1.1,1.1,1.1,1.1,1.1,1.0,1.0,1.0,1.0,1.0,1.0,1.0,1.0,1.0,1.0,0.2,0.2,0.2,0.2,0.2,478.1,1.179,563.5
1998,1.9,1.9,1.9,1.9,1.9,1.1,1.1,1.1,1.1,1.1,1.0,1.0,1.0,1.0,1.0,1.0,1.0,1.0,1.0,1.0,0.3,0.3,0.3,0.3,0.3,443.6,1.119,496.5
1999,1.9,1.9,1.9,1.9,1.9,1.1,1.1,1.1,1.1,1.1,1.0,1.0,1.0,1.0,1.0,1.0,1.0,1.0,1.0,1.0,0.4,0.4,0.4,0.4,0.4,412.5,1.165,480.7
2000,1.9,1.9,1.9,1.9,1.9,1.1,1.1,1.1,1.1,1.1,1.0,1.0,1.0,1.0,1.0,1.0,1.0,1.0,1.0,1.0,0.5,0.5,0.5,0.5,0.5,385.7,1.276,492.1
2001,1.9,1.9,1.9,1.9,1.9,1.1,1.1,1.1,1.1,1.1,1.0,1.0,1.0,1.0,1.0,1.0,1.0,1.0,1.0,1.0,0.6,0.6,0.6,0.6,0.6,364.3,1.387,505.4
2002,1.9,1.9,1.9,1.9,1.9,1.1,1.1,1.1,1.1,1.1,1.0,1.0,1.0,1.0,1.0,1.0,1.0,1.0,1.0,1.0,0.7,0.7,0.7,0.7,0.7,349.1,1.499,523.3
2003,1.9,1.9,1.9,1.9,1.9,1.1,1.1,1.1,1.1,1.1,1.0,1.0,1.0,1.0,1.0,1.0,1.0,1.0,1.0,1.0,0.8,0.8,0.8,0.8,0.8,340.9,1.611,549.3
2004,1.9,1.9,1.9,1.9,1.9,1.1,1.1,1.1,1.1,1.1,1.0,1.0,1.0,1.0,1.0,1.0,1.0,1.0,1.0,1.0,0.9,0.9,0.9,0.9,0.9,340.4,1.723,586.5
2005,1.9,1.9,1.9,1.9,1.9,1.1,1.1,1.1,1.1,1.1,1.0,1.0,1.0,1.0,1.0,1.0,1.0,1.0,1.0,1.0,1.0,1.0,1.0,1.0,1.0,347.5,1.835,637.6
2006,1.9,1.9,1.9,1.9,1.9,1.2,1.2,1.2,1.2,1.2,1.0,1.0,1.0,1.0,1.0,0.2,0.2,0.2,0.2,0.2,0.2,0.2,0.2,0.2,0.2,600.9,1.858,1116.5
2007,1.9,1.9,1.9,1.9,1.9,1.2,1.2,1.2,1.2,1.2,1.0,1.0,1.0,1.0,1.0,0.3,0.3,0.3,0.3,0.3,0.2,0.2,0.2,0.2,0.2,571.8,1.747,998.8
2008,1.9,1.9,1.9,1.9,1.9,1.2,1.2,1.2,1.2,1.2,1.0,1.0,1.0,1.0,1.0,0.3,0.3,0.3,0.3,0.3,0.3,0.3,0.3,0.3,0.3,543.2,1.635,888.1
2009,1.9,1.9,1.9,1.9,1.9,1.2,1.2,1.2,1.2,1.2,1.0,1.0,1.0,1.0,1.0,0.4,0.4,0.4,0.4,0.4,0.2,0.2,0.2,0.2,0.2,545.8,1.636,892.6
2010,1.9,1.9,1.9,1.9,1.9,1.2,1.2,1.2,1.2,1.2,1.0,1.0,1.0,1.0,1.0,0.4,0.4,0.4,0.4,0.4,0.3,0.3,0.3,0.3,0.3,515.7,1.524,785.9
2011,1.9,1.9,1.9,1.9,1.9,1.2,1.2,1.2,1.2,1.2,1.0,1.0,1.0,1.0,1.0,0.4,0.4,0.4,0.4,0.4,0.4,0.4,0.4,0.4,0.4,489.3,1.424,696.9
2012,1.9,1.9,1.9,1.9,1.9,1.2,1.2,1.2,1.2,1.2,1.0,1.0,1.0,1.0,1.0,0.5,0.5,0.5,0.5,0.5,0.2,0.2,0.2,0.2,0.2,523.3,1.524,797.7
2013,1.9,1.9,1.9,1.9,1.9,1.2,1.2,1.2,1.2,1.2,1.0,1.0,1.0,1.0,1.0,0.5,0.5,0.5,0.5,0.5,0.3,0.3,0.3,0.3,0.3,492.0,1.425,700.9
2014,1.9,1.9,1.9,1.9,1.9,1.2,1.2,1.2,1.2,1.2,1.0,1.0,1.0,1.0,1.0,0.5,0.5,0.5,0.5,0.5,0.4,0.4,0.4,0.4,0.4,464.2,1.35,626.7
2015,1.9,1.9,1.9,1.9,1.9,1.2,1.2,1.2,1.2,1.2,1.0,1.0,1.0,1.0,1.0,0.5,0.5,0.5,0.5,0.5,0.5,0.5,0.5,0.5,0.5,440.6,1.276,562.0
2016,1.9,1.9,1.9,1.9,1.9,1.2,1.2,1.2,1.2,1.2,1.0,1.0,1.0,1.0,1.0,0.6,0.6,0.6,0.6,0.6,0.2,0.2,0.2,0.2,0.2,505.0,1.425,719.7
2017,1.9,1.9,1.9,1.9,1.9,1.2,1.2,1.2,1.2,1.2,1.0,1.0,1.0,1.0,1.0,0.6,0.6,0.6,0.6,0.6,0.3,0.3,0.3,0.3,0.3,472.4,1.351,638.0
2018,1.9,1.9,1.9,1.9,1.9,1.2,1.2,1.2,1.2,1.2,1.0,1.0,1.0,1.0,1.0,0.6,0.6,0.6,0.6,0.6,0.4,0.4,0.4,0.4,0.4,443.4,1.276,565.7
2019,1.9,1.9,1.9,1.9,1.9,1.2,1.2,1.2,1.2,1.2,1.0,1.0,1.0,1.0,1.0,0.6,0.6,0.6,0.6,0.6,0.5,0.5,0.5,0.5,0.5,418.6,1.201,502.9
2020,1.9,1.9,1.9,1.9,1.9,1.2,1.2,1.2,1.2,1.2,1.0,1.0,1.0,1.0,1.0,0.6,0.6,0.6,0.6,0.6,0.6,0.6,0.6,0.6,0.6,398.9,1.127,449.6
2021,1.9,1.9,1.9,1.9,1.9,1.2,1.2,1.2,1.2,1.2,1.0,1.0,1.0,1.0,1.0,0.7,0.7,0.7,0.7,0.7,0.2,0.2,0.2,0.2,0.2,491.2,1.351,663.6
2022,1.9,1.9,1.9,1.9,1.9,1.2,1.2,1.2,1.2,1.2,1.0,1.0,1.0,1.0,1.0,0.7,0.7,0.7,0.7,0.7,0.3,0.3,0.3,0.3,0.3,457.6,1.276,584.1
2023,1.9,1.9,1.9,1.9,1.9,1.2,1.2,1.2,1.2,1.2,1.0,1.0,1.0,1.0,1.0,0.7,0.7,0.7,0.7,0.7,0.4,0.4,0.4,0.4,0.4,427.6,1.202,513.9
2024,1.9,1.9,1.9,1.9,1.9,1.2,1.2,1.2,1.2,1.2,1.0,1.0,1.0,1.0,1.0,0.7,0.7,0.7,0.7,0.7,0.5,0.5,0.5,0.5,0.5,401.9,1.127,453.0
2025,1.9,1.9,1.9,1.9,1.9,1.2,1.2,1.2,1.2,1.2,1.0,1.0,1.0,1.0,1.0,0.7,0.7,0.7,0.7,0.7,0.6,0.6,0.6,0.6,0.6,381.3,1.155,440.3
2026,1.9,1.9,1.9,1.9,1.9,1.2,1.2,1.2,1.2,1.2,1.0,1.0,1.0,1.0,1.0,0.7,0.7,0.7,0.7,0.7,0.7,0.7,0.7,0.7,0.7,366.8,1.257,461.2
2027,1.9,1.9,1.9,1.9,1.9,1.2,1.2,1.2,1.2,1.2,1.0,1.0,1.0,1.0,1.0,0.8,0.8,0.8,0.8,0.8,0.2,0.2,0.2,0.2,0.2,482.3,1.277,615.8
2028,1.9,1.9,1.9,1.9,1.9,1.2,1.2,1.2,1.2,1.2,1.0,1.0,1.0,1.0,1.0,0.8,0.8,0.8,0.8,0.8,0.3,0.3,0.3,0.3,0.3,448.1,1.202,538.7
2029,1.9,1.9,1.9,1.9,1.9,1.2,1.2,1.2,1.2,1.2,1.0,1.0,1.0,1.0,1.0,0.8,0.8,0.8,0.8,0.8,0.4,0.4,0.4,0.4,0.4,417.4,1.128,470.6
2030,1.9,1.9,1.9,1.9,1.9,1.2,1.2,1.2,1.2,1.2,1.0,1.0,1.0,1.0,1.0,0.8,0.8,0.8,0.8,0.8,0.5,0.5,0.5,0.5,0.5,390.9,1.156,452.0
2031,1.9,1.9,1.9,1.9,1.9,1.2,1.2,1.2,1.2,1.2,1.0,1.0,1.0,1.0,1.0,0.8,0.8,0.8,0.8,0.8,0.6,0.6,0.6,0.6,0.6,369.8,1.257,464.7
2032,1.9,1.9,1.9,1.9,1.9,1.2,1.2,1.2,1.2,1.2,1.0,1.0,1.0,1.0,1.0,0.8,0.8,0.8,0.8,0.8,0.7,0.7,0.7,0.7,0.7,354.8,1.369,485.6
2033,1.9,1.9,1.9,1.9,1.9,1.2,1.2,1.2,1.2,1.2,1.0,1.0,1.0,1.0,1.0,0.8,0.8,0.8,0.8,0.8,0.8,0.8,0.8,0.8,0.8,346.8,1.48,513.4
2034,1.9,1.9,1.9,1.9,1.9,1.2,1.2,1.2,1.2,1.2,1.0,1.0,1.0,1.0,1.0,0.9,0.9,0.9,0.9,0.9,0.2,0.2,0.2,0.2,0.2,478.6,1.203,575.6
2035,1.9,1.9,1.9,1.9,1.9,1.2,1.2,1.2,1.2,1.2,1.0,1.0,1.0,1.0,1.0,0.9,0.9,0.9,0.9,0.9,0.3,0.3,0.3,0.3,0.3,444.1,1.128,501.0
2036,1.9,1.9,1.9,1.9,1.9,1.2,1.2,1.2,1.2,1.2,1.0,1.0,1.0,1.0,1.0,0.9,0.9,0.9,0.9,0.9,0.4,0.4,0.4,0.4,0.4,413.1,1.158,478.2
2037,1.9,1.9,1.9,1.9,1.9,1.2,1.2,1.2,1.2,1.2,1.0,1.0,1.0,1.0,1.0,0.9,0.9,0.9,0.9,0.9,0.5,0.5,0.5,0.5,0.5,386.4,1.256,485.4
2038,1.9,1.9,1.9,1.9,1.9,1.2,1.2,1.2,1.2,1.2,1.0,1.0,1.0,1.0,1.0,0.9,0.9,0.9,0.9,0.9,0.6,0.6,0.6,0.6,0.6,364.9,1.368,499.3
2039,1.9,1.9,1.9,1.9,1.9,1.2,1.2,1.2,1.2,1.2,1.0,1.0,1.0,1.0,1.0,0.9,0.9,0.9,0.9,0.9,0.7,0.7,0.7,0.7,0.7,349.8,1.48,517.6
2040,1.9,1.9,1.9,1.9,1.9,1.2,1.2,1.2,1.2,1.2,1.0,1.0,1.0,1.0,1.0,0.9,0.9,0.9,0.9,0.9,0.8,0.8,0.8,0.8,0.8,341.7,1.592,543.8
2041,1.9,1.9,1.9,1.9,1.9,1.2,1.2,1.2,1.2,1.2,1.0,1.0,1.0,1.0,1.0,0.9,0.9,0.9,0.9,0.9,0.9,0.9,0.9,0.9,0.9,341.1,1.703,581.1
2042,1.9,1.9,1.9,1.9,1.9,1.2,1.2,1.2,1.2,1.2,1.0,1.0,1.0,1.0,1.0,1.0,1.0,1.0,1.0,1.0,0.2,0.2,0.2,0.2,0.2,480.2,1.128,541.9
2043,1.9,1.9,1.9,1.9,1.9,1.2,1.2,1.2,1.2,1.2,1.0,1.0,1.0,1.0,1.0,1.0,1.0,1.0,1.0,1.0,0.3,0.3,0.3,0.3,0.3,445.8,1.159,516.8
2044,1.9,1.9,1.9,1.9,1.9,1.2,1.2,1.2,1.2,1.2,1.0,1.0,1.0,1.0,1.0,1.0,1.0,1.0,1.0,1.0,0.4,0.4,0.4,0.4,0.4,414.9,1.256,521.1
2045,1.9,1.9,1.9,1.9,1.9,1.2,1.2,1.2,1.2,1.2,1.0,1.0,1.0,1.0,1.0,1.0,1.0,1.0,1.0,1.0,0.5,0.5,0.5,0.5,0.5,388.4,1.368,531.1
2046,1.9,1.9,1.9,1.9,1.9,1.2,1.2,1.2,1.2,1.2,1.0,1.0,1.0,1.0,1.0,1.0,1.0,1.0,1.0,1.0,0.6,0.6,0.6,0.6,0.6,367.1,1.479,543.0
2047,1.9,1.9,1.9,1.9,1.9,1.2,1.2,1.2,1.2,1.2,1.0,1.0,1.0,1.0,1.0,1.0,1.0,1.0,1.0,1.0,0.7,0.7,0.7,0.7,0.7,352.0,1.591,560.0
2048,1.9,1.9,1.9,1.9,1.9,1.2,1.2,1.2,1.2,1.2,1.0,1.0,1.0,1.0,1.0,1.0,1.0,1.0,1.0,1.0,0.8,0.8,0.8,0.8,0.8,343.9,1.703,585.7
2049,1.9,1.9,1.9,1.9,1.9,1.2,1.2,1.2,1.2,1.2,1.0,1.0,1.0,1.0,1.0,1.0,1.0,1.0,1.0,1.0,0.9,0.9,0.9,0.9,0.9,343.4,1.815,623.2
2050,1.9,1.9,1.9,1.9,1.9,1.3,1.3,1.3,1.3,1.3,1.0,1.0,1.0,1.0,1.0,0.2,0.2,0.2,0.2,0.2,0.2,0.2,0.2,0.2,0.2,605.5,1.766,1069.4
2051,1.9,1.9,1.9,1.9,1.9,1.3,1.3,1.3,1.3,1.3,1.0,1.0,1.0,1.0,1.0,0.3,0.3,0.3,0.3,0.3,0.2,0.2,0.2,0.2,0.2,576.6,1.655,954.2
2052,1.9,1.9,1.9,1.9,1.9,1.3,1.3,1.3,1.3,1.3,1.0,1.0,1.0,1.0,1.0,0.3,0.3,0.3,0.3,0.3,0.3,0.3,0.3,0.3,0.3,548.3,1.543,846.1
2053,1.9,1.9,1.9,1.9,1.9,1.3,1.3,1.3,1.3,1.3,1.0,1.0,1.0,1.0,1.0,0.4,0.4,0.4,0.4,0.4,0.2,0.2,0.2,0.2,0.2,550.8,1.544,850.3
2054,1.9,1.9,1.9,1.9,1.9,1.3,1.3,1.3,1.3,1.3,1.0,1.0,1.0,1.0,1.0,0.4,0.4,0.4,0.4,0.4,0.3,0.3,0.3,0.3,0.3,521.1,1.449,755.0
2055,1.9,1.9,1.9,1.9,1.9,1.3,1.3,1.3,1.3,1.3,1.0,1.0,1.0,1.0,1.0,0.4,0.4,0.4,0.4,0.4,0.4,0.4,0.4,0.4,0.4,494.9,1.374,680.1
2056,1.9,1.9,1.9,1.9,1.9,1.3,1.3,1.3,1.3,1.3,1.0,1.0,1.0,1.0,1.0,0.5,0.5,0.5,0.5,0.5,0.2,0.2,0.2,0.2,0.2,528.6,1.449,766.1
2057,1.9,1.9,1.9,1.9,1.9,1.3,1.3,1.3,1.3,1.3,1.0,1.0,1.0,1.0,1.0,0.5,0.5,0.5,0.5,0.5,0.3,0.3,0.3,0.3,0.3,497.6,1.375,684.0
2058,1.9,1.9,1.9,1.9,1.9,1.3,1.3,1.3,1.3,1.3,1.0,1.0,1.0,1.0,1.0,0.5,0.5,0.5,0.5,0.5,0.4,0.4,0.4,0.4,0.4,470.1,1.3,611.2
2059,1.9,1.9,1.9,1.9,1.9,1.3,1.3,1.3,1.3,1.3,1.0,1.0,1.0,1.0,1.0,0.5,0.5,0.5,0.5,0.5,0.5,0.5,0.5,0.5,0.5,446.8,1.225,547.6
2060,1.9,1.9,1.9,1.9,1.9,1.3,1.3,1.3,1.3,1.3,1.0,1.0,1.0,1.0,1.0,0.6,0.6,0.6,0.6,0.6,0.2,0.2,0.2,0.2,0.2,510.5,1.375,701.9
2061,1.9,1.9,1.9,1.9,1.9,1.3,1.3,1.3,1.3,1.3,1.0,1.0,1.0,1.0,1.0,0.6,0.6,0.6,0.6,0.6,0.3,0.3,0.3,0.3,0.3,478.3,1.3,622.0
2062,1.9,1.9,1.9,1.9,1.9,1.3,1.3,1.3,1.3,1.3,1.0,1.0,1.0,1.0,1.0,0.6,0.6,0.6,0.6,0.6,0.4,0.4,0.4,0.4,0.4,449.6,1.226,551.2
2063,1.9,1.9,1.9,1.9,1.9,1.3,1.3,1.3,1.3,1.3,1.0,1.0,1.0,1.0,1.0,0.6,0.6,0.6,0.6,0.6,0.5,0.5,0.5,0.5,0.5,425.2,1.151,489.5
2064,1.9,1.9,1.9,1.9,1.9,1.3,1.3,1.3,1.3,1.3,1.0,1.0,1.0,1.0,1.0,0.6,0.6,0.6,0.6,0.6,0.6,0.6,0.6,0.6,0.6,405.8,1.147,465.5
2065,1.9,1.9,1.9,1.9,1.9,1.3,1.3,1.3,1.3,1.3,1.0,1.0,1.0,1.0,1.0,0.7,0.7,0.7,0.7,0.7,0.2,0.2,0.2,0.2,0.2,496.8,1.301,646.3
2066,1.9,1.9,1.9,1.9,1.9,1.3,1.3,1.3,1.3,1.3,1.0,1.0,1.0,1.0,1.0,0.7,0.7,0.7,0.7,0.7,0.3,0.3,0.3,0.3,0.3,463.7,1.226,568.6
2067,1.9,1.9,1.9,1.9,1.9,1.3,1.3,1.3,1.3,1.3,1.0,1.0,1.0,1.0,1.0,0.7,0.7,0.7,0.7,0.7,0.4,0.4,0.4,0.4,0.4,434.0,1.152,499.9
2068,1.9,1.9,1.9,1.9,1.9,1.3,1.3,1.3,1.3,1.3,1.0,1.0,1.0,1.0,1.0,0.7,0.7,0.7,0.7,0.7,0.5,0.5,0.5,0.5,0.5,408.7,1.149,469.4
2069,1.9,1.9,1.9,1.9,1.9,1.3,1.3,1.3,1.3,1.3,1.0,1.0,1.0,1.0,1.0,0.7,0.7,0.7,0.7,0.7,0.6,0.6,0.6,0.6,0.6,388.5,1.237,480.7
2070,1.9,1.9,1.9,1.9,1.9,1.3,1.3,1.3,1.3,1.3,1.0,1.0,1.0,1.0,1.0,0.7,0.7,0.7,0.7,0.7,0.7,0.7,0.7,0.7,0.7,374.3,1.349,505.0
2071,1.9,1.9,1.9,1.9,1.9,1.3,1.3,1.3,1.3,1.3,1.0,1.0,1.0,1.0,1.0,0.8,0.8,0.8,0.8,0.8,0.2,0.2,0.2,0.2,0.2,488.0,1.227,598.7
2072,1.9,1.9,1.9,1.9,1.9,1.3,1.3,1.3,1.3,1.3,1.0,1.0,1.0,1.0,1.0,0.8,0.8,0.8,0.8,0.8,0.3,0.3,0.3,0.3,0.3,454.2,1.152,523.3
2073,1.9,1.9,1.9,1.9,1.9,1.3,1.3,1.3,1.3,1.3,1.0,1.0,1.0,1.0,1.0,0.8,0.8,0.8,0.8,0.8,0.4,0.4,0.4,0.4,0.4,424.0,1.15,487.6
2074,1.9,1.9,1.9,1.9,1.9,1.3,1.3,1.3,1.3,1.3,1.0,1.0,1.0,1.0,1.0,0.8,0.8,0.8,0.8,0.8,0.5,0.5,0.5,0.5,0.5,398.0,1.237,492.3
2075,1.9,1.9,1.9,1.9,1.9,1.3,1.3,1.3,1.3,1.3,1.0,1.0,1.0,1.0,1.0,0.8,0.8,0.8,0.8,0.8,0.6,0.6,0.6,0.6,0.6,377.2,1.349,508.7
2076,1.9,1.9,1.9,1.9,1.9,1.3,1.3,1.3,1.3,1.3,1.0,1.0,1.0,1.0,1.0,0.8,0.8,0.8,0.8,0.8,0.7,0.7,0.7,0.7,0.7,362.5,1.46,529.5
2077,1.9,1.9,1.9,1.9,1.9,1.3,1.3,1.3,1.3,1.3,1.0,1.0,1.0,1.0,1.0,0.8,0.8,0.8,0.8,0.8,0.8,0.8,0.8,0.8,0.8,354.7,1.572,557.7
2078,1.9,1.9,1.9,1.9,1.9,1.3,1.3,1.3,1.3,1.3,1.0,1.0,1.0,1.0,1.0,0.9,0.9,0.9,0.9,0.9,0.2,0.2,0.2,0.2,0.2,484.4,1.153,558.3
2079,1.9,1.9,1.9,1.9,1.9,1.3,1.3,1.3,1.3,1.3,1.0,1.0,1.0,1.0,1.0,0.9,0.9,0.9,0.9,0.9,0.3,0.3,0.3,0.3,0.3,450.3,1.152,518.5
2080,1.9,1.9,1.9,1.9,1.9,1.3,1.3,1.3,1.3,1.3,1.0,1.0,1.0,1.0,1.0,0.9,0.9,0.9,0.9,0.9,0.4,0.4,0.4,0.4,0.4,419.7,1.236,519.0
2081,1.9,1.9,1.9,1.9,1.9,1.3,1.3,1.3,1.3,1.3,1.0,1.0,1.0,1.0,1.0,0.9,0.9,0.9,0.9,0.9,0.5,0.5,0.5,0.5,0.5,393.5,1.348,530.5
2082,1.9,1.9,1.9,1.9,1.9,1.3,1.3,1.3,1.3,1.3,1.0,1.0,1.0,1.0,1.0,0.9,0.9,0.9,0.9,0.9,0.6,0.6,0.6,0.6,0.6,372.5,1.46,543.8
2083,1.9,1.9,1.9,1.9,1.9,1.3,1.3,1.3,1.3,1.3,1.0,1.0,1.0,1.0,1.0,0.9,0.9,0.9,0.9,0.9,0.7,0.7,0.7,0.7,0.7,357.6,1.572,562.1
2084,1.9,1.9,1.9,1.9,1.9,1.3,1.3,1.3,1.3,1.3,1.0,1.0,1.0,1.0,1.0,0.9,0.9,0.9,0.9,0.9,0.8,0.8,0.8,0.8,0.8,349.7,1.684,588.7
2085,1.9,1.9,1.9,1.9,1.9,1.3,1.3,1.3,1.3,1.3,1.0,1.0,1.0,1.0,1.0,1.0,1.0,1.0,1.0,1.0,0.2,0.2,0.2,0.2,0.2,486.0,1.153,560.3
2086,1.9,1.9,1.9,1.9,1.9,1.3,1.3,1.3,1.3,1.3,1.0,1.0,1.0,1.0,1.0,1.0,1.0,1.0,1.0,1.0,0.3,0.3,0.3,0.3,0.3,452.0,1.236,558.7
2087,1.9,1.9,1.9,1.9,1.9,1.3,1.3,1.3,1.3,1.3,1.0,1.0,1.0,1.0,1.0,1.0,1.0,1.0,1.0,1.0,0.4,0.4,0.4,0.4,0.4,421.6,1.348,568.2
2088,1.9,1.9,1.9,1.9,1.9,1.3,1.3,1.3,1.3,1.3,1.0,1.0,1.0,1.0,1.0,1.0,1.0,1.0,1.0,1.0,0.5,0.5,0.5,0.5,0.5,395.5,1.459,577.2
2089,1.9,1.9,1.9,1.9,1.9,1.3,1.3,1.3,1.3,1.3,1.0,1.0,1.0,1.0,1.0,1.0,1.0,1.0,1.0,1.0,0.6,0.6,0.6,0.6,0.6,374.5,1.571,588.5
2090,1.9,1.9,1.9,1.9,1.9,1.3,1.3,1.3,1.3,1.3,1.0,1.0,1.0,1.0,1.0,1.0,1.0,1.0,1.0,1.0,0.7,0.7,0.7,0.7,0.7,359.8,1.683,605.5
2091,1.9,1.9,1.9,1.9,1.9,1.3,1.3,1.3,1.3,1.3,1.0,1.0,1.0,1.0,1.0,1.0,1.0,1.0,1.0,1.0,0.8,0.8,0.8,0.8,0.8,351.9,1.795,631.6
2092,1.9,1.9,1.9,1.9,1.9,1.4,1.4,1.4,1.4,1.4,1.0,1.0,1.0,1.0,1.0,0.2,0.2,0.2,0.2,0.2,0.2,0.2,0.2,0.2,0.2,612.9,1.674,1026.2
2093,1.9,1.9,1.9,1.9,1.9,1.4,1.4,1.4,1.4,1.4,1.0,1.0,1.0,1.0,1.0,0.3,0.3,0.3,0.3,0.3,0.2,0.2,0.2,0.2,0.2,584.4,1.563,913.4
2094,1.9,1.9,1.9,1.9,1.9,1.4,1.4,1.4,1.4,1.4,1.0,1.0,1.0,1.0,1.0,0.3,0.3,0.3,0.3,0.3,0.3,0.3,0.3,0.3,0.3,556.5,1.473,819.6
2095,1.9,1.9,1.9,1.9,1.9,1.4,1.4,1.4,1.4,1.4,1.0,1.0,1.0,1.0,1.0,0.4,0.4,0.4,0.4,0.4,0.2,0.2,0.2,0.2,0.2,559.0,1.473,823.6
2096,1.9,1.9,1.9,1.9,1.9,1.4,1.4,1.4,1.4,1.4,1.0,1.0,1.0,1.0,1.0,0.4,0.4,0.4,0.4,0.4,0.3,0.3,0.3,0.3,0.3,529.7,1.399,741.0
2097,1.9,1.9,1.9,1.9,1.9,1.4,1.4,1.4,1.4,1.4,1.0,1.0,1.0,1.0,1.0,0.4,0.4,0.4,0.4,0.4,0.4,0.4,0.4,0.4,0.4,504.0,1.324,667.4
2098,1.9,1.9,1.9,1.9,1.9,1.4,1.4,1.4,1.4,1.4,1.0,1.0,1.0,1.0,1.0,0.5,0.5,0.5,0.5,0.5,0.2,0.2,0.2,0.2,0.2,537.1,1.399,751.5
2099,1.9,1.9,1.9,1.9,1.9,1.4,1.4,1.4,1.4,1.4,1.0,1.0,1.0,1.0,1.0,0.5,0.5,0.5,0.5,0.5,0.3,0.3,0.3,0.3,0.3,506.6,1.325,671.0
2100,1.9,1.9,1.9,1.9,1.9,1.4,1.4,1.4,1.4,1.4,1.0,1.0,1.0,1.0,1.0,0.5,0.5,0.5,0.5,0.5,0.4,0.4,0.4,0.4,0.4,479.7,1.25,599.5
2101,1.9,1.9,1.9,1.9,1.9,1.4,1.4,1.4,1.4,1.4,1.0,1.0,1.0,1.0,1.0,0.5,0.5,0.5,0.5,0.5,0.5,0.5,0.5,0.5,0.5,456.9,1.175,537.0
2102,1.9,1.9,1.9,1.9,1.9,1.4,1.4,1.4,1.4,1.4,1.0,1.0,1.0,1.0,1.0,0.6,0.6,0.6,0.6,0.6,0.2,0.2,0.2,0.2,0.2,519.3,1.325,688.0
2103,1.9,1.9,1.9,1.9,1.9,1.4,1.4,1.4,1.4,1.4,1.0,1.0,1.0,1.0,1.0,0.6,0.6,0.6,0.6,0.6,0.3,0.3,0.3,0.3,0.3,487.7,1.25,609.7
2104,1.9,1.9,1.9,1.9,1.9,1.4,1.4,1.4,1.4,1.4,1.0,1.0,1.0,1.0,1.0,0.6,0.6,0.6,0.6,0.6,0.4,0.4,0.4,0.4,0.4,459.6,1.176,540.4
2105,1.9,1.9,1.9,1.9,1.9,1.4,1.4,1.4,1.4,1.4,1.0,1.0,1.0,1.0,1.0,0.6,0.6,0.6,0.6,0.6,0.5,0.5,0.5,0.5,0.5,435.7,1.146,499.5
2106,1.9,1.9,1.9,1.9,1.9,1.4,1.4,1.4,1.4,1.4,1.0,1.0,1.0,1.0,1.0,0.6,0.6,0.6,0.6,0.6,0.6,0.6,0.6,0.6,0.6,416.8,1.218,507.7
2107,1.9,1.9,1.9,1.9,1.9,1.4,1.4,1.4,1.4,1.4,1.0,1.0,1.0,1.0,1.0,0.7,0.7,0.7,0.7,0.7,0.2,0.2,0.2,0.2,0.2,505.9,1.251,632.7
2108,1.9,1.9,1.9,1.9,1.9,1.4,1.4,1.4,1.4,1.4,1.0,1.0,1.0,1.0,1.0,0.7,0.7,0.7,0.7,0.7,0.3,0.3,0.3,0.3,0.3,473.3,1.176,556.7
2109,1.9,1.9,1.9,1.9,1.9,1.4,1.4,1.4,1.4,1.4,1.0,1.0,1.0,1.0,1.0,0.7,0.7,0.7,0.7,0.7,0.4,0.4,0.4,0.4,0.4,444.4,1.148,509.9
2110,1.9,1.9,1.9,1.9,1.9,1.4,1.4,1.4,1.4,1.4,1.0,1.0,1.0,1.0,1.0,0.7,0.7,0.7,0.7,0.7,0.5,0.5,0.5,0.5,0.5,419.7,1.218,510.9
2111,1.9,1.9,1.9,1.9,1.9,1.4,1.4,1.4,1.4,1.4,1.0,1.0,1.0,1.0,1.0,0.7,0.7,0.7,0.7,0.7,0.6,0.6,0.6,0.6,0.6,400.0,1.329,531.7
2112,1.9,1.9,1.9,1.9,1.9,1.4,1.4,1.4,1.4,1.4,1.0,1.0,1.0,1.0,1.0,0.7,0.7,0.7,0.7,0.7,0.7,0.7,0.7,0.7,0.7,386.2,1.441,556.6
2113,1.9,1.9,1.9,1.9,1.9,1.4,1.4,1.4,1.4,1.4,1.0,1.0,1.0,1.0,1.0,0.8,0.8,0.8,0.8,0.8,0.2,0.2,0.2,0.2,0.2,497.2,1.177,585.1
2114,1.9,1.9,1.9,1.9,1.9,1.4,1.4,1.4,1.4,1.4,1.0,1.0,1.0,1.0,1.0,0.8,0.8,0.8,0.8,0.8,0.3,0.3,0.3,0.3,0.3,464.1,1.149,533.2
2115,1.9,1.9,1.9,1.9,1.9,1.4,1.4,1.4,1.4,1.4,1.0,1.0,1.0,1.0,1.0,0.8,0.8,0.8,0.8,0.8,0.4,0.4,0.4,0.4,0.4,434.5,1.217,528.8
2116,1.9,1.9,1.9,1.9,1.9,1.4,1.4,1.4,1.4,1.4,1.0,1.0,1.0,1.0,1.0,0.8,0.8,0.8,0.8,0.8,0.5,0.5,0.5,0.5,0.5,409.2,1.329,543.8
2117,1.9,1.9,1.9,1.9,1.9,1.4,1.4,1.4,1.4,1.4,1.0,1.0,1.0,1.0,1.0,0.8,0.8,0.8,0.8,0.8,0.6,0.6,0.6,0.6,0.6,389.0,1.441,560.5
2118,1.9,1.9,1.9,1.9,1.9,1.4,1.4,1.4,1.4,1.4,1.0,1.0,1.0,1.0,1.0,0.8,0.8,0.8,0.8,0.8,0.7,0.7,0.7,0.7,0.7,374.8,1.552,581.9
2119,1.9,1.9,1.9,1.9,1.9,1.4,1.4,1.4,1.4,1.4,1.0,1.0,1.0,1.0,1.0,0.8,0.8,0.8,0.8,0.8,0.8,0.8,0.8,0.8,0.8,367.3,1.664,611.2
2120,1.9,1.9,1.9,1.9,1.9,1.4,1.4,1.4,1.4,1.4,1.0,1.0,1.0,1.0,1.0,0.9,0.9,0.9,0.9,0.9,0.2,0.2,0.2,0.2,0.2,493.7,1.15,567.8
2121,1.9,1.9,1.9,1.9,1.9,1.4,1.4,1.4,1.4,1.4,1.0,1.0,1.0,1.0,1.0,0.9,0.9,0.9,0.9,0.9,0.3,0.3,0.3,0.3,0.3,460.3,1.217,559.9
2122,1.9,1.9,1.9,1.9,1.9,1.4,1.4,1.4,1.4,1.4,1.0,1.0,1.0,1.0,1.0,0.9,0.9,0.9,0.9,0.9,0.4,0.4,0.4,0.4,0.4,430.4,1.328,571.7
2123,1.9,1.9,1.9,1.9,1.9,1.4,1.4,1.4,1.4,1.4,1.0,1.0,1.0,1.0,1.0,0.9,0.9,0.9,0.9,0.9,0.5,0.5,0.5,0.5,0.5,404.9,1.44,583.0
2124,1.9,1.9,1.9,1.9,1.9,1.4,1.4,1.4,1.4,1.4,1.0,1.0,1.0,1.0,1.0,0.9,0.9,0.9,0.9,0.9,0.6,0.6,0.6,0.6,0.6,384.5,1.552,596.6
2125,1.9,1.9,1.9,1.9,1.9,1.4,1.4,1.4,1.4,1.4,1.0,1.0,1.0,1.0,1.0,0.9,0.9,0.9,0.9,0.9,0.7,0.7,0.7,0.7,0.7,370.1,1.664,615.7
2126,1.9,1.9,1.9,1.9,1.9,1.4,1.4,1.4,1.4,1.4,1.0,1.0,1.0,1.0,1.0,0.9,0.9,0.9,0.9,0.9,0.8,0.8,0.8,0.8,0.8,362.4,1.775,643.5
2127,1.9,1.9,1.9,1.9,1.9,1.4,1.4,1.4,1.4,1.4,1.0,1.0,1.0,1.0,1.0,1.0,1.0,1.0,1.0,1.0,0.2,0.2,0.2,0.2,0.2,495.2,1.216,602.2
2128,1.9,1.9,1.9,1.9,1.9,1.4,1.4,1.4,1.4,1.4,1.0,1.0,1.0,1.0,1.0,1.0,1.0,1.0,1.0,1.0,0.3,0.3,0.3,0.3,0.3,462.0,1.328,613.4
2129,1.9,1.9,1.9,1.9,1.9,1.4,1.4,1.4,1.4,1.4,1.0,1.0,1.0,1.0,1.0,1.0,1.0,1.0,1.0,1.0,0.4,0.4,0.4,0.4,0.4,432.2,1.44,622.2
2130,1.9,1.9,1.9,1.9,1.9,1.4,1.4,1.4,1.4,1.4,1.0,1.0,1.0,1.0,1.0,1.0,1.0,1.0,1.0,1.0,0.5,0.5,0.5,0.5,0.5,406.8,1.551,631.0
2131,1.9,1.9,1.9,1.9,1.9,1.4,1.4,1.4,1.4,1.4,1.0,1.0,1.0,1.0,1.0,1.0,1.0,1.0,1.0,1.0,0.6,0.6,0.6,0.6,0.6,386.5,1.663,642.8
2132,1.9,1.9,1.9,1.9,1.9,1.4,1.4,1.4,1.4,1.4,1.0,1.0,1.0,1.0,1.0,1.0,1.0,1.0,1.0,1.0,0.7,0.7,0.7,0.7,0.7,372.2,1.775,660.6
2133,1.9,1.9,1.9,1.9,1.9,1.5,1.5,1.5,1.5,1.5,1.0,1.0,1.0,1.0,1.0,0.2,0.2,0.2,0.2,0.2,0.2,0.2,0.2,0.2,0.2,623.1,1.582,986.0
2134,1.9,1.9,1.9,1.9,1.9,1.5,1.5,1.5,1.5,1.5,1.0,1.0,1.0,1.0,1.0,0.3,0.3,0.3,0.3,0.3,0.2,0.2,0.2,0.2,0.2,595.1,1.497,891.0
2135,1.9,1.9,1.9,1.9,1.9,1.5,1.5,1.5,1.5,1.5,1.0,1.0,1.0,1.0,1.0,0.3,0.3,0.3,0.3,0.3,0.3,0.3,0.3,0.3,0.3,567.7,1.423,807.7
2136,1.9,1.9,1.9,1.9,1.9,1.5,1.5,1.5,1.5,1.5,1.0,1.0,1.0,1.0,1.0,0.4,0.4,0.4,0.4,0.4,0.2,0.2,0.2,0.2,0.2,570.1,1.423,811.4
2137,1.9,1.9,1.9,1.9,1.9,1.5,1.5,1.5,1.5,1.5,1.0,1.0,1.0,1.0,1.0,0.4,0.4,0.4,0.4,0.4,0.3,0.3,0.3,0.3,0.3,541.5,1.349,730.3
2138,1.9,1.9,1.9,1.9,1.9,1.5,1.5,1.5,1.5,1.5,1.0,1.0,1.0,1.0,1.0,0.4,0.4,0.4,0.4,0.4,0.4,0.4,0.4,0.4,0.4,516.3,1.274,657.8
2139,1.9,1.9,1.9,1.9,1.9,1.5,1.5,1.5,1.5,1.5,1.0,1.0,1.0,1.0,1.0,0.5,0.5,0.5,0.5,0.5,0.2,0.2,0.2,0.2,0.2,548.7,1.349,740.2
2140,1.9,1.9,1.9,1.9,1.9,1.5,1.5,1.5,1.5,1.5,1.0,1.0,1.0,1.0,1.0,0.5,0.5,0.5,0.5,0.5,0.3,0.3,0.3,0.3,0.3,518.9,1.274,661.3
2141,1.9,1.9,1.9,1.9,1.9,1.5,1.5,1.5,1.5,1.5,1.0,1.0,1.0,1.0,1.0,0.5,0.5,0.5,0.5,0.5,0.4,0.4,0.4,0.4,0.4,492.6,1.2,591.0
2142,1.9,1.9,1.9,1.9,1.9,1.5,1.5,1.5,1.5,1.5,1.0,1.0,1.0,1.0,1.0,0.5,0.5,0.5,0.5,0.5,0.5,0.5,0.5,0.5,0.5,470.4,1.15,541.0
2143,1.9,1.9,1.9,1.9,1.9,1.5,1.5,1.5,1.5,1.5,1.0,1.0,1.0,1.0,1.0,0.6,0.6,0.6,0.6,0.6,0.2,0.2,0.2,0.2,0.2,531.3,1.275,677.3
2144,1.9,1.9,1.9,1.9,1.9,1.5,1.5,1.5,1.5,1.5,1.0,1.0,1.0,1.0,1.0,0.6,0.6,0.6,0.6,0.6,0.3,0.3,0.3,0.3,0.3,500.4,1.2,600.6
2145,1.9,1.9,1.9,1.9,1.9,1.5,1.5,1.5,1.5,1.5,1.0,1.0,1.0,1.0,1.0,0.6,0.6,0.6,0.6,0.6,0.4,0.4,0.4,0.4,0.4,473.1,1.151,544.7
2146,1.9,1.9,1.9,1.9,1.9,1.5,1.5,1.5,1.5,1.5,1.0,1.0,1.0,1.0,1.0,0.6,0.6,0.6,0.6,0.6,0.5,0.5,0.5,0.5,0.5,449.9,1.198,539.1
2147,1.9,1.9,1.9,1.9,1.9,1.5,1.5,1.5,1.5,1.5,1.0,1.0,1.0,1.0,1.0,0.6,0.6,0.6,0.6,0.6,0.6,0.6,0.6,0.6,0.6,431.7,1.31,565.5
2148,1.9,1.9,1.9,1.9,1.9,1.5,1.5,1.5,1.5,1.5,1.0,1.0,1.0,1.0,1.0,0.7,0.7,0.7,0.7,0.7,0.2,0.2,0.2,0.2,0.2,518.2,1.201,622.1
2149,1.9,1.9,1.9,1.9,1.9,1.5,1.5,1.5,1.5,1.5,1.0,1.0,1.0,1.0,1.0,0.7,0.7,0.7,0.7,0.7,0.3,0.3,0.3,0.3,0.3,486.5,1.153,560.7
2150,1.9,1.9,1.9,1.9,1.9,1.5,1.5,1.5,1.5,1.5,1.0,1.0,1.0,1.0,1.0,0.7,0.7,0.7,0.7,0.7,0.4,0.4,0.4,0.4,0.4,458.3,1.2,549.8
2151,1.9,1.9,1.9,1.9,1.9,1.5,1.5,1.5,1.5,1.5,1.0,1.0,1.0,1.0,1.0,0.7,0.7,0.7,0.7,0.7,0.5,0.5,0.5,0.5,0.5,434.4,1.309,568.8
2152,1.9,1.9,1.9,1.9,1.9,1.5,1.5,1.5,1.5,1.5,1.0,1.0,1.0,1.0,1.0,0.7,0.7,0.7,0.7,0.7,0.6,0.6,0.6,0.6,0.6,415.4,1.421,590.4
2153,1.9,1.9,1.9,1.9,1.9,1.5,1.5,1.5,1.5,1.5,1.0,1.0,1.0,1.0,1.0,0.7,0.7,0.7,0.7,0.7,0.7,0.7,0.7,0.7,0.7,402.2,1.533,616.5
2154,1.9,1.9,1.9,1.9,1.9,1.5,1.5,1.5,1.5,1.5,1.0,1.0,1.0,1.0,1.0,0.8,0.8,0.8,0.8,0.8,0.2,0.2,0.2,0.2,0.2,509.7,1.154,588.2
2155,1.9,1.9,1.9,1.9,1.9,1.5,1.5,1.5,1.5,1.5,1.0,1.0,1.0,1.0,1.0,0.8,0.8,0.8,0.8,0.8,0.3,0.3,0.3,0.3,0.3,477.5,1.201,573.5
2156,1.9,1.9,1.9,1.9,1.9,1.5,1.5,1.5,1.5,1.5,1.0,1.0,1.0,1.0,1.0,0.8,0.8,0.8,0.8,0.8,0.4,0.4,0.4,0.4,0.4,448.8,1.309,587.4
2157,1.9,1.9,1.9,1.9,1.9,1.5,1.5,1.5,1.5,1.5,1.0,1.0,1.0,1.0,1.0,0.8,0.8,0.8,0.8,0.8,0.5,0.5,0.5,0.5,0.5,424.3,1.421,602.8
2158,1.9,1.9,1.9,1.9,1.9,1.5,1.5,1.5,1.5,1.5,1.0,1.0,1.0,1.0,1.0,0.8,0.8,0.8,0.8,0.8,0.6,0.6,0.6,0.6,0.6,404.9,1.533,620.5
2159,1.9,1.9,1.9,1.9,1.9,1.5,1.5,1.5,1.5,1.5,1.0,1.0,1.0,1.0,1.0,0.8,0.8,0.8,0.8,0.8,0.7,0.7,0.7,0.7,0.7,391.3,1.644,643.4
2160,1.9,1.9,1.9,1.9,1.9,1.5,1.5,1.5,1.5,1.5,1.0,1.0,1.0,1.0,1.0,0.8,0.8,0.8,0.8,0.8,0.8,0.8,0.8,0.8,0.8,384.0,1.756,674.4
2161,1.9,1.9,1.9,1.9,1.9,1.5,1.5,1.5,1.5,1.5,1.0,1.0,1.0,1.0,1.0,0.9,0.9,0.9,0.9,0.9,0.2,0.2,0.2,0.2,0.2,506.2,1.203,608.8
2162,1.9,1.9,1.9,1.9,1.9,1.5,1.5,1.5,1.5,1.5,1.0,1.0,1.0,1.0,1.0,0.9,0.9,0.9,0.9,0.9,0.3,0.3,0.3,0.3,0.3,473.7,1.308,619.9
2163,1.9,1.9,1.9,1.9,1.9,1.5,1.5,1.5,1.5,1.5,1.0,1.0,1.0,1.0,1.0,0.9,0.9,0.9,0.9,0.9,0.4,0.4,0.4,0.4,0.4,444.8,1.42,631.7
2164,1.9,1.9,1.9,1.9,1.9,1.5,1.5,1.5,1.5,1.5,1.0,1.0,1.0,1.0,1.0,0.9,0.9,0.9,0.9,0.9,0.5,0.5,0.5,0.5,0.5,420.1,1.532,643.6
2165,1.9,1.9,1.9,1.9,1.9,1.5,1.5,1.5,1.5,1.5,1.0,1.0,1.0,1.0,1.0,0.9,0.9,0.9,0.9,0.9,0.6,0.6,0.6,0.6,0.6,400.5,1.644,658.3
2166,1.9,1.9,1.9,1.9,1.9,1.5,1.5,1.5,1.5,1.5,1.0,1.0,1.0,1.0,1.0,1.0,1.0,1.0,1.0,1.0,0.2,0.2,0.2,0.2,0.2,507.8,1.308,664.1
2167,1.9,1.9,1.9,1.9,1.9,1.5,1.5,1.5,1.5,1.5,1.0,1.0,1.0,1.0,1.0,1.0,1.0,1.0,1.0,1.0,0.3,0.3,0.3,0.3,0.3,475.4,1.42,674.9
2168,1.9,1.9,1.9,1.9,1.9,1.5,1.5,1.5,1.5,1.5,1.0,1.0,1.0,1.0,1.0,1.0,1.0,1.0,1.0,1.0,0.4,0.4,0.4,0.4,0.4,446.5,1.532,683.9
2169,1.9,1.9,1.9,1.9,1.9,1.5,1.5,1.5,1.5,1.5,1.0,1.0,1.0,1.0,1.0,1.0,1.0,1.0,1.0,1.0,0.5,0.5,0.5,0.5,0.5,421.9,1.643,693.4
2170,1.9,1.9,1.9,1.9,1.9,1.5,1.5,1.5,1.5,1.5,1.0,1.0,1.0,1.0,1.0,1.0,1.0,1.0,1.0,1.0,0.6,0.6,0.6,0.6,0.6,402.4,1.755,706.3
2171,1.9,1.9,1.9,1.9,1.9,1.6,1.6,1.6,1.6,1.6,1.0,1.0,1.0,1.0,1.0,0.2,0.2,0.2,0.2,0.2,0.2,0.2,0.2,0.2,0.2,635.9,1.521,967.5
2172,1.9,1.9,1.9,1.9,1.9,1.6,1.6,1.6,1.6,1.6,1.0,1.0,1.0,1.0,1.0,0.3,0.3,0.3,0.3,0.3,0.2,0.2,0.2,0.2,0.2,608.4,1.447,880.6
2173,1.9,1.9,1.9,1.9,1.9,1.6,1.6,1.6,1.6,1.6,1.0,1.0,1.0,1.0,1.0,0.3,0.3,0.3,0.3,0.3,0.3,0.3,0.3,0.3,0.3,581.7,1.373,798.5
2174,1.9,1.9,1.9,1.9,1.9,1.6,1.6,1.6,1.6,1.6,1.0,1.0,1.0,1.0,1.0,0.4,0.4,0.4,0.4,0.4,0.2,0.2,0.2,0.2,0.2,584.1,1.373,802.0
2175,1.9,1.9,1.9,1.9,1.9,1.6,1.6,1.6,1.6,1.6,1.0,1.0,1.0,1.0,1.0,0.4,0.4,0.4,0.4,0.4,0.3,0.3,0.3,0.3,0.3,556.1,1.299,722.2
2176,1.9,1.9,1.9,1.9,1.9,1.6,1.6,1.6,1.6,1.6,1.0,1.0,1.0,1.0,1.0,0.4,0.4,0.4,0.4,0.4,0.4,0.4,0.4,0.4,0.4,531.7,1.224,650.8
2177,1.9,1.9,1.9,1.9,1.9,1.6,1.6,1.6,1.6,1.6,1.0,1.0,1.0,1.0,1.0,0.5,0.5,0.5,0.5,0.5,0.2,0.2,0.2,0.2,0.2,563.2,1.299,731.6
2178,1.9,1.9,1.9,1.9,1.9,1.6,1.6,1.6,1.6,1.6,1.0,1.0,1.0,1.0,1.0,0.5,0.5,0.5,0.5,0.5,0.3,0.3,0.3,0.3,0.3,534.2,1.224,654.0
2179,1.9,1.9,1.9,1.9,1.9,1.6,1.6,1.6,1.6,1.6,1.0,1.0,1.0,1.0,1.0,0.5,0.5,0.5,0.5,0.5,0.4,0.4,0.4,0.4,0.4,508.7,1.158,589.0
2180,1.9,1.9,1.9,1.9,1.9,1.6,1.6,1.6,1.6,1.6,1.0,1.0,1.0,1.0,1.0,0.5,0.5,0.5,0.5,0.5,0.5,0.5,0.5,0.5,0.5,487.2,1.19,580.0
2181,1.9,1.9,1.9,1.9,1.9,1.6,1.6,1.6,1.6,1.6,1.0,1.0,1.0,1.0,1.0,0.6,0.6,0.6,0.6,0.6,0.2,0.2,0.2,0.2,0.2,546.2,1.225,669.0
2182,1.9,1.9,1.9,1.9,1.9,1.6,1.6,1.6,1.6,1.6,1.0,1.0,1.0,1.0,1.0,0.6,0.6,0.6,0.6,0.6,0.3,0.3,0.3,0.3,0.3,516.2,1.16,598.6
2183,1.9,1.9,1.9,1.9,1.9,1.6,1.6,1.6,1.6,1.6,1.0,1.0,1.0,1.0,1.0,0.6,0.6,0.6,0.6,0.6,0.4,0.4,0.4,0.4,0.4,489.8,1.192,583.7
2184,1.9,1.9,1.9,1.9,1.9,1.6,1.6,1.6,1.6,1.6,1.0,1.0,1.0,1.0,1.0,0.6,0.6,0.6,0.6,0.6,0.5,0.5,0.5,0.5,0.5,467.5,1.29,603.1
2185,1.9,1.9,1.9,1.9,1.9,1.6,1.6,1.6,1.6,1.6,1.0,1.0,1.0,1.0,1.0,0.6,0.6,0.6,0.6,0.6,0.6,0.6,0.6,0.6,0.6,449.9,1.402,630.8
2186,1.9,1.9,1.9,1.9,1.9,1.6,1.6,1.6,1.6,1.6,1.0,1.0,1.0,1.0,1.0,0.7,0.7,0.7,0.7,0.7,0.2,0.2,0.2,0.2,0.2,533.5,1.161,619.4
2187,1.9,1.9,1.9,1.9,1.9,1.6,1.6,1.6,1.6,1.6,1.0,1.0,1.0,1.0,1.0,0.7,0.7,0.7,0.7,0.7,0.3,0.3,0.3,0.3,0.3,502.7,1.193,599.9
2188,1.9,1.9,1.9,1.9,1.9,1.6,1.6,1.6,1.6,1.6,1.0,1.0,1.0,1.0,1.0,0.7,0.7,0.7,0.7,0.7,0.4,0.4,0.4,0.4,0.4,475.5,1.29,613.2
2189,1.9,1.9,1.9,1.9,1.9,1.6,1.6,1.6,1.6,1.6,1.0,1.0,1.0,1.0,1.0,0.7,0.7,0.7,0.7,0.7,0.5,0.5,0.5,0.5,0.5,452.5,1.401,634.2
2190,1.9,1.9,1.9,1.9,1.9,1.6,1.6,1.6,1.6,1.6,1.0,1.0,1.0,1.0,1.0,0.7,0.7,0.7,0.7,0.7,0.6,0.6,0.6,0.6,0.6,434.4,1.513,657.3
2191,1.9,1.9,1.9,1.9,1.9,1.6,1.6,1.6,1.6,1.6,1.0,1.0,1.0,1.0,1.0,0.7,0.7,0.7,0.7,0.7,0.7,0.7,0.7,0.7,0.7,421.7,1.625,685.3
2192,1.9,1.9,1.9,1.9,1.9,1.6,1.6,1.6,1.6,1.6,1.0,1.0,1.0,1.0,1.0,0.8,0.8,0.8,0.8,0.8,0.2,0.2,0.2,0.2,0.2,525.3,1.195,627.6
2193,1.9,1.9,1.9,1.9,1.9,1.6,1.6,1.6,1.6,1.6,1.0,1.0,1.0,1.0,1.0,0.8,0.8,0.8,0.8,0.8,0.3,0.3,0.3,0.3,0.3,494.1,1.289,636.9
2194,1.9,1.9,1.9,1.9,1.9,1.6,1.6,1.6,1.6,1.6,1.0,1.0,1.0,1.0,1.0,0.8,0.8,0.8,0.8,0.8,0.4,0.4,0.4,0.4,0.4,466.4,1.401,653.3
2195,1.9,1.9,1.9,1.9,1.9,1.6,1.6,1.6,1.6,1.6,1.0,1.0,1.0,1.0,1.0,0.8,0.8,0.8,0.8,0.8,0.5,0.5,0.5,0.5,0.5,442.9,1.513,669.9
2196,1.9,1.9,1.9,1.9,1.9,1.6,1.6,1.6,1.6,1.6,1.0,1.0,1.0,1.0,1.0,0.8,0.8,0.8,0.8,0.8,0.6,0.6,0.6,0.6,0.6,424.3,1.624,689.3
2197,1.9,1.9,1.9,1.9,1.9,1.6,1.6,1.6,1.6,1.6,1.0,1.0,1.0,1.0,1.0,0.8,0.8,0.8,0.8,0.8,0.7,0.7,0.7,0.7,0.7,411.3,1.736,714.2
2198,1.9,1.9,1.9,1.9,1.9,1.6,1.6,1.6,1.6,1.6,1.0,1.0,1.0,1.0,1.0,0.9,0.9,0.9,0.9,0.9,0.2,0.2,0.2,0.2,0.2,521.9,1.289,672.5
2199,1.9,1.9,1.9,1.9,1.9,1.6,1.6,1.6,1.6,1.6,1.0,1.0,1.0,1.0,1.0,0.9,0.9,0.9,0.9,0.9,0.3,0.3,0.3,0.3,0.3,490.4,1.4,686.8
2200,1.9,1.9,1.9,1.9,1.9,1.6,1.6,1.6,1.6,1.6,1.0,1.0,1.0,1.0,1.0,0.9,0.9,0.9,0.9,0.9,0.4,0.4,0.4,0.4,0.4,462.5,1.512,699.4
2201,1.9,1.9,1.9,1.9,1.9,1.6,1.6,1.6,1.6,1.6,1.0,1.0,1.0,1.0,1.0,0.9,0.9,0.9,0.9,0.9,0.5,0.5,0.5,0.5,0.5,438.8,1.624,712.7
2202,1.9,1.9,1.9,1.9,1.9,1.6,1.6,1.6,1.6,1.6,1.0,1.0,1.0,1.0,1.0,0.9,0.9,0.9,0.9,0.9,0.6,0.6,0.6,0.6,0.6,420.1,1.736,729.2
2203,1.9,1.9,1.9,1.9,1.9,1.6,1.6,1.6,1.6,1.6,1.0,1.0,1.0,1.0,1.0,1.0,1.0,1.0,1.0,1.0,0.2,0.2,0.2,0.2,0.2,523.4,1.4,732.7
2204,1.9,1.9,1.9,1.9,1.9,1.6,1.6,1.6,1.6,1.6,1.0,1.0,1.0,1.0,1.0,1.0,1.0,1.0,1.0,1.0,0.3,0.3,0.3,0.3,0.3,492.0,1.512,743.8
2205,1.9,1.9,1.9,1.9,1.9,1.6,1.6,1.6,1.6,1.6,1.0,1.0,1.0,1.0,1.0,1.0,1.0,1.0,1.0,1.0,0.4,0.4,0.4,0.4,0.4,464.2,1.623,753.6
2206,1.9,1.9,1.9,1.9,1.9,1.6,1.6,1.6,1.6,1.6,1.0,1.0,1.0,1.0,1.0,1.0,1.0,1.0,1.0,1.0,0.5,0.5,0.5,0.5,0.5,440.6,1.735,764.6
2207,1.9,1.9,1.9,1.9,1.9,1.7,1.7,1.7,1.7,1.7,1.0,1.0,1.0,1.0,1.0,0.2,0.2,0.2,0.2,0.2,0.2,0.2,0.2,0.2,0.2,651.1,1.471,958.1
2208,1.9,1.9,1.9,1.9,1.9,1.7,1.7,1.7,1.7,1.7,1.0,1.0,1.0,1.0,1.0,0.3,0.3,0.3,0.3,0.3,0.2,0.2,0.2,0.2,0.2,624.4,1.397,872.3
2209,1.9,1.9,1.9,1.9,1.9,1.7,1.7,1.7,1.7,1.7,1.0,1.0,1.0,1.0,1.0,0.3,0.3,0.3,0.3,0.3,0.3,0.3,0.3,0.3,0.3,598.3,1.323,791.3
2210,1.9,1.9,1.9,1.9,1.9,1.7,1.7,1.7,1.7,1.7,1.0,1.0,1.0,1.0,1.0,0.4,0.4,0.4,0.4,0.4,0.2,0.2,0.2,0.2,0.2,600.6,1.323,794.6
2211,1.9,1.9,1.9,1.9,1.9,1.7,1.7,1.7,1.7,1.7,1.0,1.0,1.0,1.0,1.0,0.4,0.4,0.4,0.4,0.4,0.3,0.3,0.3,0.3,0.3,573.5,1.248,716.0
2212,1.9,1.9,1.9,1.9,1.9,1.7,1.7,1.7,1.7,1.7,1.0,1.0,1.0,1.0,1.0,0.4,0.4,0.4,0.4,0.4,0.4,0.4,0.4,0.4,0.4,549.8,1.174,645.7
2213,1.9,1.9,1.9,1.9,1.9,1.7,1.7,1.7,1.7,1.7,1.0,1.0,1.0,1.0,1.0,0.5,0.5,0.5,0.5,0.5,0.2,0.2,0.2,0.2,0.2,580.4,1.249,724.8
2214,1.9,1.9,1.9,1.9,1.9,1.7,1.7,1.7,1.7,1.7,1.0,1.0,1.0,1.0,1.0,0.5,0.5,0.5,0.5,0.5,0.3,0.3,0.3,0.3,0.3,552.2,1.176,649.4
2215,1.9,1.9,1.9,1.9,1.9,1.7,1.7,1.7,1.7,1.7,1.0,1.0,1.0,1.0,1.0,0.5,0.5,0.5,0.5,0.5,0.4,0.4,0.4,0.4,0.4,527.6,1.184,624.7
2216,1.9,1.9,1.9,1.9,1.9,1.7,1.7,1.7,1.7,1.7,1.0,1.0,1.0,1.0,1.0,0.5,0.5,0.5,0.5,0.5,0.5,0.5,0.5,0.5,0.5,507.0,1.271,644.2
2217,1.9,1.9,1.9,1.9,1.9,1.7,1.7,1.7,1.7,1.7,1.0,1.0,1.0,1.0,1.0,0.6,0.6,0.6,0.6,0.6,0.2,0.2,0.2,0.2,0.2,563.9,1.178,664.0
2218,1.9,1.9,1.9,1.9,1.9,1.7,1.7,1.7,1.7,1.7,1.0,1.0,1.0,1.0,1.0,0.6,0.6,0.6,0.6,0.6,0.3,0.3,0.3,0.3,0.3,534.9,1.186,634.2
2219,1.9,1.9,1.9,1.9,1.9,1.7,1.7,1.7,1.7,1.7,1.0,1.0,1.0,1.0,1.0,0.6,0.6,0.6,0.6,0.6,0.4,0.4,0.4,0.4,0.4,509.4,1.27,647.1
2220,1.9,1.9,1.9,1.9,1.9,1.7,1.7,1.7,1.7,1.7,1.0,1.0,1.0,1.0,1.0,0.6,0.6,0.6,0.6,0.6,0.5,0.5,0.5,0.5,0.5,488.0,1.382,674.4
2221,1.9,1.9,1.9,1.9,1.9,1.7,1.7,1.7,1.7,1.7,1.0,1.0,1.0,1.0,1.0,0.6,0.6,0.6,0.6,0.6,0.6,0.6,0.6,0.6,0.6,471.2,1.494,703.9
2222,1.9,1.9,1.9,1.9,1.9,1.7,1.7,1.7,1.7,1.7,1.0,1.0,1.0,1.0,1.0,0.7,0.7,0.7,0.7,0.7,0.2,0.2,0.2,0.2,0.2,551.5,1.187,654.7
2223,1.9,1.9,1.9,1.9,1.9,1.7,1.7,1.7,1.7,1.7,1.0,1.0,1.0,1.0,1.0,0.7,0.7,0.7,0.7,0.7,0.3,0.3,0.3,0.3,0.3,521.9,1.27,662.6
2224,1.9,1.9,1.9,1.9,1.9,1.7,1.7,1.7,1.7,1.7,1.0,1.0,1.0,1.0,1.0,0.7,0.7,0.7,0.7,0.7,0.4,0.4,0.4,0.4,0.4,495.7,1.381,684.9
2225,1.9,1.9,1.9,1.9,1.9,1.7,1.7,1.7,1.7,1.7,1.0,1.0,1.0,1.0,1.0,0.7,0.7,0.7,0.7,0.7,0.5,0.5,0.5,0.5,0.5,473.7,1.493,707.4
2226,1.9,1.9,1.9,1.9,1.9,1.7,1.7,1.7,1.7,1.7,1.0,1.0,1.0,1.0,1.0,0.7,0.7,0.7,0.7,0.7,0.6,0.6,0.6,0.6,0.6,456.4,1.605,732.6
2227,1.9,1.9,1.9,1.9,1.9,1.7,1.7,1.7,1.7,1.7,1.0,1.0,1.0,1.0,1.0,0.7,0.7,0.7,0.7,0.7,0.7,0.7,0.7,0.7,0.7,444.4,1.717,762.9
2228,1.9,1.9,1.9,1.9,1.9,1.7,1.7,1.7,1.7,1.7,1.0,1.0,1.0,1.0,1.0,0.8,0.8,0.8,0.8,0.8,0.2,0.2,0.2,0.2,0.2,543.6,1.269,690.0
2229,1.9,1.9,1.9,1.9,1.9,1.7,1.7,1.7,1.7,1.7,1.0,1.0,1.0,1.0,1.0,0.8,0.8,0.8,0.8,0.8,0.3,0.3,0.3,0.3,0.3,513.5,1.381,709.2
2230,1.9,1.9,1.9,1.9,1.9,1.7,1.7,1.7,1.7,1.7,1.0,1.0,1.0,1.0,1.0,0.8,0.8,0.8,0.8,0.8,0.4,0.4,0.4,0.4,0.4,486.9,1.493,726.9
2231,1.9,1.9,1.9,1.9,1.9,1.7,1.7,1.7,1.7,1.7,1.0,1.0,1.0,1.0,1.0,0.8,0.8,0.8,0.8,0.8,0.5,0.5,0.5,0.5,0.5,464.5,1.605,745.3
2232,1.9,1.9,1.9,1.9,1.9,1.7,1.7,1.7,1.7,1.7,1.0,1.0,1.0,1.0,1.0,0.8,0.8,0.8,0.8,0.8,0.6,0.6,0.6,0.6,0.6,446.8,1.716,766.9
2233,1.9,1.9,1.9,1.9,1.9,1.7,1.7,1.7,1.7,1.7,1.0,1.0,1.0,1.0,1.0,0.9,0.9,0.9,0.9,0.9,0.2,0.2,0.2,0.2,0.2,540.4,1.38,746.0
2234,1.9,1.9,1.9,1.9,1.9,1.7,1.7,1.7,1.7,1.7,1.0,1.0,1.0,1.0,1.0,0.9,0.9,0.9,0.9,0.9,0.3,0.3,0.3,0.3,0.3,510.0,1.492,761.1
2235,1.9,1.9,1.9,1.9,1.9,1.7,1.7,1.7,1.7,1.7,1.0,1.0,1.0,1.0,1.0,0.9,0.9,0.9,0.9,0.9,0.4,0.4,0.4,0.4,0.4,483.3,1.604,775.2
2236,1.9,1.9,1.9,1.9,1.9,1.7,1.7,1.7,1.7,1.7,1.0,1.0,1.0,1.0,1.0,0.9,0.9,0.9,0.9,0.9,0.5,0.5,0.5,0.5,0.5,460.7,1.716,790.4
2237,1.9,1.9,1.9,1.9,1.9,1.7,1.7,1.7,1.7,1.7,1.0,1.0,1.0,1.0,1.0,1.0,1.0,1.0,1.0,1.0,0.2,0.2,0.2,0.2,0.2,541.8,1.492,808.2
2238,1.9,1.9,1.9,1.9,1.9,1.7,1.7,1.7,1.7,1.7,1.0,1.0,1.0,1.0,1.0,1.0,1.0,1.0,1.0,1.0,0.3,0.3,0.3,0.3,0.3,511.6,1.604,820.3
2239,1.9,1.9,1.9,1.9,1.9,1.7,1.7,1.7,1.7,1.7,1.0,1.0,1.0,1.0,1.0,1.0,1.0,1.0,1.0,1.0,0.4,0.4,0.4,0.4,0.4,484.9,1.715,831.7
2240,1.9,1.9,1.9,1.9,1.9,1.8,1.8,1.8,1.8,1.8,1.0,1.0,1.0,1.0,1.0,0.2,0.2,0.2,0.2,0.2,0.2,0.2,0.2,0.2,0.2,668.7,1.421,950.3
2241,1.9,1.9,1.9,1.9,1.9,1.8,1.8,1.8,1.8,1.8,1.0,1.0,1.0,1.0,1.0,0.3,0.3,0.3,0.3,0.3,0.2,0.2,0.2,0.2,0.2,642.6,1.347,865.6
2242,1.9,1.9,1.9,1.9,1.9,1.8,1.8,1.8,1.8,1.8,1.0,1.0,1.0,1.0,1.0,0.3,0.3,0.3,0.3,0.3,0.3,0.3,0.3,0.3,0.3,617.3,1.272,785.6
2243,1.9,1.9,1.9,1.9,1.9,1.8,1.8,1.8,1.8,1.8,1.0,1.0,1.0,1.0,1.0,0.4,0.4,0.4,0.4,0.4,0.2,0.2,0.2,0.2,0.2,619.6,1.273,788.7
2244,1.9,1.9,1.9,1.9,1.9,1.8,1.8,1.8,1.8,1.8,1.0,1.0,1.0,1.0,1.0,0.4,0.4,0.4,0.4,0.4,0.3,0.3,0.3,0.3,0.3,593.3,1.198,711.0
2245,1.9,1.9,1.9,1.9,1.9,1.8,1.8,1.8,1.8,1.8,1.0,1.0,1.0,1.0,1.0,0.4,0.4,0.4,0.4,0.4,0.4,0.4,0.4,0.4,0.4,570.5,1.181,673.6
2246,1.9,1.9,1.9,1.9,1.9,1.8,1.8,1.8,1.8,1.8,1.0,1.0,1.0,1.0,1.0,0.5,0.5,0.5,0.5,0.5,0.2,0.2,0.2,0.2,0.2,599.9,1.199,719.2
2247,1.9,1.9,1.9,1.9,1.9,1.8,1.8,1.8,1.8,1.8,1.0,1.0,1.0,1.0,1.0,0.5,0.5,0.5,0.5,0.5,0.3,0.3,0.3,0.3,0.3,572.8,1.182,677.1
2248,1.9,1.9,1.9,1.9,1.9,1.8,1.8,1.8,1.8,1.8,1.0,1.0,1.0,1.0,1.0,0.5,0.5,0.5,0.5,0.5,0.4,0.4,0.4,0.4,0.4,549.1,1.251,686.8
2249,1.9,1.9,1.9,1.9,1.9,1.8,1.8,1.8,1.8,1.8,1.0,1.0,1.0,1.0,1.0,0.5,0.5,0.5,0.5,0.5,0.5,0.5,0.5,0.5,0.5,529.3,1.363,721.2
2250,1.9,1.9,1.9,1.9,1.9,1.8,1.8,1.8,1.8,1.8,1.0,1.0,1.0,1.0,1.0,0.6,0.6,0.6,0.6,0.6,0.2,0.2,0.2,0.2,0.2,584.0,1.183,691.1
2251,1.9,1.9,1.9,1.9,1.9,1.8,1.8,1.8,1.8,1.8,1.0,1.0,1.0,1.0,1.0,0.6,0.6,0.6,0.6,0.6,0.3,0.3,0.3,0.3,0.3,556.1,1.25,695.3
2252,1.9,1.9,1.9,1.9,1.9,1.8,1.8,1.8,1.8,1.8,1.0,1.0,1.0,1.0,1.0,0.6,0.6,0.6,0.6,0.6,0.4,0.4,0.4,0.4,0.4,531.6,1.362,724.2
2253,1.9,1.9,1.9,1.9,1.9,1.8,1.8,1.8,1.8,1.8,1.0,1.0,1.0,1.0,1.0,0.6,0.6,0.6,0.6,0.6,0.5,0.5,0.5,0.5,0.5,511.2,1.474,753.4
2254,1.9,1.9,1.9,1.9,1.9,1.8,1.8,1.8,1.8,1.8,1.0,1.0,1.0,1.0,1.0,0.6,0.6,0.6,0.6,0.6,0.6,0.6,0.6,0.6,0.6,495.2,1.586,785.2
2255,1.9,1.9,1.9,1.9,1.9,1.8,1.8,1.8,1.8,1.8,1.0,1.0,1.0,1.0,1.0,0.7,0.7,0.7,0.7,0.7,0.2,0.2,0.2,0.2,0.2,572.1,1.25,715.1
2256,1.9,1.9,1.9,1.9,1.9,1.8,1.8,1.8,1.8,1.8,1.0,1.0,1.0,1.0,1.0,0.7,0.7,0.7,0.7,0.7,0.3,0.3,0.3,0.3,0.3,543.6,1.362,740.1
2257,1.9,1.9,1.9,1.9,1.9,1.8,1.8,1.8,1.8,1.8,1.0,1.0,1.0,1.0,1.0,0.7,0.7,0.7,0.7,0.7,0.4,0.4,0.4,0.4,0.4,518.5,1.473,764.0
2258,1.9,1.9,1.9,1.9,1.9,1.8,1.8,1.8,1.8,1.8,1.0,1.0,1.0,1.0,1.0,0.7,0.7,0.7,0.7,0.7,0.5,0.5,0.5,0.5,0.5,497.5,1.585,788.7
2259,1.9,1.9,1.9,1.9,1.9,1.8,1.8,1.8,1.8,1.8,1.0,1.0,1.0,1.0,1.0,0.7,0.7,0.7,0.7,0.7,0.6,0.6,0.6,0.6,0.6,481.1,1.697,816.4
2260,1.9,1.9,1.9,1.9,1.9,1.8,1.8,1.8,1.8,1.8,1.0,1.0,1.0,1.0,1.0,0.8,0.8,0.8,0.8,0.8,0.2,0.2,0.2,0.2,0.2,564.5,1.361,768.4
2261,1.9,1.9,1.9,1.9,1.9,1.8,1.8,1.8,1.8,1.8,1.0,1.0,1.0,1.0,1.0,0.8,0.8,0.8,0.8,0.8,0.3,0.3,0.3,0.3,0.3,535.6,1.473,788.8
2262,1.9,1.9,1.9,1.9,1.9,1.8,1.8,1.8,1.8,1.8,1.0,1.0,1.0,1.0,1.0,0.8,0.8,0.8,0.8,0.8,0.4,0.4,0.4,0.4,0.4,510.1,1.585,808.4
2263,1.9,1.9,1.9,1.9,1.9,1.8,1.8,1.8,1.8,1.8,1.0,1.0,1.0,1.0,1.0,0.8,0.8,0.8,0.8,0.8,0.5,0.5,0.5,0.5,0.5,488.8,1.696,829.2
2264,1.9,1.9,1.9,1.9,1.9,1.8,1.8,1.8,1.8,1.8,1.0,1.0,1.0,1.0,1.0,0.9,0.9,0.9,0.9,0.9,0.2,0.2,0.2,0.2,0.2,561.4,1.472,826.5
2265,1.9,1.9,1.9,1.9,1.9,1.8,1.8,1.8,1.8,1.8,1.0,1.0,1.0,1.0,1.0,0.9,0.9,0.9,0.9,0.9,0.3,0.3,0.3,0.3,0.3,532.2,1.584,843.2
2266,1.9,1.9,1.9,1.9,1.9,1.8,1.8,1.8,1.8,1.8,1.0,1.0,1.0,1.0,1.0,1.0,1.0,1.0,1.0,1.0,0.2,0.2,0.2,0.2,0.2,562.7,1.584,891.2
2267,1.9,1.9,1.9,1.9,1.9,1.8,1.8,1.8,1.8,1.8,1.0,1.0,1.0,1.0,1.0,1.0,1.0,1.0,1.0,1.0,0.3,0.3,0.3,0.3,0.3,533.7,1.695,904.9
2268,1.9,1.9,1.9,1.9,1.9,1.9,1.9,1.9,1.9,1.9,1.0,1.0,1.0,1.0,1.0,0.2,0.2,0.2,0.2,0.2,0.2,0.2,0.2,0.2,0.2,688.3,1.371,943.8
2269,1.9,1.9,1.9,1.9,1.9,1.9,1.9,1.9,1.9,1.9,1.0,1.0,1.0,1.0,1.0,0.3,0.3,0.3,0.3,0.3,0.2,0.2,0.2,0.2,0.2,663.0,1.297,859.9
2270,1.9,1.9,1.9,1.9,1.9,1.9,1.9,1.9,1.9,1.9,1.0,1.0,1.0,1.0,1.0,0.3,0.3,0.3,0.3,0.3,0.3,0.3,0.3,0.3,0.3,638.5,1.222,780.6
2271,1.9,1.9,1.9,1.9,1.9,1.9,1.9,1.9,1.9,1.9,1.0,1.0,1.0,1.0,1.0,0.4,0.4,0.4,0.4,0.4,0.2,0.2,0.2,0.2,0.2,640.7,1.223,783.5
2272,1.9,1.9,1.9,1.9,1.9,1.9,1.9,1.9,1.9,1.9,1.0,1.0,1.0,1.0,1.0,0.4,0.4,0.4,0.4,0.4,0.3,0.3,0.3,0.3,0.3,615.4,1.186,729.8
2273,1.9,1.9,1.9,1.9,1.9,1.9,1.9,1.9,1.9,1.9,1.0,1.0,1.0,1.0,1.0,0.4,0.4,0.4,0.4,0.4,0.4,0.4,0.4,0.4,0.4,593.4,1.234,732.0
2274,1.9,1.9,1.9,1.9,1.9,1.9,1.9,1.9,1.9,1.9,1.0,1.0,1.0,1.0,1.0,0.5,0.5,0.5,0.5,0.5,0.2,0.2,0.2,0.2,0.2,621.8,1.187,738.1
2275,1.9,1.9,1.9,1.9,1.9,1.9,1.9,1.9,1.9,1.9,1.0,1.0,1.0,1.0,1.0,0.5,0.5,0.5,0.5,0.5,0.3,0.3,0.3,0.3,0.3,595.6,1.235,735.6
2276,1.9,1.9,1.9,1.9,1.9,1.9,1.9,1.9,1.9,1.9,1.0,1.0,1.0,1.0,1.0,0.5,0.5,0.5,0.5,0.5,0.4,0.4,0.4,0.4,0.4,572.8,1.343,769.2
2277,1.9,1.9,1.9,1.9,1.9,1.9,1.9,1.9,1.9,1.9,1.0,1.0,1.0,1.0,1.0,0.5,0.5,0.5,0.5,0.5,0.5,0.5,0.5,0.5,0.5,553.9,1.455,805.6
2278,1.9,1.9,1.9,1.9,1.9,1.9,1.9,1.9,1.9,1.9,1.0,1.0,1.0,1.0,1.0,0.6,0.6,0.6,0.6,0.6,0.2,0.2,0.2,0.2,0.2,606.4,1.237,749.9
2279,1.9,1.9,1.9,1.9,1.9,1.9,1.9,1.9,1.9,1.9,1.0,1.0,1.0,1.0,1.0,0.6,0.6,0.6,0.6,0.6,0.3,0.3,0.3,0.3,0.3,579.6,1.342,777.9
2280,1.9,1.9,1.9,1.9,1.9,1.9,1.9,1.9,1.9,1.9,1.0,1.0,1.0,1.0,1.0,0.6,0.6,0.6,0.6,0.6,0.4,0.4,0.4,0.4,0.4,556.1,1.454,808.6
2281,1.9,1.9,1.9,1.9,1.9,1.9,1.9,1.9,1.9,1.9,1.0,1.0,1.0,1.0,1.0,0.6,0.6,0.6,0.6,0.6,0.5,0.5,0.5,0.5,0.5,536.6,1.566,840.2
2282,1.9,1.9,1.9,1.9,1.9,1.9,1.9,1.9,1.9,1.9,1.0,1.0,1.0,1.0,1.0,0.6,0.6,0.6,0.6,0.6,0.6,0.6,0.6,0.6,0.6,521.4,1.678,874.7
2283,1.9,1.9,1.9,1.9,1.9,1.9,1.9,1.9,1.9,1.9,1.0,1.0,1.0,1.0,1.0,0.7,0.7,0.7,0.7,0.7,0.2,0.2,0.2,0.2,0.2,595.0,1.342,798.3
2284,1.9,1.9,1.9,1.9,1.9,1.9,1.9,1.9,1.9,1.9,1.0,1.0,1.0,1.0,1.0,0.7,0.7,0.7,0.7,0.7,0.3,0.3,0.3,0.3,0.3,567.6,1.454,825.0
2285,1.9,1.9,1.9,1.9,1.9,1.9,1.9,1.9,1.9,1.9,1.0,1.0,1.0,1.0,1.0,0.7,0.7,0.7,0.7,0.7,0.4,0.4,0.4,0.4,0.4,543.6,1.565,850.9
2286,1.9,1.9,1.9,1.9,1.9,1.9,1.9,1.9,1.9,1.9,1.0,1.0,1.0,1.0,1.0,0.7,0.7,0.7,0.7,0.7,0.5,0.5,0.5,0.5,0.5,523.6,1.677,878.2
2287,1.9,1.9,1.9,1.9,1.9,1.9,1.9,1.9,1.9,1.9,1.0,1.0,1.0,1.0,1.0,0.8,0.8,0.8,0.8,0.8,0.2,0.2,0.2,0.2,0.2,587.6,1.453,853.9
2288,1.9,1.9,1.9,1.9,1.9,1.9,1.9,1.9,1.9,1.9,1.0,1.0,1.0,1.0,1.0,0.8,0.8,0.8,0.8,0.8,0.3,0.3,0.3,0.3,0.3,559.9,1.565,876.1
2289,1.9,1.9,1.9,1.9,1.9,1.9,1.9,1.9,1.9,1.9,1.0,1.0,1.0,1.0,1.0,0.8,0.8,0.8,0.8,0.8,0.4,0.4,0.4,0.4,0.4,535.6,1.677,898.0
2290,1.9,1.9,1.9,1.9,1.9,1.9,1.9,1.9,1.9,1.9,1.0,1.0,1.0,1.0,1.0,0.9,0.9,0.9,0.9,0.9,0.2,0.2,0.2,0.2,0.2,584.6,1.564,914.5
2291,1.9,1.9,1.9,1.9,1.9,1.9,1.9,1.9,1.9,1.9,1.0,1.0,1.0,1.0,1.0,0.9,0.9,0.9,0.9,0.9,0.3,0.3,0.3,0.3,0.3,556.7,1.676,933.1
2292,1.9,1.9,1.9,1.9,1.9,1.9,1.9,1.9,1.9,1.9,1.0,1.0,1.0,1.0,1.0,1.0,1.0,1.0,1.0,1.0,0.2,0.2,0.2,0.2,0.2,585.9,1.676,981.8
2293,2.0,2.0,2.0,2.0,2.0,1.0,1.0,1.0,1.0,1.0,1.0,1.0,1.0,1.0,1.0,0.2,0.2,0.2,0.2,0.2,0.2,0.2,0.2,0.2,0.2,616.0,1.961,1207.8
2294,2.0,2.0,2.0,2.0,2.0,1.0,1.0,1.0,1.0,1.0,1.0,1.0,1.0,1.0,1.0,0.3,0.3,0.3,0.3,0.3,0.2,0.2,0.2,0.2,0.2,587.6,1.849,1086.7
2295,2.0,2.0,2.0,2.0,2.0,1.0,1.0,1.0,1.0,1.0,1.0,1.0,1.0,1.0,1.0,0.3,0.3,0.3,0.3,0.3,0.3,0.3,0.3,0.3,0.3,559.9,1.737,972.8
2296,2.0,2.0,2.0,2.0,2.0,1.0,1.0,1.0,1.0,1.0,1.0,1.0,1.0,1.0,1.0,0.4,0.4,0.4,0.4,0.4,0.2,0.2,0.2,0.2,0.2,562.4,1.738,977.4
2297,2.0,2.0,2.0,2.0,2.0,1.0,1.0,1.0,1.0,1.0,1.0,1.0,1.0,1.0,1.0,0.4,0.4,0.4,0.4,0.4,0.3,0.3,0.3,0.3,0.3,533.3,1.626,867.3
2298,2.0,2.0,2.0,2.0,2.0,1.0,1.0,1.0,1.0,1.0,1.0,1.0,1.0,1.0,1.0,0.4,0.4,0.4,0.4,0.4,0.4,0.4,0.4,0.4,0.4,507.8,1.514,769.0
2299,2.0,2.0,2.0,2.0,2.0,1.0,1.0,1.0,1.0,1.0,1.0,1.0,1.0,1.0,1.0,0.5,0.5,0.5,0.5,0.5,0.2,0.2,0.2,0.2,0.2,540.7,1.627,879.5
2300,2.0,2.0,2.0,2.0,2.0,1.0,1.0,1.0,1.0,1.0,1.0,1.0,1.0,1.0,1.0,0.5,0.5,0.5,0.5,0.5,0.3,0.3,0.3,0.3,0.3,510.4,1.515,773.2
2301,2.0,2.0,2.0,2.0,2.0,1.0,1.0,1.0,1.0,1.0,1.0,1.0,1.0,1.0,1.0,0.5,0.5,0.5,0.5,0.5,0.4,0.4,0.4,0.4,0.4,483.6,1.412,682.9
2302,2.0,2.0,2.0,2.0,2.0,1.0,1.0,1.0,1.0,1.0,1.0,1.0,1.0,1.0,1.0,0.5,0.5,0.5,0.5,0.5,0.5,0.5,0.5,0.5,0.5,461.0,1.338,616.6
2303,2.0,2.0,2.0,2.0,2.0,1.0,1.0,1.0,1.0,1.0,1.0,1.0,1.0,1.0,1.0,0.6,0.6,0.6,0.6,0.6,0.2,0.2,0.2,0.2,0.2,522.9,1.515,792.5
2304,2.0,2.0,2.0,2.0,2.0,1.0,1.0,1.0,1.0,1.0,1.0,1.0,1.0,1.0,1.0,0.6,0.6,0.6,0.6,0.6,0.3,0.3,0.3,0.3,0.3,491.5,1.413,694.4
2305,2.0,2.0,2.0,2.0,2.0,1.0,1.0,1.0,1.0,1.0,1.0,1.0,1.0,1.0,1.0,0.6,0.6,0.6,0.6,0.6,0.4,0.4,0.4,0.4,0.4,463.7,1.338,620.4
2306,2.0,2.0,2.0,2.0,2.0,1.0,1.0,1.0,1.0,1.0,1.0,1.0,1.0,1.0,1.0,0.6,0.6,0.6,0.6,0.6,0.5,0.5,0.5,0.5,0.5,440.1,1.263,556.0
2307,2.0,2.0,2.0,2.0,2.0,1.0,1.0,1.0,1.0,1.0,1.0,1.0,1.0,1.0,1.0,0.6,0.6,0.6,0.6,0.6,0.6,0.6,0.6,0.6,0.6,421.4,1.189,501.0
2308,2.0,2.0,2.0,2.0,2.0,1.0,1.0,1.0,1.0,1.0,1.0,1.0,1.0,1.0,1.0,0.7,0.7,0.7,0.7,0.7,0.2,0.2,0.2,0.2,0.2,509.6,1.413,720.1
2309,2.0,2.0,2.0,2.0,2.0,1.0,1.0,1.0,1.0,1.0,1.0,1.0,1.0,1.0,1.0,0.7,0.7,0.7,0.7,0.7,0.3,0.3,0.3,0.3,0.3,477.4,1.338,638.9
2310,2.0,2.0,2.0,2.0,2.0,1.0,1.0,1.0,1.0,1.0,1.0,1.0,1.0,1.0,1.0,0.7,0.7,0.7,0.7,0.7,0.4,0.4,0.4,0.4,0.4,448.6,1.264,567.0
2311,2.0,2.0,2.0,2.0,2.0,1.0,1.0,1.0,1.0,1.0,1.0,1.0,1.0,1.0,1.0,0.7,0.7,0.7,0.7,0.7,0.5,0.5,0.5,0.5,0.5,424.2,1.189,504.4
2312,2.0,2.0,2.0,2.0,2.0,1.0,1.0,1.0,1.0,1.0,1.0,1.0,1.0,1.0,1.0,0.7,0.7,0.7,0.7,0.7,0.6,0.6,0.6,0.6,0.6,404.7,1.121,453.7
2313,2.0,2.0,2.0,2.0,2.0,1.0,1.0,1.0,1.0,1.0,1.0,1.0,1.0,1.0,1.0,0.7,0.7,0.7,0.7,0.7,0.7,0.7,0.7,0.7,0.7,391.1,1.157,452.4
2314,2.0,2.0,2.0,2.0,2.0,1.0,1.0,1.0,1.0,1.0,1.0,1.0,1.0,1.0,1.0,0.8,0.8,0.8,0.8,0.8,0.2,0.2,0.2,0.2,0.2,501.1,1.339,670.8
2315,2.0,2.0,2.0,2.0,2.0,1.0,1.0,1.0,1.0,1.0,1.0,1.0,1.0,1.0,1.0,0.8,0.8,0.8,0.8,0.8,0.3,0.3,0.3,0.3,0.3,468.2,1.264,591.9
2316,2.0,2.0,2.0,2.0,2.0,1.0,1.0,1.0,1.0,1.0,1.0,1.0,1.0,1.0,1.0,0.8,0.8,0.8,0.8,0.8,0.4,0.4,0.4,0.4,0.4,438.9,1.19,522.1
2317,2.0,2.0,2.0,2.0,2.0,1.0,1.0,1.0,1.0,1.0,1.0,1.0,1.0,1.0,1.0,0.8,0.8,0.8,0.8,0.8,0.5,0.5,0.5,0.5,0.5,413.8,1.121,463.9
2318,2.0,2.0,2.0,2.0,2.0,1.0,1.0,1.0,1.0,1.0,1.0,1.0,1.0,1.0,1.0,0.8,0.8,0.8,0.8,0.8,0.6,0.6,0.6,0.6,0.6,393.9,1.158,456.2
2319,2.0,2.0,2.0,2.0,2.0,1.0,1.0,1.0,1.0,1.0,1.0,1.0,1.0,1.0,1.0,0.8,0.8,0.8,0.8,0.8,0.7,0.7,0.7,0.7,0.7,379.9,1.266,481.0
2320,2.0,2.0,2.0,2.0,2.0,1.0,1.0,1.0,1.0,1.0,1.0,1.0,1.0,1.0,1.0,0.8,0.8,0.8,0.8,0.8,0.8,0.8,0.8,0.8,0.8,372.4,1.378,513.2
2321,2.0,2.0,2.0,2.0,2.0,1.0,1.0,1.0,1.0,1.0,1.0,1.0,1.0,1.0,1.0,0.9,0.9,0.9,0.9,0.9,0.2,0.2,0.2,0.2,0.2,497.5,1.265,629.2
2322,2.0,2.0,2.0,2.0,2.0,1.0,1.0,1.0,1.0,1.0,1.0,1.0,1.0,1.0,1.0,0.9,0.9,0.9,0.9,0.9,0.3,0.3,0.3,0.3,0.3,464.4,1.19,552.7
2323,2.0,2.0,2.0,2.0,2.0,1.0,1.0,1.0,1.0,1.0,1.0,1.0,1.0,1.0,1.0,0.9,0.9,0.9,0.9,0.9,0.4,0.4,0.4,0.4,0.4,434.8,1.121,487.4
2324,2.0,2.0,2.0,2.0,2.0,1.0,1.0,1.0,1.0,1.0,1.0,1.0,1.0,1.0,1.0,0.9,0.9,0.9,0.9,0.9,0.5,0.5,0.5,0.5,0.5,409.5,1.16,474.9
2325,2.0,2.0,2.0,2.0,2.0,1.0,1.0,1.0,1.0,1.0,1.0,1.0,1.0,1.0,1.0,0.9,0.9,0.9,0.9,0.9,0.6,0.6,0.6,0.6,0.6,389.4,1.266,492.8
2326,2.0,2.0,2.0,2.0,2.0,1.0,1.0,1.0,1.0,1.0,1.0,1.0,1.0,1.0,1.0,0.9,0.9,0.9,0.9,0.9,0.7,0.7,0.7,0.7,0.7,375.2,1.377,516.8
2327,2.0,2.0,2.0,2.0,2.0,1.0,1.0,1.0,1.0,1.0,1.0,1.0,1.0,1.0,1.0,0.9,0.9,0.9,0.9,0.9,0.8,0.8,0.8,0.8,0.8,367.6,1.489,547.5
2328,2.0,2.0,2.0,2.0,2.0,1.0,1.0,1.0,1.0,1.0,1.0,1.0,1.0,1.0,1.0,0.9,0.9,0.9,0.9,0.9,0.9,0.9,0.9,0.9,0.9,367.2,1.601,587.8
2329,2.0,2.0,2.0,2.0,2.0,1.0,1.0,1.0,1.0,1.0,1.0,1.0,1.0,1.0,1.0,1.0,1.0,1.0,1.0,1.0,0.2,0.2,0.2,0.2,0.2,499.1,1.19,594.1
2330,2.0,2.0,2.0,2.0,2.0,1.0,1.0,1.0,1.0,1.0,1.0,1.0,1.0,1.0,1.0,1.0,1.0,1.0,1.0,1.0,0.3,0.3,0.3,0.3,0.3,466.1,1.121,522.5
2331,2.0,2.0,2.0,2.0,2.0,1.0,1.0,1.0,1.0,1.0,1.0,1.0,1.0,1.0,1.0,1.0,1.0,1.0,1.0,1.0,0.4,0.4,0.4,0.4,0.4,436.6,1.161,506.9
2332,2.0,2.0,2.0,2.0,2.0,1.0,1.0,1.0,1.0,1.0,1.0,1.0,1.0,1.0,1.0,1.0,1.0,1.0,1.0,1.0,0.5,0.5,0.5,0.5,0.5,411.4,1.265,520.5
2333,2.0,2.0,2.0,2.0,2.0,1.0,1.0,1.0,1.0,1.0,1.0,1.0,1.0,1.0,1.0,1.0,1.0,1.0,1.0,1.0,0.6,0.6,0.6,0.6,0.6,391.4,1.377,538.9
2334,2.0,2.0,2.0,2.0,2.0,1.0,1.0,1.0,1.0,1.0,1.0,1.0,1.0,1.0,1.0,1.0,1.0,1.0,1.0,1.0,0.7,0.7,0.7,0.7,0.7,377.2,1.489,561.6
2335,2.0,2.0,2.0,2.0,2.0,1.0,1.0,1.0,1.0,1.0,1.0,1.0,1.0,1.0,1.0,1.0,1.0,1.0,1.0,1.0,0.8,0.8,0.8,0.8,0.8,369.7,1.6,591.8
2336,2.0,2.0,2.0,2.0,2.0,1.0,1.0,1.0,1.0,1.0,1.0,1.0,1.0,1.0,1.0,1.0,1.0,1.0,1.0,1.0,0.9,0.9,0.9,0.9,0.9,369.3,1.712,632.3
2337,2.0,2.0,2.0,2.0,2.0,1.0,1.0,1.0,1.0,1.0,1.0,1.0,1.0,1.0,1.0,1.0,1.0,1.0,1.0,1.0,1.0,1.0,1.0,1.0,1.0,375.8,1.824,685.6
2338,2.0,2.0,2.0,2.0,2.0,1.1,1.1,1.1,1.1,1.1,1.0,1.0,1.0,1.0,1.0,0.2,0.2,0.2,0.2,0.2,0.2,0.2,0.2,0.2,0.2,614.8,1.869,1148.9
2339,2.0,2.0,2.0,2.0,2.0,1.1,1.1,1.1,1.1,1.1,1.0,1.0,1.0,1.0,1.0,0.3,0.3,0.3,0.3,0.3,0.2,0.2,0.2,0.2,0.2,586.4,1.757,1030.5
2340,2.0,2.0,2.0,2.0,2.0,1.1,1.1,1.1,1.1,1.1,1.0,1.0,1.0,1.0,1.0,0.3,0.3,0.3,0.3,0.3,0.3,0.3,0.3,0.3,0.3,558.6,1.646,919.2
2341,2.0,2.0,2.0,2.0,2.0,1.1,1.1,1.1,1.1,1.1,1.0,1.0,1.0,1.0,1.0,0.4,0.4,0.4,0.4,0.4,0.2,0.2,0.2,0.2,0.2,561.1,1.646,923.6
2342,2.0,2.0,2.0,2.0,2.0,1.1,1.1,1.1,1.1,1.1,1.0,1.0,1.0,1.0,1.0,0.4,0.4,0.4,0.4,0.4,0.3,0.3,0.3,0.3,0.3,531.9,1.534,816.1
2343,2.0,2.0,2.0,2.0,2.0,1.1,1.1,1.1,1.1,1.1,1.0,1.0,1.0,1.0,1.0,0.4,0.4,0.4,0.4,0.4,0.4,0.4,0.4,0.4,0.4,506.3,1.436,727.2
2344,2.0,2.0,2.0,2.0,2.0,1.1,1.1,1.1,1.1,1.1,1.0,1.0,1.0,1.0,1.0,0.5,0.5,0.5,0.5,0.5,0.2,0.2,0.2,0.2,0.2,539.3,1.535,827.7
2345,2.0,2.0,2.0,2.0,2.0,1.1,1.1,1.1,1.1,1.1,1.0,1.0,1.0,1.0,1.0,0.5,0.5,0.5,0.5,0.5,0.3,0.3,0.3,0.3,0.3,508.9,1.437,731.1
2346,2.0,2.0,2.0,2.0,2.0,1.1,1.1,1.1,1.1,1.1,1.0,1.0,1.0,1.0,1.0,0.5,0.5,0.5,0.5,0.5,0.4,0.4,0.4,0.4,0.4,482.1,1.362,656.6
2347,2.0,2.0,2.0,2.0,2.0,1.1,1.1,1.1,1.1,1.1,1.0,1.0,1.0,1.0,1.0,0.5,0.5,0.5,0.5,0.5,0.5,0.5,0.5,0.5,0.5,459.4,1.287,591.5
2348,2.0,2.0,2.0,2.0,2.0,1.1,1.1,1.1,1.1,1.1,1.0,1.0,1.0,1.0,1.0,0.6,0.6,0.6,0.6,0.6,0.2,0.2,0.2,0.2,0.2,521.5,1.437,749.5
2349,2.0,2.0,2.0,2.0,2.0,1.1,1.1,1.1,1.1,1.1,1.0,1.0,1.0,1.0,1.0,0.6,0.6,0.6,0.6,0.6,0.3,0.3,0.3,0.3,0.3,490.0,1.362,667.7
2350,2.0,2.0,2.0,2.0,2.0,1.1,1.1,1.1,1.1,1.1,1.0,1.0,1.0,1.0,1.0,0.6,0.6,0.6,0.6,0.6,0.4,0.4,0.4,0.4,0.4,462.1,1.288,595.2
2351,2.0,2.0,2.0,2.0,2.0,1.1,1.1,1.1,1.1,1.1,1.0,1.0,1.0,1.0,1.0,0.6,0.6,0.6,0.6,0.6,0.5,0.5,0.5,0.5,0.5,438.4,1.213,531.9
2352,2.0,2.0,2.0,2.0,2.0,1.1,1.1,1.1,1.1,1.1,1.0,1.0,1.0,1.0,1.0,0.6,0.6,0.6,0.6,0.6,0.6,0.6,0.6,0.6,0.6,419.6,1.139,477.9
2353,2.0,2.0,2.0,2.0,2.0,1.1,1.1,1.1,1.1,1.1,1.0,1.0,1.0,1.0,1.0,0.7,0.7,0.7,0.7,0.7,0.2,0.2,0.2,0.2,0.2,508.2,1.363,692.6
2354,2.0,2.0,2.0,2.0,2.0,1.1,1.1,1.1,1.1,1.1,1.0,1.0,1.0,1.0,1.0,0.7,0.7,0.7,0.7,0.7,0.3,0.3,0.3,0.3,0.3,475.8,1.288,613.0
2355,2.0,2.0,2.0,2.0,2.0,1.1,1.1,1.1,1.1,1.1,1.0,1.0,1.0,1.0,1.0,0.7,0.7,0.7,0.7,0.7,0.4,0.4,0.4,0.4,0.4,447.0,1.214,542.5
2356,2.0,2.0,2.0,2.0,2.0,1.1,1.1,1.1,1.1,1.1,1.0,1.0,1.0,1.0,1.0,0.7,0.7,0.7,0.7,0.7,0.5,0.5,0.5,0.5,0.5,422.4,1.139,481.2
2357,2.0,2.0,2.0,2.0,2.0,1.1,1.1,1.1,1.1,1.1,1.0,1.0,1.0,1.0,1.0,0.7,0.7,0.7,0.7,0.7,0.6,0.6,0.6,0.6,0.6,402.9,1.15,463.5
2358,2.0,2.0,2.0,2.0,2.0,1.1,1.1,1.1,1.1,1.1,1.0,1.0,1.0,1.0,1.0,0.7,0.7,0.7,0.7,0.7,0.7,0.7,0.7,0.7,0.7,389.2,1.247,485.3
2359,2.0,2.0,2.0,2.0,2.0,1.1,1.1,1.1,1.1,1.1,1.0,1.0,1.0,1.0,1.0,0.8,0.8,0.8,0.8,0.8,0.2,0.2,0.2,0.2,0.2,499.6,1.289,643.8
2360,2.0,2.0,2.0,2.0,2.0,1.1,1.1,1.1,1.1,1.1,1.0,1.0,1.0,1.0,1.0,0.8,0.8,0.8,0.8,0.8,0.3,0.3,0.3,0.3,0.3,466.6,1.214,566.5
2361,2.0,2.0,2.0,2.0,2.0,1.1,1.1,1.1,1.1,1.1,1.0,1.0,1.0,1.0,1.0,0.8,0.8,0.8,0.8,0.8,0.4,0.4,0.4,0.4,0.4,437.2,1.14,498.2
2362,2.0,2.0,2.0,2.0,2.0,1.1,1.1,1.1,1.1,1.1,1.0,1.0,1.0,1.0,1.0,0.8,0.8,0.8,0.8,0.8,0.5,0.5,0.5,0.5,0.5,412.1,1.152,474.7
2363,2.0,2.0,2.0,2.0,2.0,1.1,1.1,1.1,1.1,1.1,1.0,1.0,1.0,1.0,1.0,0.8,0.8,0.8,0.8,0.8,0.6,0.6,0.6,0.6,0.6,392.0,1.246,488.6
2364,2.0,2.0,2.0,2.0,2.0,1.1,1.1,1.1,1.1,1.1,1.0,1.0,1.0,1.0,1.0,0.8,0.8,0.8,0.8,0.8,0.7,0.7,0.7,0.7,0.7,377.9,1.358,513.3
2365,2.0,2.0,2.0,2.0,2.0,1.1,1.1,1.1,1.1,1.1,1.0,1.0,1.0,1.0,1.0,0.8,0.8,0.8,0.8,0.8,0.8,0.8,0.8,0.8,0.8,370.5,1.47,544.5
2366,2.0,2.0,2.0,2.0,2.0,1.1,1.1,1.1,1.1,1.1,1.0,1.0,1.0,1.0,1.0,0.9,0.9,0.9,0.9,0.9,0.2,0.2,0.2,0.2,0.2,496.0,1.215,602.4
2367,2.0,2.0,2.0,2.0,2.0,1.1,1.1,1.1,1.1,1.1,1.0,1.0,1.0,1.0,1.0,0.9,0.9,0.9,0.9,0.9,0.3,0.3,0.3,0.3,0.3,462.8,1.14,527.6
2368,2.0,2.0,2.0,2.0,2.0,1.1,1.1,1.1,1.1,1.1,1.0,1.0,1.0,1.0,1.0,0.9,0.9,0.9,0.9,0.9,0.4,0.4,0.4,0.4,0.4,433.1,1.153,499.6
2369,2.0,2.0,2.0,2.0,2.0,1.1,1.1,1.1,1.1,1.1,1.0,1.0,1.0,1.0,1.0,0.9,0.9,0.9,0.9,0.9,0.5,0.5,0.5,0.5,0.5,407.7,1.246,507.9
2370,2.0,2.0,2.0,2.0,2.0,1.1,1.1,1.1,1.1,1.1,1.0,1.0,1.0,1.0,1.0,0.9,0.9,0.9,0.9,0.9,0.6,0.6,0.6,0.6,0.6,387.5,1.358,526.0
2371,2.0,2.0,2.0,2.0,2.0,1.1,1.1,1.1,1.1,1.1,1.0,1.0,1.0,1.0,1.0,0.9,0.9,0.9,0.9,0.9,0.7,0.7,0.7,0.7,0.7,373.2,1.469,548.4
2372,2.0,2.0,2.0,2.0,2.0,1.1,1.1,1.1,1.1,1.1,1.0,1.0,1.0,1.0,1.0,0.9,0.9,0.9,0.9,0.9,0.8,0.8,0.8,0.8,0.8,365.6,1.581,578.1
2373,2.0,2.0,2.0,2.0,2.0,1.1,1.1,1.1,1.1,1.1,1.0,1.0,1.0,1.0,1.0,0.9,0.9,0.9,0.9,0.9,0.9,0.9,0.9,0.9,0.9,365.1,1.693,618.2
2374,2.0,2.0,2.0,2.0,2.0,1.1,1.1,1.1,1.1,1.1,1.0,1.0,1.0,1.0,1.0,1.0,1.0,1.0,1.0,1.0,0.2,0.2,0.2,0.2,0.2,497.6,1.14,567.4
2375,2.0,2.0,2.0,2.0,2.0,1.1,1.1,1.1,1.1,1.1,1.0,1.0,1.0,1.0,1.0,1.0,1.0,1.0,1.0,1.0,0.3,0.3,0.3,0.3,0.3,464.5,1.155,536.4
2376,2.0,2.0,2.0,2.0,2.0,1.1,1.1,1.1,1.1,1.1,1.0,1.0,1.0,1.0,1.0,1.0,1.0,1.0,1.0,1.0,0.4,0.4,0.4,0.4,0.4,434.9,1.245,541.5
2377,2.0,2.0,2.0,2.0,2.0,1.1,1.1,1.1,1.1,1.1,1.0,1.0,1.0,1.0,1.0,1.0,1.0,1.0,1.0,1.0,0.5,0.5,0.5,0.5,0.5,409.6,1.357,555.9
2378,2.0,2.0,2.0,2.0,2.0,1.1,1.1,1.1,1.1,1.1,1.0,1.0,1.0,1.0,1.0,1.0,1.0,1.0,1.0,1.0,0.6,0.6,0.6,0.6,0.6,389.5,1.469,572.1
2379,2.0,2.0,2.0,2.0,2.0,1.1,1.1,1.1,1.1,1.1,1.0,1.0,1.0,1.0,1.0,1.0,1.0,1.0,1.0,1.0,0.7,0.7,0.7,0.7,0.7,375.3,1.581,593.2
2380,2.0,2.0,2.0,2.0,2.0,1.1,1.1,1.1,1.1,1.1,1.0,1.0,1.0,1.0,1.0,1.0,1.0,1.0,1.0,1.0,0.8,0.8,0.8,0.8,0.8,367.7,1.692,622.4
2381,2.0,2.0,2.0,2.0,2.0,1.1,1.1,1.1,1.1,1.1,1.0,1.0,1.0,1.0,1.0,1.0,1.0,1.0,1.0,1.0,0.9,0.9,0.9,0.9,0.9,367.3,1.804,662.6
2382,2.0,2.0,2.0,2.0,2.0,1.2,1.2,1.2,1.2,1.2,1.0,1.0,1.0,1.0,1.0,0.2,0.2,0.2,0.2,0.2,0.2,0.2,0.2,0.2,0.2,616.5,1.777,1095.3
2383,2.0,2.0,2.0,2.0,2.0,1.2,1.2,1.2,1.2,1.2,1.0,1.0,1.0,1.0,1.0,0.3,0.3,0.3,0.3,0.3,0.2,0.2,0.2,0.2,0.2,588.1,1.665,979.5
2384,2.0,2.0,2.0,2.0,2.0,1.2,1.2,1.2,1.2,1.2,1.0,1.0,1.0,1.0,1.0,0.3,0.3,0.3,0.3,0.3,0.3,0.3,0.3,0.3,0.3,560.4,1.554,870.7
2385,2.0,2.0,2.0,2.0,2.0,1.2,1.2,1.2,1.2,1.2,1.0,1.0,1.0,1.0,1.0,0.4,0.4,0.4,0.4,0.4,0.2,0.2,0.2,0.2,0.2,562.9,1.554,874.8
2386,2.0,2.0,2.0,2.0,2.0,1.2,1.2,1.2,1.2,1.2,1.0,1.0,1.0,1.0,1.0,0.4,0.4,0.4,0.4,0.4,0.3,0.3,0.3,0.3,0.3,533.8,1.461,779.8
2387,2.0,2.0,2.0,2.0,2.0,1.2,1.2,1.2,1.2,1.2,1.0,1.0,1.0,1.0,1.0,0.4,0.4,0.4,0.4,0.4,0.4,0.4,0.4,0.4,0.4,508.3,1.386,704.6
2388,2.0,2.0,2.0,2.0,2.0,1.2,1.2,1.2,1.2,1.2,1.0,1.0,1.0,1.0,1.0,0.5,0.5,0.5,0.5,0.5,0.2,0.2,0.2,0.2,0.2,541.2,1.461,790.8
2389,2.0,2.0,2.0,2.0,2.0,1.2,1.2,1.2,1.2,1.2,1.0,1.0,1.0,1.0,1.0,0.5,0.5,0.5,0.5,0.5,0.3,0.3,0.3,0.3,0.3,510.9,1.387,708.4
2390,2.0,2.0,2.0,2.0,2.0,1.2,1.2,1.2,1.2,1.2,1.0,1.0,1.0,1.0,1.0,0.5,0.5,0.5,0.5,0.5,0.4,0.4,0.4,0.4,0.4,484.2,1.312,635.2
2391,2.0,2.0,2.0,2.0,2.0,1.2,1.2,1.2,1.2,1.2,1.0,1.0,1.0,1.0,1.0,0.5,0.5,0.5,0.5,0.5,0.5,0.5,0.5,0.5,0.5,461.6,1.237,571.2
2392,2.0,2.0,2.0,2.0,2.0,1.2,1.2,1.2,1.2,1.2,1.0,1.0,1.0,1.0,1.0,0.6,0.6,0.6,0.6,0.6,0.2,0.2,0.2,0.2,0.2,523.5,1.387,726.1
2393,2.0,2.0,2.0,2.0,2.0,1.2,1.2,1.2,1.2,1.2,1.0,1.0,1.0,1.0,1.0,0.6,0.6,0.6,0.6,0.6,0.3,0.3,0.3,0.3,0.3,492.1,1.312,645.9
2394,2.0,2.0,2.0,2.0,2.0,1.2,1.2,1.2,1.2,1.2,1.0,1.0,1.0,1.0,1.0,0.6,0.6,0.6,0.6,0.6,0.4,0.4,0.4,0.4,0.4,464.3,1.238,574.7
2395,2.0,2.0,2.0,2.0,2.0,1.2,1.2,1.2,1.2,1.2,1.0,1.0,1.0,1.0,1.0,0.6,0.6,0.6,0.6,0.6,0.5,0.5,0.5,0.5,0.5,440.7,1.163,512.7
2396,2.0,2.0,2.0,2.0,2.0,1.2,1.2,1.2,1.2,1.2,1.0,1.0,1.0,1.0,1.0,0.6,0.6,0.6,0.6,0.6,0.6,0.6,0.6,0.6,0.6,422.1,1.143,482.3
2397,2.0,2.0,2.0,2.0,2.0,1.2,1.2,1.2,1.2,1.2,1.0,1.0,1.0,1.0,1.0,0.7,0.7,0.7,0.7,0.7,0.2,0.2,0.2,0.2,0.2,510.2,1.313,669.8
2398,2.0,2.0,2.0,2.0,2.0,1.2,1.2,1.2,1.2,1.2,1.0,1.0,1.0,1.0,1.0,0.7,0.7,0.7,0.7,0.7,0.3,0.3,0.3,0.3,0.3,477.9,1.238,591.8
2399,2.0,2.0,2.0,2.0,2.0,1.2,1.2,1.2,1.2,1.2,1.0,1.0,1.0,1.0,1.0,0.7,0.7,0.7,0.7,0.7,0.4,0.4,0.4,0.4,0.4,449.3,1.164,522.8
2400,2.0,2.0,2.0,2.0,2.0,1.2,1.2,1.2,1.2,1.2,1.0,1.0,1.0,1.0,1.0,0.7,0.7,0.7,0.7,0.7,0.5,0.5,0.5,0.5,0.5,424.8,1.144,486.1
2401,2.0,2.0,2.0,2.0,2.0,1.2,1.2,1.2,1.2,1.2,1.0,1.0,1.0,1.0,1.0,0.7,0.7,0.7,0.7,0.7,0.6,0.6,0.6,0.6,0.6,405.4,1.227,497.4
2402,2.0,2.0,2.0,2.0,2.0,1.2,1.2,1.2,1.2,1.2,1.0,1.0,1.0,1.0,1.0,0.7,0.7,0.7,0.7,0.7,0.7,0.7,0.7,0.7,0.7,391.8,1.339,524.5
2403,2.0,2.0,2.0,2.0,2.0,1.2,1.2,1.2,1.2,1.2,1.0,1.0,1.0,1.0,1.0,0.8,0.8,0.8,0.8,0.8,0.2,0.2,0.2,0.2,0.2,501.6,1.239,621.3
2404,2.0,2.0,2.0,2.0,2.0,1.2,1.2,1.2,1.2,1.2,1.0,1.0,1.0,1.0,1.0,0.8,0.8,0.8,0.8,0.8,0.3,0.3,0.3,0.3,0.3,468.8,1.164,545.7
2405,2.0,2.0,2.0,2.0,2.0,1.2,1.2,1.2,1.2,1.2,1.0,1.0,1.0,1.0,1.0,0.8,0.8,0.8,0.8,0.8,0.4,0.4,0.4,0.4,0.4,439.5,1.146,503.6
2406,2.0,2.0,2.0,2.0,2.0,1.2,1.2,1.2,1.2,1.2,1.0,1.0,1.0,1.0,1.0,0.8,0.8,0.8,0.8,0.8,0.5,0.5,0.5,0.5,0.5,414.5,1.226,508.4
2407,2.0,2.0,2.0,2.0,2.0,1.2,1.2,1.2,1.2,1.2,1.0,1.0,1.0,1.0,1.0,0.8,0.8,0.8,0.8,0.8,0.6,0.6,0.6,0.6,0.6,394.6,1.338,528.1
2408,2.0,2.0,2.0,2.0,2.0,1.2,1.2,1.2,1.2,1.2,1.0,1.0,1.0,1.0,1.0,0.8,0.8,0.8,0.8,0.8,0.7,0.7,0.7,0.7,0.7,380.6,1.45,551.9
2409,2.0,2.0,2.0,2.0,2.0,1.2,1.2,1.2,1.2,1.2,1.0,1.0,1.0,1.0,1.0,0.8,0.8,0.8,0.8,0.8,0.8,0.8,0.8,0.8,0.8,373.2,1.562,582.8
2410,2.0,2.0,2.0,2.0,2.0,1.2,1.2,1.2,1.2,1.2,1.0,1.0,1.0,1.0,1.0,0.9,0.9,0.9,0.9,0.9,0.2,0.2,0.2,0.2,0.2,498.1,1.164,580.0
2411,2.0,2.0,2.0,2.0,2.0,1.2,1.2,1.2,1.2,1.2,1.0,1.0,1.0,1.0,1.0,0.9,0.9,0.9,0.9,0.9,0.3,0.3,0.3,0.3,0.3,465.0,1.147,533.4
2412,2.0,2.0,2.0,2.0,2.0,1.2,1.2,1.2,1.2,1.2,1.0,1.0,1.0,1.0,1.0,0.9,0.9,0.9,0.9,0.9,0.4,0.4,0.4,0.4,0.4,435.5,1.226,533.8
2413,2.0,2.0,2.0,2.0,2.0,1.2,1.2,1.2,1.2,1.2,1.0,1.0,1.0,1.0,1.0,0.9,0.9,0.9,0.9,0.9,0.5,0.5,0.5,0.5,0.5,410.2,1.338,548.7
2414,2.0,2.0,2.0,2.0,2.0,1.2,1.2,1.2,1.2,1.2,1.0,1.0,1.0,1.0,1.0,0.9,0.9,0.9,0.9,0.9,0.6,0.6,0.6,0.6,0.6,390.1,1.449,565.4
2415,2.0,2.0,2.0,2.0,2.0,1.2,1.2,1.2,1.2,1.2,1.0,1.0,1.0,1.0,1.0,0.9,0.9,0.9,0.9,0.9,0.7,0.7,0.7,0.7,0.7,375.9,1.561,586.9
2416,2.0,2.0,2.0,2.0,2.0,1.2,1.2,1.2,1.2,1.2,1.0,1.0,1.0,1.0,1.0,0.9,0.9,0.9,0.9,0.9,0.8,0.8,0.8,0.8,0.8,368.4,1.673,616.4
2417,2.0,2.0,2.0,2.0,2.0,1.2,1.2,1.2,1.2,1.2,1.0,1.0,1.0,1.0,1.0,1.0,1.0,1.0,1.0,1.0,0.2,0.2,0.2,0.2,0.2,499.6,1.149,573.9
2418,2.0,2.0,2.0,2.0,2.0,1.2,1.2,1.2,1.2,1.2,1.0,1.0,1.0,1.0,1.0,1.0,1.0,1.0,1.0,1.0,0.3,0.3,0.3,0.3,0.3,466.7,1.225,571.8
2419,2.0,2.0,2.0,2.0,2.0,1.2,1.2,1.2,1.2,1.2,1.0,1.0,1.0,1.0,1.0,1.0,1.0,1.0,1.0,1.0,0.4,0.4,0.4,0.4,0.4,437.2,1.337,584.6
2420,2.0,2.0,2.0,2.0,2.0,1.2,1.2,1.2,1.2,1.2,1.0,1.0,1.0,1.0,1.0,1.0,1.0,1.0,1.0,1.0,0.5,0.5,0.5,0.5,0.5,412.1,1.449,597.1
2421,2.0,2.0,2.0,2.0,2.0,1.2,1.2,1.2,1.2,1.2,1.0,1.0,1.0,1.0,1.0,1.0,1.0,1.0,1.0,1.0,0.6,0.6,0.6,0.6,0.6,392.1,1.561,611.9
2422,2.0,2.0,2.0,2.0,2.0,1.2,1.2,1.2,1.2,1.2,1.0,1.0,1.0,1.0,1.0,1.0,1.0,1.0,1.0,1.0,0.7,0.7,0.7,0.7,0.7,378.0,1.673,632.2
2423,2.0,2.0,2.0,2.0,2.0,1.2,1.2,1.2,1.2,1.2,1.0,1.0,1.0,1.0,1.0,1.0,1.0,1.0,1.0,1.0,0.8,0.8,0.8,0.8,0.8,370.5,1.784,661.1
2424,2.0,2.0,2.0,2.0,2.0,1.3,1.3,1.3,1.3,1.3,1.0,1.0,1.0,1.0,1.0,0.2,0.2,0.2,0.2,0.2,0.2,0.2,0.2,0.2,0.2,621.0,1.685,1046.2
2425,2.0,2.0,2.0,2.0,2.0,1.3,1.3,1.3,1.3,1.3,1.0,1.0,1.0,1.0,1.0,0.3,0.3,0.3,0.3,0.3,0.2,0.2,0.2,0.2,0.2,592.8,1.574,932.8
2426,2.0,2.0,2.0,2.0,2.0,1.3,1.3,1.3,1.3,1.3,1.0,1.0,1.0,1.0,1.0,0.3,0.3,0.3,0.3,0.3,0.3,0.3,0.3,0.3,0.3,565.3,1.485,839.4
2427,2.0,2.0,2.0,2.0,2.0,1.3,1.3,1.3,1.3,1.3,1.0,1.0,1.0,1.0,1.0,0.4,0.4,0.4,0.4,0.4,0.2,0.2,0.2,0.2,0.2,567.8,1.485,843.3
2428,2.0,2.0,2.0,2.0,2.0,1.3,1.3,1.3,1.3,1.3,1.0,1.0,1.0,1.0,1.0,0.4,0.4,0.4,0.4,0.4,0.3,0.3,0.3,0.3,0.3,539.0,1.411,760.4
2429,2.0,2.0,2.0,2.0,2.0,1.3,1.3,1.3,1.3,1.3,1.0,1.0,1.0,1.0,1.0,0.4,0.4,0.4,0.4,0.4,0.4,0.4,0.4,0.4,0.4,513.8,1.336,686.4
2430,2.0,2.0,2.0,2.0,2.0,1.3,1.3,1.3,1.3,1.3,1.0,1.0,1.0,1.0,1.0,0.5,0.5,0.5,0.5,0.5,0.2,0.2,0.2,0.2,0.2,546.3,1.411,770.9
2431,2.0,2.0,2.0,2.0,2.0,1.3,1.3,1.3,1.3,1.3,1.0,1.0,1.0,1.0,1.0,0.5,0.5,0.5,0.5,0.5,0.3,0.3,0.3,0.3,0.3,516.3,1.336,690.0
2432,2.0,2.0,2.0,2.0,2.0,1.3,1.3,1.3,1.3,1.3,1.0,1.0,1.0,1.0,1.0,0.5,0.5,0.5,0.5,0.5,0.4,0.4,0.4,0.4,0.4,489.9,1.262,618.2
2433,2.0,2.0,2.0,2.0,2.0,1.3,1.3,1.3,1.3,1.3,1.0,1.0,1.0,1.0,1.0,0.5,0.5,0.5,0.5,0.5,0.5,0.5,0.5,0.5,0.5,467.6,1.187,555.2
2434,2.0,2.0,2.0,2.0,2.0,1.3,1.3,1.3,1.3,1.3,1.0,1.0,1.0,1.0,1.0,0.6,0.6,0.6,0.6,0.6,0.2,0.2,0.2,0.2,0.2,528.8,1.337,706.9
2435,2.0,2.0,2.0,2.0,2.0,1.3,1.3,1.3,1.3,1.3,1.0,1.0,1.0,1.0,1.0,0.6,0.6,0.6,0.6,0.6,0.3,0.3,0.3,0.3,0.3,497.7,1.262,628.3
2436,2.0,2.0,2.0,2.0,2.0,1.3,1.3,1.3,1.3,1.3,1.0,1.0,1.0,1.0,1.0,0.6,0.6,0.6,0.6,0.6,0.4,0.4,0.4,0.4,0.4,470.3,1.188,558.5
2437,2.0,2.0,2.0,2.0,2.0,1.3,1.3,1.3,1.3,1.3,1.0,1.0,1.0,1.0,1.0,0.6,0.6,0.6,0.6,0.6,0.5,0.5,0.5,0.5,0.5,447.0,1.148,513.1
2438,2.0,2.0,2.0,2.0,2.0,1.3,1.3,1.3,1.3,1.3,1.0,1.0,1.0,1.0,1.0,0.6,0.6,0.6,0.6,0.6,0.6,0.6,0.6,0.6,0.6,428.6,1.208,517.5
2439,2.0,2.0,2.0,2.0,2.0,1.3,1.3,1.3,1.3,1.3,1.0,1.0,1.0,1.0,1.0,0.7,0.7,0.7,0.7,0.7,0.2,0.2,0.2,0.2,0.2,515.6,1.263,651.0
2440,2.0,2.0,2.0,2.0,2.0,1.3,1.3,1.3,1.3,1.3,1.0,1.0,1.0,1.0,1.0,0.7,0.7,0.7,0.7,0.7,0.3,0.3,0.3,0.3,0.3,483.7,1.188,574.7
2441,2.0,2.0,2.0,2.0,2.0,1.3,1.3,1.3,1.3,1.3,1.0,1.0,1.0,1.0,1.0,0.7,0.7,0.7,0.7,0.7,0.4,0.4,0.4,0.4,0.4,455.4,1.149,523.3
2442,2.0,2.0,2.0,2.0,2.0,1.3,1.3,1.3,1.3,1.3,1.0,1.0,1.0,1.0,1.0,0.7,0.7,0.7,0.7,0.7,0.5,0.5,0.5,0.5,0.5,431.3,1.207,520.6
2443,2.0,2.0,2.0,2.0,2.0,1.3,1.3,1.3,1.3,1.3,1.0,1.0,1.0,1.0,1.0,0.7,0.7,0.7,0.7,0.7,0.6,0.6,0.6,0.6,0.6,412.2,1.319,543.6
2444,2.0,2.0,2.0,2.0,2.0,1.3,1.3,1.3,1.3,1.3,1.0,1.0,1.0,1.0,1.0,0.7,0.7,0.7,0.7,0.7,0.7,0.7,0.7,0.7,0.7,398.9,1.431,570.6
2445,2.0,2.0,2.0,2.0,2.0,1.3,1.3,1.3,1.3,1.3,1.0,1.0,1.0,1.0,1.0,0.8,0.8,0.8,0.8,0.8,0.2,0.2,0.2,0.2,0.2,507.1,1.189,602.7
2446,2.0,2.0,2.0,2.0,2.0,1.3,1.3,1.3,1.3,1.3,1.0,1.0,1.0,1.0,1.0,0.8,0.8,0.8,0.8,0.8,0.3,0.3,0.3,0.3,0.3,474.7,1.15,546.1
2447,2.0,2.0,2.0,2.0,2.0,1.3,1.3,1.3,1.3,1.3,1.0,1.0,1.0,1.0,1.0,0.8,0.8,0.8,0.8,0.8,0.4,0.4,0.4,0.4,0.4,445.8,1.206,537.8
2448,2.0,2.0,2.0,2.0,2.0,1.3,1.3,1.3,1.3,1.3,1.0,1.0,1.0,1.0,1.0,0.8,0.8,0.8,0.8,0.8,0.5,0.5,0.5,0.5,0.5,421.2,1.318,555.2
2449,2.0,2.0,2.0,2.0,2.0,1.3,1.3,1.3,1.3,1.3,1.0,1.0,1.0,1.0,1.0,0.8,0.8,0.8,0.8,0.8,0.6,0.6,0.6,0.6,0.6,401.6,1.43,574.3
2450,2.0,2.0,2.0,2.0,2.0,1.3,1.3,1.3,1.3,1.3,1.0,1.0,1.0,1.0,1.0,0.8,0.8,0.8,0.8,0.8,0.7,0.7,0.7,0.7,0.7,387.9,1.542,598.0
2451,2.0,2.0,2.0,2.0,2.0,1.3,1.3,1.3,1.3,1.3,1.0,1.0,1.0,1.0,1.0,0.8,0.8,0.8,0.8,0.8,0.8,0.8,0.8,0.8,0.8,380.6,1.654,629.3
2452,2.0,2.0,2.0,2.0,2.0,1.3,1.3,1.3,1.3,1.3,1.0,1.0,1.0,1.0,1.0,0.9,0.9,0.9,0.9,0.9,0.2,0.2,0.2,0.2,0.2,503.6,1.152,580.0
2453,2.0,2.0,2.0,2.0,2.0,1.3,1.3,1.3,1.3,1.3,1.0,1.0,1.0,1.0,1.0,0.9,0.9,0.9,0.9,0.9,0.3,0.3,0.3,0.3,0.3,470.9,1.206,567.9
2454,2.0,2.0,2.0,2.0,2.0,1.3,1.3,1.3,1.3,1.3,1.0,1.0,1.0,1.0,1.0,0.9,0.9,0.9,0.9,0.9,0.4,0.4,0.4,0.4,0.4,441.8,1.318,582.2
2455,2.0,2.0,2.0,2.0,2.0,1.3,1.3,1.3,1.3,1.3,1.0,1.0,1.0,1.0,1.0,0.9,0.9,0.9,0.9,0.9,0.5,0.5,0.5,0.5,0.5,416.9,1.43,596.0
2456,2.0,2.0,2.0,2.0,2.0,1.3,1.3,1.3,1.3,1.3,1.0,1.0,1.0,1.0,1.0,0.9,0.9,0.9,0.9,0.9,0.6,0.6,0.6,0.6,0.6,397.2,1.541,612.2
2457,2.0,2.0,2.0,2.0,2.0,1.3,1.3,1.3,1.3,1.3,1.0,1.0,1.0,1.0,1.0,0.9,0.9,0.9,0.9,0.9,0.7,0.7,0.7,0.7,0.7,383.2,1.653,633.6
2458,2.0,2.0,2.0,2.0,2.0,1.3,1.3,1.3,1.3,1.3,1.0,1.0,1.0,1.0,1.0,0.9,0.9,0.9,0.9,0.9,0.8,0.8,0.8,0.8,0.8,375.9,1.765,663.4
2459,2.0,2.0,2.0,2.0,2.0,1.3,1.3,1.3,1.3,1.3,1.0,1.0,1.0,1.0,1.0,1.0,1.0,1.0,1.0,1.0,0.2,0.2,0.2,0.2,0.2,505.1,1.206,609.2
2460,2.0,2.0,2.0,2.0,2.0,1.3,1.3,1.3,1.3,1.3,1.0,1.0,1.0,1.0,1.0,1.0,1.0,1.0,1.0,1.0,0.3,0.3,0.3,0.3,0.3,472.6,1.317,622.5
2461,2.0,2.0,2.0,2.0,2.0,1.3,1.3,1.3,1.3,1.3,1.0,1.0,1.0,1.0,1.0,1.0,1.0,1.0,1.0,1.0,0.4,0.4,0.4,0.4,0.4,443.5,1.429,633.8
2462,2.0,2.0,2.0,2.0,2.0,1.3,1.3,1.3,1.3,1.3,1.0,1.0,1.0,1.0,1.0,1.0,1.0,1.0,1.0,1.0,0.5,0.5,0.5,0.5,0.5,418.8,1.541,645.3
2463,2.0,2.0,2.0,2.0,2.0,1.3,1.3,1.3,1.3,1.3,1.0,1.0,1.0,1.0,1.0,1.0,1.0,1.0,1.0,1.0,0.6,0.6,0.6,0.6,0.6,399.1,1.653,659.6
2464,2.0,2.0,2.0,2.0,2.0,1.3,1.3,1.3,1.3,1.3,1.0,1.0,1.0,1.0,1.0,1.0,1.0,1.0,1.0,1.0,0.7,0.7,0.7,0.7,0.7,385.3,1.764,679.8
2465,2.0,2.0,2.0,2.0,2.0,1.4,1.4,1.4,1.4,1.4,1.0,1.0,1.0,1.0,1.0,0.2,0.2,0.2,0.2,0.2,0.2,0.2,0.2,0.2,0.2,628.2,1.593,1000.7
2466,2.0,2.0,2.0,2.0,2.0,1.4,1.4,1.4,1.4,1.4,1.0,1.0,1.0,1.0,1.0,0.3,0.3,0.3,0.3,0.3,0.2,0.2,0.2,0.2,0.2,600.4,1.509,906.2
2467,2.0,2.0,2.0,2.0,2.0,1.4,1.4,1.4,1.4,1.4,1.0,1.0,1.0,1.0,1.0,0.3,0.3,0.3,0.3,0.3,0.3,0.3,0.3,0.3,0.3,573.3,1.435,822.5
2468,2.0,2.0,2.0,2.0,2.0,1.4,1.4,1.4,1.4,1.4,1.0,1.0,1.0,1.0,1.0,0.4,0.4,0.4,0.4,0.4,0.2,0.2,0.2,0.2,0.2,575.7,1.435,826.2
2469,2.0,2.0,2.0,2.0,2.0,1.4,1.4,1.4,1.4,1.4,1.0,1.0,1.0,1.0,1.0,0.4,0.4,0.4,0.4,0.4,0.3,0.3,0.3,0.3,0.3,547.4,1.361,744.7
2470,2.0,2.0,2.0,2.0,2.0,1.4,1.4,1.4,1.4,1.4,1.0,1.0,1.0,1.0,1.0,0.4,0.4,0.4,0.4,0.4,0.4,0.4,0.4,0.4,0.4,522.5,1.286,671.9
2471,2.0,2.0,2.0,2.0,2.0,1.4,1.4,1.4,1.4,1.4,1.0,1.0,1.0,1.0,1.0,0.5,0.5,0.5,0.5,0.5,0.2,0.2,0.2,0.2,0.2,554.5,1.361,754.7
2472,2.0,2.0,2.0,2.0,2.0,1.4,1.4,1.4,1.4,1.4,1.0,1.0,1.0,1.0,1.0,0.5,0.5,0.5,0.5,0.5,0.3,0.3,0.3,0.3,0.3,525.0,1.286,675.4
2473,2.0,2.0,2.0,2.0,2.0,1.4,1.4,1.4,1.4,1.4,1.0,1.0,1.0,1.0,1.0,0.5,0.5,0.5,0.5,0.5,0.4,0.4,0.4,0.4,0.4,499.1,1.212,604.8
2474,2.0,2.0,2.0,2.0,2.0,1.4,1.4,1.4,1.4,1.4,1.0,1.0,1.0,1.0,1.0,0.5,0.5,0.5,0.5,0.5,0.5,0.5,0.5,0.5,0.5,477.2,1.152,549.5
2475,2.0,2.0,2.0,2.0,2.0,1.4,1.4,1.4,1.4,1.4,1.0,1.0,1.0,1.0,1.0,0.6,0.6,0.6,0.6,0.6,0.2,0.2,0.2,0.2,0.2,537.3,1.287,691.3
2476,2.0,2.0,2.0,2.0,2.0,1.4,1.4,1.4,1.4,1.4,1.0,1.0,1.0,1.0,1.0,0.6,0.6,0.6,0.6,0.6,0.3,0.3,0.3,0.3,0.3,506.8,1.212,614.3
2477,2.0,2.0,2.0,2.0,2.0,1.4,1.4,1.4,1.4,1.4,1.0,1.0,1.0,1.0,1.0,0.6,0.6,0.6,0.6,0.6,0.4,0.4,0.4,0.4,0.4,479.8,1.153,553.2
2478,2.0,2.0,2.0,2.0,2.0,1.4,1.4,1.4,1.4,1.4,1.0,1.0,1.0,1.0,1.0,0.6,0.6,0.6,0.6,0.6,0.5,0.5,0.5,0.5,0.5,457.0,1.194,545.5
2479,2.0,2.0,2.0,2.0,2.0,1.4,1.4,1.4,1.4,1.4,1.0,1.0,1.0,1.0,1.0,0.6,0.6,0.6,0.6,0.6,0.6,0.6,0.6,0.6,0.6,439.0,1.299,570.5
2480,2.0,2.0,2.0,2.0,2.0,1.4,1.4,1.4,1.4,1.4,1.0,1.0,1.0,1.0,1.0,0.7,0.7,0.7,0.7,0.7,0.2,0.2,0.2,0.2,0.2,524.3,1.213,635.8
2481,2.0,2.0,2.0,2.0,2.0,1.4,1.4,1.4,1.4,1.4,1.0,1.0,1.0,1.0,1.0,0.7,0.7,0.7,0.7,0.7,0.3,0.3,0.3,0.3,0.3,493.0,1.154,569.0
2482,2.0,2.0,2.0,2.0,2.0,1.4,1.4,1.4,1.4,1.4,1.0,1.0,1.0,1.0,1.0,0.7,0.7,0.7,0.7,0.7,0.4,0.4,0.4,0.4,0.4,465.2,1.195,556.1
2483,2.0,2.0,2.0,2.0,2.0,1.4,1.4,1.4,1.4,1.4,1.0,1.0,1.0,1.0,1.0,0.7,0.7,0.7,0.7,0.7,0.5,0.5,0.5,0.5,0.5,441.7,1.299,573.7
2484,2.0,2.0,2.0,2.0,2.0,1.4,1.4,1.4,1.4,1.4,1.0,1.0,1.0,1.0,1.0,0.7,0.7,0.7,0.7,0.7,0.6,0.6,0.6,0.6,0.6,423.1,1.411,596.9
2485,2.0,2.0,2.0,2.0,2.0,1.4,1.4,1.4,1.4,1.4,1.0,1.0,1.0,1.0,1.0,0.7,0.7,0.7,0.7,0.7,0.7,0.7,0.7,0.7,0.7,410.1,1.523,624.3
2486,2.0,2.0,2.0,2.0,2.0,1.4,1.4,1.4,1.4,1.4,1.0,1.0,1.0,1.0,1.0,0.8,0.8,0.8,0.8,0.8,0.2,0.2,0.2,0.2,0.2,516.0,1.155,596.2
2487,2.0,2.0,2.0,2.0,2.0,1.4,1.4,1.4,1.4,1.4,1.0,1.0,1.0,1.0,1.0,0.8,0.8,0.8,0.8,0.8,0.3,0.3,0.3,0.3,0.3,484.1,1.197,579.4
2488,2.0,2.0,2.0,2.0,2.0,1.4,1.4,1.4,1.4,1.4,1.0,1.0,1.0,1.0,1.0,0.8,0.8,0.8,0.8,0.8,0.4,0.4,0.4,0.4,0.4,455.9,1.298,591.9
2489,2.0,2.0,2.0,2.0,2.0,1.4,1.4,1.4,1.4,1.4,1.0,1.0,1.0,1.0,1.0,0.8,0.8,0.8,0.8,0.8,0.5,0.5,0.5,0.5,0.5,431.8,1.41,608.9
2490,2.0,2.0,2.0,2.0,2.0,1.4,1.4,1.4,1.4,1.4,1.0,1.0,1.0,1.0,1.0,0.8,0.8,0.8,0.8,0.8,0.6,0.6,0.6,0.6,0.6,412.7,1.522,628.2
2491,2.0,2.0,2.0,2.0,2.0,1.4,1.4,1.4,1.4,1.4,1.0,1.0,1.0,1.0,1.0,0.8,0.8,0.8,0.8,0.8,0.7,0.7,0.7,0.7,0.7,399.4,1.634,652.5
2492,2.0,2.0,2.0,2.0,2.0,1.4,1.4,1.4,1.4,1.4,1.0,1.0,1.0,1.0,1.0,0.8,0.8,0.8,0.8,0.8,0.8,0.8,0.8,0.8,0.8,392.3,1.746,684.8
2493,2.0,2.0,2.0,2.0,2.0,1.4,1.4,1.4,1.4,1.4,1.0,1.0,1.0,1.0,1.0,0.9,0.9,0.9,0.9,0.9,0.2,0.2,0.2,0.2,0.2,512.5,1.198,614.1
2494,2.0,2.0,2.0,2.0,2.0,1.4,1.4,1.4,1.4,1.4,1.0,1.0,1.0,1.0,1.0,0.9,0.9,0.9,0.9,0.9,0.3,0.3,0.3,0.3,0.3,480.5,1.298,623.6
2495,2.0,2.0,2.0,2.0,2.0,1.4,1.4,1.4,1.4,1.4,1.0,1.0,1.0,1.0,1.0,0.9,0.9,0.9,0.9,0.9,0.4,0.4,0.4,0.4,0.4,451.9,1.41,637.1
2496,2.0,2.0,2.0,2.0,2.0,1.4,1.4,1.4,1.4,1.4,1.0,1.0,1.0,1.0,1.0,0.9,0.9,0.9,0.9,0.9,0.5,0.5,0.5,0.5,0.5,427.7,1.521,650.7
2497,2.0,2.0,2.0,2.0,2.0,1.4,1.4,1.4,1.4,1.4,1.0,1.0,1.0,1.0,1.0,0.9,0.9,0.9,0.9,0.9,0.6,0.6,0.6,0.6,0.6,408.4,1.633,667.0
2498,2.0,2.0,2.0,2.0,2.0,1.4,1.4,1.4,1.4,1.4,1.0,1.0,1.0,1.0,1.0,1.0,1.0,1.0,1.0,1.0,0.2,0.2,0.2,0.2,0.2,514.0,1.297,666.9
2499,2.0,2.0,2.0,2.0,2.0,1.4,1.4,1.4,1.4,1.4,1.0,1.0,1.0,1.0,1.0,1.0,1.0,1.0,1.0,1.0,0.3,0.3,0.3,0.3,0.3,482.1,1.409,679.3
2500,2.0,2.0,2.0,2.0,2.0,1.4,1.4,1.4,1.4,1.4,1.0,1.0,1.0,1.0,1.0,1.0,1.0,1.0,1.0,1.0,0.4,0.4,0.4,0.4,0.4,453.6,1.521,690.0
2501,2.0,2.0,2.0,2.0,2.0,1.4,1.4,1.4,1.4,1.4,1.0,1.0,1.0,1.0,1.0,1.0,1.0,1.0,1.0,1.0,0.5,0.5,0.5,0.5,0.5,429.5,1.633,701.2
2502,2.0,2.0,2.0,2.0,2.0,1.4,1.4,1.4,1.4,1.4,1.0,1.0,1.0,1.0,1.0,1.0,1.0,1.0,1.0,1.0,0.6,0.6,0.6,0.6,0.6,410.3,1.745,715.8
2503,2.0,2.0,2.0,2.0,2.0,1.5,1.5,1.5,1.5,1.5,1.0,1.0,1.0,1.0,1.0,0.2,0.2,0.2,0.2,0.2,0.2,0.2,0.2,0.2,0.2,638.2,1.533,978.6
2504,2.0,2.0,2.0,2.0,2.0,1.5,1.5,1.5,1.5,1.5,1.0,1.0,1.0,1.0,1.0,0.3,0.3,0.3,0.3,0.3,0.2,0.2,0.2,0.2,0.2,610.8,1.459,891.3
2505,2.0,2.0,2.0,2.0,2.0,1.5,1.5,1.5,1.5,1.5,1.0,1.0,1.0,1.0,1.0,0.3,0.3,0.3,0.3,0.3,0.3,0.3,0.3,0.3,0.3,584.2,1.385,808.9
2506,2.0,2.0,2.0,2.0,2.0,1.5,1.5,1.5,1.5,1.5,1.0,1.0,1.0,1.0,1.0,0.4,0.4,0.4,0.4,0.4,0.2,0.2,0.2,0.2,0.2,586.6,1.385,812.4
2507,2.0,2.0,2.0,2.0,2.0,1.5,1.5,1.5,1.5,1.5,1.0,1.0,1.0,1.0,1.0,0.4,0.4,0.4,0.4,0.4,0.3,0.3,0.3,0.3,0.3,558.7,1.31,732.2
2508,2.0,2.0,2.0,2.0,2.0,1.5,1.5,1.5,1.5,1.5,1.0,1.0,1.0,1.0,1.0,0.4,0.4,0.4,0.4,0.4,0.4,0.4,0.4,0.4,0.4,534.4,1.236,660.5
2509,2.0,2.0,2.0,2.0,2.0,1.5,1.5,1.5,1.5,1.5,1.0,1.0,1.0,1.0,1.0,0.5,0.5,0.5,0.5,0.5,0.2,0.2,0.2,0.2,0.2,565.8,1.311,741.6
2510,2.0,2.0,2.0,2.0,2.0,1.5,1.5,1.5,1.5,1.5,1.0,1.0,1.0,1.0,1.0,0.5,0.5,0.5,0.5,0.5,0.3,0.3,0.3,0.3,0.3,536.9,1.236,663.7
2511,2.0,2.0,2.0,2.0,2.0,1.5,1.5,1.5,1.5,1.5,1.0,1.0,1.0,1.0,1.0,0.5,0.5,0.5,0.5,0.5,0.4,0.4,0.4,0.4,0.4,511.5,1.166,596.4
2512,2.0,2.0,2.0,2.0,2.0,1.5,1.5,1.5,1.5,1.5,1.0,1.0,1.0,1.0,1.0,0.5,0.5,0.5,0.5,0.5,0.5,0.5,0.5,0.5,0.5,490.2,1.186,581.4
2513,2.0,2.0,2.0,2.0,2.0,1.5,1.5,1.5,1.5,1.5,1.0,1.0,1.0,1.0,1.0,0.6,0.6,0.6,0.6,0.6,0.2,0.2,0.2,0.2,0.2,548.9,1.237,678.7
2514,2.0,2.0,2.0,2.0,2.0,1.5,1.5,1.5,1.5,1.5,1.0,1.0,1.0,1.0,1.0,0.6,0.6,0.6,0.6,0.6,0.3,0.3,0.3,0.3,0.3,519.0,1.168,606.0
2515,2.0,2.0,2.0,2.0,2.0,1.5,1.5,1.5,1.5,1.5,1.0,1.0,1.0,1.0,1.0,0.6,0.6,0.6,0.6,0.6,0.4,0.4,0.4,0.4,0.4,492.7,1.187,585.1
2516,2.0,2.0,2.0,2.0,2.0,1.5,1.5,1.5,1.5,1.5,1.0,1.0,1.0,1.0,1.0,0.6,0.6,0.6,0.6,0.6,0.5,0.5,0.5,0.5,0.5,470.6,1.28,602.1
2517,2.0,2.0,2.0,2.0,2.0,1.5,1.5,1.5,1.5,1.5,1.0,1.0,1.0,1.0,1.0,0.6,0.6,0.6,0.6,0.6,0.6,0.6,0.6,0.6,0.6,453.1,1.391,630.5
2518,2.0,2.0,2.0,2.0,2.0,1.5,1.5,1.5,1.5,1.5,1.0,1.0,1.0,1.0,1.0,0.7,0.7,0.7,0.7,0.7,0.2,0.2,0.2,0.2,0.2,536.2,1.169,626.9
2519,2.0,2.0,2.0,2.0,2.0,1.5,1.5,1.5,1.5,1.5,1.0,1.0,1.0,1.0,1.0,0.7,0.7,0.7,0.7,0.7,0.3,0.3,0.3,0.3,0.3,505.6,1.189,601.1
2520,2.0,2.0,2.0,2.0,2.0,1.5,1.5,1.5,1.5,1.5,1.0,1.0,1.0,1.0,1.0,0.7,0.7,0.7,0.7,0.7,0.4,0.4,0.4,0.4,0.4,478.6,1.279,612.1
2521,2.0,2.0,2.0,2.0,2.0,1.5,1.5,1.5,1.5,1.5,1.0,1.0,1.0,1.0,1.0,0.7,0.7,0.7,0.7,0.7,0.5,0.5,0.5,0.5,0.5,455.7,1.391,633.8
2522,2.0,2.0,2.0,2.0,2.0,1.5,1.5,1.5,1.5,1.5,1.0,1.0,1.0,1.0,1.0,0.7,0.7,0.7,0.7,0.7,0.6,0.6,0.6,0.6,0.6,437.7,1.503,657.7
2523,2.0,2.0,2.0,2.0,2.0,1.5,1.5,1.5,1.5,1.5,1.0,1.0,1.0,1.0,1.0,0.7,0.7,0.7,0.7,0.7,0.7,0.7,0.7,0.7,0.7,425.1,1.614,686.3
2524,2.0,2.0,2.0,2.0,2.0,1.5,1.5,1.5,1.5,1.5,1.0,1.0,1.0,1.0,1.0,0.8,0.8,0.8,0.8,0.8,0.2,0.2,0.2,0.2,0.2,528.0,1.19,628.6
2525,2.0,2.0,2.0,2.0,2.0,1.5,1.5,1.5,1.5,1.5,1.0,1.0,1.0,1.0,1.0,0.8,0.8,0.8,0.8,0.8,0.3,0.3,0.3,0.3,0.3,497.0,1.279,635.4
2526,2.0,2.0,2.0,2.0,2.0,1.5,1.5,1.5,1.5,1.5,1.0,1.0,1.0,1.0,1.0,0.8,0.8,0.8,0.8,0.8,0.4,0.4,0.4,0.4,0.4,469.5,1.39,652.7
2527,2.0,2.0,2.0,2.0,2.0,1.5,1.5,1.5,1.5,1.5,1.0,1.0,1.0,1.0,1.0,0.8,0.8,0.8,0.8,0.8,0.5,0.5,0.5,0.5,0.5,446.1,1.502,670.1
2528,2.0,2.0,2.0,2.0,2.0,1.5,1.5,1.5,1.5,1.5,1.0,1.0,1.0,1.0,1.0,0.8,0.8,0.8,0.8,0.8,0.6,0.6,0.6,0.6,0.6,427.7,1.614,690.3
2529,2.0,2.0,2.0,2.0,2.0,1.5,1.5,1.5,1.5,1.5,1.0,1.0,1.0,1.0,1.0,0.8,0.8,0.8,0.8,0.8,0.7,0.7,0.7,0.7,0.7,414.8,1.726,715.9
2530,2.0,2.0,2.0,2.0,2.0,1.5,1.5,1.5,1.5,1.5,1.0,1.0,1.0,1.0,1.0,0.9,0.9,0.9,0.9,0.9,0.2,0.2,0.2,0.2,0.2,524.7,1.278,670.5
2531,2.0,2.0,2.0,2.0,2.0,1.5,1.5,1.5,1.5,1.5,1.0,1.0,1.0,1.0,1.0,0.9,0.9,0.9,0.9,0.9,0.3,0.3,0.3,0.3,0.3,493.4,1.39,685.7
2532,2.0,2.0,2.0,2.0,2.0,1.5,1.5,1.5,1.5,1.5,1.0,1.0,1.0,1.0,1.0,0.9,0.9,0.9,0.9,0.9,0.4,0.4,0.4,0.4,0.4,465.7,1.502,699.2
2533,2.0,2.0,2.0,2.0,2.0,1.5,1.5,1.5,1.5,1.5,1.0,1.0,1.0,1.0,1.0,0.9,0.9,0.9,0.9,0.9,0.5,0.5,0.5,0.5,0.5,442.1,1.613,713.3
2534,2.0,2.0,2.0,2.0,2.0,1.5,1.5,1.5,1.5,1.5,1.0,1.0,1.0,1.0,1.0,0.9,0.9,0.9,0.9,0.9,0.6,0.6,0.6,0.6,0.6,423.5,1.725,730.7
2535,2.0,2.0,2.0,2.0,2.0,1.5,1.5,1.5,1.5,1.5,1.0,1.0,1.0,1.0,1.0,1.0,1.0,1.0,1.0,1.0,0.2,0.2,0.2,0.2,0.2,526.1,1.389,731.0
2536,2.0,2.0,2.0,2.0,2.0,1.5,1.5,1.5,1.5,1.5,1.0,1.0,1.0,1.0,1.0,1.0,1.0,1.0,1.0,1.0,0.3,0.3,0.3,0.3,0.3,495.0,1.501,743.0
2537,2.0,2.0,2.0,2.0,2.0,1.5,1.5,1.5,1.5,1.5,1.0,1.0,1.0,1.0,1.0,1.0,1.0,1.0,1.0,1.0,0.4,0.4,0.4,0.4,0.4,467.3,1.613,753.7
2538,2.0,2.0,2.0,2.0,2.0,1.5,1.5,1.5,1.5,1.5,1.0,1.0,1.0,1.0,1.0,1.0,1.0,1.0,1.0,1.0,0.5,0.5,0.5,0.5,0.5,443.9,1.725,765.6
2539,2.0,2.0,2.0,2.0,2.0,1.6,1.6,1.6,1.6,1.6,1.0,1.0,1.0,1.0,1.0,0.2,0.2,0.2,0.2,0.2,0.2,0.2,0.2,0.2,0.2,650.7,1.483,965.1
2540,2.0,2.0,2.0,2.0,2.0,1.6,1.6,1.6,1.6,1.6,1.0,1.0,1.0,1.0,1.0,0.3,0.3,0.3,0.3,0.3,0.2,0.2,0.2,0.2,0.2,623.9,1.409,879.1
2541,2.0,2.0,2.0,2.0,2.0,1.6,1.6,1.6,1.6,1.6,1.0,1.0,1.0,1.0,1.0,0.3,0.3,0.3,0.3,0.3,0.3,0.3,0.3,0.3,0.3,597.8,1.335,797.8
2542,2.0,2.0,2.0,2.0,2.0,1.6,1.6,1.6,1.6,1.6,1.0,1.0,1.0,1.0,1.0,0.4,0.4,0.4,0.4,0.4,0.2,0.2,0.2,0.2,0.2,600.1,1.335,801.1
2543,2.0,2.0,2.0,2.0,2.0,1.6,1.6,1.6,1.6,1.6,1.0,1.0,1.0,1.0,1.0,0.4,0.4,0.4,0.4,0.4,0.3,0.3,0.3,0.3,0.3,573.0,1.26,722.1
2544,2.0,2.0,2.0,2.0,2.0,1.6,1.6,1.6,1.6,1.6,1.0,1.0,1.0,1.0,1.0,0.4,0.4,0.4,0.4,0.4,0.4,0.4,0.4,0.4,0.4,549.3,1.186,651.3
2545,2.0,2.0,2.0,2.0,2.0,1.6,1.6,1.6,1.6,1.6,1.0,1.0,1.0,1.0,1.0,0.5,0.5,0.5,0.5,0.5,0.2,0.2,0.2,0.2,0.2,579.8,1.261,731.0
2546,2.0,2.0,2.0,2.0,2.0,1.6,1.6,1.6,1.6,1.6,1.0,1.0,1.0,1.0,1.0,0.5,0.5,0.5,0.5,0.5,0.3,0.3,0.3,0.3,0.3,551.7,1.186,654.4
2547,2.0,2.0,2.0,2.0,2.0,1.6,1.6,1.6,1.6,1.6,1.0,1.0,1.0,1.0,1.0,0.5,0.5,0.5,0.5,0.5,0.4,0.4,0.4,0.4,0.4,527.0,1.18,621.7
2548,2.0,2.0,2.0,2.0,2.0,1.6,1.6,1.6,1.6,1.6,1.0,1.0,1.0,1.0,1.0,0.5,0.5,0.5,0.5,0.5,0.5,0.5,0.5,0.5,0.5,506.4,1.26,638.1
2549,2.0,2.0,2.0,2.0,2.0,1.6,1.6,1.6,1.6,1.6,1.0,1.0,1.0,1.0,1.0,0.6,0.6,0.6,0.6,0.6,0.2,0.2,0.2,0.2,0.2,563.3,1.187,668.4
2550,2.0,2.0,2.0,2.0,2.0,1.6,1.6,1.6,1.6,1.6,1.0,1.0,1.0,1.0,1.0,0.6,0.6,0.6,0.6,0.6,0.3,0.3,0.3,0.3,0.3,534.3,1.181,631.1
2551,2.0,2.0,2.0,2.0,2.0,1.6,1.6,1.6,1.6,1.6,1.0,1.0,1.0,1.0,1.0,0.6,0.6,0.6,0.6,0.6,0.4,0.4,0.4,0.4,0.4,508.8,1.26,640.9
2552,2.0,2.0,2.0,2.0,2.0,1.6,1.6,1.6,1.6,1.6,1.0,1.0,1.0,1.0,1.0,0.6,0.6,0.6,0.6,0.6,0.5,0.5,0.5,0.5,0.5,487.4,1.371,668.4
2553,2.0,2.0,2.0,2.0,2.0,1.6,1.6,1.6,1.6,1.6,1.0,1.0,1.0,1.0,1.0,0.6,0.6,0.6,0.6,0.6,0.6,0.6,0.6,0.6,0.6,470.6,1.483,698.0
2554,2.0,2.0,2.0,2.0,2.0,1.6,1.6,1.6,1.6,1.6,1.0,1.0,1.0,1.0,1.0,0.7,0.7,0.7,0.7,0.7,0.2,0.2,0.2,0.2,0.2,551.0,1.183,651.7
2555,2.0,2.0,2.0,2.0,2.0,1.6,1.6,1.6,1.6,1.6,1.0,1.0,1.0,1.0,1.0,0.7,0.7,0.7,0.7,0.7,0.3,0.3,0.3,0.3,0.3,521.3,1.259,656.4
2556,2.0,2.0,2.0,2.0,2.0,1.6,1.6,1.6,1.6,1.6,1.0,1.0,1.0,1.0,1.0,0.7,0.7,0.7,0.7,0.7,0.4,0.4,0.4,0.4,0.4,495.1,1.371,678.8
2557,2.0,2.0,2.0,2.0,2.0,1.6,1.6,1.6,1.6,1.6,1.0,1.0,1.0,1.0,1.0,0.7,0.7,0.7,0.7,0.7,0.5,0.5,0.5,0.5,0.5,473.1,1.483,701.4
2558,2.0,2.0,2.0,2.0,2.0,1.6,1.6,1.6,1.6,1.6,1.0,1.0,1.0,1.0,1.0,0.7,0.7,0.7,0.7,0.7,0.6,0.6,0.6,0.6,0.6,455.7,1.595,726.7
2559,2.0,2.0,2.0,2.0,2.0,1.6,1.6,1.6,1.6,1.6,1.0,1.0,1.0,1.0,1.0,0.7,0.7,0.7,0.7,0.7,0.7,0.7,0.7,0.7,0.7,443.7,1.706,757.0
2560,2.0,2.0,2.0,2.0,2.0,1.6,1.6,1.6,1.6,1.6,1.0,1.0,1.0,1.0,1.0,0.8,0.8,0.8,0.8,0.8,0.2,0.2,0.2,0.2,0.2,543.1,1.259,683.5
2561,2.0,2.0,2.0,2.0,2.0,1.6,1.6,1.6,1.6,1.6,1.0,1.0,1.0,1.0,1.0,0.8,0.8,0.8,0.8,0.8,0.3,0.3,0.3,0.3,0.3,512.9,1.37,702.9
2562,2.0,2.0,2.0,2.0,2.0,1.6,1.6,1.6,1.6,1.6,1.0,1.0,1.0,1.0,1.0,0.8,0.8,0.8,0.8,0.8,0.4,0.4,0.4,0.4,0.4,486.3,1.482,720.8
2563,2.0,2.0,2.0,2.0,2.0,1.6,1.6,1.6,1.6,1.6,1.0,1.0,1.0,1.0,1.0,0.8,0.8,0.8,0.8,0.8,0.5,0.5,0.5,0.5,0.5,463.8,1.594,739.4
2564,2.0,2.0,2.0,2.0,2.0,1.6,1.6,1.6,1.6,1.6,1.0,1.0,1.0,1.0,1.0,0.8,0.8,0.8,0.8,0.8,0.6,0.6,0.6,0.6,0.6,446.1,1.706,761.0
2565,2.0,2.0,2.0,2.0,2.0,1.6,1.6,1.6,1.6,1.6,1.0,1.0,1.0,1.0,1.0,0.9,0.9,0.9,0.9,0.9,0.2,0.2,0.2,0.2,0.2,539.8,1.37,739.5
2566,2.0,2.0,2.0,2.0,2.0,1.6,1.6,1.6,1.6,1.6,1.0,1.0,1.0,1.0,1.0,0.9,0.9,0.9,0.9,0.9,0.3,0.3,0.3,0.3,0.3,509.4,1.482,754.9
2567,2.0,2.0,2.0,2.0,2.0,1.6,1.6,1.6,1.6,1.6,1.0,1.0,1.0,1.0,1.0,0.9,0.9,0.9,0.9,0.9,0.4,0.4,0.4,0.4,0.4,482.6,1.594,769.1
2568,2.0,2.0,2.0,2.0,2.0,1.6,1.6,1.6,1.6,1.6,1.0,1.0,1.0,1.0,1.0,0.9,0.9,0.9,0.9,0.9,0.5,0.5,0.5,0.5,0.5,460.0,1.705,784.4
2569,2.0,2.0,2.0,2.0,2.0,1.6,1.6,1.6,1.6,1.6,1.0,1.0,1.0,1.0,1.0,1.0,1.0,1.0,1.0,1.0,0.2,0.2,0.2,0.2,0.2,541.2,1.481,801.7
2570,2.0,2.0,2.0,2.0,2.0,1.6,1.6,1.6,1.6,1.6,1.0,1.0,1.0,1.0,1.0,1.0,1.0,1.0,1.0,1.0,0.3,0.3,0.3,0.3,0.3,511.0,1.593,814.0
2571,2.0,2.0,2.0,2.0,2.0,1.6,1.6,1.6,1.6,1.6,1.0,1.0,1.0,1.0,1.0,1.0,1.0,1.0,1.0,1.0,0.4,0.4,0.4,0.4,0.4,484.2,1.705,825.5
2572,2.0,2.0,2.0,2.0,2.0,1.7,1.7,1.7,1.7,1.7,1.0,1.0,1.0,1.0,1.0,0.2,0.2,0.2,0.2,0.2,0.2,0.2,0.2,0.2,0.2,665.6,1.433,953.9
2573,2.0,2.0,2.0,2.0,2.0,1.7,1.7,1.7,1.7,1.7,1.0,1.0,1.0,1.0,1.0,0.3,0.3,0.3,0.3,0.3,0.2,0.2,0.2,0.2,0.2,639.4,1.359,868.9
2574,2.0,2.0,2.0,2.0,2.0,1.7,1.7,1.7,1.7,1.7,1.0,1.0,1.0,1.0,1.0,0.3,0.3,0.3,0.3,0.3,0.3,0.3,0.3,0.3,0.3,614.0,1.284,788.6
2575,2.0,2.0,2.0,2.0,2.0,1.7,1.7,1.7,1.7,1.7,1.0,1.0,1.0,1.0,1.0,0.4,0.4,0.4,0.4,0.4,0.2,0.2,0.2,0.2,0.2,616.2,1.285,791.8
2576,2.0,2.0,2.0,2.0,2.0,1.7,1.7,1.7,1.7,1.7,1.0,1.0,1.0,1.0,1.0,0.4,0.4,0.4,0.4,0.4,0.3,0.3,0.3,0.3,0.3,589.8,1.21,713.8
2577,2.0,2.0,2.0,2.0,2.0,1.7,1.7,1.7,1.7,1.7,1.0,1.0,1.0,1.0,1.0,0.4,0.4,0.4,0.4,0.4,0.4,0.4,0.4,0.4,0.4,566.8,1.182,670.2
2578,2.0,2.0,2.0,2.0,2.0,1.7,1.7,1.7,1.7,1.7,1.0,1.0,1.0,1.0,1.0,0.5,0.5,0.5,0.5,0.5,0.2,0.2,0.2,0.2,0.2,596.5,1.211,722.1
2579,2.0,2.0,2.0,2.0,2.0,1.7,1.7,1.7,1.7,1.7,1.0,1.0,1.0,1.0,1.0,0.5,0.5,0.5,0.5,0.5,0.3,0.3,0.3,0.3,0.3,569.2,1.184,673.7
2580,2.0,2.0,2.0,2.0,2.0,1.7,1.7,1.7,1.7,1.7,1.0,1.0,1.0,1.0,1.0,0.5,0.5,0.5,0.5,0.5,0.4,0.4,0.4,0.4,0.4,545.3,1.24,676.3
2581,2.0,2.0,2.0,2.0,2.0,1.7,1.7,1.7,1.7,1.7,1.0,1.0,1.0,1.0,1.0,0.5,0.5,0.5,0.5,0.5,0.5,0.5,0.5,0.5,0.5,525.4,1.352,710.3
2582,2.0,2.0,2.0,2.0,2.0,1.7,1.7,1.7,1.7,1.7,1.0,1.0,1.0,1.0,1.0,0.6,0.6,0.6,0.6,0.6,0.2,0.2,0.2,0.2,0.2,580.5,1.185,687.8
2583,2.0,2.0,2.0,2.0,2.0,1.7,1.7,1.7,1.7,1.7,1.0,1.0,1.0,1.0,1.0,0.6,0.6,0.6,0.6,0.6,0.3,0.3,0.3,0.3,0.3,552.4,1.24,684.8
2584,2.0,2.0,2.0,2.0,2.0,1.7,1.7,1.7,1.7,1.7,1.0,1.0,1.0,1.0,1.0,0.6,0.6,0.6,0.6,0.6,0.4,0.4,0.4,0.4,0.4,527.7,1.352,713.3
2585,2.0,2.0,2.0,2.0,2.0,1.7,1.7,1.7,1.7,1.7,1.0,1.0,1.0,1.0,1.0,0.6,0.6,0.6,0.6,0.6,0.5,0.5,0.5,0.5,0.5,507.1,1.463,742.1
2586,2.0,2.0,2.0,2.0,2.0,1.7,1.7,1.7,1.7,1.7,1.0,1.0,1.0,1.0,1.0,0.6,0.6,0.6,0.6,0.6,0.6,0.6,0.6,0.6,0.6,491.0,1.575,773.4
2587,2.0,2.0,2.0,2.0,2.0,1.7,1.7,1.7,1.7,1.7,1.0,1.0,1.0,1.0,1.0,0.7,0.7,0.7,0.7,0.7,0.2,0.2,0.2,0.2,0.2,568.5,1.24,704.9
2588,2.0,2.0,2.0,2.0,2.0,1.7,1.7,1.7,1.7,1.7,1.0,1.0,1.0,1.0,1.0,0.7,0.7,0.7,0.7,0.7,0.3,0.3,0.3,0.3,0.3,539.8,1.351,729.3
2589,2.0,2.0,2.0,2.0,2.0,1.7,1.7,1.7,1.7,1.7,1.0,1.0,1.0,1.0,1.0,0.7,0.7,0.7,0.7,0.7,0.4,0.4,0.4,0.4,0.4,514.5,1.463,752.7
2590,2.0,2.0,2.0,2.0,2.0,1.7,1.7,1.7,1.7,1.7,1.0,1.0,1.0,1.0,1.0,0.7,0.7,0.7,0.7,0.7,0.5,0.5,0.5,0.5,0.5,493.4,1.575,776.9
2591,2.0,2.0,2.0,2.0,2.0,1.7,1.7,1.7,1.7,1.7,1.0,1.0,1.0,1.0,1.0,0.7,0.7,0.7,0.7,0.7,0.6,0.6,0.6,0.6,0.6,476.8,1.686,804.0
2592,2.0,2.0,2.0,2.0,2.0,1.7,1.7,1.7,1.7,1.7,1.0,1.0,1.0,1.0,1.0,0.8,0.8,0.8,0.8,0.8,0.2,0.2,0.2,0.2,0.2,560.8,1.351,757.5
2593,2.0,2.0,2.0,2.0,2.0,1.7,1.7,1.7,1.7,1.7,1.0,1.0,1.0,1.0,1.0,0.8,0.8,0.8,0.8,0.8,0.3,0.3,0.3,0.3,0.3,531.7,1.462,777.5
2594,2.0,2.0,2.0,2.0,2.0,1.7,1.7,1.7,1.7,1.7,1.0,1.0,1.0,1.0,1.0,0.8,0.8,0.8,0.8,0.8,0.4,0.4,0.4,0.4,0.4,506.1,1.574,796.6
2595,2.0,2.0,2.0,2.0,2.0,1.7,1.7,1.7,1.7,1.7,1.0,1.0,1.0,1.0,1.0,0.8,0.8,0.8,0.8,0.8,0.5,0.5,0.5,0.5,0.5,484.5,1.686,816.9
2596,2.0,2.0,2.0,2.0,2.0,1.7,1.7,1.7,1.7,1.7,1.0,1.0,1.0,1.0,1.0,0.9,0.9,0.9,0.9,0.9,0.2,0.2,0.2,0.2,0.2,557.7,1.462,815.2
2597,2.0,2.0,2.0,2.0,2.0,1.7,1.7,1.7,1.7,1.7,1.0,1.0,1.0,1.0,1.0,0.9,0.9,0.9,0.9,0.9,0.3,0.3,0.3,0.3,0.3,528.3,1.574,831.4
2598,2.0,2.0,2.0,2.0,2.0,1.7,1.7,1.7,1.7,1.7,1.0,1.0,1.0,1.0,1.0,1.0,1.0,1.0,1.0,1.0,0.2,0.2,0.2,0.2,0.2,559.1,1.573,879.5
2599,2.0,2.0,2.0,2.0,2.0,1.7,1.7,1.7,1.7,1.7,1.0,1.0,1.0,1.0,1.0,1.0,1.0,1.0,1.0,1.0,0.3,0.3,0.3,0.3,0.3,529.8,1.685,892.7
2600,2.0,2.0,2.0,2.0,2.0,1.8,1.8,1.8,1.8,1.8,1.0,1.0,1.0,1.0,1.0,0.2,0.2,0.2,0.2,0.2,0.2,0.2,0.2,0.2,0.2,682.7,1.383,944.2
2601,2.0,2.0,2.0,2.0,2.0,1.8,1.8,1.8,1.8,1.8,1.0,1.0,1.0,1.0,1.0,0.3,0.3,0.3,0.3,0.3,0.2,0.2,0.2,0.2,0.2,657.2,1.309,860.2
2602,2.0,2.0,2.0,2.0,2.0,1.8,1.8,1.8,1.8,1.8,1.0,1.0,1.0,1.0,1.0,0.3,0.3,0.3,0.3,0.3,0.3,0.3,0.3,0.3,0.3,632.5,1.234,780.7
2603,2.0,2.0,2.0,2.0,2.0,1.8,1.8,1.8,1.8,1.8,1.0,1.0,1.0,1.0,1.0,0.4,0.4,0.4,0.4,0.4,0.2,0.2,0.2,0.2,0.2,634.7,1.235,783.7
2604,2.0,2.0,2.0,2.0,2.0,1.8,1.8,1.8,1.8,1.8,1.0,1.0,1.0,1.0,1.0,0.4,0.4,0.4,0.4,0.4,0.3,0.3,0.3,0.3,0.3,609.1,1.187,723.3
2605,2.0,2.0,2.0,2.0,2.0,1.8,1.8,1.8,1.8,1.8,1.0,1.0,1.0,1.0,1.0,0.4,0.4,0.4,0.4,0.4,0.4,0.4,0.4,0.4,0.4,586.9,1.229,721.4
2606,2.0,2.0,2.0,2.0,2.0,1.8,1.8,1.8,1.8,1.8,1.0,1.0,1.0,1.0,1.0,0.5,0.5,0.5,0.5,0.5,0.2,0.2,0.2,0.2,0.2,615.6,1.189,731.7
2607,2.0,2.0,2.0,2.0,2.0,1.8,1.8,1.8,1.8,1.8,1.0,1.0,1.0,1.0,1.0,0.5,0.5,0.5,0.5,0.5,0.3,0.3,0.3,0.3,0.3,589.1,1.231,725.1
2608,2.0,2.0,2.0,2.0,2.0,1.8,1.8,1.8,1.8,1.8,1.0,1.0,1.0,1.0,1.0,0.5,0.5,0.5,0.5,0.5,0.4,0.4,0.4,0.4,0.4,566.1,1.332,754.2
2609,2.0,2.0,2.0,2.0,2.0,1.8,1.8,1.8,1.8,1.8,1.0,1.0,1.0,1.0,1.0,0.5,0.5,0.5,0.5,0.5,0.5,0.5,0.5,0.5,0.5,546.9,1.444,789.8
2610,2.0,2.0,2.0,2.0,2.0,1.8,1.8,1.8,1.8,1.8,1.0,1.0,1.0,1.0,1.0,0.6,0.6,0.6,0.6,0.6,0.2,0.2,0.2,0.2,0.2,600.1,1.232,739.4
2611,2.0,2.0,2.0,2.0,2.0,1.8,1.8,1.8,1.8,1.8,1.0,1.0,1.0,1.0,1.0,0.6,0.6,0.6,0.6,0.6,0.3,0.3,0.3,0.3,0.3,572.9,1.332,763.0
2612,2.0,2.0,2.0,2.0,2.0,1.8,1.8,1.8,1.8,1.8,1.0,1.0,1.0,1.0,1.0,0.6,0.6,0.6,0.6,0.6,0.4,0.4,0.4,0.4,0.4,549.2,1.444,792.8
2613,2.0,2.0,2.0,2.0,2.0,1.8,1.8,1.8,1.8,1.8,1.0,1.0,1.0,1.0,1.0,0.6,0.6,0.6,0.6,0.6,0.5,0.5,0.5,0.5,0.5,529.4,1.555,823.4
2614,2.0,2.0,2.0,2.0,2.0,1.8,1.8,1.8,1.8,1.8,1.0,1.0,1.0,1.0,1.0,0.6,0.6,0.6,0.6,0.6,0.6,0.6,0.6,0.6,0.6,514.0,1.667,856.9
2615,2.0,2.0,2.0,2.0,2.0,1.8,1.8,1.8,1.8,1.8,1.0,1.0,1.0,1.0,1.0,0.7,0.7,0.7,0.7,0.7,0.2,0.2,0.2,0.2,0.2,588.5,1.331,783.4
2616,2.0,2.0,2.0,2.0,2.0,1.8,1.8,1.8,1.8,1.8,1.0,1.0,1.0,1.0,1.0,0.7,0.7,0.7,0.7,0.7,0.3,0.3,0.3,0.3,0.3,560.8,1.443,809.2
2617,2.0,2.0,2.0,2.0,2.0,1.8,1.8,1.8,1.8,1.8,1.0,1.0,1.0,1.0,1.0,0.7,0.7,0.7,0.7,0.7,0.4,0.4,0.4,0.4,0.4,536.5,1.555,834.2
2618,2.0,2.0,2.0,2.0,2.0,1.8,1.8,1.8,1.8,1.8,1.0,1.0,1.0,1.0,1.0,0.7,0.7,0.7,0.7,0.7,0.5,0.5,0.5,0.5,0.5,516.3,1.667,860.4
2619,2.0,2.0,2.0,2.0,2.0,1.8,1.8,1.8,1.8,1.8,1.0,1.0,1.0,1.0,1.0,0.8,0.8,0.8,0.8,0.8,0.2,0.2,0.2,0.2,0.2,581.1,1.442,838.2
2620,2.0,2.0,2.0,2.0,2.0,1.8,1.8,1.8,1.8,1.8,1.0,1.0,1.0,1.0,1.0,0.8,0.8,0.8,0.8,0.8,0.3,0.3,0.3,0.3,0.3,553.0,1.554,859.5
2621,2.0,2.0,2.0,2.0,2.0,1.8,1.8,1.8,1.8,1.8,1.0,1.0,1.0,1.0,1.0,0.8,0.8,0.8,0.8,0.8,0.4,0.4,0.4,0.4,0.4,528.4,1.666,880.4
2622,2.0,2.0,2.0,2.0,2.0,1.8,1.8,1.8,1.8,1.8,1.0,1.0,1.0,1.0,1.0,0.9,0.9,0.9,0.9,0.9,0.2,0.2,0.2,0.2,0.2,578.0,1.554,898.1
2623,2.0,2.0,2.0,2.0,2.0,1.8,1.8,1.8,1.8,1.8,1.0,1.0,1.0,1.0,1.0,0.9,0.9,0.9,0.9,0.9,0.3,0.3,0.3,0.3,0.3,549.8,1.666,915.7
2624,2.0,2.0,2.0,2.0,2.0,1.8,1.8,1.8,1.8,1.8,1.0,1.0,1.0,1.0,1.0,1.0,1.0,1.0,1.0,1.0,0.2,0.2,0.2,0.2,0.2,579.4,1.665,964.7
2625,2.0,2.0,2.0,2.0,2.0,1.9,1.9,1.9,1.9,1.9,1.0,1.0,1.0,1.0,1.0,0.2,0.2,0.2,0.2,0.2,0.2,0.2,0.2,0.2,0.2,702.0,1.333,935.7
2626,2.0,2.0,2.0,2.0,2.0,1.9,1.9,1.9,1.9,1.9,1.0,1.0,1.0,1.0,1.0,0.3,0.3,0.3,0.3,0.3,0.2,0.2,0.2,0.2,0.2,677.2,1.259,852.4
2627,2.0,2.0,2.0,2.0,2.0,1.9,1.9,1.9,1.9,1.9,1.0,1.0,1.0,1.0,1.0,0.3,0.3,0.3,0.3,0.3,0.3,0.3,0.3,0.3,0.3,653.3,1.203,785.9
2628,2.0,2.0,2.0,2.0,2.0,1.9,1.9,1.9,1.9,1.9,1.0,1.0,1.0,1.0,1.0,0.4,0.4,0.4,0.4,0.4,0.2,0.2,0.2,0.2,0.2,655.4,1.205,789.5
2629,2.0,2.0,2.0,2.0,2.0,1.9,1.9,1.9,1.9,1.9,1.0,1.0,1.0,1.0,1.0,0.4,0.4,0.4,0.4,0.4,0.3,0.3,0.3,0.3,0.3,630.6,1.223,771.3
2630,2.0,2.0,2.0,2.0,2.0,1.9,1.9,1.9,1.9,1.9,1.0,1.0,1.0,1.0,1.0,0.4,0.4,0.4,0.4,0.4,0.4,0.4,0.4,0.4,0.4,609.2,1.313,799.8
2631,2.0,2.0,2.0,2.0,2.0,1.9,1.9,1.9,1.9,1.9,1.0,1.0,1.0,1.0,1.0,0.5,0.5,0.5,0.5,0.5,0.2,0.2,0.2,0.2,0.2,636.8,1.225,779.8
2632,2.0,2.0,2.0,2.0,2.0,1.9,1.9,1.9,1.9,1.9,1.0,1.0,1.0,1.0,1.0,0.5,0.5,0.5,0.5,0.5,0.3,0.3,0.3,0.3,0.3,611.3,1.312,802.3
2633,2.0,2.0,2.0,2.0,2.0,1.9,1.9,1.9,1.9,1.9,1.0,1.0,1.0,1.0,1.0,0.5,0.5,0.5,0.5,0.5,0.4,0.4,0.4,0.4,0.4,589.2,1.424,839.1
2634,2.0,2.0,2.0,2.0,2.0,1.9,1.9,1.9,1.9,1.9,1.0,1.0,1.0,1.0,1.0,0.5,0.5,0.5,0.5,0.5,0.5,0.5,0.5,0.5,0.5,570.8,1.536,876.7
2635,2.0,2.0,2.0,2.0,2.0,1.9,1.9,1.9,1.9,1.9,1.0,1.0,1.0,1.0,1.0,0.6,0.6,0.6,0.6,0.6,0.2,0.2,0.2,0.2,0.2,621.9,1.312,815.8
2636,2.0,2.0,2.0,2.0,2.0,1.9,1.9,1.9,1.9,1.9,1.0,1.0,1.0,1.0,1.0,0.6,0.6,0.6,0.6,0.6,0.3,0.3,0.3,0.3,0.3,595.7,1.424,848.1
2637,2.0,2.0,2.0,2.0,2.0,1.9,1.9,1.9,1.9,1.9,1.0,1.0,1.0,1.0,1.0,0.6,0.6,0.6,0.6,0.6,0.4,0.4,0.4,0.4,0.4,573.0,1.535,879.7
2638,2.0,2.0,2.0,2.0,2.0,1.9,1.9,1.9,1.9,1.9,1.0,1.0,1.0,1.0,1.0,0.6,0.6,0.6,0.6,0.6,0.5,0.5,0.5,0.5,0.5,554.0,1.647,912.6
2639,2.0,2.0,2.0,2.0,2.0,1.9,1.9,1.9,1.9,1.9,1.0,1.0,1.0,1.0,1.0,0.7,0.7,0.7,0.7,0.7,0.2,0.2,0.2,0.2,0.2,610.7,1.423,869.1
2640,2.0,2.0,2.0,2.0,2.0,1.9,1.9,1.9,1.9,1.9,1.0,1.0,1.0,1.0,1.0,0.7,0.7,0.7,0.7,0.7,0.3,0.3,0.3,0.3,0.3,584.1,1.535,896.5
2641,2.0,2.0,2.0,2.0,2.0,1.9,1.9,1.9,1.9,1.9,1.0,1.0,1.0,1.0,1.0,0.8,0.8,0.8,0.8,0.8,0.2,0.2,0.2,0.2,0.2,603.6,1.534,926.1
2642,2.0,2.0,2.0,2.0,2.0,1.9,1.9,1.9,1.9,1.9,1.0,1.0,1.0,1.0,1.0,0.8,0.8,0.8,0.8,0.8,0.3,0.3,0.3,0.3,0.3,576.6,1.646,949.2
2643,2.0,2.0,2.0,2.0,2.0,2.0,2.0,2.0,2.0,2.0,1.0,1.0,1.0,1.0,1.0,0.2,0.2,0.2,0.2,0.2,0.2,0.2,0.2,0.2,0.2,723.1,1.283,927.7
2644,2.0,2.0,2.0,2.0,2.0,2.0,2.0,2.0,2.0,2.0,1.0,1.0,1.0,1.0,1.0,0.3,0.3,0.3,0.3,0.3,0.2,0.2,0.2,0.2,0.2,699.1,1.221,853.7
2645,2.0,2.0,2.0,2.0,2.0,2.0,2.0,2.0,2.0,2.0,1.0,1.0,1.0,1.0,1.0,0.3,0.3,0.3,0.3,0.3,0.3,0.3,0.3,0.3,0.3,675.9,1.215,821.5
2646,2.0,2.0,2.0,2.0,2.0,2.0,2.0,2.0,2.0,2.0,1.0,1.0,1.0,1.0,1.0,0.4,0.4,0.4,0.4,0.4,0.2,0.2,0.2,0.2,0.2,678.0,1.217,825.0
2647,2.0,2.0,2.0,2.0,2.0,2.0,2.0,2.0,2.0,2.0,1.0,1.0,1.0,1.0,1.0,0.4,0.4,0.4,0.4,0.4,0.3,0.3,0.3,0.3,0.3,654.1,1.293,845.7
2648,2.0,2.0,2.0,2.0,2.0,2.0,2.0,2.0,2.0,2.0,1.0,1.0,1.0,1.0,1.0,0.4,0.4,0.4,0.4,0.4,0.4,0.4,0.4,0.4,0.4,633.4,1.405,889.8
2649,2.0,2.0,2.0,2.0,2.0,2.0,2.0,2.0,2.0,2.0,1.0,1.0,1.0,1.0,1.0,0.5,0.5,0.5,0.5,0.5,0.2,0.2,0.2,0.2,0.2,660.1,1.292,853.2
2650,2.0,2.0,2.0,2.0,2.0,2.0,2.0,2.0,2.0,2.0,1.0,1.0,1.0,1.0,1.0,0.5,0.5,0.5,0.5,0.5,0.3,0.3,0.3,0.3,0.3,635.5,1.404,892.4
2651,2.0,2.0,2.0,2.0,2.0,2.0,2.0,2.0,2.0,2.0,1.0,1.0,1.0,1.0,1.0,0.5,0.5,0.5,0.5,0.5,0.4,0.4,0.4,0.4,0.4,614.2,1.516,931.2
2652,2.0,2.0,2.0,2.0,2.0,2.0,2.0,2.0,2.0,2.0,1.0,1.0,1.0,1.0,1.0,0.5,0.5,0.5,0.5,0.5,0.5,0.5,0.5,0.5,0.5,596.6,1.628,971.2
2653,2.0,2.0,2.0,2.0,2.0,2.0,2.0,2.0,2.0,2.0,1.0,1.0,1.0,1.0,1.0,0.6,0.6,0.6,0.6,0.6,0.2,0.2,0.2,0.2,0.2,645.7,1.404,906.4
2654,2.0,2.0,2.0,2.0,2.0,2.0,2.0,2.0,2.0,2.0,1.0,1.0,1.0,1.0,1.0,0.6,0.6,0.6,0.6,0.6,0.3,0.3,0.3,0.3,0.3,620.5,1.516,940.4
2655,2.0,2.0,2.0,2.0,2.0,2.0,2.0,2.0,2.0,2.0,1.0,1.0,1.0,1.0,1.0,0.6,0.6,0.6,0.6,0.6,0.4,0.4,0.4,0.4,0.4,598.7,1.627,974.3
2656,2.0,2.0,2.0,2.0,2.0,2.0,2.0,2.0,2.0,2.0,1.0,1.0,1.0,1.0,1.0,0.7,0.7,0.7,0.7,0.7,0.2,0.2,0.2,0.2,0.2,634.9,1.515,961.9
2657,2.0,2.0,2.0,2.0,2.0,2.0,2.0,2.0,2.0,2.0,1.0,1.0,1.0,1.0,1.0,0.7,0.7,0.7,0.7,0.7,0.3,0.3,0.3,0.3,0.3,609.3,1.627,991.3
2658,2.0,2.0,2.0,2.0,2.0,2.0,2.0,2.0,2.0,2.0,1.0,1.0,1.0,1.0,1.0,0.8,0.8,0.8,0.8,0.8,0.2,0.2,0.2,0.2,0.2,628.1,1.626,1021.5
